ISO-10303-21;
HEADER;
/* Generated by software containing ST-Developer
 * from STEP Tools, Inc. (www.steptools.com) 
 */
/* OPTION: using custom renumber hook */

FILE_DESCRIPTION(
/* description */ ('STEP AP242',
'CAx-IF Rec.Pracs.---Representation and Presentation of Product Manufa
cturing Information (PMI)---4.0---2014-10-13',
'CAx-IF Rec.Pracs.---3D Tessellated Geometry---0.4---2014-09-14','2;1'),

/* implementation_level */ '2;1');

FILE_NAME(
/* name */ '6797d73f39e4a426478789c0',
/* time_stamp */ '2025-01-27T18:58:08Z',
/* author */ (''),
/* organization */ (''),
/* preprocessor_version */ 'ST-DEVELOPER v20',
/* originating_system */ 'ONSHAPE BY PTC INC, 1.192',
/* authorisation */ '  ');

FILE_SCHEMA (('AP242_MANAGED_MODEL_BASED_3D_ENGINEERING_MIM_LF { 1 0 10303 442 1 1 4 }'));
ENDSEC;

DATA;
#10=SHAPE_REPRESENTATION_RELATIONSHIP('','',#1677,#11);
#11=ADVANCED_BREP_SHAPE_REPRESENTATION('',(#1675),#3223);
#12=B_SPLINE_CURVE_WITH_KNOTS('',3,(#2508,#2509,#2510,#2511,#2512,#2513,
#2514,#2515,#2516,#2517,#2518,#2519,#2520,#2521,#2522,#2523,#2524,#2525,
#2526,#2527,#2528,#2529,#2530,#2531,#2532,#2533,#2534,#2535,#2536),
 .UNSPECIFIED.,.F.,.F.,(4,1,1,1,1,1,1,1,1,1,1,1,1,1,1,1,1,1,1,1,1,1,1,1,
1,1,4),(0.,0.03125,0.0390625,0.046875,0.0625,0.09375,0.125,0.15625,0.1875,
0.25,0.28125,0.3125,0.375,0.5,0.625,0.6875,0.75,0.78125,0.8125,0.875,0.890625,
0.90625,0.9375,0.9453125,0.953125,0.96875,1.),.UNSPECIFIED.);
#13=B_SPLINE_CURVE_WITH_KNOTS('',3,(#2544,#2545,#2546,#2547,#2548,#2549,
#2550,#2551,#2552,#2553,#2554,#2555,#2556,#2557,#2558,#2559,#2560,#2561,
#2562,#2563,#2564,#2565,#2566,#2567),.UNSPECIFIED.,.F.,.F.,(4,1,1,1,1,1,
1,1,1,1,1,1,1,1,1,1,1,1,1,1,1,4),(0.,0.0625,0.09375,0.125,0.140625,0.15625,
0.1875,0.25,0.28125,0.3125,0.375,0.5,0.625,0.75,0.78125,0.8125,0.84375,
0.875,0.890625,0.90625,0.9375,1.),.UNSPECIFIED.);
#14=B_SPLINE_CURVE_WITH_KNOTS('',3,(#2598,#2599,#2600,#2601,#2602,#2603,
#2604,#2605,#2606,#2607,#2608,#2609,#2610,#2611,#2612,#2613,#2614,#2615,
#2616,#2617,#2618,#2619,#2620,#2621),.UNSPECIFIED.,.F.,.F.,(4,1,1,1,1,1,
1,1,1,1,1,1,1,1,1,1,1,1,1,1,1,4),(0.,0.0625,0.09375,0.125,0.140625,0.15625,
0.1875,0.25,0.28125,0.3125,0.375,0.5,0.625,0.75,0.78125,0.8125,0.84375,
0.875,0.890625,0.90625,0.9375,1.),.UNSPECIFIED.);
#15=B_SPLINE_CURVE_WITH_KNOTS('',3,(#2629,#2630,#2631,#2632,#2633,#2634,
#2635,#2636,#2637,#2638,#2639,#2640,#2641,#2642,#2643,#2644,#2645,#2646,
#2647,#2648,#2649,#2650,#2651,#2652,#2653,#2654,#2655,#2656,#2657),
 .UNSPECIFIED.,.F.,.F.,(4,1,1,1,1,1,1,1,1,1,1,1,1,1,1,1,1,1,1,1,1,1,1,1,
1,1,4),(0.,0.03125,0.0390625,0.046875,0.0625,0.09375,0.125,0.15625,0.1875,
0.25,0.28125,0.3125,0.375,0.5,0.625,0.6875,0.75,0.78125,0.8125,0.875,0.890625,
0.90625,0.9375,0.9453125,0.953125,0.96875,1.),.UNSPECIFIED.);
#16=B_SPLINE_CURVE_WITH_KNOTS('',3,(#2892,#2893,#2894,#2895),
 .UNSPECIFIED.,.F.,.F.,(4,4),(0.,1.),.UNSPECIFIED.);
#17=B_SPLINE_CURVE_WITH_KNOTS('',3,(#2906,#2907,#2908,#2909),
 .UNSPECIFIED.,.F.,.F.,(4,4),(0.,1.),.UNSPECIFIED.);
#18=B_SPLINE_CURVE_WITH_KNOTS('',3,(#2936,#2937,#2938,#2939),
 .UNSPECIFIED.,.F.,.F.,(4,4),(0.,1.),.UNSPECIFIED.);
#19=B_SPLINE_CURVE_WITH_KNOTS('',3,(#2944,#2945,#2946,#2947),
 .UNSPECIFIED.,.F.,.F.,(4,4),(0.,1.),.UNSPECIFIED.);
#20=B_SPLINE_SURFACE_WITH_KNOTS('',1,1,((#2493,#2494),(#2495,#2496)),
 .PLANE_SURF.,.F.,.F.,.F.,(2,2),(2,2),(0.,1.),(0.,1.),.UNSPECIFIED.);
#21=B_SPLINE_SURFACE_WITH_KNOTS('',1,1,((#2588,#2589),(#2590,#2591)),
 .PLANE_SURF.,.F.,.F.,.F.,(2,2),(2,2),(0.,1.),(0.,1.),.UNSPECIFIED.);
#22=B_SPLINE_SURFACE_WITH_KNOTS('',1,1,((#2796,#2797),(#2798,#2799)),
 .PLANE_SURF.,.F.,.F.,.F.,(2,2),(2,2),(0.0454545454545454,0.113636363636364),
(0.0454545454545471,0.954545454545455),.PIECEWISE_BEZIER_KNOTS.);
#23=B_SPLINE_SURFACE_WITH_KNOTS('',1,1,((#2812,#2813),(#2814,#2815)),
 .PLANE_SURF.,.F.,.F.,.F.,(2,2),(2,2),(0.0454545454545454,0.0933014293464186),
(0.0454545454545452,0.954545454545455),.PIECEWISE_BEZIER_KNOTS.);
#24=B_SPLINE_SURFACE_WITH_KNOTS('',1,1,((#2818,#2819),(#2820,#2821)),
 .PLANE_SURF.,.F.,.F.,.F.,(2,2),(2,2),(0.,1.),(0.,1.),.UNSPECIFIED.);
#25=B_SPLINE_SURFACE_WITH_KNOTS('',1,1,((#2823,#2824),(#2825,#2826)),
 .PLANE_SURF.,.F.,.F.,.F.,(2,2),(2,2),(0.886363636363636,0.954545454545454),
(0.0454545454545452,0.954545454545455),.PIECEWISE_BEZIER_KNOTS.);
#26=B_SPLINE_SURFACE_WITH_KNOTS('',1,1,((#2828,#2829),(#2830,#2831)),
 .PLANE_SURF.,.F.,.F.,.F.,(2,2),(2,2),(0.,1.),(0.,1.),.UNSPECIFIED.);
#27=B_SPLINE_SURFACE_WITH_KNOTS('',1,1,((#2833,#2834),(#2835,#2836)),
 .PLANE_SURF.,.F.,.F.,.F.,(2,2),(2,2),(0.0454545454545455,0.06818182461641),
(0.0454545454545452,0.954545454545455),.PIECEWISE_BEZIER_KNOTS.);
#28=B_SPLINE_SURFACE_WITH_KNOTS('',1,1,((#2838,#2839),(#2840,#2841)),
 .PLANE_SURF.,.F.,.F.,.F.,(2,2),(2,2),(0.,1.),(0.,1.),.UNSPECIFIED.);
#29=B_SPLINE_SURFACE_WITH_KNOTS('',1,1,((#2842,#2843),(#2844,#2845)),
 .PLANE_SURF.,.F.,.F.,.F.,(2,2),(2,2),(0.874393633990476,0.954545454545455),
(0.0454545454545452,0.954545454545453),.PIECEWISE_BEZIER_KNOTS.);
#30=B_SPLINE_SURFACE_WITH_KNOTS('',1,1,((#2858,#2859),(#2860,#2861)),
 .PLANE_SURF.,.F.,.F.,.F.,(2,2),(2,2),(0.,1.),(0.,1.),.UNSPECIFIED.);
#31=B_SPLINE_SURFACE_WITH_KNOTS('',1,1,((#2864,#2865),(#2866,#2867)),
 .PLANE_SURF.,.F.,.F.,.F.,(2,2),(2,2),(0.0454545454545454,0.125606366009524),
(0.0454545454545452,0.954545454545456),.PIECEWISE_BEZIER_KNOTS.);
#32=B_SPLINE_SURFACE_WITH_KNOTS('',1,1,((#2869,#2870),(#2871,#2872)),
 .PLANE_SURF.,.F.,.F.,.F.,(2,2),(2,2),(0.,1.),(0.,1.),.UNSPECIFIED.);
#33=B_SPLINE_SURFACE_WITH_KNOTS('',1,1,((#2874,#2875),(#2876,#2877)),
 .PLANE_SURF.,.F.,.F.,.F.,(2,2),(2,2),(0.894098567967763,0.954545454545455),
(0.0454545454545452,0.954545454545455),.PIECEWISE_BEZIER_KNOTS.);
#34=B_SPLINE_SURFACE_WITH_KNOTS('',1,1,((#2879,#2880),(#2881,#2882)),
 .PLANE_SURF.,.F.,.F.,.F.,(2,2),(2,2),(0.,1.),(0.,1.),.UNSPECIFIED.);
#35=B_SPLINE_SURFACE_WITH_KNOTS('',1,1,((#2884,#2885),(#2886,#2887)),
 .PLANE_SURF.,.F.,.F.,.F.,(2,2),(2,2),(0.931818181818183,0.954545454545454),
(0.0454545454545452,0.954545454545455),.PIECEWISE_BEZIER_KNOTS.);
#36=B_SPLINE_SURFACE_WITH_KNOTS('',1,1,((#2888,#2889),(#2890,#2891)),
 .PLANE_SURF.,.F.,.F.,.F.,(2,2),(2,2),(0.,1.),(0.,1.),.UNSPECIFIED.);
#37=B_SPLINE_SURFACE_WITH_KNOTS('',1,1,((#2896,#2897),(#2898,#2899)),
 .PLANE_SURF.,.F.,.F.,.F.,(2,2),(2,2),(0.,1.),(0.,1.),.UNSPECIFIED.);
#38=B_SPLINE_SURFACE_WITH_KNOTS('',1,1,((#2910,#2911),(#2912,#2913)),
 .PLANE_SURF.,.F.,.F.,.F.,(2,2),(2,2),(0.,1.),(0.,1.),.UNSPECIFIED.);
#39=B_SPLINE_SURFACE_WITH_KNOTS('',1,1,((#2915,#2916),(#2917,#2918)),
 .PLANE_SURF.,.F.,.F.,.F.,(2,2),(2,2),(0.,1.),(0.,1.),.UNSPECIFIED.);
#40=B_SPLINE_SURFACE_WITH_KNOTS('',1,1,((#2920,#2921),(#2922,#2923)),
 .PLANE_SURF.,.F.,.F.,.F.,(2,2),(2,2),(0.,1.),(0.,1.),.UNSPECIFIED.);
#41=B_SPLINE_SURFACE_WITH_KNOTS('',1,1,((#2925,#2926),(#2927,#2928)),
 .PLANE_SURF.,.F.,.F.,.F.,(2,2),(2,2),(0.,1.),(0.,1.),.UNSPECIFIED.);
#42=B_SPLINE_SURFACE_WITH_KNOTS('',1,1,((#2940,#2941),(#2942,#2943)),
 .PLANE_SURF.,.F.,.F.,.F.,(2,2),(2,2),(0.,1.),(0.,1.),.UNSPECIFIED.);
#43=B_SPLINE_SURFACE_WITH_KNOTS('',5,1,((#2948,#2949),(#2950,#2951),(#2952,
#2953),(#2954,#2955),(#2956,#2957),(#2958,#2959),(#2960,#2961),(#2962,#2963)),
 .SURF_OF_LINEAR_EXTRUSION.,.F.,.F.,.F.,(6,2,6),(2,2),(0.,0.5,1.),(0.0454545454545454,
0.954545454545455),.UNSPECIFIED.);
#44=B_SPLINE_SURFACE_WITH_KNOTS('',5,1,((#2964,#2965),(#2966,#2967),(#2968,
#2969),(#2970,#2971),(#2972,#2973),(#2974,#2975),(#2976,#2977),(#2978,#2979)),
 .SURF_OF_LINEAR_EXTRUSION.,.F.,.F.,.F.,(6,2,6),(2,2),(0.,0.5,1.),(0.0454545454545454,
0.954545454545454),.UNSPECIFIED.);
#45=B_SPLINE_SURFACE_WITH_KNOTS('',1,1,((#3004,#3005),(#3006,#3007)),
 .PLANE_SURF.,.F.,.F.,.F.,(2,2),(2,2),(0.,1.),(0.,1.),.UNSPECIFIED.);
#46=B_SPLINE_SURFACE_WITH_KNOTS('',1,1,((#3010,#3011),(#3012,#3013)),
 .PLANE_SURF.,.F.,.F.,.F.,(2,2),(2,2),(0.,1.),(0.,1.),.UNSPECIFIED.);
#47=B_SPLINE_SURFACE_WITH_KNOTS('',1,1,((#3015,#3016),(#3017,#3018)),
 .PLANE_SURF.,.F.,.F.,.F.,(2,2),(2,2),(0.,1.),(0.,1.),.UNSPECIFIED.);
#48=B_SPLINE_SURFACE_WITH_KNOTS('',1,1,((#3020,#3021),(#3022,#3023)),
 .PLANE_SURF.,.F.,.F.,.F.,(2,2),(2,2),(0.,1.),(0.,1.),.UNSPECIFIED.);
#49=B_SPLINE_SURFACE_WITH_KNOTS('',1,1,((#3094,#3095),(#3096,#3097)),
 .PLANE_SURF.,.F.,.F.,.F.,(2,2),(2,2),(0.0419124852441523,0.958233143595809),
(0.0454352530385389,0.957780149629219),.PIECEWISE_BEZIER_KNOTS.);
#50=B_SPLINE_SURFACE_WITH_KNOTS('',1,1,((#3098,#3099),(#3100,#3101)),
 .PLANE_SURF.,.F.,.F.,.F.,(2,2),(2,2),(0.459280014501137,0.540962454309019),
(0.155554134781005,0.232267974807511),.PIECEWISE_BEZIER_KNOTS.);
#51=B_SPLINE_SURFACE_WITH_KNOTS('',1,1,((#3113,#3114),(#3115,#3116)),
 .PLANE_SURF.,.F.,.F.,.F.,(2,2),(2,2),(0.0454545454545455,0.956056640057792),
(0.0454545454545457,0.957284641122007),.PIECEWISE_BEZIER_KNOTS.);
#52=B_SPLINE_SURFACE_WITH_KNOTS('',1,1,((#3120,#3121),(#3122,#3123)),
 .PLANE_SURF.,.F.,.F.,.F.,(2,2),(2,2),(0.222176769046934,0.303859208854816),
(0.815148882377412,0.891862722403918),.PIECEWISE_BEZIER_KNOTS.);
#53=B_SPLINE_SURFACE_WITH_KNOTS('',1,1,((#3154,#3155),(#3156,#3157)),
 .PLANE_SURF.,.F.,.F.,.F.,(2,2),(2,2),(0.0439433599422076,0.954545454545454),
(0.0454545454545457,0.957284641122007),.PIECEWISE_BEZIER_KNOTS.);
#54=B_SPLINE_SURFACE_WITH_KNOTS('',1,1,((#3161,#3162),(#3163,#3164)),
 .PLANE_SURF.,.F.,.F.,.F.,(2,2),(2,2),(0.69638325995534,0.778065699763222),
(0.815311427218703,0.892025267245209),.PIECEWISE_BEZIER_KNOTS.);
#55=B_SPLINE_SURFACE_WITH_KNOTS('',1,1,((#3190,#3191),(#3192,#3193)),
 .PLANE_SURF.,.F.,.F.,.F.,(2,2),(2,2),(0.,1.),(0.,1.),.UNSPECIFIED.);
#56=B_SPLINE_SURFACE_WITH_KNOTS('',1,1,((#3197,#3198),(#3199,#3200)),
 .PLANE_SURF.,.F.,.F.,.F.,(2,2),(2,2),(0.,1.),(0.,1.),.UNSPECIFIED.);
#57=B_SPLINE_SURFACE_WITH_KNOTS('',1,1,((#3202,#3203),(#3204,#3205)),
 .PLANE_SURF.,.F.,.F.,.F.,(2,2),(2,2),(0.,1.),(0.,1.),.UNSPECIFIED.);
#58=B_SPLINE_SURFACE_WITH_KNOTS('',1,1,((#3209,#3210),(#3211,#3212)),
 .PLANE_SURF.,.F.,.F.,.F.,(2,2),(2,2),(0.,1.),(0.,1.),.UNSPECIFIED.);
#59=B_SPLINE_SURFACE_WITH_KNOTS('',1,1,((#3214,#3215),(#3216,#3217)),
 .PLANE_SURF.,.F.,.F.,.F.,(2,2),(2,2),(0.,1.),(0.,1.),.UNSPECIFIED.);
#60=B_SPLINE_SURFACE_WITH_KNOTS('',1,1,((#3218,#3219),(#3220,#3221)),
 .PLANE_SURF.,.F.,.F.,.F.,(2,2),(2,2),(0.,1.),(0.,1.),.UNSPECIFIED.);
#61=LINE('',#2174,#157);
#62=LINE('',#2481,#158);
#63=LINE('',#2488,#159);
#64=LINE('',#2497,#160);
#65=LINE('',#2500,#161);
#66=LINE('',#2502,#162);
#67=LINE('',#2504,#163);
#68=LINE('',#2506,#164);
#69=LINE('',#2538,#165);
#70=LINE('',#2542,#166);
#71=LINE('',#2569,#167);
#72=LINE('',#2572,#168);
#73=LINE('',#2574,#169);
#74=LINE('',#2576,#170);
#75=LINE('',#2592,#171);
#76=LINE('',#2595,#172);
#77=LINE('',#2596,#173);
#78=LINE('',#2623,#174);
#79=LINE('',#2627,#175);
#80=LINE('',#2659,#176);
#81=LINE('',#2665,#177);
#82=LINE('',#2667,#178);
#83=LINE('',#2669,#179);
#84=LINE('',#2671,#180);
#85=LINE('',#2673,#181);
#86=LINE('',#2675,#182);
#87=LINE('',#2677,#183);
#88=LINE('',#2678,#184);
#89=LINE('',#2681,#185);
#90=LINE('',#2683,#186);
#91=LINE('',#2685,#187);
#92=LINE('',#2694,#188);
#93=LINE('',#2697,#189);
#94=LINE('',#2699,#190);
#95=LINE('',#2701,#191);
#96=LINE('',#2703,#192);
#97=LINE('',#2705,#193);
#98=LINE('',#2706,#194);
#99=LINE('',#2709,#195);
#100=LINE('',#2711,#196);
#101=LINE('',#2713,#197);
#102=LINE('',#2715,#198);
#103=LINE('',#2717,#199);
#104=LINE('',#2730,#200);
#105=LINE('',#2731,#201);
#106=LINE('',#2800,#202);
#107=LINE('',#2803,#203);
#108=LINE('',#2805,#204);
#109=LINE('',#2807,#205);
#110=LINE('',#2809,#206);
#111=LINE('',#2811,#207);
#112=LINE('',#2816,#208);
#113=LINE('',#2817,#209);
#114=LINE('',#2822,#210);
#115=LINE('',#2827,#211);
#116=LINE('',#2832,#212);
#117=LINE('',#2837,#213);
#118=LINE('',#2846,#214);
#119=LINE('',#2849,#215);
#120=LINE('',#2851,#216);
#121=LINE('',#2853,#217);
#122=LINE('',#2855,#218);
#123=LINE('',#2857,#219);
#124=LINE('',#2862,#220);
#125=LINE('',#2863,#221);
#126=LINE('',#2868,#222);
#127=LINE('',#2873,#223);
#128=LINE('',#2878,#224);
#129=LINE('',#2883,#225);
#130=LINE('',#2900,#226);
#131=LINE('',#2902,#227);
#132=LINE('',#2904,#228);
#133=LINE('',#2905,#229);
#134=LINE('',#2914,#230);
#135=LINE('',#2919,#231);
#136=LINE('',#2924,#232);
#137=LINE('',#2929,#233);
#138=LINE('',#2931,#234);
#139=LINE('',#2933,#235);
#140=LINE('',#2935,#236);
#141=LINE('',#3008,#237);
#142=LINE('',#3009,#238);
#143=LINE('',#3014,#239);
#144=LINE('',#3019,#240);
#145=LINE('',#3072,#241);
#146=LINE('',#3117,#242);
#147=LINE('',#3119,#243);
#148=LINE('',#3143,#244);
#149=LINE('',#3158,#245);
#150=LINE('',#3160,#246);
#151=LINE('',#3194,#247);
#152=LINE('',#3196,#248);
#153=LINE('',#3201,#249);
#154=LINE('',#3206,#250);
#155=LINE('',#3208,#251);
#156=LINE('',#3213,#252);
#157=VECTOR('',#1801,1.);
#158=VECTOR('',#1870,1.);
#159=VECTOR('',#1875,1.);
#160=VECTOR('',#1880,1.);
#161=VECTOR('',#1881,1.);
#162=VECTOR('',#1882,1.);
#163=VECTOR('',#1883,1.);
#164=VECTOR('',#1884,1.);
#165=VECTOR('',#1885,1.);
#166=VECTOR('',#1888,1.);
#167=VECTOR('',#1891,1.);
#168=VECTOR('',#1892,1.);
#169=VECTOR('',#1893,1.);
#170=VECTOR('',#1894,1.);
#171=VECTOR('',#1917,1.);
#172=VECTOR('',#1918,1.);
#173=VECTOR('',#1919,1.);
#174=VECTOR('',#1920,1.);
#175=VECTOR('',#1923,1.);
#176=VECTOR('',#1924,1.);
#177=VECTOR('',#1929,1.);
#178=VECTOR('',#1930,1.);
#179=VECTOR('',#1931,1.);
#180=VECTOR('',#1932,1.);
#181=VECTOR('',#1933,1.);
#182=VECTOR('',#1934,1.);
#183=VECTOR('',#1935,1.);
#184=VECTOR('',#1936,1.);
#185=VECTOR('',#1937,1.);
#186=VECTOR('',#1938,1.);
#187=VECTOR('',#1939,1.);
#188=VECTOR('',#1956,1.);
#189=VECTOR('',#1957,1.);
#190=VECTOR('',#1958,1.);
#191=VECTOR('',#1959,1.);
#192=VECTOR('',#1960,1.);
#193=VECTOR('',#1961,1.);
#194=VECTOR('',#1962,1.);
#195=VECTOR('',#1963,1.);
#196=VECTOR('',#1964,1.);
#197=VECTOR('',#1965,1.);
#198=VECTOR('',#1966,1.);
#199=VECTOR('',#1967,1.);
#200=VECTOR('',#1974,1.);
#201=VECTOR('',#1975,1.);
#202=VECTOR('',#1976,1.);
#203=VECTOR('',#1977,1.);
#204=VECTOR('',#1978,1.);
#205=VECTOR('',#1979,1.);
#206=VECTOR('',#1980,1.);
#207=VECTOR('',#1981,1.);
#208=VECTOR('',#1982,1.);
#209=VECTOR('',#1983,1.);
#210=VECTOR('',#1984,1.);
#211=VECTOR('',#1985,1.);
#212=VECTOR('',#1986,1.);
#213=VECTOR('',#1987,1.);
#214=VECTOR('',#1988,1.);
#215=VECTOR('',#1989,1.);
#216=VECTOR('',#1990,1.);
#217=VECTOR('',#1991,1.);
#218=VECTOR('',#1992,1.);
#219=VECTOR('',#1993,1.);
#220=VECTOR('',#1994,1.);
#221=VECTOR('',#1995,1.);
#222=VECTOR('',#1996,1.);
#223=VECTOR('',#1997,1.);
#224=VECTOR('',#1998,1.);
#225=VECTOR('',#1999,1.);
#226=VECTOR('',#2000,1.);
#227=VECTOR('',#2001,1.);
#228=VECTOR('',#2002,1.);
#229=VECTOR('',#2003,1.);
#230=VECTOR('',#2004,1.);
#231=VECTOR('',#2005,1.);
#232=VECTOR('',#2006,1.);
#233=VECTOR('',#2007,1.);
#234=VECTOR('',#2008,1.);
#235=VECTOR('',#2009,1.);
#236=VECTOR('',#2010,1.);
#237=VECTOR('',#2011,1.);
#238=VECTOR('',#2012,1.);
#239=VECTOR('',#2013,1.);
#240=VECTOR('',#2014,1.);
#241=VECTOR('',#2015,1.);
#242=VECTOR('',#2030,1.);
#243=VECTOR('',#2031,1.);
#244=VECTOR('',#2038,1.);
#245=VECTOR('',#2043,1.);
#246=VECTOR('',#2044,1.);
#247=VECTOR('',#2047,1.);
#248=VECTOR('',#2048,1.);
#249=VECTOR('',#2049,1.);
#250=VECTOR('',#2050,1.);
#251=VECTOR('',#2051,1.);
#252=VECTOR('',#2052,1.);
#253=(
BOUNDED_CURVE()
B_SPLINE_CURVE(1,(#2065,#2066),.UNSPECIFIED.,.F.,.F.)
B_SPLINE_CURVE_WITH_KNOTS((2,2),(0.,1.),.PIECEWISE_BEZIER_KNOTS.)
CURVE()
GEOMETRIC_REPRESENTATION_ITEM()
RATIONAL_B_SPLINE_CURVE((1.,1.))
REPRESENTATION_ITEM('')
);
#254=(
BOUNDED_CURVE()
B_SPLINE_CURVE(1,(#2070,#2071),.UNSPECIFIED.,.F.,.F.)
B_SPLINE_CURVE_WITH_KNOTS((2,2),(0.,1.),.PIECEWISE_BEZIER_KNOTS.)
CURVE()
GEOMETRIC_REPRESENTATION_ITEM()
RATIONAL_B_SPLINE_CURVE((1.,1.))
REPRESENTATION_ITEM('')
);
#255=(
BOUNDED_CURVE()
B_SPLINE_CURVE(1,(#2083,#2084),.UNSPECIFIED.,.F.,.F.)
B_SPLINE_CURVE_WITH_KNOTS((2,2),(0.,1.),.PIECEWISE_BEZIER_KNOTS.)
CURVE()
GEOMETRIC_REPRESENTATION_ITEM()
RATIONAL_B_SPLINE_CURVE((1.,1.))
REPRESENTATION_ITEM('')
);
#256=(
BOUNDED_CURVE()
B_SPLINE_CURVE(1,(#2088,#2089),.UNSPECIFIED.,.F.,.F.)
B_SPLINE_CURVE_WITH_KNOTS((2,2),(0.,1.),.PIECEWISE_BEZIER_KNOTS.)
CURVE()
GEOMETRIC_REPRESENTATION_ITEM()
RATIONAL_B_SPLINE_CURVE((1.,1.))
REPRESENTATION_ITEM('')
);
#257=(
BOUNDED_CURVE()
B_SPLINE_CURVE(1,(#2101,#2102),.UNSPECIFIED.,.F.,.F.)
B_SPLINE_CURVE_WITH_KNOTS((2,2),(0.,1.),.PIECEWISE_BEZIER_KNOTS.)
CURVE()
GEOMETRIC_REPRESENTATION_ITEM()
RATIONAL_B_SPLINE_CURVE((1.,1.))
REPRESENTATION_ITEM('')
);
#258=(
BOUNDED_CURVE()
B_SPLINE_CURVE(1,(#2106,#2107),.UNSPECIFIED.,.F.,.F.)
B_SPLINE_CURVE_WITH_KNOTS((2,2),(0.,1.),.PIECEWISE_BEZIER_KNOTS.)
CURVE()
GEOMETRIC_REPRESENTATION_ITEM()
RATIONAL_B_SPLINE_CURVE((1.,1.))
REPRESENTATION_ITEM('')
);
#259=(
BOUNDED_CURVE()
B_SPLINE_CURVE(1,(#2119,#2120),.UNSPECIFIED.,.F.,.F.)
B_SPLINE_CURVE_WITH_KNOTS((2,2),(0.,1.),.PIECEWISE_BEZIER_KNOTS.)
CURVE()
GEOMETRIC_REPRESENTATION_ITEM()
RATIONAL_B_SPLINE_CURVE((1.,1.))
REPRESENTATION_ITEM('')
);
#260=(
BOUNDED_CURVE()
B_SPLINE_CURVE(1,(#2124,#2125),.UNSPECIFIED.,.F.,.F.)
B_SPLINE_CURVE_WITH_KNOTS((2,2),(0.,1.),.PIECEWISE_BEZIER_KNOTS.)
CURVE()
GEOMETRIC_REPRESENTATION_ITEM()
RATIONAL_B_SPLINE_CURVE((1.,1.))
REPRESENTATION_ITEM('')
);
#261=(
BOUNDED_CURVE()
B_SPLINE_CURVE(1,(#2137,#2138),.UNSPECIFIED.,.F.,.F.)
B_SPLINE_CURVE_WITH_KNOTS((2,2),(0.,1.),.PIECEWISE_BEZIER_KNOTS.)
CURVE()
GEOMETRIC_REPRESENTATION_ITEM()
RATIONAL_B_SPLINE_CURVE((1.,1.))
REPRESENTATION_ITEM('')
);
#262=(
BOUNDED_CURVE()
B_SPLINE_CURVE(1,(#2142,#2143),.UNSPECIFIED.,.F.,.F.)
B_SPLINE_CURVE_WITH_KNOTS((2,2),(0.,1.),.PIECEWISE_BEZIER_KNOTS.)
CURVE()
GEOMETRIC_REPRESENTATION_ITEM()
RATIONAL_B_SPLINE_CURVE((1.,1.))
REPRESENTATION_ITEM('')
);
#263=(
BOUNDED_CURVE()
B_SPLINE_CURVE(1,(#2155,#2156),.UNSPECIFIED.,.F.,.F.)
B_SPLINE_CURVE_WITH_KNOTS((2,2),(0.,1.),.PIECEWISE_BEZIER_KNOTS.)
CURVE()
GEOMETRIC_REPRESENTATION_ITEM()
RATIONAL_B_SPLINE_CURVE((1.,1.))
REPRESENTATION_ITEM('')
);
#264=(
BOUNDED_CURVE()
B_SPLINE_CURVE(1,(#2160,#2161),.UNSPECIFIED.,.F.,.F.)
B_SPLINE_CURVE_WITH_KNOTS((2,2),(0.,1.),.PIECEWISE_BEZIER_KNOTS.)
CURVE()
GEOMETRIC_REPRESENTATION_ITEM()
RATIONAL_B_SPLINE_CURVE((1.,1.))
REPRESENTATION_ITEM('')
);
#265=(
BOUNDED_CURVE()
B_SPLINE_CURVE(1,(#2186,#2187),.UNSPECIFIED.,.F.,.F.)
B_SPLINE_CURVE_WITH_KNOTS((2,2),(0.,1.),.PIECEWISE_BEZIER_KNOTS.)
CURVE()
GEOMETRIC_REPRESENTATION_ITEM()
RATIONAL_B_SPLINE_CURVE((1.,1.))
REPRESENTATION_ITEM('')
);
#266=(
BOUNDED_CURVE()
B_SPLINE_CURVE(1,(#2191,#2192),.UNSPECIFIED.,.F.,.F.)
B_SPLINE_CURVE_WITH_KNOTS((2,2),(0.,1.),.PIECEWISE_BEZIER_KNOTS.)
CURVE()
GEOMETRIC_REPRESENTATION_ITEM()
RATIONAL_B_SPLINE_CURVE((1.,1.))
REPRESENTATION_ITEM('')
);
#267=(
BOUNDED_CURVE()
B_SPLINE_CURVE(1,(#2204,#2205),.UNSPECIFIED.,.F.,.F.)
B_SPLINE_CURVE_WITH_KNOTS((2,2),(0.,1.),.PIECEWISE_BEZIER_KNOTS.)
CURVE()
GEOMETRIC_REPRESENTATION_ITEM()
RATIONAL_B_SPLINE_CURVE((1.,1.))
REPRESENTATION_ITEM('')
);
#268=(
BOUNDED_CURVE()
B_SPLINE_CURVE(1,(#2209,#2210),.UNSPECIFIED.,.F.,.F.)
B_SPLINE_CURVE_WITH_KNOTS((2,2),(0.,1.),.PIECEWISE_BEZIER_KNOTS.)
CURVE()
GEOMETRIC_REPRESENTATION_ITEM()
RATIONAL_B_SPLINE_CURVE((1.,1.))
REPRESENTATION_ITEM('')
);
#269=(
BOUNDED_CURVE()
B_SPLINE_CURVE(1,(#2222,#2223),.UNSPECIFIED.,.F.,.F.)
B_SPLINE_CURVE_WITH_KNOTS((2,2),(0.,1.),.PIECEWISE_BEZIER_KNOTS.)
CURVE()
GEOMETRIC_REPRESENTATION_ITEM()
RATIONAL_B_SPLINE_CURVE((1.,1.))
REPRESENTATION_ITEM('')
);
#270=(
BOUNDED_CURVE()
B_SPLINE_CURVE(1,(#2227,#2228),.UNSPECIFIED.,.F.,.F.)
B_SPLINE_CURVE_WITH_KNOTS((2,2),(0.,1.),.PIECEWISE_BEZIER_KNOTS.)
CURVE()
GEOMETRIC_REPRESENTATION_ITEM()
RATIONAL_B_SPLINE_CURVE((1.,1.))
REPRESENTATION_ITEM('')
);
#271=(
BOUNDED_CURVE()
B_SPLINE_CURVE(1,(#2240,#2241),.UNSPECIFIED.,.F.,.F.)
B_SPLINE_CURVE_WITH_KNOTS((2,2),(0.,1.),.PIECEWISE_BEZIER_KNOTS.)
CURVE()
GEOMETRIC_REPRESENTATION_ITEM()
RATIONAL_B_SPLINE_CURVE((1.,1.))
REPRESENTATION_ITEM('')
);
#272=(
BOUNDED_CURVE()
B_SPLINE_CURVE(1,(#2245,#2246),.UNSPECIFIED.,.F.,.F.)
B_SPLINE_CURVE_WITH_KNOTS((2,2),(0.,1.),.PIECEWISE_BEZIER_KNOTS.)
CURVE()
GEOMETRIC_REPRESENTATION_ITEM()
RATIONAL_B_SPLINE_CURVE((1.,1.))
REPRESENTATION_ITEM('')
);
#273=(
BOUNDED_CURVE()
B_SPLINE_CURVE(1,(#2258,#2259),.UNSPECIFIED.,.F.,.F.)
B_SPLINE_CURVE_WITH_KNOTS((2,2),(0.,1.),.PIECEWISE_BEZIER_KNOTS.)
CURVE()
GEOMETRIC_REPRESENTATION_ITEM()
RATIONAL_B_SPLINE_CURVE((1.,1.))
REPRESENTATION_ITEM('')
);
#274=(
BOUNDED_CURVE()
B_SPLINE_CURVE(1,(#2263,#2264),.UNSPECIFIED.,.F.,.F.)
B_SPLINE_CURVE_WITH_KNOTS((2,2),(0.,1.),.PIECEWISE_BEZIER_KNOTS.)
CURVE()
GEOMETRIC_REPRESENTATION_ITEM()
RATIONAL_B_SPLINE_CURVE((1.,1.))
REPRESENTATION_ITEM('')
);
#275=(
BOUNDED_CURVE()
B_SPLINE_CURVE(1,(#2276,#2277),.UNSPECIFIED.,.F.,.F.)
B_SPLINE_CURVE_WITH_KNOTS((2,2),(0.,1.),.PIECEWISE_BEZIER_KNOTS.)
CURVE()
GEOMETRIC_REPRESENTATION_ITEM()
RATIONAL_B_SPLINE_CURVE((1.,1.))
REPRESENTATION_ITEM('')
);
#276=(
BOUNDED_CURVE()
B_SPLINE_CURVE(1,(#2279,#2280),.UNSPECIFIED.,.F.,.F.)
B_SPLINE_CURVE_WITH_KNOTS((2,2),(0.,1.),.PIECEWISE_BEZIER_KNOTS.)
CURVE()
GEOMETRIC_REPRESENTATION_ITEM()
RATIONAL_B_SPLINE_CURVE((1.,1.))
REPRESENTATION_ITEM('')
);
#277=(
BOUNDED_CURVE()
B_SPLINE_CURVE(1,(#2292,#2293),.UNSPECIFIED.,.F.,.F.)
B_SPLINE_CURVE_WITH_KNOTS((2,2),(0.,1.),.PIECEWISE_BEZIER_KNOTS.)
CURVE()
GEOMETRIC_REPRESENTATION_ITEM()
RATIONAL_B_SPLINE_CURVE((1.,1.))
REPRESENTATION_ITEM('')
);
#278=(
BOUNDED_CURVE()
B_SPLINE_CURVE(1,(#2295,#2296),.UNSPECIFIED.,.F.,.F.)
B_SPLINE_CURVE_WITH_KNOTS((2,2),(0.,1.),.PIECEWISE_BEZIER_KNOTS.)
CURVE()
GEOMETRIC_REPRESENTATION_ITEM()
RATIONAL_B_SPLINE_CURVE((1.,1.))
REPRESENTATION_ITEM('')
);
#279=(
BOUNDED_CURVE()
B_SPLINE_CURVE(1,(#2308,#2309),.UNSPECIFIED.,.F.,.F.)
B_SPLINE_CURVE_WITH_KNOTS((2,2),(0.,1.),.PIECEWISE_BEZIER_KNOTS.)
CURVE()
GEOMETRIC_REPRESENTATION_ITEM()
RATIONAL_B_SPLINE_CURVE((1.,1.))
REPRESENTATION_ITEM('')
);
#280=(
BOUNDED_CURVE()
B_SPLINE_CURVE(1,(#2311,#2312),.UNSPECIFIED.,.F.,.F.)
B_SPLINE_CURVE_WITH_KNOTS((2,2),(0.,1.),.PIECEWISE_BEZIER_KNOTS.)
CURVE()
GEOMETRIC_REPRESENTATION_ITEM()
RATIONAL_B_SPLINE_CURVE((1.,1.))
REPRESENTATION_ITEM('')
);
#281=(
BOUNDED_CURVE()
B_SPLINE_CURVE(1,(#2324,#2325),.UNSPECIFIED.,.F.,.F.)
B_SPLINE_CURVE_WITH_KNOTS((2,2),(0.,1.),.PIECEWISE_BEZIER_KNOTS.)
CURVE()
GEOMETRIC_REPRESENTATION_ITEM()
RATIONAL_B_SPLINE_CURVE((1.,1.))
REPRESENTATION_ITEM('')
);
#282=(
BOUNDED_CURVE()
B_SPLINE_CURVE(1,(#2327,#2328),.UNSPECIFIED.,.F.,.F.)
B_SPLINE_CURVE_WITH_KNOTS((2,2),(0.,1.),.PIECEWISE_BEZIER_KNOTS.)
CURVE()
GEOMETRIC_REPRESENTATION_ITEM()
RATIONAL_B_SPLINE_CURVE((1.,1.))
REPRESENTATION_ITEM('')
);
#283=(
BOUNDED_CURVE()
B_SPLINE_CURVE(1,(#2340,#2341),.UNSPECIFIED.,.F.,.F.)
B_SPLINE_CURVE_WITH_KNOTS((2,2),(0.,1.),.PIECEWISE_BEZIER_KNOTS.)
CURVE()
GEOMETRIC_REPRESENTATION_ITEM()
RATIONAL_B_SPLINE_CURVE((1.,1.))
REPRESENTATION_ITEM('')
);
#284=(
BOUNDED_CURVE()
B_SPLINE_CURVE(1,(#2345,#2346),.UNSPECIFIED.,.F.,.F.)
B_SPLINE_CURVE_WITH_KNOTS((2,2),(0.,1.),.PIECEWISE_BEZIER_KNOTS.)
CURVE()
GEOMETRIC_REPRESENTATION_ITEM()
RATIONAL_B_SPLINE_CURVE((1.,1.))
REPRESENTATION_ITEM('')
);
#285=(
BOUNDED_CURVE()
B_SPLINE_CURVE(1,(#2358,#2359),.UNSPECIFIED.,.F.,.F.)
B_SPLINE_CURVE_WITH_KNOTS((2,2),(0.,1.),.PIECEWISE_BEZIER_KNOTS.)
CURVE()
GEOMETRIC_REPRESENTATION_ITEM()
RATIONAL_B_SPLINE_CURVE((1.,1.))
REPRESENTATION_ITEM('')
);
#286=(
BOUNDED_CURVE()
B_SPLINE_CURVE(1,(#2363,#2364),.UNSPECIFIED.,.F.,.F.)
B_SPLINE_CURVE_WITH_KNOTS((2,2),(0.,1.),.PIECEWISE_BEZIER_KNOTS.)
CURVE()
GEOMETRIC_REPRESENTATION_ITEM()
RATIONAL_B_SPLINE_CURVE((1.,1.))
REPRESENTATION_ITEM('')
);
#287=(
BOUNDED_CURVE()
B_SPLINE_CURVE(1,(#2376,#2377),.UNSPECIFIED.,.F.,.F.)
B_SPLINE_CURVE_WITH_KNOTS((2,2),(0.,1.),.PIECEWISE_BEZIER_KNOTS.)
CURVE()
GEOMETRIC_REPRESENTATION_ITEM()
RATIONAL_B_SPLINE_CURVE((1.,1.))
REPRESENTATION_ITEM('')
);
#288=(
BOUNDED_CURVE()
B_SPLINE_CURVE(1,(#2381,#2382),.UNSPECIFIED.,.F.,.F.)
B_SPLINE_CURVE_WITH_KNOTS((2,2),(0.,1.),.PIECEWISE_BEZIER_KNOTS.)
CURVE()
GEOMETRIC_REPRESENTATION_ITEM()
RATIONAL_B_SPLINE_CURVE((1.,1.))
REPRESENTATION_ITEM('')
);
#289=(
BOUNDED_CURVE()
B_SPLINE_CURVE(1,(#2392,#2393),.UNSPECIFIED.,.F.,.F.)
B_SPLINE_CURVE_WITH_KNOTS((2,2),(0.,1.),.PIECEWISE_BEZIER_KNOTS.)
CURVE()
GEOMETRIC_REPRESENTATION_ITEM()
RATIONAL_B_SPLINE_CURVE((1.,1.))
REPRESENTATION_ITEM('')
);
#290=(
BOUNDED_CURVE()
B_SPLINE_CURVE(1,(#2397,#2398),.UNSPECIFIED.,.F.,.F.)
B_SPLINE_CURVE_WITH_KNOTS((2,2),(0.,1.),.PIECEWISE_BEZIER_KNOTS.)
CURVE()
GEOMETRIC_REPRESENTATION_ITEM()
RATIONAL_B_SPLINE_CURVE((1.,1.))
REPRESENTATION_ITEM('')
);
#291=(
BOUNDED_CURVE()
B_SPLINE_CURVE(1,(#2408,#2409),.UNSPECIFIED.,.F.,.F.)
B_SPLINE_CURVE_WITH_KNOTS((2,2),(0.,1.),.PIECEWISE_BEZIER_KNOTS.)
CURVE()
GEOMETRIC_REPRESENTATION_ITEM()
RATIONAL_B_SPLINE_CURVE((1.,1.))
REPRESENTATION_ITEM('')
);
#292=(
BOUNDED_CURVE()
B_SPLINE_CURVE(1,(#2413,#2414),.UNSPECIFIED.,.F.,.F.)
B_SPLINE_CURVE_WITH_KNOTS((2,2),(0.,1.),.PIECEWISE_BEZIER_KNOTS.)
CURVE()
GEOMETRIC_REPRESENTATION_ITEM()
RATIONAL_B_SPLINE_CURVE((1.,1.))
REPRESENTATION_ITEM('')
);
#293=(
BOUNDED_CURVE()
B_SPLINE_CURVE(1,(#2424,#2425),.UNSPECIFIED.,.F.,.F.)
B_SPLINE_CURVE_WITH_KNOTS((2,2),(0.,1.),.PIECEWISE_BEZIER_KNOTS.)
CURVE()
GEOMETRIC_REPRESENTATION_ITEM()
RATIONAL_B_SPLINE_CURVE((1.,1.))
REPRESENTATION_ITEM('')
);
#294=(
BOUNDED_CURVE()
B_SPLINE_CURVE(1,(#2429,#2430),.UNSPECIFIED.,.F.,.F.)
B_SPLINE_CURVE_WITH_KNOTS((2,2),(0.,1.),.PIECEWISE_BEZIER_KNOTS.)
CURVE()
GEOMETRIC_REPRESENTATION_ITEM()
RATIONAL_B_SPLINE_CURVE((1.,1.))
REPRESENTATION_ITEM('')
);
#295=(
BOUNDED_CURVE()
B_SPLINE_CURVE(1,(#2442,#2443),.UNSPECIFIED.,.F.,.F.)
B_SPLINE_CURVE_WITH_KNOTS((2,2),(0.,1.),.PIECEWISE_BEZIER_KNOTS.)
CURVE()
GEOMETRIC_REPRESENTATION_ITEM()
RATIONAL_B_SPLINE_CURVE((1.,1.))
REPRESENTATION_ITEM('')
);
#296=(
BOUNDED_CURVE()
B_SPLINE_CURVE(1,(#2447,#2448),.UNSPECIFIED.,.F.,.F.)
B_SPLINE_CURVE_WITH_KNOTS((2,2),(0.,1.),.PIECEWISE_BEZIER_KNOTS.)
CURVE()
GEOMETRIC_REPRESENTATION_ITEM()
RATIONAL_B_SPLINE_CURVE((1.,1.))
REPRESENTATION_ITEM('')
);
#297=(
BOUNDED_CURVE()
B_SPLINE_CURVE(1,(#2460,#2461),.UNSPECIFIED.,.F.,.F.)
B_SPLINE_CURVE_WITH_KNOTS((2,2),(0.,1.),.PIECEWISE_BEZIER_KNOTS.)
CURVE()
GEOMETRIC_REPRESENTATION_ITEM()
RATIONAL_B_SPLINE_CURVE((1.,1.))
REPRESENTATION_ITEM('')
);
#298=(
BOUNDED_CURVE()
B_SPLINE_CURVE(1,(#2465,#2466),.UNSPECIFIED.,.F.,.F.)
B_SPLINE_CURVE_WITH_KNOTS((2,2),(0.,1.),.PIECEWISE_BEZIER_KNOTS.)
CURVE()
GEOMETRIC_REPRESENTATION_ITEM()
RATIONAL_B_SPLINE_CURVE((1.,1.))
REPRESENTATION_ITEM('')
);
#299=ORIENTED_EDGE('',*,*,#783,.F.);
#300=ORIENTED_EDGE('',*,*,#784,.T.);
#301=ORIENTED_EDGE('',*,*,#785,.T.);
#302=ORIENTED_EDGE('',*,*,#786,.F.);
#303=ORIENTED_EDGE('',*,*,#787,.T.);
#304=ORIENTED_EDGE('',*,*,#788,.T.);
#305=ORIENTED_EDGE('',*,*,#789,.F.);
#306=ORIENTED_EDGE('',*,*,#790,.F.);
#307=ORIENTED_EDGE('',*,*,#791,.F.);
#308=ORIENTED_EDGE('',*,*,#792,.T.);
#309=ORIENTED_EDGE('',*,*,#793,.T.);
#310=ORIENTED_EDGE('',*,*,#794,.F.);
#311=ORIENTED_EDGE('',*,*,#795,.F.);
#312=ORIENTED_EDGE('',*,*,#796,.T.);
#313=ORIENTED_EDGE('',*,*,#797,.F.);
#314=ORIENTED_EDGE('',*,*,#798,.F.);
#315=ORIENTED_EDGE('',*,*,#799,.T.);
#316=ORIENTED_EDGE('',*,*,#800,.T.);
#317=ORIENTED_EDGE('',*,*,#801,.T.);
#318=ORIENTED_EDGE('',*,*,#802,.F.);
#319=ORIENTED_EDGE('',*,*,#803,.F.);
#320=ORIENTED_EDGE('',*,*,#804,.T.);
#321=ORIENTED_EDGE('',*,*,#805,.F.);
#322=ORIENTED_EDGE('',*,*,#806,.F.);
#323=ORIENTED_EDGE('',*,*,#807,.F.);
#324=ORIENTED_EDGE('',*,*,#806,.T.);
#325=ORIENTED_EDGE('',*,*,#808,.F.);
#326=ORIENTED_EDGE('',*,*,#809,.F.);
#327=ORIENTED_EDGE('',*,*,#810,.T.);
#328=ORIENTED_EDGE('',*,*,#811,.T.);
#329=ORIENTED_EDGE('',*,*,#812,.T.);
#330=ORIENTED_EDGE('',*,*,#813,.F.);
#331=ORIENTED_EDGE('',*,*,#814,.F.);
#332=ORIENTED_EDGE('',*,*,#815,.T.);
#333=ORIENTED_EDGE('',*,*,#816,.F.);
#334=ORIENTED_EDGE('',*,*,#817,.F.);
#335=ORIENTED_EDGE('',*,*,#818,.F.);
#336=ORIENTED_EDGE('',*,*,#819,.T.);
#337=ORIENTED_EDGE('',*,*,#820,.F.);
#338=ORIENTED_EDGE('',*,*,#821,.F.);
#339=ORIENTED_EDGE('',*,*,#822,.F.);
#340=ORIENTED_EDGE('',*,*,#823,.T.);
#341=ORIENTED_EDGE('',*,*,#824,.F.);
#342=ORIENTED_EDGE('',*,*,#825,.F.);
#343=ORIENTED_EDGE('',*,*,#826,.F.);
#344=ORIENTED_EDGE('',*,*,#827,.T.);
#345=ORIENTED_EDGE('',*,*,#828,.F.);
#346=ORIENTED_EDGE('',*,*,#829,.F.);
#347=ORIENTED_EDGE('',*,*,#830,.F.);
#348=ORIENTED_EDGE('',*,*,#831,.T.);
#349=ORIENTED_EDGE('',*,*,#832,.T.);
#350=ORIENTED_EDGE('',*,*,#833,.F.);
#351=ORIENTED_EDGE('',*,*,#834,.F.);
#352=ORIENTED_EDGE('',*,*,#835,.T.);
#353=ORIENTED_EDGE('',*,*,#836,.T.);
#354=ORIENTED_EDGE('',*,*,#837,.F.);
#355=ORIENTED_EDGE('',*,*,#838,.F.);
#356=ORIENTED_EDGE('',*,*,#839,.T.);
#357=ORIENTED_EDGE('',*,*,#840,.T.);
#358=ORIENTED_EDGE('',*,*,#841,.F.);
#359=ORIENTED_EDGE('',*,*,#842,.F.);
#360=ORIENTED_EDGE('',*,*,#843,.T.);
#361=ORIENTED_EDGE('',*,*,#844,.T.);
#362=ORIENTED_EDGE('',*,*,#845,.F.);
#363=ORIENTED_EDGE('',*,*,#846,.F.);
#364=ORIENTED_EDGE('',*,*,#847,.T.);
#365=ORIENTED_EDGE('',*,*,#848,.F.);
#366=ORIENTED_EDGE('',*,*,#849,.F.);
#367=ORIENTED_EDGE('',*,*,#850,.F.);
#368=ORIENTED_EDGE('',*,*,#851,.T.);
#369=ORIENTED_EDGE('',*,*,#852,.F.);
#370=ORIENTED_EDGE('',*,*,#853,.F.);
#371=ORIENTED_EDGE('',*,*,#854,.F.);
#372=ORIENTED_EDGE('',*,*,#855,.T.);
#373=ORIENTED_EDGE('',*,*,#856,.F.);
#374=ORIENTED_EDGE('',*,*,#857,.F.);
#375=ORIENTED_EDGE('',*,*,#858,.T.);
#376=ORIENTED_EDGE('',*,*,#859,.T.);
#377=ORIENTED_EDGE('',*,*,#860,.F.);
#378=ORIENTED_EDGE('',*,*,#861,.F.);
#379=ORIENTED_EDGE('',*,*,#862,.T.);
#380=ORIENTED_EDGE('',*,*,#863,.T.);
#381=ORIENTED_EDGE('',*,*,#864,.F.);
#382=ORIENTED_EDGE('',*,*,#865,.F.);
#383=ORIENTED_EDGE('',*,*,#866,.T.);
#384=ORIENTED_EDGE('',*,*,#867,.T.);
#385=ORIENTED_EDGE('',*,*,#868,.F.);
#386=ORIENTED_EDGE('',*,*,#869,.F.);
#387=ORIENTED_EDGE('',*,*,#870,.F.);
#388=ORIENTED_EDGE('',*,*,#871,.T.);
#389=ORIENTED_EDGE('',*,*,#872,.F.);
#390=ORIENTED_EDGE('',*,*,#873,.F.);
#391=ORIENTED_EDGE('',*,*,#874,.F.);
#392=ORIENTED_EDGE('',*,*,#875,.T.);
#393=ORIENTED_EDGE('',*,*,#876,.F.);
#394=ORIENTED_EDGE('',*,*,#877,.F.);
#395=ORIENTED_EDGE('',*,*,#878,.F.);
#396=ORIENTED_EDGE('',*,*,#879,.F.);
#397=ORIENTED_EDGE('',*,*,#880,.F.);
#398=ORIENTED_EDGE('',*,*,#881,.T.);
#399=ORIENTED_EDGE('',*,*,#882,.F.);
#400=ORIENTED_EDGE('',*,*,#883,.F.);
#401=ORIENTED_EDGE('',*,*,#884,.T.);
#402=ORIENTED_EDGE('',*,*,#885,.T.);
#403=ORIENTED_EDGE('',*,*,#886,.F.);
#404=ORIENTED_EDGE('',*,*,#887,.F.);
#405=ORIENTED_EDGE('',*,*,#888,.T.);
#406=ORIENTED_EDGE('',*,*,#889,.T.);
#407=ORIENTED_EDGE('',*,*,#890,.T.);
#408=ORIENTED_EDGE('',*,*,#891,.T.);
#409=ORIENTED_EDGE('',*,*,#892,.F.);
#410=ORIENTED_EDGE('',*,*,#893,.T.);
#411=ORIENTED_EDGE('',*,*,#894,.T.);
#412=ORIENTED_EDGE('',*,*,#791,.T.);
#413=ORIENTED_EDGE('',*,*,#895,.F.);
#414=ORIENTED_EDGE('',*,*,#896,.F.);
#415=ORIENTED_EDGE('',*,*,#897,.T.);
#416=ORIENTED_EDGE('',*,*,#898,.T.);
#417=ORIENTED_EDGE('',*,*,#899,.T.);
#418=ORIENTED_EDGE('',*,*,#846,.T.);
#419=ORIENTED_EDGE('',*,*,#900,.T.);
#420=ORIENTED_EDGE('',*,*,#850,.T.);
#421=ORIENTED_EDGE('',*,*,#901,.T.);
#422=ORIENTED_EDGE('',*,*,#854,.T.);
#423=ORIENTED_EDGE('',*,*,#902,.T.);
#424=ORIENTED_EDGE('',*,*,#870,.T.);
#425=ORIENTED_EDGE('',*,*,#903,.T.);
#426=ORIENTED_EDGE('',*,*,#874,.T.);
#427=ORIENTED_EDGE('',*,*,#904,.T.);
#428=ORIENTED_EDGE('',*,*,#826,.T.);
#429=ORIENTED_EDGE('',*,*,#905,.T.);
#430=ORIENTED_EDGE('',*,*,#814,.T.);
#431=ORIENTED_EDGE('',*,*,#906,.T.);
#432=ORIENTED_EDGE('',*,*,#818,.T.);
#433=ORIENTED_EDGE('',*,*,#907,.T.);
#434=ORIENTED_EDGE('',*,*,#822,.T.);
#435=ORIENTED_EDGE('',*,*,#787,.F.);
#436=ORIENTED_EDGE('',*,*,#908,.F.);
#437=ORIENTED_EDGE('',*,*,#909,.T.);
#438=ORIENTED_EDGE('',*,*,#783,.T.);
#439=ORIENTED_EDGE('',*,*,#910,.F.);
#440=ORIENTED_EDGE('',*,*,#911,.T.);
#441=ORIENTED_EDGE('',*,*,#883,.T.);
#442=ORIENTED_EDGE('',*,*,#882,.T.);
#443=ORIENTED_EDGE('',*,*,#912,.T.);
#444=ORIENTED_EDGE('',*,*,#913,.T.);
#445=ORIENTED_EDGE('',*,*,#914,.F.);
#446=ORIENTED_EDGE('',*,*,#915,.T.);
#447=ORIENTED_EDGE('',*,*,#916,.T.);
#448=ORIENTED_EDGE('',*,*,#917,.T.);
#449=ORIENTED_EDGE('',*,*,#918,.T.);
#450=ORIENTED_EDGE('',*,*,#919,.F.);
#451=ORIENTED_EDGE('',*,*,#920,.F.);
#452=ORIENTED_EDGE('',*,*,#921,.F.);
#453=ORIENTED_EDGE('',*,*,#922,.T.);
#454=ORIENTED_EDGE('',*,*,#923,.T.);
#455=ORIENTED_EDGE('',*,*,#924,.F.);
#456=ORIENTED_EDGE('',*,*,#925,.F.);
#457=ORIENTED_EDGE('',*,*,#926,.T.);
#458=ORIENTED_EDGE('',*,*,#927,.T.);
#459=ORIENTED_EDGE('',*,*,#928,.F.);
#460=ORIENTED_EDGE('',*,*,#929,.F.);
#461=ORIENTED_EDGE('',*,*,#930,.T.);
#462=ORIENTED_EDGE('',*,*,#931,.T.);
#463=ORIENTED_EDGE('',*,*,#932,.T.);
#464=ORIENTED_EDGE('',*,*,#834,.T.);
#465=ORIENTED_EDGE('',*,*,#933,.T.);
#466=ORIENTED_EDGE('',*,*,#838,.T.);
#467=ORIENTED_EDGE('',*,*,#934,.T.);
#468=ORIENTED_EDGE('',*,*,#842,.T.);
#469=ORIENTED_EDGE('',*,*,#876,.T.);
#470=ORIENTED_EDGE('',*,*,#935,.T.);
#471=ORIENTED_EDGE('',*,*,#872,.T.);
#472=ORIENTED_EDGE('',*,*,#936,.T.);
#473=ORIENTED_EDGE('',*,*,#868,.T.);
#474=ORIENTED_EDGE('',*,*,#937,.T.);
#475=ORIENTED_EDGE('',*,*,#864,.T.);
#476=ORIENTED_EDGE('',*,*,#938,.T.);
#477=ORIENTED_EDGE('',*,*,#860,.T.);
#478=ORIENTED_EDGE('',*,*,#939,.T.);
#479=ORIENTED_EDGE('',*,*,#940,.T.);
#480=ORIENTED_EDGE('',*,*,#941,.T.);
#481=ORIENTED_EDGE('',*,*,#942,.T.);
#482=ORIENTED_EDGE('',*,*,#943,.T.);
#483=ORIENTED_EDGE('',*,*,#944,.T.);
#484=ORIENTED_EDGE('',*,*,#945,.T.);
#485=ORIENTED_EDGE('',*,*,#946,.T.);
#486=ORIENTED_EDGE('',*,*,#947,.T.);
#487=ORIENTED_EDGE('',*,*,#948,.T.);
#488=ORIENTED_EDGE('',*,*,#949,.T.);
#489=ORIENTED_EDGE('',*,*,#950,.T.);
#490=ORIENTED_EDGE('',*,*,#951,.T.);
#491=ORIENTED_EDGE('',*,*,#952,.T.);
#492=ORIENTED_EDGE('',*,*,#830,.T.);
#493=ORIENTED_EDGE('',*,*,#953,.F.);
#494=ORIENTED_EDGE('',*,*,#808,.T.);
#495=ORIENTED_EDGE('',*,*,#805,.T.);
#496=ORIENTED_EDGE('',*,*,#954,.T.);
#497=ORIENTED_EDGE('',*,*,#955,.F.);
#498=ORIENTED_EDGE('',*,*,#891,.F.);
#499=ORIENTED_EDGE('',*,*,#956,.T.);
#500=ORIENTED_EDGE('',*,*,#915,.F.);
#501=ORIENTED_EDGE('',*,*,#875,.F.);
#502=ORIENTED_EDGE('',*,*,#903,.F.);
#503=ORIENTED_EDGE('',*,*,#877,.T.);
#504=ORIENTED_EDGE('',*,*,#935,.F.);
#505=ORIENTED_EDGE('',*,*,#871,.F.);
#506=ORIENTED_EDGE('',*,*,#902,.F.);
#507=ORIENTED_EDGE('',*,*,#873,.T.);
#508=ORIENTED_EDGE('',*,*,#936,.F.);
#509=ORIENTED_EDGE('',*,*,#867,.F.);
#510=ORIENTED_EDGE('',*,*,#848,.T.);
#511=ORIENTED_EDGE('',*,*,#869,.T.);
#512=ORIENTED_EDGE('',*,*,#937,.F.);
#513=ORIENTED_EDGE('',*,*,#863,.F.);
#514=ORIENTED_EDGE('',*,*,#852,.T.);
#515=ORIENTED_EDGE('',*,*,#865,.T.);
#516=ORIENTED_EDGE('',*,*,#938,.F.);
#517=ORIENTED_EDGE('',*,*,#859,.F.);
#518=ORIENTED_EDGE('',*,*,#856,.T.);
#519=ORIENTED_EDGE('',*,*,#861,.T.);
#520=ORIENTED_EDGE('',*,*,#939,.F.);
#521=ORIENTED_EDGE('',*,*,#855,.F.);
#522=ORIENTED_EDGE('',*,*,#901,.F.);
#523=ORIENTED_EDGE('',*,*,#857,.T.);
#524=ORIENTED_EDGE('',*,*,#858,.F.);
#525=ORIENTED_EDGE('',*,*,#851,.F.);
#526=ORIENTED_EDGE('',*,*,#900,.F.);
#527=ORIENTED_EDGE('',*,*,#853,.T.);
#528=ORIENTED_EDGE('',*,*,#862,.F.);
#529=ORIENTED_EDGE('',*,*,#847,.F.);
#530=ORIENTED_EDGE('',*,*,#899,.F.);
#531=ORIENTED_EDGE('',*,*,#849,.T.);
#532=ORIENTED_EDGE('',*,*,#866,.F.);
#533=ORIENTED_EDGE('',*,*,#957,.F.);
#534=ORIENTED_EDGE('',*,*,#958,.T.);
#535=ORIENTED_EDGE('',*,*,#959,.F.);
#536=ORIENTED_EDGE('',*,*,#960,.T.);
#537=ORIENTED_EDGE('',*,*,#961,.F.);
#538=ORIENTED_EDGE('',*,*,#962,.F.);
#539=ORIENTED_EDGE('',*,*,#942,.F.);
#540=ORIENTED_EDGE('',*,*,#963,.F.);
#541=ORIENTED_EDGE('',*,*,#960,.F.);
#542=ORIENTED_EDGE('',*,*,#964,.T.);
#543=ORIENTED_EDGE('',*,*,#941,.F.);
#544=ORIENTED_EDGE('',*,*,#965,.F.);
#545=ORIENTED_EDGE('',*,*,#961,.T.);
#546=ORIENTED_EDGE('',*,*,#963,.T.);
#547=ORIENTED_EDGE('',*,*,#940,.F.);
#548=ORIENTED_EDGE('',*,*,#966,.F.);
#549=ORIENTED_EDGE('',*,*,#962,.T.);
#550=ORIENTED_EDGE('',*,*,#965,.T.);
#551=ORIENTED_EDGE('',*,*,#945,.F.);
#552=ORIENTED_EDGE('',*,*,#967,.F.);
#553=ORIENTED_EDGE('',*,*,#957,.T.);
#554=ORIENTED_EDGE('',*,*,#966,.T.);
#555=ORIENTED_EDGE('',*,*,#944,.F.);
#556=ORIENTED_EDGE('',*,*,#968,.F.);
#557=ORIENTED_EDGE('',*,*,#958,.F.);
#558=ORIENTED_EDGE('',*,*,#967,.T.);
#559=ORIENTED_EDGE('',*,*,#943,.F.);
#560=ORIENTED_EDGE('',*,*,#964,.F.);
#561=ORIENTED_EDGE('',*,*,#959,.T.);
#562=ORIENTED_EDGE('',*,*,#968,.T.);
#563=ORIENTED_EDGE('',*,*,#969,.T.);
#564=ORIENTED_EDGE('',*,*,#970,.F.);
#565=ORIENTED_EDGE('',*,*,#971,.F.);
#566=ORIENTED_EDGE('',*,*,#972,.F.);
#567=ORIENTED_EDGE('',*,*,#973,.F.);
#568=ORIENTED_EDGE('',*,*,#974,.F.);
#569=ORIENTED_EDGE('',*,*,#948,.F.);
#570=ORIENTED_EDGE('',*,*,#975,.F.);
#571=ORIENTED_EDGE('',*,*,#972,.T.);
#572=ORIENTED_EDGE('',*,*,#976,.T.);
#573=ORIENTED_EDGE('',*,*,#947,.F.);
#574=ORIENTED_EDGE('',*,*,#977,.F.);
#575=ORIENTED_EDGE('',*,*,#973,.T.);
#576=ORIENTED_EDGE('',*,*,#975,.T.);
#577=ORIENTED_EDGE('',*,*,#946,.F.);
#578=ORIENTED_EDGE('',*,*,#978,.F.);
#579=ORIENTED_EDGE('',*,*,#974,.T.);
#580=ORIENTED_EDGE('',*,*,#977,.T.);
#581=ORIENTED_EDGE('',*,*,#951,.F.);
#582=ORIENTED_EDGE('',*,*,#979,.F.);
#583=ORIENTED_EDGE('',*,*,#969,.F.);
#584=ORIENTED_EDGE('',*,*,#978,.T.);
#585=ORIENTED_EDGE('',*,*,#950,.F.);
#586=ORIENTED_EDGE('',*,*,#980,.F.);
#587=ORIENTED_EDGE('',*,*,#970,.T.);
#588=ORIENTED_EDGE('',*,*,#979,.T.);
#589=ORIENTED_EDGE('',*,*,#949,.F.);
#590=ORIENTED_EDGE('',*,*,#976,.F.);
#591=ORIENTED_EDGE('',*,*,#971,.T.);
#592=ORIENTED_EDGE('',*,*,#980,.T.);
#593=ORIENTED_EDGE('',*,*,#914,.T.);
#594=ORIENTED_EDGE('',*,*,#981,.T.);
#595=ORIENTED_EDGE('',*,*,#892,.T.);
#596=ORIENTED_EDGE('',*,*,#955,.T.);
#597=ORIENTED_EDGE('',*,*,#982,.T.);
#598=ORIENTED_EDGE('',*,*,#983,.T.);
#599=ORIENTED_EDGE('',*,*,#984,.T.);
#600=ORIENTED_EDGE('',*,*,#927,.F.);
#601=ORIENTED_EDGE('',*,*,#985,.F.);
#602=ORIENTED_EDGE('',*,*,#884,.F.);
#603=ORIENTED_EDGE('',*,*,#986,.T.);
#604=ORIENTED_EDGE('',*,*,#912,.F.);
#605=ORIENTED_EDGE('',*,*,#881,.F.);
#606=ORIENTED_EDGE('',*,*,#885,.F.);
#607=ORIENTED_EDGE('',*,*,#985,.T.);
#608=ORIENTED_EDGE('',*,*,#926,.F.);
#609=ORIENTED_EDGE('',*,*,#987,.F.);
#610=ORIENTED_EDGE('',*,*,#988,.F.);
#611=ORIENTED_EDGE('',*,*,#886,.T.);
#612=ORIENTED_EDGE('',*,*,#987,.T.);
#613=ORIENTED_EDGE('',*,*,#925,.T.);
#614=ORIENTED_EDGE('',*,*,#989,.F.);
#615=ORIENTED_EDGE('',*,*,#887,.T.);
#616=ORIENTED_EDGE('',*,*,#988,.T.);
#617=ORIENTED_EDGE('',*,*,#924,.T.);
#618=ORIENTED_EDGE('',*,*,#990,.F.);
#619=ORIENTED_EDGE('',*,*,#991,.T.);
#620=ORIENTED_EDGE('',*,*,#992,.F.);
#621=ORIENTED_EDGE('',*,*,#993,.T.);
#622=ORIENTED_EDGE('',*,*,#918,.F.);
#623=ORIENTED_EDGE('',*,*,#994,.T.);
#624=ORIENTED_EDGE('',*,*,#888,.F.);
#625=ORIENTED_EDGE('',*,*,#989,.T.);
#626=ORIENTED_EDGE('',*,*,#923,.F.);
#627=ORIENTED_EDGE('',*,*,#890,.F.);
#628=ORIENTED_EDGE('',*,*,#995,.T.);
#629=ORIENTED_EDGE('',*,*,#916,.F.);
#630=ORIENTED_EDGE('',*,*,#956,.F.);
#631=ORIENTED_EDGE('',*,*,#893,.F.);
#632=ORIENTED_EDGE('',*,*,#981,.F.);
#633=ORIENTED_EDGE('',*,*,#913,.F.);
#634=ORIENTED_EDGE('',*,*,#986,.F.);
#635=ORIENTED_EDGE('',*,*,#889,.F.);
#636=ORIENTED_EDGE('',*,*,#994,.F.);
#637=ORIENTED_EDGE('',*,*,#917,.F.);
#638=ORIENTED_EDGE('',*,*,#995,.F.);
#639=ORIENTED_EDGE('',*,*,#843,.F.);
#640=ORIENTED_EDGE('',*,*,#934,.F.);
#641=ORIENTED_EDGE('',*,*,#845,.T.);
#642=ORIENTED_EDGE('',*,*,#820,.T.);
#643=ORIENTED_EDGE('',*,*,#839,.F.);
#644=ORIENTED_EDGE('',*,*,#933,.F.);
#645=ORIENTED_EDGE('',*,*,#841,.T.);
#646=ORIENTED_EDGE('',*,*,#824,.T.);
#647=ORIENTED_EDGE('',*,*,#835,.F.);
#648=ORIENTED_EDGE('',*,*,#932,.F.);
#649=ORIENTED_EDGE('',*,*,#837,.T.);
#650=ORIENTED_EDGE('',*,*,#828,.T.);
#651=ORIENTED_EDGE('',*,*,#928,.T.);
#652=ORIENTED_EDGE('',*,*,#996,.T.);
#653=ORIENTED_EDGE('',*,*,#896,.T.);
#654=ORIENTED_EDGE('',*,*,#997,.F.);
#655=ORIENTED_EDGE('',*,*,#998,.T.);
#656=ORIENTED_EDGE('',*,*,#897,.F.);
#657=ORIENTED_EDGE('',*,*,#996,.F.);
#658=ORIENTED_EDGE('',*,*,#931,.F.);
#659=ORIENTED_EDGE('',*,*,#999,.T.);
#660=ORIENTED_EDGE('',*,*,#898,.F.);
#661=ORIENTED_EDGE('',*,*,#998,.F.);
#662=ORIENTED_EDGE('',*,*,#930,.F.);
#663=ORIENTED_EDGE('',*,*,#929,.T.);
#664=ORIENTED_EDGE('',*,*,#997,.T.);
#665=ORIENTED_EDGE('',*,*,#895,.T.);
#666=ORIENTED_EDGE('',*,*,#999,.F.);
#667=ORIENTED_EDGE('',*,*,#831,.F.);
#668=ORIENTED_EDGE('',*,*,#952,.F.);
#669=ORIENTED_EDGE('',*,*,#833,.T.);
#670=ORIENTED_EDGE('',*,*,#816,.T.);
#671=ORIENTED_EDGE('',*,*,#827,.F.);
#672=ORIENTED_EDGE('',*,*,#904,.F.);
#673=ORIENTED_EDGE('',*,*,#829,.T.);
#674=ORIENTED_EDGE('',*,*,#836,.F.);
#675=ORIENTED_EDGE('',*,*,#823,.F.);
#676=ORIENTED_EDGE('',*,*,#907,.F.);
#677=ORIENTED_EDGE('',*,*,#825,.T.);
#678=ORIENTED_EDGE('',*,*,#840,.F.);
#679=ORIENTED_EDGE('',*,*,#819,.F.);
#680=ORIENTED_EDGE('',*,*,#906,.F.);
#681=ORIENTED_EDGE('',*,*,#821,.T.);
#682=ORIENTED_EDGE('',*,*,#844,.F.);
#683=ORIENTED_EDGE('',*,*,#815,.F.);
#684=ORIENTED_EDGE('',*,*,#905,.F.);
#685=ORIENTED_EDGE('',*,*,#817,.T.);
#686=ORIENTED_EDGE('',*,*,#832,.F.);
#687=ORIENTED_EDGE('',*,*,#809,.T.);
#688=ORIENTED_EDGE('',*,*,#953,.T.);
#689=ORIENTED_EDGE('',*,*,#1000,.F.);
#690=ORIENTED_EDGE('',*,*,#1001,.T.);
#691=ORIENTED_EDGE('',*,*,#811,.F.);
#692=ORIENTED_EDGE('',*,*,#1002,.T.);
#693=ORIENTED_EDGE('',*,*,#813,.T.);
#694=ORIENTED_EDGE('',*,*,#1003,.T.);
#695=ORIENTED_EDGE('',*,*,#804,.F.);
#696=ORIENTED_EDGE('',*,*,#1004,.F.);
#697=ORIENTED_EDGE('',*,*,#1000,.T.);
#698=ORIENTED_EDGE('',*,*,#954,.F.);
#699=ORIENTED_EDGE('',*,*,#810,.F.);
#700=ORIENTED_EDGE('',*,*,#1002,.F.);
#701=ORIENTED_EDGE('',*,*,#1001,.F.);
#702=ORIENTED_EDGE('',*,*,#1004,.T.);
#703=ORIENTED_EDGE('',*,*,#803,.T.);
#704=ORIENTED_EDGE('',*,*,#807,.T.);
#705=ORIENTED_EDGE('',*,*,#1005,.F.);
#706=ORIENTED_EDGE('',*,*,#785,.F.);
#707=ORIENTED_EDGE('',*,*,#1003,.F.);
#708=ORIENTED_EDGE('',*,*,#812,.F.);
#709=ORIENTED_EDGE('',*,*,#800,.F.);
#710=ORIENTED_EDGE('',*,*,#1006,.T.);
#711=ORIENTED_EDGE('',*,*,#802,.T.);
#712=ORIENTED_EDGE('',*,*,#1007,.T.);
#713=ORIENTED_EDGE('',*,*,#799,.F.);
#714=ORIENTED_EDGE('',*,*,#1006,.F.);
#715=ORIENTED_EDGE('',*,*,#1008,.T.);
#716=ORIENTED_EDGE('',*,*,#1009,.T.);
#717=ORIENTED_EDGE('',*,*,#982,.F.);
#718=ORIENTED_EDGE('',*,*,#880,.T.);
#719=ORIENTED_EDGE('',*,*,#879,.T.);
#720=ORIENTED_EDGE('',*,*,#789,.T.);
#721=ORIENTED_EDGE('',*,*,#1010,.T.);
#722=ORIENTED_EDGE('',*,*,#1007,.F.);
#723=ORIENTED_EDGE('',*,*,#801,.F.);
#724=ORIENTED_EDGE('',*,*,#993,.F.);
#725=ORIENTED_EDGE('',*,*,#1011,.T.);
#726=ORIENTED_EDGE('',*,*,#1012,.T.);
#727=ORIENTED_EDGE('',*,*,#1013,.T.);
#728=ORIENTED_EDGE('',*,*,#920,.T.);
#729=ORIENTED_EDGE('',*,*,#919,.T.);
#730=ORIENTED_EDGE('',*,*,#796,.F.);
#731=ORIENTED_EDGE('',*,*,#1014,.F.);
#732=ORIENTED_EDGE('',*,*,#798,.T.);
#733=ORIENTED_EDGE('',*,*,#1015,.F.);
#734=ORIENTED_EDGE('',*,*,#992,.T.);
#735=ORIENTED_EDGE('',*,*,#1016,.T.);
#736=ORIENTED_EDGE('',*,*,#1017,.F.);
#737=ORIENTED_EDGE('',*,*,#1012,.F.);
#738=ORIENTED_EDGE('',*,*,#1011,.F.);
#739=ORIENTED_EDGE('',*,*,#1014,.T.);
#740=ORIENTED_EDGE('',*,*,#795,.T.);
#741=ORIENTED_EDGE('',*,*,#1018,.F.);
#742=ORIENTED_EDGE('',*,*,#793,.F.);
#743=ORIENTED_EDGE('',*,*,#797,.T.);
#744=ORIENTED_EDGE('',*,*,#1015,.T.);
#745=ORIENTED_EDGE('',*,*,#792,.F.);
#746=ORIENTED_EDGE('',*,*,#894,.F.);
#747=ORIENTED_EDGE('',*,*,#794,.T.);
#748=ORIENTED_EDGE('',*,*,#1018,.T.);
#749=ORIENTED_EDGE('',*,*,#788,.F.);
#750=ORIENTED_EDGE('',*,*,#908,.T.);
#751=ORIENTED_EDGE('',*,*,#790,.T.);
#752=ORIENTED_EDGE('',*,*,#1010,.F.);
#753=ORIENTED_EDGE('',*,*,#784,.F.);
#754=ORIENTED_EDGE('',*,*,#909,.F.);
#755=ORIENTED_EDGE('',*,*,#786,.T.);
#756=ORIENTED_EDGE('',*,*,#1005,.T.);
#757=ORIENTED_EDGE('',*,*,#1019,.F.);
#758=ORIENTED_EDGE('',*,*,#1020,.T.);
#759=ORIENTED_EDGE('',*,*,#990,.T.);
#760=ORIENTED_EDGE('',*,*,#922,.F.);
#761=ORIENTED_EDGE('',*,*,#1017,.T.);
#762=ORIENTED_EDGE('',*,*,#1021,.T.);
#763=ORIENTED_EDGE('',*,*,#1019,.T.);
#764=ORIENTED_EDGE('',*,*,#921,.T.);
#765=ORIENTED_EDGE('',*,*,#1013,.F.);
#766=ORIENTED_EDGE('',*,*,#984,.F.);
#767=ORIENTED_EDGE('',*,*,#1022,.T.);
#768=ORIENTED_EDGE('',*,*,#1023,.T.);
#769=ORIENTED_EDGE('',*,*,#910,.T.);
#770=ORIENTED_EDGE('',*,*,#1023,.F.);
#771=ORIENTED_EDGE('',*,*,#1024,.T.);
#772=ORIENTED_EDGE('',*,*,#1008,.F.);
#773=ORIENTED_EDGE('',*,*,#878,.T.);
#774=ORIENTED_EDGE('',*,*,#911,.F.);
#775=ORIENTED_EDGE('',*,*,#983,.F.);
#776=ORIENTED_EDGE('',*,*,#1009,.F.);
#777=ORIENTED_EDGE('',*,*,#1024,.F.);
#778=ORIENTED_EDGE('',*,*,#1022,.F.);
#779=ORIENTED_EDGE('',*,*,#991,.F.);
#780=ORIENTED_EDGE('',*,*,#1020,.F.);
#781=ORIENTED_EDGE('',*,*,#1021,.F.);
#782=ORIENTED_EDGE('',*,*,#1016,.F.);
#783=EDGE_CURVE('',#1025,#1026,#1183,.T.);
#784=EDGE_CURVE('',#1025,#1027,#253,.T.);
#785=EDGE_CURVE('',#1027,#1028,#1184,.T.);
#786=EDGE_CURVE('',#1026,#1028,#254,.T.);
#787=EDGE_CURVE('',#1029,#1030,#1185,.F.);
#788=EDGE_CURVE('',#1030,#1031,#255,.T.);
#789=EDGE_CURVE('',#1032,#1031,#1186,.F.);
#790=EDGE_CURVE('',#1029,#1032,#256,.T.);
#791=EDGE_CURVE('',#1033,#1034,#1187,.T.);
#792=EDGE_CURVE('',#1033,#1035,#257,.T.);
#793=EDGE_CURVE('',#1035,#1036,#1188,.T.);
#794=EDGE_CURVE('',#1034,#1036,#258,.T.);
#795=EDGE_CURVE('',#1037,#1038,#1189,.T.);
#796=EDGE_CURVE('',#1037,#1039,#259,.T.);
#797=EDGE_CURVE('',#1040,#1039,#1190,.T.);
#798=EDGE_CURVE('',#1038,#1040,#260,.T.);
#799=EDGE_CURVE('',#1041,#1042,#1191,.T.);
#800=EDGE_CURVE('',#1042,#1043,#261,.T.);
#801=EDGE_CURVE('',#1043,#1044,#1192,.F.);
#802=EDGE_CURVE('',#1041,#1044,#262,.T.);
#803=EDGE_CURVE('',#1045,#1046,#1193,.T.);
#804=EDGE_CURVE('',#1045,#1047,#263,.T.);
#805=EDGE_CURVE('',#1048,#1047,#1194,.F.);
#806=EDGE_CURVE('',#1046,#1048,#264,.T.);
#807=EDGE_CURVE('',#1046,#1049,#1195,.T.);
#808=EDGE_CURVE('',#1050,#1048,#1196,.F.);
#809=EDGE_CURVE('',#1049,#1050,#61,.T.);
#810=EDGE_CURVE('',#1051,#1052,#1197,.T.);
#811=EDGE_CURVE('',#1052,#1053,#265,.T.);
#812=EDGE_CURVE('',#1053,#1054,#1198,.F.);
#813=EDGE_CURVE('',#1051,#1054,#266,.T.);
#814=EDGE_CURVE('',#1055,#1056,#1199,.T.);
#815=EDGE_CURVE('',#1055,#1057,#267,.T.);
#816=EDGE_CURVE('',#1058,#1057,#1200,.F.);
#817=EDGE_CURVE('',#1056,#1058,#268,.T.);
#818=EDGE_CURVE('',#1059,#1060,#1201,.T.);
#819=EDGE_CURVE('',#1059,#1061,#269,.T.);
#820=EDGE_CURVE('',#1062,#1061,#1202,.F.);
#821=EDGE_CURVE('',#1060,#1062,#270,.T.);
#822=EDGE_CURVE('',#1063,#1064,#1203,.T.);
#823=EDGE_CURVE('',#1063,#1065,#271,.T.);
#824=EDGE_CURVE('',#1066,#1065,#1204,.F.);
#825=EDGE_CURVE('',#1064,#1066,#272,.T.);
#826=EDGE_CURVE('',#1067,#1068,#1205,.T.);
#827=EDGE_CURVE('',#1067,#1069,#273,.T.);
#828=EDGE_CURVE('',#1070,#1069,#1206,.F.);
#829=EDGE_CURVE('',#1068,#1070,#274,.T.);
#830=EDGE_CURVE('',#1071,#1072,#1207,.F.);
#831=EDGE_CURVE('',#1071,#1057,#275,.T.);
#832=EDGE_CURVE('',#1057,#1058,#1208,.F.);
#833=EDGE_CURVE('',#1072,#1058,#276,.T.);
#834=EDGE_CURVE('',#1073,#1074,#1209,.F.);
#835=EDGE_CURVE('',#1073,#1069,#277,.T.);
#836=EDGE_CURVE('',#1069,#1070,#1210,.F.);
#837=EDGE_CURVE('',#1074,#1070,#278,.T.);
#838=EDGE_CURVE('',#1075,#1076,#1211,.F.);
#839=EDGE_CURVE('',#1075,#1065,#279,.T.);
#840=EDGE_CURVE('',#1065,#1066,#1212,.F.);
#841=EDGE_CURVE('',#1076,#1066,#280,.T.);
#842=EDGE_CURVE('',#1077,#1078,#1213,.F.);
#843=EDGE_CURVE('',#1077,#1061,#281,.T.);
#844=EDGE_CURVE('',#1061,#1062,#1214,.F.);
#845=EDGE_CURVE('',#1078,#1062,#282,.T.);
#846=EDGE_CURVE('',#1079,#1080,#1215,.T.);
#847=EDGE_CURVE('',#1079,#1081,#283,.T.);
#848=EDGE_CURVE('',#1082,#1081,#1216,.T.);
#849=EDGE_CURVE('',#1080,#1082,#284,.T.);
#850=EDGE_CURVE('',#1083,#1084,#1217,.T.);
#851=EDGE_CURVE('',#1083,#1085,#285,.T.);
#852=EDGE_CURVE('',#1086,#1085,#1218,.T.);
#853=EDGE_CURVE('',#1084,#1086,#286,.T.);
#854=EDGE_CURVE('',#1087,#1088,#1219,.T.);
#855=EDGE_CURVE('',#1087,#1089,#287,.T.);
#856=EDGE_CURVE('',#1090,#1089,#1220,.T.);
#857=EDGE_CURVE('',#1088,#1090,#288,.T.);
#858=EDGE_CURVE('',#1089,#1090,#1221,.T.);
#859=EDGE_CURVE('',#1090,#1091,#289,.T.);
#860=EDGE_CURVE('',#1092,#1091,#1222,.T.);
#861=EDGE_CURVE('',#1089,#1092,#290,.T.);
#862=EDGE_CURVE('',#1085,#1086,#1223,.T.);
#863=EDGE_CURVE('',#1086,#1093,#291,.T.);
#864=EDGE_CURVE('',#1094,#1093,#1224,.T.);
#865=EDGE_CURVE('',#1085,#1094,#292,.T.);
#866=EDGE_CURVE('',#1081,#1082,#1225,.T.);
#867=EDGE_CURVE('',#1082,#1095,#293,.T.);
#868=EDGE_CURVE('',#1096,#1095,#1226,.T.);
#869=EDGE_CURVE('',#1081,#1096,#294,.T.);
#870=EDGE_CURVE('',#1097,#1098,#1227,.T.);
#871=EDGE_CURVE('',#1097,#1099,#295,.T.);
#872=EDGE_CURVE('',#1100,#1099,#1228,.T.);
#873=EDGE_CURVE('',#1098,#1100,#296,.T.);
#874=EDGE_CURVE('',#1101,#1102,#1229,.T.);
#875=EDGE_CURVE('',#1101,#1103,#297,.T.);
#876=EDGE_CURVE('',#1104,#1103,#1230,.T.);
#877=EDGE_CURVE('',#1102,#1104,#298,.T.);
#878=EDGE_CURVE('',#1105,#1106,#62,.T.);
#879=EDGE_CURVE('',#1107,#1105,#1231,.T.);
#880=EDGE_CURVE('',#1108,#1107,#1232,.T.);
#881=EDGE_CURVE('',#1108,#1109,#63,.T.);
#882=EDGE_CURVE('',#1110,#1109,#1233,.F.);
#883=EDGE_CURVE('',#1106,#1110,#1234,.F.);
#884=EDGE_CURVE('',#1111,#1112,#64,.T.);
#885=EDGE_CURVE('',#1112,#1113,#65,.T.);
#886=EDGE_CURVE('',#1114,#1113,#66,.T.);
#887=EDGE_CURVE('',#1115,#1114,#67,.T.);
#888=EDGE_CURVE('',#1115,#1116,#68,.T.);
#889=EDGE_CURVE('',#1116,#1117,#12,.T.);
#890=EDGE_CURVE('',#1117,#1118,#69,.T.);
#891=EDGE_CURVE('',#1118,#1119,#1235,.T.);
#892=EDGE_CURVE('',#1120,#1119,#70,.T.);
#893=EDGE_CURVE('',#1120,#1111,#13,.T.);
#894=EDGE_CURVE('',#1034,#1033,#1236,.T.);
#895=EDGE_CURVE('',#1121,#1122,#71,.T.);
#896=EDGE_CURVE('',#1123,#1121,#72,.T.);
#897=EDGE_CURVE('',#1123,#1124,#73,.T.);
#898=EDGE_CURVE('',#1124,#1122,#74,.T.);
#899=EDGE_CURVE('',#1080,#1079,#1237,.T.);
#900=EDGE_CURVE('',#1084,#1083,#1238,.T.);
#901=EDGE_CURVE('',#1088,#1087,#1239,.T.);
#902=EDGE_CURVE('',#1098,#1097,#1240,.T.);
#903=EDGE_CURVE('',#1102,#1101,#1241,.T.);
#904=EDGE_CURVE('',#1068,#1067,#1242,.T.);
#905=EDGE_CURVE('',#1056,#1055,#1243,.T.);
#906=EDGE_CURVE('',#1060,#1059,#1244,.T.);
#907=EDGE_CURVE('',#1064,#1063,#1245,.T.);
#908=EDGE_CURVE('',#1030,#1029,#1246,.F.);
#909=EDGE_CURVE('',#1026,#1025,#1247,.T.);
#910=EDGE_CURVE('',#1125,#1126,#75,.T.);
#911=EDGE_CURVE('',#1125,#1106,#76,.T.);
#912=EDGE_CURVE('',#1109,#1127,#77,.T.);
#913=EDGE_CURVE('',#1127,#1128,#14,.T.);
#914=EDGE_CURVE('',#1129,#1128,#78,.T.);
#915=EDGE_CURVE('',#1129,#1130,#1248,.T.);
#916=EDGE_CURVE('',#1130,#1131,#79,.T.);
#917=EDGE_CURVE('',#1131,#1132,#15,.T.);
#918=EDGE_CURVE('',#1132,#1133,#80,.T.);
#919=EDGE_CURVE('',#1134,#1133,#1249,.T.);
#920=EDGE_CURVE('',#1135,#1134,#1250,.T.);
#921=EDGE_CURVE('',#1136,#1135,#81,.T.);
#922=EDGE_CURVE('',#1136,#1137,#82,.T.);
#923=EDGE_CURVE('',#1137,#1138,#83,.T.);
#924=EDGE_CURVE('',#1139,#1138,#84,.T.);
#925=EDGE_CURVE('',#1140,#1139,#85,.T.);
#926=EDGE_CURVE('',#1140,#1141,#86,.T.);
#927=EDGE_CURVE('',#1141,#1126,#87,.T.);
#928=EDGE_CURVE('',#1142,#1143,#88,.T.);
#929=EDGE_CURVE('',#1144,#1142,#89,.T.);
#930=EDGE_CURVE('',#1144,#1145,#90,.T.);
#931=EDGE_CURVE('',#1145,#1143,#91,.T.);
#932=EDGE_CURVE('',#1074,#1073,#1251,.F.);
#933=EDGE_CURVE('',#1076,#1075,#1252,.F.);
#934=EDGE_CURVE('',#1078,#1077,#1253,.F.);
#935=EDGE_CURVE('',#1103,#1104,#1254,.T.);
#936=EDGE_CURVE('',#1099,#1100,#1255,.T.);
#937=EDGE_CURVE('',#1095,#1096,#1256,.T.);
#938=EDGE_CURVE('',#1093,#1094,#1257,.T.);
#939=EDGE_CURVE('',#1091,#1092,#1258,.T.);
#940=EDGE_CURVE('',#1146,#1147,#92,.T.);
#941=EDGE_CURVE('',#1147,#1148,#93,.T.);
#942=EDGE_CURVE('',#1148,#1149,#94,.T.);
#943=EDGE_CURVE('',#1149,#1150,#95,.T.);
#944=EDGE_CURVE('',#1150,#1151,#96,.T.);
#945=EDGE_CURVE('',#1151,#1146,#97,.T.);
#946=EDGE_CURVE('',#1152,#1153,#98,.T.);
#947=EDGE_CURVE('',#1153,#1154,#99,.T.);
#948=EDGE_CURVE('',#1154,#1155,#100,.T.);
#949=EDGE_CURVE('',#1155,#1156,#101,.T.);
#950=EDGE_CURVE('',#1156,#1157,#102,.T.);
#951=EDGE_CURVE('',#1157,#1152,#103,.T.);
#952=EDGE_CURVE('',#1072,#1071,#1259,.F.);
#953=EDGE_CURVE('',#1050,#1158,#1260,.F.);
#954=EDGE_CURVE('',#1047,#1158,#1261,.F.);
#955=EDGE_CURVE('',#1119,#1129,#104,.T.);
#956=EDGE_CURVE('',#1118,#1130,#105,.T.);
#957=EDGE_CURVE('',#1159,#1160,#106,.T.);
#958=EDGE_CURVE('',#1159,#1161,#107,.T.);
#959=EDGE_CURVE('',#1162,#1161,#108,.T.);
#960=EDGE_CURVE('',#1162,#1163,#109,.T.);
#961=EDGE_CURVE('',#1164,#1163,#110,.T.);
#962=EDGE_CURVE('',#1160,#1164,#111,.T.);
#963=EDGE_CURVE('',#1163,#1148,#112,.T.);
#964=EDGE_CURVE('',#1162,#1149,#113,.T.);
#965=EDGE_CURVE('',#1164,#1147,#114,.T.);
#966=EDGE_CURVE('',#1160,#1146,#115,.T.);
#967=EDGE_CURVE('',#1159,#1151,#116,.T.);
#968=EDGE_CURVE('',#1161,#1150,#117,.T.);
#969=EDGE_CURVE('',#1165,#1166,#118,.T.);
#970=EDGE_CURVE('',#1167,#1166,#119,.T.);
#971=EDGE_CURVE('',#1168,#1167,#120,.T.);
#972=EDGE_CURVE('',#1169,#1168,#121,.T.);
#973=EDGE_CURVE('',#1170,#1169,#122,.T.);
#974=EDGE_CURVE('',#1165,#1170,#123,.T.);
#975=EDGE_CURVE('',#1169,#1154,#124,.T.);
#976=EDGE_CURVE('',#1168,#1155,#125,.T.);
#977=EDGE_CURVE('',#1170,#1153,#126,.T.);
#978=EDGE_CURVE('',#1165,#1152,#127,.T.);
#979=EDGE_CURVE('',#1166,#1157,#128,.T.);
#980=EDGE_CURVE('',#1167,#1156,#129,.T.);
#981=EDGE_CURVE('',#1128,#1120,#16,.T.);
#982=EDGE_CURVE('',#1108,#1171,#130,.T.);
#983=EDGE_CURVE('',#1171,#1172,#131,.F.);
#984=EDGE_CURVE('',#1172,#1126,#132,.T.);
#985=EDGE_CURVE('',#1112,#1141,#133,.T.);
#986=EDGE_CURVE('',#1111,#1127,#17,.T.);
#987=EDGE_CURVE('',#1113,#1140,#134,.T.);
#988=EDGE_CURVE('',#1114,#1139,#135,.T.);
#989=EDGE_CURVE('',#1115,#1138,#136,.T.);
#990=EDGE_CURVE('',#1173,#1137,#137,.T.);
#991=EDGE_CURVE('',#1173,#1174,#138,.T.);
#992=EDGE_CURVE('',#1175,#1174,#139,.T.);
#993=EDGE_CURVE('',#1175,#1133,#140,.T.);
#994=EDGE_CURVE('',#1132,#1116,#18,.T.);
#995=EDGE_CURVE('',#1117,#1131,#19,.T.);
#996=EDGE_CURVE('',#1143,#1123,#141,.T.);
#997=EDGE_CURVE('',#1142,#1121,#142,.T.);
#998=EDGE_CURVE('',#1145,#1124,#143,.T.);
#999=EDGE_CURVE('',#1144,#1122,#144,.T.);
#1000=EDGE_CURVE('',#1176,#1158,#145,.T.);
#1001=EDGE_CURVE('',#1176,#1049,#1262,.T.);
#1002=EDGE_CURVE('',#1052,#1051,#1263,.T.);
#1003=EDGE_CURVE('',#1054,#1053,#1264,.F.);
#1004=EDGE_CURVE('',#1176,#1045,#1265,.T.);
#1005=EDGE_CURVE('',#1028,#1027,#1266,.T.);
#1006=EDGE_CURVE('',#1042,#1041,#1267,.T.);
#1007=EDGE_CURVE('',#1044,#1043,#1268,.F.);
#1008=EDGE_CURVE('',#1105,#1177,#146,.T.);
#1009=EDGE_CURVE('',#1177,#1171,#147,.T.);
#1010=EDGE_CURVE('',#1031,#1032,#1269,.F.);
#1011=EDGE_CURVE('',#1175,#1178,#1270,.T.);
#1012=EDGE_CURVE('',#1178,#1179,#1271,.T.);
#1013=EDGE_CURVE('',#1179,#1135,#148,.T.);
#1014=EDGE_CURVE('',#1038,#1037,#1272,.T.);
#1015=EDGE_CURVE('',#1039,#1040,#1273,.T.);
#1016=EDGE_CURVE('',#1174,#1180,#149,.T.);
#1017=EDGE_CURVE('',#1179,#1180,#150,.T.);
#1018=EDGE_CURVE('',#1036,#1035,#1274,.T.);
#1019=EDGE_CURVE('',#1181,#1136,#151,.T.);
#1020=EDGE_CURVE('',#1181,#1173,#152,.T.);
#1021=EDGE_CURVE('',#1180,#1181,#153,.T.);
#1022=EDGE_CURVE('',#1172,#1182,#154,.T.);
#1023=EDGE_CURVE('',#1182,#1125,#155,.T.);
#1024=EDGE_CURVE('',#1182,#1177,#156,.F.);
#1025=VERTEX_POINT('',#2063);
#1026=VERTEX_POINT('',#2064);
#1027=VERTEX_POINT('',#2067);
#1028=VERTEX_POINT('',#2069);
#1029=VERTEX_POINT('',#2081);
#1030=VERTEX_POINT('',#2082);
#1031=VERTEX_POINT('',#2085);
#1032=VERTEX_POINT('',#2087);
#1033=VERTEX_POINT('',#2099);
#1034=VERTEX_POINT('',#2100);
#1035=VERTEX_POINT('',#2103);
#1036=VERTEX_POINT('',#2105);
#1037=VERTEX_POINT('',#2117);
#1038=VERTEX_POINT('',#2118);
#1039=VERTEX_POINT('',#2121);
#1040=VERTEX_POINT('',#2123);
#1041=VERTEX_POINT('',#2135);
#1042=VERTEX_POINT('',#2136);
#1043=VERTEX_POINT('',#2139);
#1044=VERTEX_POINT('',#2141);
#1045=VERTEX_POINT('',#2153);
#1046=VERTEX_POINT('',#2154);
#1047=VERTEX_POINT('',#2157);
#1048=VERTEX_POINT('',#2159);
#1049=VERTEX_POINT('',#2171);
#1050=VERTEX_POINT('',#2173);
#1051=VERTEX_POINT('',#2184);
#1052=VERTEX_POINT('',#2185);
#1053=VERTEX_POINT('',#2188);
#1054=VERTEX_POINT('',#2190);
#1055=VERTEX_POINT('',#2202);
#1056=VERTEX_POINT('',#2203);
#1057=VERTEX_POINT('',#2206);
#1058=VERTEX_POINT('',#2208);
#1059=VERTEX_POINT('',#2220);
#1060=VERTEX_POINT('',#2221);
#1061=VERTEX_POINT('',#2224);
#1062=VERTEX_POINT('',#2226);
#1063=VERTEX_POINT('',#2238);
#1064=VERTEX_POINT('',#2239);
#1065=VERTEX_POINT('',#2242);
#1066=VERTEX_POINT('',#2244);
#1067=VERTEX_POINT('',#2256);
#1068=VERTEX_POINT('',#2257);
#1069=VERTEX_POINT('',#2260);
#1070=VERTEX_POINT('',#2262);
#1071=VERTEX_POINT('',#2274);
#1072=VERTEX_POINT('',#2275);
#1073=VERTEX_POINT('',#2290);
#1074=VERTEX_POINT('',#2291);
#1075=VERTEX_POINT('',#2306);
#1076=VERTEX_POINT('',#2307);
#1077=VERTEX_POINT('',#2322);
#1078=VERTEX_POINT('',#2323);
#1079=VERTEX_POINT('',#2338);
#1080=VERTEX_POINT('',#2339);
#1081=VERTEX_POINT('',#2342);
#1082=VERTEX_POINT('',#2344);
#1083=VERTEX_POINT('',#2356);
#1084=VERTEX_POINT('',#2357);
#1085=VERTEX_POINT('',#2360);
#1086=VERTEX_POINT('',#2362);
#1087=VERTEX_POINT('',#2374);
#1088=VERTEX_POINT('',#2375);
#1089=VERTEX_POINT('',#2378);
#1090=VERTEX_POINT('',#2380);
#1091=VERTEX_POINT('',#2394);
#1092=VERTEX_POINT('',#2396);
#1093=VERTEX_POINT('',#2410);
#1094=VERTEX_POINT('',#2412);
#1095=VERTEX_POINT('',#2426);
#1096=VERTEX_POINT('',#2428);
#1097=VERTEX_POINT('',#2440);
#1098=VERTEX_POINT('',#2441);
#1099=VERTEX_POINT('',#2444);
#1100=VERTEX_POINT('',#2446);
#1101=VERTEX_POINT('',#2458);
#1102=VERTEX_POINT('',#2459);
#1103=VERTEX_POINT('',#2462);
#1104=VERTEX_POINT('',#2464);
#1105=VERTEX_POINT('',#2482);
#1106=VERTEX_POINT('',#2483);
#1107=VERTEX_POINT('',#2485);
#1108=VERTEX_POINT('',#2487);
#1109=VERTEX_POINT('',#2489);
#1110=VERTEX_POINT('',#2491);
#1111=VERTEX_POINT('',#2498);
#1112=VERTEX_POINT('',#2499);
#1113=VERTEX_POINT('',#2501);
#1114=VERTEX_POINT('',#2503);
#1115=VERTEX_POINT('',#2505);
#1116=VERTEX_POINT('',#2507);
#1117=VERTEX_POINT('',#2537);
#1118=VERTEX_POINT('',#2539);
#1119=VERTEX_POINT('',#2541);
#1120=VERTEX_POINT('',#2543);
#1121=VERTEX_POINT('',#2570);
#1122=VERTEX_POINT('',#2571);
#1123=VERTEX_POINT('',#2573);
#1124=VERTEX_POINT('',#2575);
#1125=VERTEX_POINT('',#2593);
#1126=VERTEX_POINT('',#2594);
#1127=VERTEX_POINT('',#2597);
#1128=VERTEX_POINT('',#2622);
#1129=VERTEX_POINT('',#2624);
#1130=VERTEX_POINT('',#2626);
#1131=VERTEX_POINT('',#2628);
#1132=VERTEX_POINT('',#2658);
#1133=VERTEX_POINT('',#2660);
#1134=VERTEX_POINT('',#2662);
#1135=VERTEX_POINT('',#2664);
#1136=VERTEX_POINT('',#2666);
#1137=VERTEX_POINT('',#2668);
#1138=VERTEX_POINT('',#2670);
#1139=VERTEX_POINT('',#2672);
#1140=VERTEX_POINT('',#2674);
#1141=VERTEX_POINT('',#2676);
#1142=VERTEX_POINT('',#2679);
#1143=VERTEX_POINT('',#2680);
#1144=VERTEX_POINT('',#2682);
#1145=VERTEX_POINT('',#2684);
#1146=VERTEX_POINT('',#2695);
#1147=VERTEX_POINT('',#2696);
#1148=VERTEX_POINT('',#2698);
#1149=VERTEX_POINT('',#2700);
#1150=VERTEX_POINT('',#2702);
#1151=VERTEX_POINT('',#2704);
#1152=VERTEX_POINT('',#2707);
#1153=VERTEX_POINT('',#2708);
#1154=VERTEX_POINT('',#2710);
#1155=VERTEX_POINT('',#2712);
#1156=VERTEX_POINT('',#2714);
#1157=VERTEX_POINT('',#2716);
#1158=VERTEX_POINT('',#2720);
#1159=VERTEX_POINT('',#2801);
#1160=VERTEX_POINT('',#2802);
#1161=VERTEX_POINT('',#2804);
#1162=VERTEX_POINT('',#2806);
#1163=VERTEX_POINT('',#2808);
#1164=VERTEX_POINT('',#2810);
#1165=VERTEX_POINT('',#2847);
#1166=VERTEX_POINT('',#2848);
#1167=VERTEX_POINT('',#2850);
#1168=VERTEX_POINT('',#2852);
#1169=VERTEX_POINT('',#2854);
#1170=VERTEX_POINT('',#2856);
#1171=VERTEX_POINT('',#2901);
#1172=VERTEX_POINT('',#2903);
#1173=VERTEX_POINT('',#2930);
#1174=VERTEX_POINT('',#2932);
#1175=VERTEX_POINT('',#2934);
#1176=VERTEX_POINT('',#3073);
#1177=VERTEX_POINT('',#3118);
#1178=VERTEX_POINT('',#3140);
#1179=VERTEX_POINT('',#3142);
#1180=VERTEX_POINT('',#3159);
#1181=VERTEX_POINT('',#3195);
#1182=VERTEX_POINT('',#3207);
#1183=CIRCLE('',#1679,0.00215);
#1184=CIRCLE('',#1680,0.00215);
#1185=CIRCLE('',#1681,0.00215);
#1186=CIRCLE('',#1682,0.00215);
#1187=CIRCLE('',#1683,0.00215);
#1188=CIRCLE('',#1684,0.00215);
#1189=CIRCLE('',#1685,0.0028);
#1190=CIRCLE('',#1686,0.0028);
#1191=CIRCLE('',#1687,0.0028);
#1192=CIRCLE('',#1688,0.0028);
#1193=CIRCLE('',#1689,0.005);
#1194=CIRCLE('',#1690,0.005);
#1195=CIRCLE('',#1691,0.005);
#1196=CIRCLE('',#1692,0.005);
#1197=CIRCLE('',#1693,0.0028);
#1198=CIRCLE('',#1694,0.0028);
#1199=CIRCLE('',#1695,0.00175);
#1200=CIRCLE('',#1696,0.0011);
#1201=CIRCLE('',#1697,0.00175);
#1202=CIRCLE('',#1698,0.0011);
#1203=CIRCLE('',#1699,0.00175);
#1204=CIRCLE('',#1700,0.0011);
#1205=CIRCLE('',#1701,0.00215);
#1206=CIRCLE('',#1702,0.00115);
#1207=CIRCLE('',#1703,0.0011);
#1208=CIRCLE('',#1704,0.0011);
#1209=CIRCLE('',#1705,0.00115);
#1210=CIRCLE('',#1706,0.00115);
#1211=CIRCLE('',#1707,0.0011);
#1212=CIRCLE('',#1708,0.0011);
#1213=CIRCLE('',#1709,0.0011);
#1214=CIRCLE('',#1710,0.0011);
#1215=CIRCLE('',#1711,0.00175);
#1216=CIRCLE('',#1712,0.0011);
#1217=CIRCLE('',#1713,0.00175);
#1218=CIRCLE('',#1714,0.0011);
#1219=CIRCLE('',#1715,0.00175);
#1220=CIRCLE('',#1716,0.0011);
#1221=CIRCLE('',#1717,0.0011);
#1222=CIRCLE('',#1718,0.0011);
#1223=CIRCLE('',#1719,0.0011);
#1224=CIRCLE('',#1720,0.0011);
#1225=CIRCLE('',#1721,0.0011);
#1226=CIRCLE('',#1722,0.0011);
#1227=CIRCLE('',#1723,0.0016);
#1228=CIRCLE('',#1724,0.0016);
#1229=CIRCLE('',#1725,0.0016);
#1230=CIRCLE('',#1726,0.0016);
#1231=CIRCLE('',#1727,0.005);
#1232=CIRCLE('',#1728,0.005);
#1233=CIRCLE('',#1729,0.005);
#1234=CIRCLE('',#1730,0.005);
#1235=CIRCLE('',#1731,0.0316317897109875);
#1236=CIRCLE('',#1732,0.00215);
#1237=CIRCLE('',#1733,0.00175);
#1238=CIRCLE('',#1734,0.00175);
#1239=CIRCLE('',#1735,0.00175);
#1240=CIRCLE('',#1736,0.0016);
#1241=CIRCLE('',#1737,0.0016);
#1242=CIRCLE('',#1738,0.00215);
#1243=CIRCLE('',#1739,0.00175);
#1244=CIRCLE('',#1740,0.00175);
#1245=CIRCLE('',#1741,0.00175);
#1246=CIRCLE('',#1742,0.00215);
#1247=CIRCLE('',#1743,0.00215);
#1248=CIRCLE('',#1744,0.0316317897109875);
#1249=CIRCLE('',#1745,0.005);
#1250=CIRCLE('',#1746,0.005);
#1251=CIRCLE('',#1747,0.00115);
#1252=CIRCLE('',#1748,0.0011);
#1253=CIRCLE('',#1749,0.0011);
#1254=CIRCLE('',#1750,0.0016);
#1255=CIRCLE('',#1751,0.0016);
#1256=CIRCLE('',#1752,0.0011);
#1257=CIRCLE('',#1753,0.0011);
#1258=CIRCLE('',#1754,0.0011);
#1259=CIRCLE('',#1755,0.0011);
#1260=CIRCLE('',#1756,0.0169);
#1261=CIRCLE('',#1757,0.005);
#1262=CIRCLE('',#1758,0.0169);
#1263=CIRCLE('',#1759,0.0028);
#1264=CIRCLE('',#1760,0.0028);
#1265=CIRCLE('',#1761,0.005);
#1266=CIRCLE('',#1762,0.00215);
#1267=CIRCLE('',#1763,0.0028);
#1268=CIRCLE('',#1764,0.0028);
#1269=CIRCLE('',#1765,0.00215);
#1270=CIRCLE('',#1766,0.005);
#1271=CIRCLE('',#1767,0.005);
#1272=CIRCLE('',#1768,0.0028);
#1273=CIRCLE('',#1769,0.0028);
#1274=CIRCLE('',#1770,0.00215);
#1275=EDGE_LOOP('',(#299,#300,#301,#302));
#1276=EDGE_LOOP('',(#303,#304,#305,#306));
#1277=EDGE_LOOP('',(#307,#308,#309,#310));
#1278=EDGE_LOOP('',(#311,#312,#313,#314));
#1279=EDGE_LOOP('',(#315,#316,#317,#318));
#1280=EDGE_LOOP('',(#319,#320,#321,#322));
#1281=EDGE_LOOP('',(#323,#324,#325,#326));
#1282=EDGE_LOOP('',(#327,#328,#329,#330));
#1283=EDGE_LOOP('',(#331,#332,#333,#334));
#1284=EDGE_LOOP('',(#335,#336,#337,#338));
#1285=EDGE_LOOP('',(#339,#340,#341,#342));
#1286=EDGE_LOOP('',(#343,#344,#345,#346));
#1287=EDGE_LOOP('',(#347,#348,#349,#350));
#1288=EDGE_LOOP('',(#351,#352,#353,#354));
#1289=EDGE_LOOP('',(#355,#356,#357,#358));
#1290=EDGE_LOOP('',(#359,#360,#361,#362));
#1291=EDGE_LOOP('',(#363,#364,#365,#366));
#1292=EDGE_LOOP('',(#367,#368,#369,#370));
#1293=EDGE_LOOP('',(#371,#372,#373,#374));
#1294=EDGE_LOOP('',(#375,#376,#377,#378));
#1295=EDGE_LOOP('',(#379,#380,#381,#382));
#1296=EDGE_LOOP('',(#383,#384,#385,#386));
#1297=EDGE_LOOP('',(#387,#388,#389,#390));
#1298=EDGE_LOOP('',(#391,#392,#393,#394));
#1299=EDGE_LOOP('',(#395,#396,#397,#398,#399,#400));
#1300=EDGE_LOOP('',(#401,#402,#403,#404,#405,#406,#407,#408,#409,#410));
#1301=EDGE_LOOP('',(#411,#412));
#1302=EDGE_LOOP('',(#413,#414,#415,#416));
#1303=EDGE_LOOP('',(#417,#418));
#1304=EDGE_LOOP('',(#419,#420));
#1305=EDGE_LOOP('',(#421,#422));
#1306=EDGE_LOOP('',(#423,#424));
#1307=EDGE_LOOP('',(#425,#426));
#1308=EDGE_LOOP('',(#427,#428));
#1309=EDGE_LOOP('',(#429,#430));
#1310=EDGE_LOOP('',(#431,#432));
#1311=EDGE_LOOP('',(#433,#434));
#1312=EDGE_LOOP('',(#435,#436));
#1313=EDGE_LOOP('',(#437,#438));
#1314=EDGE_LOOP('',(#439,#440,#441,#442,#443,#444,#445,#446,#447,#448,#449,
#450,#451,#452,#453,#454,#455,#456,#457,#458));
#1315=EDGE_LOOP('',(#459,#460,#461,#462));
#1316=EDGE_LOOP('',(#463,#464));
#1317=EDGE_LOOP('',(#465,#466));
#1318=EDGE_LOOP('',(#467,#468));
#1319=EDGE_LOOP('',(#469,#470));
#1320=EDGE_LOOP('',(#471,#472));
#1321=EDGE_LOOP('',(#473,#474));
#1322=EDGE_LOOP('',(#475,#476));
#1323=EDGE_LOOP('',(#477,#478));
#1324=EDGE_LOOP('',(#479,#480,#481,#482,#483,#484));
#1325=EDGE_LOOP('',(#485,#486,#487,#488,#489,#490));
#1326=EDGE_LOOP('',(#491,#492));
#1327=EDGE_LOOP('',(#493,#494,#495,#496));
#1328=EDGE_LOOP('',(#497,#498,#499,#500));
#1329=EDGE_LOOP('',(#501,#502,#503,#504));
#1330=EDGE_LOOP('',(#505,#506,#507,#508));
#1331=EDGE_LOOP('',(#509,#510,#511,#512));
#1332=EDGE_LOOP('',(#513,#514,#515,#516));
#1333=EDGE_LOOP('',(#517,#518,#519,#520));
#1334=EDGE_LOOP('',(#521,#522,#523,#524));
#1335=EDGE_LOOP('',(#525,#526,#527,#528));
#1336=EDGE_LOOP('',(#529,#530,#531,#532));
#1337=EDGE_LOOP('',(#533,#534,#535,#536,#537,#538));
#1338=EDGE_LOOP('',(#539,#540,#541,#542));
#1339=EDGE_LOOP('',(#543,#544,#545,#546));
#1340=EDGE_LOOP('',(#547,#548,#549,#550));
#1341=EDGE_LOOP('',(#551,#552,#553,#554));
#1342=EDGE_LOOP('',(#555,#556,#557,#558));
#1343=EDGE_LOOP('',(#559,#560,#561,#562));
#1344=EDGE_LOOP('',(#563,#564,#565,#566,#567,#568));
#1345=EDGE_LOOP('',(#569,#570,#571,#572));
#1346=EDGE_LOOP('',(#573,#574,#575,#576));
#1347=EDGE_LOOP('',(#577,#578,#579,#580));
#1348=EDGE_LOOP('',(#581,#582,#583,#584));
#1349=EDGE_LOOP('',(#585,#586,#587,#588));
#1350=EDGE_LOOP('',(#589,#590,#591,#592));
#1351=EDGE_LOOP('',(#593,#594,#595,#596));
#1352=EDGE_LOOP('',(#597,#598,#599,#600,#601,#602,#603,#604,#605));
#1353=EDGE_LOOP('',(#606,#607,#608,#609));
#1354=EDGE_LOOP('',(#610,#611,#612,#613));
#1355=EDGE_LOOP('',(#614,#615,#616,#617));
#1356=EDGE_LOOP('',(#618,#619,#620,#621,#622,#623,#624,#625,#626));
#1357=EDGE_LOOP('',(#627,#628,#629,#630));
#1358=EDGE_LOOP('',(#631,#632,#633,#634));
#1359=EDGE_LOOP('',(#635,#636,#637,#638));
#1360=EDGE_LOOP('',(#639,#640,#641,#642));
#1361=EDGE_LOOP('',(#643,#644,#645,#646));
#1362=EDGE_LOOP('',(#647,#648,#649,#650));
#1363=EDGE_LOOP('',(#651,#652,#653,#654));
#1364=EDGE_LOOP('',(#655,#656,#657,#658));
#1365=EDGE_LOOP('',(#659,#660,#661,#662));
#1366=EDGE_LOOP('',(#663,#664,#665,#666));
#1367=EDGE_LOOP('',(#667,#668,#669,#670));
#1368=EDGE_LOOP('',(#671,#672,#673,#674));
#1369=EDGE_LOOP('',(#675,#676,#677,#678));
#1370=EDGE_LOOP('',(#679,#680,#681,#682));
#1371=EDGE_LOOP('',(#683,#684,#685,#686));
#1372=EDGE_LOOP('',(#687,#688,#689,#690));
#1373=EDGE_LOOP('',(#691,#692,#693,#694));
#1374=EDGE_LOOP('',(#695,#696,#697,#698));
#1375=EDGE_LOOP('',(#699,#700));
#1376=EDGE_LOOP('',(#701,#702,#703,#704));
#1377=EDGE_LOOP('',(#705,#706));
#1378=EDGE_LOOP('',(#707,#708));
#1379=EDGE_LOOP('',(#709,#710,#711,#712));
#1380=EDGE_LOOP('',(#713,#714));
#1381=EDGE_LOOP('',(#715,#716,#717,#718,#719));
#1382=EDGE_LOOP('',(#720,#721));
#1383=EDGE_LOOP('',(#722,#723));
#1384=EDGE_LOOP('',(#724,#725,#726,#727,#728,#729));
#1385=EDGE_LOOP('',(#730,#731,#732,#733));
#1386=EDGE_LOOP('',(#734,#735,#736,#737,#738));
#1387=EDGE_LOOP('',(#739,#740));
#1388=EDGE_LOOP('',(#741,#742));
#1389=EDGE_LOOP('',(#743,#744));
#1390=EDGE_LOOP('',(#745,#746,#747,#748));
#1391=EDGE_LOOP('',(#749,#750,#751,#752));
#1392=EDGE_LOOP('',(#753,#754,#755,#756));
#1393=EDGE_LOOP('',(#757,#758,#759,#760));
#1394=EDGE_LOOP('',(#761,#762,#763,#764,#765));
#1395=EDGE_LOOP('',(#766,#767,#768,#769));
#1396=EDGE_LOOP('',(#770,#771,#772,#773,#774));
#1397=EDGE_LOOP('',(#775,#776,#777,#778));
#1398=EDGE_LOOP('',(#779,#780,#781,#782));
#1399=FACE_BOUND('',#1275,.T.);
#1400=FACE_BOUND('',#1276,.T.);
#1401=FACE_BOUND('',#1277,.T.);
#1402=FACE_BOUND('',#1278,.T.);
#1403=FACE_BOUND('',#1279,.T.);
#1404=FACE_BOUND('',#1280,.T.);
#1405=FACE_BOUND('',#1281,.T.);
#1406=FACE_BOUND('',#1282,.T.);
#1407=FACE_BOUND('',#1283,.T.);
#1408=FACE_BOUND('',#1284,.T.);
#1409=FACE_BOUND('',#1285,.T.);
#1410=FACE_BOUND('',#1286,.T.);
#1411=FACE_BOUND('',#1287,.T.);
#1412=FACE_BOUND('',#1288,.T.);
#1413=FACE_BOUND('',#1289,.T.);
#1414=FACE_BOUND('',#1290,.T.);
#1415=FACE_BOUND('',#1291,.T.);
#1416=FACE_BOUND('',#1292,.T.);
#1417=FACE_BOUND('',#1293,.T.);
#1418=FACE_BOUND('',#1294,.T.);
#1419=FACE_BOUND('',#1295,.T.);
#1420=FACE_BOUND('',#1296,.T.);
#1421=FACE_BOUND('',#1297,.T.);
#1422=FACE_BOUND('',#1298,.T.);
#1423=FACE_BOUND('',#1299,.T.);
#1424=FACE_BOUND('',#1300,.T.);
#1425=FACE_BOUND('',#1301,.T.);
#1426=FACE_BOUND('',#1302,.T.);
#1427=FACE_BOUND('',#1303,.T.);
#1428=FACE_BOUND('',#1304,.T.);
#1429=FACE_BOUND('',#1305,.T.);
#1430=FACE_BOUND('',#1306,.T.);
#1431=FACE_BOUND('',#1307,.T.);
#1432=FACE_BOUND('',#1308,.T.);
#1433=FACE_BOUND('',#1309,.T.);
#1434=FACE_BOUND('',#1310,.T.);
#1435=FACE_BOUND('',#1311,.T.);
#1436=FACE_BOUND('',#1312,.T.);
#1437=FACE_BOUND('',#1313,.T.);
#1438=FACE_BOUND('',#1314,.T.);
#1439=FACE_BOUND('',#1315,.T.);
#1440=FACE_BOUND('',#1316,.T.);
#1441=FACE_BOUND('',#1317,.T.);
#1442=FACE_BOUND('',#1318,.T.);
#1443=FACE_BOUND('',#1319,.T.);
#1444=FACE_BOUND('',#1320,.T.);
#1445=FACE_BOUND('',#1321,.T.);
#1446=FACE_BOUND('',#1322,.T.);
#1447=FACE_BOUND('',#1323,.T.);
#1448=FACE_BOUND('',#1324,.T.);
#1449=FACE_BOUND('',#1325,.T.);
#1450=FACE_BOUND('',#1326,.T.);
#1451=FACE_BOUND('',#1327,.T.);
#1452=FACE_BOUND('',#1328,.T.);
#1453=FACE_BOUND('',#1329,.T.);
#1454=FACE_BOUND('',#1330,.T.);
#1455=FACE_BOUND('',#1331,.T.);
#1456=FACE_BOUND('',#1332,.T.);
#1457=FACE_BOUND('',#1333,.T.);
#1458=FACE_BOUND('',#1334,.T.);
#1459=FACE_BOUND('',#1335,.T.);
#1460=FACE_BOUND('',#1336,.T.);
#1461=FACE_BOUND('',#1337,.T.);
#1462=FACE_BOUND('',#1338,.T.);
#1463=FACE_BOUND('',#1339,.T.);
#1464=FACE_BOUND('',#1340,.T.);
#1465=FACE_BOUND('',#1341,.T.);
#1466=FACE_BOUND('',#1342,.T.);
#1467=FACE_BOUND('',#1343,.T.);
#1468=FACE_BOUND('',#1344,.T.);
#1469=FACE_BOUND('',#1345,.T.);
#1470=FACE_BOUND('',#1346,.T.);
#1471=FACE_BOUND('',#1347,.T.);
#1472=FACE_BOUND('',#1348,.T.);
#1473=FACE_BOUND('',#1349,.T.);
#1474=FACE_BOUND('',#1350,.T.);
#1475=FACE_BOUND('',#1351,.T.);
#1476=FACE_BOUND('',#1352,.T.);
#1477=FACE_BOUND('',#1353,.T.);
#1478=FACE_BOUND('',#1354,.T.);
#1479=FACE_BOUND('',#1355,.T.);
#1480=FACE_BOUND('',#1356,.T.);
#1481=FACE_BOUND('',#1357,.T.);
#1482=FACE_BOUND('',#1358,.T.);
#1483=FACE_BOUND('',#1359,.T.);
#1484=FACE_BOUND('',#1360,.T.);
#1485=FACE_BOUND('',#1361,.T.);
#1486=FACE_BOUND('',#1362,.T.);
#1487=FACE_BOUND('',#1363,.T.);
#1488=FACE_BOUND('',#1364,.T.);
#1489=FACE_BOUND('',#1365,.T.);
#1490=FACE_BOUND('',#1366,.T.);
#1491=FACE_BOUND('',#1367,.T.);
#1492=FACE_BOUND('',#1368,.T.);
#1493=FACE_BOUND('',#1369,.T.);
#1494=FACE_BOUND('',#1370,.T.);
#1495=FACE_BOUND('',#1371,.T.);
#1496=FACE_BOUND('',#1372,.T.);
#1497=FACE_BOUND('',#1373,.T.);
#1498=FACE_BOUND('',#1374,.T.);
#1499=FACE_BOUND('',#1375,.T.);
#1500=FACE_BOUND('',#1376,.T.);
#1501=FACE_BOUND('',#1377,.T.);
#1502=FACE_BOUND('',#1378,.T.);
#1503=FACE_BOUND('',#1379,.T.);
#1504=FACE_BOUND('',#1380,.T.);
#1505=FACE_BOUND('',#1381,.T.);
#1506=FACE_BOUND('',#1382,.T.);
#1507=FACE_BOUND('',#1383,.T.);
#1508=FACE_BOUND('',#1384,.T.);
#1509=FACE_BOUND('',#1385,.T.);
#1510=FACE_BOUND('',#1386,.T.);
#1511=FACE_BOUND('',#1387,.T.);
#1512=FACE_BOUND('',#1388,.T.);
#1513=FACE_BOUND('',#1389,.T.);
#1514=FACE_BOUND('',#1390,.T.);
#1515=FACE_BOUND('',#1391,.T.);
#1516=FACE_BOUND('',#1392,.T.);
#1517=FACE_BOUND('',#1393,.T.);
#1518=FACE_BOUND('',#1394,.T.);
#1519=FACE_BOUND('',#1395,.T.);
#1520=FACE_BOUND('',#1396,.T.);
#1521=FACE_BOUND('',#1397,.T.);
#1522=FACE_BOUND('',#1398,.T.);
#1523=(
BOUNDED_SURFACE()
B_SPLINE_SURFACE(3,1,((#2054,#2055),(#2056,#2057),(#2058,#2059),(#2060,
#2061)),.CYLINDRICAL_SURF.,.F.,.F.,.F.)
B_SPLINE_SURFACE_WITH_KNOTS((4,4),(2,2),(0.5,1.),(0.0454545454545447,0.954545454545455),
 .PIECEWISE_BEZIER_KNOTS.)
GEOMETRIC_REPRESENTATION_ITEM()
RATIONAL_B_SPLINE_SURFACE(((1.,1.),(0.333333333333333,0.333333333333333),
(0.333333333333333,0.333333333333333),(1.,1.)))
REPRESENTATION_ITEM('')
SURFACE()
);
#1524=(
BOUNDED_SURFACE()
B_SPLINE_SURFACE(3,1,((#2072,#2073),(#2074,#2075),(#2076,#2077),(#2078,
#2079)),.CYLINDRICAL_SURF.,.F.,.F.,.F.)
B_SPLINE_SURFACE_WITH_KNOTS((4,4),(2,2),(0.5,1.),(0.0454545454545447,0.954545454545455),
 .PIECEWISE_BEZIER_KNOTS.)
GEOMETRIC_REPRESENTATION_ITEM()
RATIONAL_B_SPLINE_SURFACE(((1.,1.),(0.333333333333333,0.333333333333333),
(0.333333333333333,0.333333333333333),(1.,1.)))
REPRESENTATION_ITEM('')
SURFACE()
);
#1525=(
BOUNDED_SURFACE()
B_SPLINE_SURFACE(3,1,((#2090,#2091),(#2092,#2093),(#2094,#2095),(#2096,
#2097)),.CYLINDRICAL_SURF.,.F.,.F.,.F.)
B_SPLINE_SURFACE_WITH_KNOTS((4,4),(2,2),(0.5,1.),(0.0454545454545447,0.954545454545454),
 .PIECEWISE_BEZIER_KNOTS.)
GEOMETRIC_REPRESENTATION_ITEM()
RATIONAL_B_SPLINE_SURFACE(((1.,1.),(0.333333333333333,0.333333333333333),
(0.333333333333333,0.333333333333333),(1.,1.)))
REPRESENTATION_ITEM('')
SURFACE()
);
#1526=(
BOUNDED_SURFACE()
B_SPLINE_SURFACE(3,1,((#2108,#2109),(#2110,#2111),(#2112,#2113),(#2114,
#2115)),.CYLINDRICAL_SURF.,.F.,.F.,.F.)
B_SPLINE_SURFACE_WITH_KNOTS((4,4),(2,2),(0.5,1.),(0.0454545454545454,0.954545454545455),
 .PIECEWISE_BEZIER_KNOTS.)
GEOMETRIC_REPRESENTATION_ITEM()
RATIONAL_B_SPLINE_SURFACE(((1.,1.),(0.333333333333333,0.333333333333333),
(0.333333333333333,0.333333333333333),(1.,1.)))
REPRESENTATION_ITEM('')
SURFACE()
);
#1527=(
BOUNDED_SURFACE()
B_SPLINE_SURFACE(3,1,((#2126,#2127),(#2128,#2129),(#2130,#2131),(#2132,
#2133)),.CYLINDRICAL_SURF.,.F.,.F.,.F.)
B_SPLINE_SURFACE_WITH_KNOTS((4,4),(2,2),(0.5,1.),(0.0454545454545455,0.954545454545455),
 .PIECEWISE_BEZIER_KNOTS.)
GEOMETRIC_REPRESENTATION_ITEM()
RATIONAL_B_SPLINE_SURFACE(((1.,1.),(0.333333333333333,0.333333333333333),
(0.333333333333333,0.333333333333333),(1.,1.)))
REPRESENTATION_ITEM('')
SURFACE()
);
#1528=(
BOUNDED_SURFACE()
B_SPLINE_SURFACE(3,1,((#2144,#2145),(#2146,#2147),(#2148,#2149),(#2150,
#2151)),.CYLINDRICAL_SURF.,.F.,.F.,.F.)
B_SPLINE_SURFACE_WITH_KNOTS((4,4),(2,2),(0.,0.5),(0.0454545454545455,0.954545454545455),
 .PIECEWISE_BEZIER_KNOTS.)
GEOMETRIC_REPRESENTATION_ITEM()
RATIONAL_B_SPLINE_SURFACE(((1.,1.),(0.333333333333333,0.333333333333333),
(0.333333333333333,0.333333333333333),(1.,1.)))
REPRESENTATION_ITEM('')
SURFACE()
);
#1529=(
BOUNDED_SURFACE()
B_SPLINE_SURFACE(3,1,((#2162,#2163),(#2164,#2165),(#2166,#2167),(#2168,
#2169)),.CYLINDRICAL_SURF.,.F.,.F.,.F.)
B_SPLINE_SURFACE_WITH_KNOTS((4,4),(2,2),(0.818850939396906,1.),(0.0454545454545453,
0.954545454545455),.PIECEWISE_BEZIER_KNOTS.)
GEOMETRIC_REPRESENTATION_ITEM()
RATIONAL_B_SPLINE_SURFACE(((0.537923614846691,0.537923614846691),(0.604442457478105,
0.604442457478105),(0.758467919195875,0.758467919195874),(1.,1.)))
REPRESENTATION_ITEM('')
SURFACE()
);
#1530=(
BOUNDED_SURFACE()
B_SPLINE_SURFACE(3,1,((#2175,#2176),(#2177,#2178),(#2179,#2180),(#2181,
#2182)),.CYLINDRICAL_SURF.,.F.,.F.,.F.)
B_SPLINE_SURFACE_WITH_KNOTS((4,4),(2,2),(0.5,1.),(0.0454545454545455,0.954545454545455),
 .PIECEWISE_BEZIER_KNOTS.)
GEOMETRIC_REPRESENTATION_ITEM()
RATIONAL_B_SPLINE_SURFACE(((1.,1.),(0.333333333333333,0.333333333333333),
(0.333333333333333,0.333333333333333),(1.,1.)))
REPRESENTATION_ITEM('')
SURFACE()
);
#1531=(
BOUNDED_SURFACE()
B_SPLINE_SURFACE(1,3,((#2193,#2194,#2195,#2196),(#2197,#2198,#2199,#2200)),
 .CONICAL_SURF.,.F.,.F.,.F.)
B_SPLINE_SURFACE_WITH_KNOTS((2,2),(4,4),(0.0182328190742964,0.382889200561012),
(0.,0.5),.PIECEWISE_BEZIER_KNOTS.)
GEOMETRIC_REPRESENTATION_ITEM()
RATIONAL_B_SPLINE_SURFACE(((1.,0.333333333333333,0.333333333333333,1.),
(1.,0.333333333333333,0.333333333333333,1.)))
REPRESENTATION_ITEM('')
SURFACE()
);
#1532=(
BOUNDED_SURFACE()
B_SPLINE_SURFACE(1,3,((#2211,#2212,#2213,#2214),(#2215,#2216,#2217,#2218)),
 .CONICAL_SURF.,.F.,.F.,.F.)
B_SPLINE_SURFACE_WITH_KNOTS((2,2),(4,4),(0.0182328190742958,0.382889200561012),
(0.,0.5),.PIECEWISE_BEZIER_KNOTS.)
GEOMETRIC_REPRESENTATION_ITEM()
RATIONAL_B_SPLINE_SURFACE(((1.,0.333333333333333,0.333333333333333,1.),
(1.,0.333333333333333,0.333333333333333,1.)))
REPRESENTATION_ITEM('')
SURFACE()
);
#1533=(
BOUNDED_SURFACE()
B_SPLINE_SURFACE(1,3,((#2229,#2230,#2231,#2232),(#2233,#2234,#2235,#2236)),
 .CONICAL_SURF.,.F.,.F.,.F.)
B_SPLINE_SURFACE_WITH_KNOTS((2,2),(4,4),(0.0182328190742954,0.382889200561011),
(0.,0.5),.PIECEWISE_BEZIER_KNOTS.)
GEOMETRIC_REPRESENTATION_ITEM()
RATIONAL_B_SPLINE_SURFACE(((1.,0.333333333333333,0.333333333333333,1.),
(1.,0.333333333333333,0.333333333333333,1.)))
REPRESENTATION_ITEM('')
SURFACE()
);
#1534=(
BOUNDED_SURFACE()
B_SPLINE_SURFACE(1,3,((#2247,#2248,#2249,#2250),(#2251,#2252,#2253,#2254)),
 .CONICAL_SURF.,.F.,.F.,.F.)
B_SPLINE_SURFACE_WITH_KNOTS((2,2),(4,4),(0.0227272727272306,0.477272727272726),
(0.,0.5),.PIECEWISE_BEZIER_KNOTS.)
GEOMETRIC_REPRESENTATION_ITEM()
RATIONAL_B_SPLINE_SURFACE(((1.,0.333333333333333,0.333333333333333,1.),
(1.,0.333333333333333,0.333333333333333,1.)))
REPRESENTATION_ITEM('')
SURFACE()
);
#1535=(
BOUNDED_SURFACE()
B_SPLINE_SURFACE(3,1,((#2265,#2266),(#2267,#2268),(#2269,#2270),(#2271,
#2272)),.CYLINDRICAL_SURF.,.F.,.F.,.F.)
B_SPLINE_SURFACE_WITH_KNOTS((4,4),(2,2),(0.5,1.),(0.0454545454545487,0.954545454545451),
 .PIECEWISE_BEZIER_KNOTS.)
GEOMETRIC_REPRESENTATION_ITEM()
RATIONAL_B_SPLINE_SURFACE(((1.,1.),(0.333333333333333,0.333333333333333),
(0.333333333333333,0.333333333333333),(1.,1.)))
REPRESENTATION_ITEM('')
SURFACE()
);
#1536=(
BOUNDED_SURFACE()
B_SPLINE_SURFACE(3,1,((#2281,#2282),(#2283,#2284),(#2285,#2286),(#2287,
#2288)),.CYLINDRICAL_SURF.,.F.,.F.,.F.)
B_SPLINE_SURFACE_WITH_KNOTS((4,4),(2,2),(0.5,1.),(0.0454545454545475,0.954545454545454),
 .PIECEWISE_BEZIER_KNOTS.)
GEOMETRIC_REPRESENTATION_ITEM()
RATIONAL_B_SPLINE_SURFACE(((1.,1.),(0.333333333333333,0.333333333333333),
(0.333333333333333,0.333333333333333),(1.,1.)))
REPRESENTATION_ITEM('')
SURFACE()
);
#1537=(
BOUNDED_SURFACE()
B_SPLINE_SURFACE(3,1,((#2297,#2298),(#2299,#2300),(#2301,#2302),(#2303,
#2304)),.CYLINDRICAL_SURF.,.F.,.F.,.F.)
B_SPLINE_SURFACE_WITH_KNOTS((4,4),(2,2),(0.5,1.),(0.0454545454545487,0.954545454545451),
 .PIECEWISE_BEZIER_KNOTS.)
GEOMETRIC_REPRESENTATION_ITEM()
RATIONAL_B_SPLINE_SURFACE(((1.,1.),(0.333333333333333,0.333333333333333),
(0.333333333333333,0.333333333333333),(1.,1.)))
REPRESENTATION_ITEM('')
SURFACE()
);
#1538=(
BOUNDED_SURFACE()
B_SPLINE_SURFACE(3,1,((#2313,#2314),(#2315,#2316),(#2317,#2318),(#2319,
#2320)),.CYLINDRICAL_SURF.,.F.,.F.,.F.)
B_SPLINE_SURFACE_WITH_KNOTS((4,4),(2,2),(0.5,1.),(0.0454545454545487,0.954545454545451),
 .PIECEWISE_BEZIER_KNOTS.)
GEOMETRIC_REPRESENTATION_ITEM()
RATIONAL_B_SPLINE_SURFACE(((1.,1.),(0.333333333333333,0.333333333333333),
(0.333333333333333,0.333333333333333),(1.,1.)))
REPRESENTATION_ITEM('')
SURFACE()
);
#1539=(
BOUNDED_SURFACE()
B_SPLINE_SURFACE(1,3,((#2329,#2330,#2331,#2332),(#2333,#2334,#2335,#2336)),
 .CONICAL_SURF.,.F.,.F.,.F.)
B_SPLINE_SURFACE_WITH_KNOTS((2,2),(4,4),(0.0182328190742949,0.382889200561009),
(0.,0.5),.PIECEWISE_BEZIER_KNOTS.)
GEOMETRIC_REPRESENTATION_ITEM()
RATIONAL_B_SPLINE_SURFACE(((1.,0.333333333333333,0.333333333333333,1.),
(1.,0.333333333333333,0.333333333333333,1.)))
REPRESENTATION_ITEM('')
SURFACE()
);
#1540=(
BOUNDED_SURFACE()
B_SPLINE_SURFACE(1,3,((#2347,#2348,#2349,#2350),(#2351,#2352,#2353,#2354)),
 .CONICAL_SURF.,.F.,.F.,.F.)
B_SPLINE_SURFACE_WITH_KNOTS((2,2),(4,4),(0.0182328190742947,0.382889200561009),
(0.,0.5),.PIECEWISE_BEZIER_KNOTS.)
GEOMETRIC_REPRESENTATION_ITEM()
RATIONAL_B_SPLINE_SURFACE(((1.,0.333333333333333,0.333333333333333,1.),
(1.,0.333333333333333,0.333333333333333,1.)))
REPRESENTATION_ITEM('')
SURFACE()
);
#1541=(
BOUNDED_SURFACE()
B_SPLINE_SURFACE(1,3,((#2365,#2366,#2367,#2368),(#2369,#2370,#2371,#2372)),
 .CONICAL_SURF.,.F.,.F.,.F.)
B_SPLINE_SURFACE_WITH_KNOTS((2,2),(4,4),(0.0182328190742948,0.382889200561009),
(0.,0.5),.PIECEWISE_BEZIER_KNOTS.)
GEOMETRIC_REPRESENTATION_ITEM()
RATIONAL_B_SPLINE_SURFACE(((1.,0.333333333333333,0.333333333333333,1.),
(1.,0.333333333333333,0.333333333333333,1.)))
REPRESENTATION_ITEM('')
SURFACE()
);
#1542=(
BOUNDED_SURFACE()
B_SPLINE_SURFACE(3,1,((#2383,#2384),(#2385,#2386),(#2387,#2388),(#2389,
#2390)),.CYLINDRICAL_SURF.,.F.,.F.,.F.)
B_SPLINE_SURFACE_WITH_KNOTS((4,4),(2,2),(0.5,1.),(0.0454545454545454,0.954545454545455),
 .PIECEWISE_BEZIER_KNOTS.)
GEOMETRIC_REPRESENTATION_ITEM()
RATIONAL_B_SPLINE_SURFACE(((1.,1.),(0.333333333333333,0.333333333333333),
(0.333333333333333,0.333333333333333),(1.,1.)))
REPRESENTATION_ITEM('')
SURFACE()
);
#1543=(
BOUNDED_SURFACE()
B_SPLINE_SURFACE(3,1,((#2399,#2400),(#2401,#2402),(#2403,#2404),(#2405,
#2406)),.CYLINDRICAL_SURF.,.F.,.F.,.F.)
B_SPLINE_SURFACE_WITH_KNOTS((4,4),(2,2),(0.5,1.),(0.0454545454545454,0.954545454545455),
 .PIECEWISE_BEZIER_KNOTS.)
GEOMETRIC_REPRESENTATION_ITEM()
RATIONAL_B_SPLINE_SURFACE(((1.,1.),(0.333333333333333,0.333333333333333),
(0.333333333333333,0.333333333333333),(1.,1.)))
REPRESENTATION_ITEM('')
SURFACE()
);
#1544=(
BOUNDED_SURFACE()
B_SPLINE_SURFACE(3,1,((#2415,#2416),(#2417,#2418),(#2419,#2420),(#2421,
#2422)),.CYLINDRICAL_SURF.,.F.,.F.,.F.)
B_SPLINE_SURFACE_WITH_KNOTS((4,4),(2,2),(0.5,1.),(0.0454545454545454,0.954545454545455),
 .PIECEWISE_BEZIER_KNOTS.)
GEOMETRIC_REPRESENTATION_ITEM()
RATIONAL_B_SPLINE_SURFACE(((1.,1.),(0.333333333333333,0.333333333333333),
(0.333333333333333,0.333333333333333),(1.,1.)))
REPRESENTATION_ITEM('')
SURFACE()
);
#1545=(
BOUNDED_SURFACE()
B_SPLINE_SURFACE(3,1,((#2431,#2432),(#2433,#2434),(#2435,#2436),(#2437,
#2438)),.CYLINDRICAL_SURF.,.F.,.F.,.F.)
B_SPLINE_SURFACE_WITH_KNOTS((4,4),(2,2),(0.5,1.),(0.0454545454545455,0.954545454545455),
 .PIECEWISE_BEZIER_KNOTS.)
GEOMETRIC_REPRESENTATION_ITEM()
RATIONAL_B_SPLINE_SURFACE(((1.,1.),(0.333333333333333,0.333333333333333),
(0.333333333333333,0.333333333333333),(1.,1.)))
REPRESENTATION_ITEM('')
SURFACE()
);
#1546=(
BOUNDED_SURFACE()
B_SPLINE_SURFACE(3,1,((#2449,#2450),(#2451,#2452),(#2453,#2454),(#2455,
#2456)),.CYLINDRICAL_SURF.,.F.,.F.,.F.)
B_SPLINE_SURFACE_WITH_KNOTS((4,4),(2,2),(0.5,1.),(0.0454545454545455,0.954545454545455),
 .PIECEWISE_BEZIER_KNOTS.)
GEOMETRIC_REPRESENTATION_ITEM()
RATIONAL_B_SPLINE_SURFACE(((1.,1.),(0.333333333333333,0.333333333333333),
(0.333333333333333,0.333333333333333),(1.,1.)))
REPRESENTATION_ITEM('')
SURFACE()
);
#1547=(
BOUNDED_SURFACE()
B_SPLINE_SURFACE(3,1,((#2467,#2468),(#2469,#2470),(#2471,#2472),(#2473,
#2474),(#2475,#2476),(#2477,#2478),(#2479,#2480)),.CYLINDRICAL_SURF.,.F.,
 .F.,.F.)
B_SPLINE_SURFACE_WITH_KNOTS((4,3,4),(2,2),(0.,0.5,1.),(0.0454545454545455,
0.954545454545455),.PIECEWISE_BEZIER_KNOTS.)
GEOMETRIC_REPRESENTATION_ITEM()
RATIONAL_B_SPLINE_SURFACE(((1.,1.),(0.557140458013152,0.557140458013152),
(0.557140458013152,0.557140458013152),(1.,1.),(0.557140458013153,0.557140458013153),
(0.557140458013153,0.557140458013153),(1.,1.)))
REPRESENTATION_ITEM('')
SURFACE()
);
#1548=(
BOUNDED_SURFACE()
B_SPLINE_SURFACE(3,1,((#2722,#2723),(#2724,#2725),(#2726,#2727),(#2728,
#2729)),.CYLINDRICAL_SURF.,.F.,.F.,.F.)
B_SPLINE_SURFACE_WITH_KNOTS((4,4),(2,2),(0.,1.),(0.0454545454545454,0.954545454545455),
 .PIECEWISE_BEZIER_KNOTS.)
GEOMETRIC_REPRESENTATION_ITEM()
RATIONAL_B_SPLINE_SURFACE(((1.,1.),(0.333333333333334,0.333333333333334),
(0.333333333333334,0.333333333333334),(1.,1.)))
REPRESENTATION_ITEM('')
SURFACE()
);
#1549=(
BOUNDED_SURFACE()
B_SPLINE_SURFACE(3,1,((#2732,#2733),(#2734,#2735),(#2736,#2737),(#2738,
#2739)),.CYLINDRICAL_SURF.,.F.,.F.,.F.)
B_SPLINE_SURFACE_WITH_KNOTS((4,4),(2,2),(0.,0.5),(0.0454545454545455,0.954545454545455),
 .PIECEWISE_BEZIER_KNOTS.)
GEOMETRIC_REPRESENTATION_ITEM()
RATIONAL_B_SPLINE_SURFACE(((1.,1.),(0.333333333333333,0.333333333333333),
(0.333333333333333,0.333333333333333),(1.,1.)))
REPRESENTATION_ITEM('')
SURFACE()
);
#1550=(
BOUNDED_SURFACE()
B_SPLINE_SURFACE(3,1,((#2740,#2741),(#2742,#2743),(#2744,#2745),(#2746,
#2747)),.CYLINDRICAL_SURF.,.F.,.F.,.F.)
B_SPLINE_SURFACE_WITH_KNOTS((4,4),(2,2),(0.,0.5),(0.0454545454545455,0.954545454545455),
 .PIECEWISE_BEZIER_KNOTS.)
GEOMETRIC_REPRESENTATION_ITEM()
RATIONAL_B_SPLINE_SURFACE(((1.,1.),(0.333333333333333,0.333333333333333),
(0.333333333333333,0.333333333333333),(1.,1.)))
REPRESENTATION_ITEM('')
SURFACE()
);
#1551=(
BOUNDED_SURFACE()
B_SPLINE_SURFACE(3,1,((#2748,#2749),(#2750,#2751),(#2752,#2753),(#2754,
#2755)),.CYLINDRICAL_SURF.,.F.,.F.,.F.)
B_SPLINE_SURFACE_WITH_KNOTS((4,4),(2,2),(0.,0.5),(0.0454545454545454,0.954545454545455),
 .PIECEWISE_BEZIER_KNOTS.)
GEOMETRIC_REPRESENTATION_ITEM()
RATIONAL_B_SPLINE_SURFACE(((1.,1.),(0.333333333333333,0.333333333333333),
(0.333333333333333,0.333333333333333),(1.,1.)))
REPRESENTATION_ITEM('')
SURFACE()
);
#1552=(
BOUNDED_SURFACE()
B_SPLINE_SURFACE(3,1,((#2756,#2757),(#2758,#2759),(#2760,#2761),(#2762,
#2763)),.CYLINDRICAL_SURF.,.F.,.F.,.F.)
B_SPLINE_SURFACE_WITH_KNOTS((4,4),(2,2),(0.,0.5),(0.0454545454545454,0.954545454545455),
 .PIECEWISE_BEZIER_KNOTS.)
GEOMETRIC_REPRESENTATION_ITEM()
RATIONAL_B_SPLINE_SURFACE(((1.,1.),(0.333333333333333,0.333333333333333),
(0.333333333333333,0.333333333333333),(1.,1.)))
REPRESENTATION_ITEM('')
SURFACE()
);
#1553=(
BOUNDED_SURFACE()
B_SPLINE_SURFACE(3,1,((#2764,#2765),(#2766,#2767),(#2768,#2769),(#2770,
#2771)),.CYLINDRICAL_SURF.,.F.,.F.,.F.)
B_SPLINE_SURFACE_WITH_KNOTS((4,4),(2,2),(0.,0.5),(0.0454545454545454,0.954545454545455),
 .PIECEWISE_BEZIER_KNOTS.)
GEOMETRIC_REPRESENTATION_ITEM()
RATIONAL_B_SPLINE_SURFACE(((1.,1.),(0.333333333333333,0.333333333333333),
(0.333333333333333,0.333333333333333),(1.,1.)))
REPRESENTATION_ITEM('')
SURFACE()
);
#1554=(
BOUNDED_SURFACE()
B_SPLINE_SURFACE(1,3,((#2772,#2773,#2774,#2775),(#2776,#2777,#2778,#2779)),
 .CONICAL_SURF.,.F.,.F.,.F.)
B_SPLINE_SURFACE_WITH_KNOTS((2,2),(4,4),(0.0182328190743331,0.382889200561009),
(0.5,1.),.PIECEWISE_BEZIER_KNOTS.)
GEOMETRIC_REPRESENTATION_ITEM()
RATIONAL_B_SPLINE_SURFACE(((1.,0.333333333333333,0.333333333333333,1.),
(1.,0.333333333333333,0.333333333333333,1.)))
REPRESENTATION_ITEM('')
SURFACE()
);
#1555=(
BOUNDED_SURFACE()
B_SPLINE_SURFACE(1,3,((#2780,#2781,#2782,#2783),(#2784,#2785,#2786,#2787)),
 .CONICAL_SURF.,.F.,.F.,.F.)
B_SPLINE_SURFACE_WITH_KNOTS((2,2),(4,4),(0.0182328190743325,0.382889200561009),
(0.5,1.),.PIECEWISE_BEZIER_KNOTS.)
GEOMETRIC_REPRESENTATION_ITEM()
RATIONAL_B_SPLINE_SURFACE(((1.,0.333333333333333,0.333333333333333,1.),
(1.,0.333333333333333,0.333333333333333,1.)))
REPRESENTATION_ITEM('')
SURFACE()
);
#1556=(
BOUNDED_SURFACE()
B_SPLINE_SURFACE(1,3,((#2788,#2789,#2790,#2791),(#2792,#2793,#2794,#2795)),
 .CONICAL_SURF.,.F.,.F.,.F.)
B_SPLINE_SURFACE_WITH_KNOTS((2,2),(4,4),(0.0182328190743324,0.382889200561009),
(0.5,1.),.PIECEWISE_BEZIER_KNOTS.)
GEOMETRIC_REPRESENTATION_ITEM()
RATIONAL_B_SPLINE_SURFACE(((1.,0.333333333333333,0.333333333333333,1.),
(1.,0.333333333333333,0.333333333333333,1.)))
REPRESENTATION_ITEM('')
SURFACE()
);
#1557=(
BOUNDED_SURFACE()
B_SPLINE_SURFACE(3,1,((#2980,#2981),(#2982,#2983),(#2984,#2985),(#2986,
#2987)),.CYLINDRICAL_SURF.,.F.,.F.,.F.)
B_SPLINE_SURFACE_WITH_KNOTS((4,4),(2,2),(0.,0.5),(0.0454545454545485,0.954545454545451),
 .PIECEWISE_BEZIER_KNOTS.)
GEOMETRIC_REPRESENTATION_ITEM()
RATIONAL_B_SPLINE_SURFACE(((1.,1.),(0.333333333333333,0.333333333333333),
(0.333333333333333,0.333333333333333),(1.,1.)))
REPRESENTATION_ITEM('')
SURFACE()
);
#1558=(
BOUNDED_SURFACE()
B_SPLINE_SURFACE(3,1,((#2988,#2989),(#2990,#2991),(#2992,#2993),(#2994,
#2995)),.CYLINDRICAL_SURF.,.F.,.F.,.F.)
B_SPLINE_SURFACE_WITH_KNOTS((4,4),(2,2),(0.,0.5),(0.0454545454545486,0.954545454545451),
 .PIECEWISE_BEZIER_KNOTS.)
GEOMETRIC_REPRESENTATION_ITEM()
RATIONAL_B_SPLINE_SURFACE(((1.,1.),(0.333333333333333,0.333333333333333),
(0.333333333333333,0.333333333333333),(1.,1.)))
REPRESENTATION_ITEM('')
SURFACE()
);
#1559=(
BOUNDED_SURFACE()
B_SPLINE_SURFACE(3,1,((#2996,#2997),(#2998,#2999),(#3000,#3001),(#3002,
#3003)),.CYLINDRICAL_SURF.,.F.,.F.,.F.)
B_SPLINE_SURFACE_WITH_KNOTS((4,4),(2,2),(0.,0.5),(0.0454545454545475,0.954545454545454),
 .PIECEWISE_BEZIER_KNOTS.)
GEOMETRIC_REPRESENTATION_ITEM()
RATIONAL_B_SPLINE_SURFACE(((1.,1.),(0.333333333333333,0.333333333333333),
(0.333333333333333,0.333333333333333),(1.,1.)))
REPRESENTATION_ITEM('')
SURFACE()
);
#1560=(
BOUNDED_SURFACE()
B_SPLINE_SURFACE(3,1,((#3024,#3025),(#3026,#3027),(#3028,#3029),(#3030,
#3031)),.CYLINDRICAL_SURF.,.F.,.F.,.F.)
B_SPLINE_SURFACE_WITH_KNOTS((4,4),(2,2),(0.,0.5),(0.0454545454545487,0.954545454545451),
 .PIECEWISE_BEZIER_KNOTS.)
GEOMETRIC_REPRESENTATION_ITEM()
RATIONAL_B_SPLINE_SURFACE(((1.,1.),(0.333333333333333,0.333333333333333),
(0.333333333333333,0.333333333333333),(1.,1.)))
REPRESENTATION_ITEM('')
SURFACE()
);
#1561=(
BOUNDED_SURFACE()
B_SPLINE_SURFACE(1,3,((#3032,#3033,#3034,#3035),(#3036,#3037,#3038,#3039)),
 .CONICAL_SURF.,.F.,.F.,.F.)
B_SPLINE_SURFACE_WITH_KNOTS((2,2),(4,4),(0.0227272727272724,0.477272727272726),
(0.5,1.),.PIECEWISE_BEZIER_KNOTS.)
GEOMETRIC_REPRESENTATION_ITEM()
RATIONAL_B_SPLINE_SURFACE(((1.,0.333333333333333,0.333333333333333,1.),
(1.,0.333333333333333,0.333333333333333,1.)))
REPRESENTATION_ITEM('')
SURFACE()
);
#1562=(
BOUNDED_SURFACE()
B_SPLINE_SURFACE(1,3,((#3040,#3041,#3042,#3043),(#3044,#3045,#3046,#3047)),
 .CONICAL_SURF.,.F.,.F.,.F.)
B_SPLINE_SURFACE_WITH_KNOTS((2,2),(4,4),(0.0182328190743333,0.382889200561011),
(0.5,1.),.PIECEWISE_BEZIER_KNOTS.)
GEOMETRIC_REPRESENTATION_ITEM()
RATIONAL_B_SPLINE_SURFACE(((1.,0.333333333333333,0.333333333333333,1.),
(1.,0.333333333333333,0.333333333333333,1.)))
REPRESENTATION_ITEM('')
SURFACE()
);
#1563=(
BOUNDED_SURFACE()
B_SPLINE_SURFACE(1,3,((#3048,#3049,#3050,#3051),(#3052,#3053,#3054,#3055)),
 .CONICAL_SURF.,.F.,.F.,.F.)
B_SPLINE_SURFACE_WITH_KNOTS((2,2),(4,4),(0.0182328190743332,0.382889200561012),
(0.5,1.),.PIECEWISE_BEZIER_KNOTS.)
GEOMETRIC_REPRESENTATION_ITEM()
RATIONAL_B_SPLINE_SURFACE(((1.,0.333333333333333,0.333333333333333,1.),
(1.,0.333333333333333,0.333333333333333,1.)))
REPRESENTATION_ITEM('')
SURFACE()
);
#1564=(
BOUNDED_SURFACE()
B_SPLINE_SURFACE(1,3,((#3056,#3057,#3058,#3059),(#3060,#3061,#3062,#3063)),
 .CONICAL_SURF.,.F.,.F.,.F.)
B_SPLINE_SURFACE_WITH_KNOTS((2,2),(4,4),(0.0182328190743344,0.382889200561012),
(0.5,1.),.PIECEWISE_BEZIER_KNOTS.)
GEOMETRIC_REPRESENTATION_ITEM()
RATIONAL_B_SPLINE_SURFACE(((1.,0.333333333333333,0.333333333333333,1.),
(1.,0.333333333333333,0.333333333333333,1.)))
REPRESENTATION_ITEM('')
SURFACE()
);
#1565=(
BOUNDED_SURFACE()
B_SPLINE_SURFACE(3,1,((#3064,#3065),(#3066,#3067),(#3068,#3069),(#3070,
#3071)),.CYLINDRICAL_SURF.,.F.,.F.,.F.)
B_SPLINE_SURFACE_WITH_KNOTS((4,4),(2,2),(0.,1.),(0.,1.),
 .PIECEWISE_BEZIER_KNOTS.)
GEOMETRIC_REPRESENTATION_ITEM()
RATIONAL_B_SPLINE_SURFACE(((1.,1.),(0.961713421393463,0.961713421393463),
(0.961713421393463,0.961713421393463),(1.,1.)))
REPRESENTATION_ITEM('')
SURFACE()
);
#1566=(
BOUNDED_SURFACE()
B_SPLINE_SURFACE(3,1,((#3075,#3076),(#3077,#3078),(#3079,#3080),(#3081,
#3082)),.CYLINDRICAL_SURF.,.F.,.F.,.F.)
B_SPLINE_SURFACE_WITH_KNOTS((4,4),(2,2),(0.,0.5),(0.0454545454545455,0.954545454545455),
 .PIECEWISE_BEZIER_KNOTS.)
GEOMETRIC_REPRESENTATION_ITEM()
RATIONAL_B_SPLINE_SURFACE(((1.,1.),(0.333333333333333,0.333333333333333),
(0.333333333333333,0.333333333333333),(1.,1.)))
REPRESENTATION_ITEM('')
SURFACE()
);
#1567=(
BOUNDED_SURFACE()
B_SPLINE_SURFACE(3,1,((#3085,#3086),(#3087,#3088),(#3089,#3090),(#3091,
#3092)),.CYLINDRICAL_SURF.,.F.,.F.,.F.)
B_SPLINE_SURFACE_WITH_KNOTS((4,4),(2,2),(0.5,0.681149060603094),(0.0454545454545455,
0.954545454545455),.PIECEWISE_BEZIER_KNOTS.)
GEOMETRIC_REPRESENTATION_ITEM()
RATIONAL_B_SPLINE_SURFACE(((1.,1.),(0.758467919195875,0.758467919195875),
(0.604442457478106,0.604442457478106),(0.537923614846692,0.537923614846692)))
REPRESENTATION_ITEM('')
SURFACE()
);
#1568=(
BOUNDED_SURFACE()
B_SPLINE_SURFACE(3,1,((#3103,#3104),(#3105,#3106),(#3107,#3108),(#3109,
#3110)),.CYLINDRICAL_SURF.,.F.,.F.,.F.)
B_SPLINE_SURFACE_WITH_KNOTS((4,4),(2,2),(0.,0.5),(0.0454545454545455,0.954545454545455),
 .PIECEWISE_BEZIER_KNOTS.)
GEOMETRIC_REPRESENTATION_ITEM()
RATIONAL_B_SPLINE_SURFACE(((1.,1.),(0.333333333333333,0.333333333333333),
(0.333333333333333,0.333333333333333),(1.,1.)))
REPRESENTATION_ITEM('')
SURFACE()
);
#1569=(
BOUNDED_SURFACE()
B_SPLINE_SURFACE(3,1,((#3125,#3126),(#3127,#3128),(#3129,#3130),(#3131,
#3132),(#3133,#3134),(#3135,#3136),(#3137,#3138)),.CYLINDRICAL_SURF.,.F.,
 .F.,.F.)
B_SPLINE_SURFACE_WITH_KNOTS((4,3,4),(2,2),(0.,0.5,1.),(0.0454545454545455,
0.954545454545455),.PIECEWISE_BEZIER_KNOTS.)
GEOMETRIC_REPRESENTATION_ITEM()
RATIONAL_B_SPLINE_SURFACE(((1.,1.),(0.557140458013153,0.557140458013153),
(0.557140458013153,0.557140458013153),(1.,1.),(0.557140458013153,0.557140458013153),
(0.557140458013153,0.557140458013153),(1.,1.)))
REPRESENTATION_ITEM('')
SURFACE()
);
#1570=(
BOUNDED_SURFACE()
B_SPLINE_SURFACE(3,1,((#3144,#3145),(#3146,#3147),(#3148,#3149),(#3150,
#3151)),.CYLINDRICAL_SURF.,.F.,.F.,.F.)
B_SPLINE_SURFACE_WITH_KNOTS((4,4),(2,2),(0.,0.5),(0.0454545454545455,0.954545454545455),
 .PIECEWISE_BEZIER_KNOTS.)
GEOMETRIC_REPRESENTATION_ITEM()
RATIONAL_B_SPLINE_SURFACE(((1.,1.),(0.333333333333333,0.333333333333333),
(0.333333333333333,0.333333333333333),(1.,1.)))
REPRESENTATION_ITEM('')
SURFACE()
);
#1571=(
BOUNDED_SURFACE()
B_SPLINE_SURFACE(3,1,((#3166,#3167),(#3168,#3169),(#3170,#3171),(#3172,
#3173)),.CYLINDRICAL_SURF.,.F.,.F.,.F.)
B_SPLINE_SURFACE_WITH_KNOTS((4,4),(2,2),(0.,0.5),(0.0454545454545447,0.954545454545455),
 .PIECEWISE_BEZIER_KNOTS.)
GEOMETRIC_REPRESENTATION_ITEM()
RATIONAL_B_SPLINE_SURFACE(((1.,1.),(0.333333333333333,0.333333333333333),
(0.333333333333333,0.333333333333333),(1.,1.)))
REPRESENTATION_ITEM('')
SURFACE()
);
#1572=(
BOUNDED_SURFACE()
B_SPLINE_SURFACE(3,1,((#3174,#3175),(#3176,#3177),(#3178,#3179),(#3180,
#3181)),.CYLINDRICAL_SURF.,.F.,.F.,.F.)
B_SPLINE_SURFACE_WITH_KNOTS((4,4),(2,2),(0.,0.5),(0.0454545454545447,0.954545454545455),
 .PIECEWISE_BEZIER_KNOTS.)
GEOMETRIC_REPRESENTATION_ITEM()
RATIONAL_B_SPLINE_SURFACE(((1.,1.),(0.333333333333333,0.333333333333333),
(0.333333333333333,0.333333333333333),(1.,1.)))
REPRESENTATION_ITEM('')
SURFACE()
);
#1573=(
BOUNDED_SURFACE()
B_SPLINE_SURFACE(3,1,((#3182,#3183),(#3184,#3185),(#3186,#3187),(#3188,
#3189)),.CYLINDRICAL_SURF.,.F.,.F.,.F.)
B_SPLINE_SURFACE_WITH_KNOTS((4,4),(2,2),(0.,0.5),(0.0454545454545447,0.954545454545454),
 .PIECEWISE_BEZIER_KNOTS.)
GEOMETRIC_REPRESENTATION_ITEM()
RATIONAL_B_SPLINE_SURFACE(((1.,1.),(0.333333333333333,0.333333333333333),
(0.333333333333333,0.333333333333333),(1.,1.)))
REPRESENTATION_ITEM('')
SURFACE()
);
#1574=ADVANCED_FACE('',(#1399),#1523,.F.);
#1575=ADVANCED_FACE('',(#1400),#1524,.F.);
#1576=ADVANCED_FACE('',(#1401),#1525,.F.);
#1577=ADVANCED_FACE('',(#1402),#1526,.F.);
#1578=ADVANCED_FACE('',(#1403),#1527,.F.);
#1579=ADVANCED_FACE('',(#1404),#1528,.T.);
#1580=ADVANCED_FACE('',(#1405),#1529,.T.);
#1581=ADVANCED_FACE('',(#1406),#1530,.F.);
#1582=ADVANCED_FACE('',(#1407),#1531,.F.);
#1583=ADVANCED_FACE('',(#1408),#1532,.F.);
#1584=ADVANCED_FACE('',(#1409),#1533,.F.);
#1585=ADVANCED_FACE('',(#1410),#1534,.F.);
#1586=ADVANCED_FACE('',(#1411),#1535,.F.);
#1587=ADVANCED_FACE('',(#1412),#1536,.F.);
#1588=ADVANCED_FACE('',(#1413),#1537,.F.);
#1589=ADVANCED_FACE('',(#1414),#1538,.F.);
#1590=ADVANCED_FACE('',(#1415),#1539,.F.);
#1591=ADVANCED_FACE('',(#1416),#1540,.F.);
#1592=ADVANCED_FACE('',(#1417),#1541,.F.);
#1593=ADVANCED_FACE('',(#1418),#1542,.F.);
#1594=ADVANCED_FACE('',(#1419),#1543,.F.);
#1595=ADVANCED_FACE('',(#1420),#1544,.F.);
#1596=ADVANCED_FACE('',(#1421),#1545,.F.);
#1597=ADVANCED_FACE('',(#1422),#1546,.F.);
#1598=ADVANCED_FACE('',(#1423),#1547,.T.);
#1599=ADVANCED_FACE('',(#1424,#1425,#1426,#1427,#1428,#1429,#1430,#1431,
#1432,#1433,#1434,#1435,#1436,#1437),#20,.F.);
#1600=ADVANCED_FACE('',(#1438,#1439,#1440,#1441,#1442,#1443,#1444,#1445,
#1446,#1447,#1448,#1449,#1450,#1451),#21,.T.);
#1601=ADVANCED_FACE('',(#1452),#1548,.T.);
#1602=ADVANCED_FACE('',(#1453),#1549,.F.);
#1603=ADVANCED_FACE('',(#1454),#1550,.F.);
#1604=ADVANCED_FACE('',(#1455),#1551,.F.);
#1605=ADVANCED_FACE('',(#1456),#1552,.F.);
#1606=ADVANCED_FACE('',(#1457),#1553,.F.);
#1607=ADVANCED_FACE('',(#1458),#1554,.F.);
#1608=ADVANCED_FACE('',(#1459),#1555,.F.);
#1609=ADVANCED_FACE('',(#1460),#1556,.F.);
#1610=ADVANCED_FACE('',(#1461),#22,.T.);
#1611=ADVANCED_FACE('',(#1462),#23,.F.);
#1612=ADVANCED_FACE('',(#1463),#24,.F.);
#1613=ADVANCED_FACE('',(#1464),#25,.F.);
#1614=ADVANCED_FACE('',(#1465),#26,.F.);
#1615=ADVANCED_FACE('',(#1466),#27,.F.);
#1616=ADVANCED_FACE('',(#1467),#28,.F.);
#1617=ADVANCED_FACE('',(#1468),#29,.T.);
#1618=ADVANCED_FACE('',(#1469),#30,.F.);
#1619=ADVANCED_FACE('',(#1470),#31,.F.);
#1620=ADVANCED_FACE('',(#1471),#32,.F.);
#1621=ADVANCED_FACE('',(#1472),#33,.F.);
#1622=ADVANCED_FACE('',(#1473),#34,.F.);
#1623=ADVANCED_FACE('',(#1474),#35,.F.);
#1624=ADVANCED_FACE('',(#1475),#36,.F.);
#1625=ADVANCED_FACE('',(#1476),#37,.T.);
#1626=ADVANCED_FACE('',(#1477),#38,.T.);
#1627=ADVANCED_FACE('',(#1478),#39,.F.);
#1628=ADVANCED_FACE('',(#1479),#40,.F.);
#1629=ADVANCED_FACE('',(#1480),#41,.T.);
#1630=ADVANCED_FACE('',(#1481),#42,.T.);
#1631=ADVANCED_FACE('',(#1482),#43,.T.);
#1632=ADVANCED_FACE('',(#1483),#44,.T.);
#1633=ADVANCED_FACE('',(#1484),#1557,.F.);
#1634=ADVANCED_FACE('',(#1485),#1558,.F.);
#1635=ADVANCED_FACE('',(#1486),#1559,.F.);
#1636=ADVANCED_FACE('',(#1487),#45,.F.);
#1637=ADVANCED_FACE('',(#1488),#46,.T.);
#1638=ADVANCED_FACE('',(#1489),#47,.T.);
#1639=ADVANCED_FACE('',(#1490),#48,.F.);
#1640=ADVANCED_FACE('',(#1491),#1560,.F.);
#1641=ADVANCED_FACE('',(#1492),#1561,.F.);
#1642=ADVANCED_FACE('',(#1493),#1562,.F.);
#1643=ADVANCED_FACE('',(#1494),#1563,.F.);
#1644=ADVANCED_FACE('',(#1495),#1564,.F.);
#1645=ADVANCED_FACE('',(#1496),#1565,.F.);
#1646=ADVANCED_FACE('',(#1497),#1566,.F.);
#1647=ADVANCED_FACE('',(#1498),#1567,.T.);
#1648=ADVANCED_FACE('',(#1499,#1500),#49,.T.);
#1649=ADVANCED_FACE('',(#1501,#1502),#50,.T.);
#1650=ADVANCED_FACE('',(#1503),#1568,.F.);
#1651=ADVANCED_FACE('',(#1504,#1505),#51,.T.);
#1652=ADVANCED_FACE('',(#1506,#1507),#52,.T.);
#1653=ADVANCED_FACE('',(#1508),#1569,.T.);
#1654=ADVANCED_FACE('',(#1509),#1570,.F.);
#1655=ADVANCED_FACE('',(#1510,#1511),#53,.T.);
#1656=ADVANCED_FACE('',(#1512,#1513),#54,.T.);
#1657=ADVANCED_FACE('',(#1514),#1571,.F.);
#1658=ADVANCED_FACE('',(#1515),#1572,.F.);
#1659=ADVANCED_FACE('',(#1516),#1573,.F.);
#1660=ADVANCED_FACE('',(#1517),#55,.F.);
#1661=ADVANCED_FACE('',(#1518),#56,.T.);
#1662=ADVANCED_FACE('',(#1519),#57,.T.);
#1663=ADVANCED_FACE('',(#1520),#58,.F.);
#1664=ADVANCED_FACE('',(#1521),#59,.F.);
#1665=ADVANCED_FACE('',(#1522),#60,.T.);
#1666=CLOSED_SHELL('',(#1574,#1575,#1576,#1577,#1578,#1579,#1580,#1581,
#1582,#1583,#1584,#1585,#1586,#1587,#1588,#1589,#1590,#1591,#1592,#1593,
#1594,#1595,#1596,#1597,#1598,#1599,#1600,#1601,#1602,#1603,#1604,#1605,
#1606,#1607,#1608,#1609,#1610,#1611,#1612,#1613,#1614,#1615,#1616,#1617,
#1618,#1619,#1620,#1621,#1622,#1623,#1624,#1625,#1626,#1627,#1628,#1629,
#1630,#1631,#1632,#1633,#1634,#1635,#1636,#1637,#1638,#1639,#1640,#1641,
#1642,#1643,#1644,#1645,#1646,#1647,#1648,#1649,#1650,#1651,#1652,#1653,
#1654,#1655,#1656,#1657,#1658,#1659,#1660,#1661,#1662,#1663,#1664,#1665));
#1667=STYLED_ITEM('',(#1668),#1675);
#1668=PRESENTATION_STYLE_ASSIGNMENT((#1669));
#1669=SURFACE_STYLE_USAGE(.BOTH.,#1670);
#1670=SURFACE_SIDE_STYLE('',(#1671));
#1671=SURFACE_STYLE_FILL_AREA(#1672);
#1672=FILL_AREA_STYLE('',(#1673));
#1673=FILL_AREA_STYLE_COLOUR('',#1674);
#1674=COLOUR_RGB('',0.231372549019608,0.380392156862745,0.705882352941177);
#1675=MANIFOLD_SOLID_BREP('new v2 concept v48',#1666);
#1676=SHAPE_DEFINITION_REPRESENTATION(#3228,#1677);
#1677=SHAPE_REPRESENTATION('new v2 concept v48',(#1678),#3223);
#1678=AXIS2_PLACEMENT_3D('',#2053,#1771,#1772);
#1679=AXIS2_PLACEMENT_3D('',#2062,#1773,#1774);
#1680=AXIS2_PLACEMENT_3D('',#2068,#1775,#1776);
#1681=AXIS2_PLACEMENT_3D('',#2080,#1777,#1778);
#1682=AXIS2_PLACEMENT_3D('',#2086,#1779,#1780);
#1683=AXIS2_PLACEMENT_3D('',#2098,#1781,#1782);
#1684=AXIS2_PLACEMENT_3D('',#2104,#1783,#1784);
#1685=AXIS2_PLACEMENT_3D('',#2116,#1785,#1786);
#1686=AXIS2_PLACEMENT_3D('',#2122,#1787,#1788);
#1687=AXIS2_PLACEMENT_3D('',#2134,#1789,#1790);
#1688=AXIS2_PLACEMENT_3D('',#2140,#1791,#1792);
#1689=AXIS2_PLACEMENT_3D('',#2152,#1793,#1794);
#1690=AXIS2_PLACEMENT_3D('',#2158,#1795,#1796);
#1691=AXIS2_PLACEMENT_3D('',#2170,#1797,#1798);
#1692=AXIS2_PLACEMENT_3D('',#2172,#1799,#1800);
#1693=AXIS2_PLACEMENT_3D('',#2183,#1802,#1803);
#1694=AXIS2_PLACEMENT_3D('',#2189,#1804,#1805);
#1695=AXIS2_PLACEMENT_3D('',#2201,#1806,#1807);
#1696=AXIS2_PLACEMENT_3D('',#2207,#1808,#1809);
#1697=AXIS2_PLACEMENT_3D('',#2219,#1810,#1811);
#1698=AXIS2_PLACEMENT_3D('',#2225,#1812,#1813);
#1699=AXIS2_PLACEMENT_3D('',#2237,#1814,#1815);
#1700=AXIS2_PLACEMENT_3D('',#2243,#1816,#1817);
#1701=AXIS2_PLACEMENT_3D('',#2255,#1818,#1819);
#1702=AXIS2_PLACEMENT_3D('',#2261,#1820,#1821);
#1703=AXIS2_PLACEMENT_3D('',#2273,#1822,#1823);
#1704=AXIS2_PLACEMENT_3D('',#2278,#1824,#1825);
#1705=AXIS2_PLACEMENT_3D('',#2289,#1826,#1827);
#1706=AXIS2_PLACEMENT_3D('',#2294,#1828,#1829);
#1707=AXIS2_PLACEMENT_3D('',#2305,#1830,#1831);
#1708=AXIS2_PLACEMENT_3D('',#2310,#1832,#1833);
#1709=AXIS2_PLACEMENT_3D('',#2321,#1834,#1835);
#1710=AXIS2_PLACEMENT_3D('',#2326,#1836,#1837);
#1711=AXIS2_PLACEMENT_3D('',#2337,#1838,#1839);
#1712=AXIS2_PLACEMENT_3D('',#2343,#1840,#1841);
#1713=AXIS2_PLACEMENT_3D('',#2355,#1842,#1843);
#1714=AXIS2_PLACEMENT_3D('',#2361,#1844,#1845);
#1715=AXIS2_PLACEMENT_3D('',#2373,#1846,#1847);
#1716=AXIS2_PLACEMENT_3D('',#2379,#1848,#1849);
#1717=AXIS2_PLACEMENT_3D('',#2391,#1850,#1851);
#1718=AXIS2_PLACEMENT_3D('',#2395,#1852,#1853);
#1719=AXIS2_PLACEMENT_3D('',#2407,#1854,#1855);
#1720=AXIS2_PLACEMENT_3D('',#2411,#1856,#1857);
#1721=AXIS2_PLACEMENT_3D('',#2423,#1858,#1859);
#1722=AXIS2_PLACEMENT_3D('',#2427,#1860,#1861);
#1723=AXIS2_PLACEMENT_3D('',#2439,#1862,#1863);
#1724=AXIS2_PLACEMENT_3D('',#2445,#1864,#1865);
#1725=AXIS2_PLACEMENT_3D('',#2457,#1866,#1867);
#1726=AXIS2_PLACEMENT_3D('',#2463,#1868,#1869);
#1727=AXIS2_PLACEMENT_3D('',#2484,#1871,#1872);
#1728=AXIS2_PLACEMENT_3D('',#2486,#1873,#1874);
#1729=AXIS2_PLACEMENT_3D('',#2490,#1876,#1877);
#1730=AXIS2_PLACEMENT_3D('',#2492,#1878,#1879);
#1731=AXIS2_PLACEMENT_3D('',#2540,#1886,#1887);
#1732=AXIS2_PLACEMENT_3D('',#2568,#1889,#1890);
#1733=AXIS2_PLACEMENT_3D('',#2577,#1895,#1896);
#1734=AXIS2_PLACEMENT_3D('',#2578,#1897,#1898);
#1735=AXIS2_PLACEMENT_3D('',#2579,#1899,#1900);
#1736=AXIS2_PLACEMENT_3D('',#2580,#1901,#1902);
#1737=AXIS2_PLACEMENT_3D('',#2581,#1903,#1904);
#1738=AXIS2_PLACEMENT_3D('',#2582,#1905,#1906);
#1739=AXIS2_PLACEMENT_3D('',#2583,#1907,#1908);
#1740=AXIS2_PLACEMENT_3D('',#2584,#1909,#1910);
#1741=AXIS2_PLACEMENT_3D('',#2585,#1911,#1912);
#1742=AXIS2_PLACEMENT_3D('',#2586,#1913,#1914);
#1743=AXIS2_PLACEMENT_3D('',#2587,#1915,#1916);
#1744=AXIS2_PLACEMENT_3D('',#2625,#1921,#1922);
#1745=AXIS2_PLACEMENT_3D('',#2661,#1925,#1926);
#1746=AXIS2_PLACEMENT_3D('',#2663,#1927,#1928);
#1747=AXIS2_PLACEMENT_3D('',#2686,#1940,#1941);
#1748=AXIS2_PLACEMENT_3D('',#2687,#1942,#1943);
#1749=AXIS2_PLACEMENT_3D('',#2688,#1944,#1945);
#1750=AXIS2_PLACEMENT_3D('',#2689,#1946,#1947);
#1751=AXIS2_PLACEMENT_3D('',#2690,#1948,#1949);
#1752=AXIS2_PLACEMENT_3D('',#2691,#1950,#1951);
#1753=AXIS2_PLACEMENT_3D('',#2692,#1952,#1953);
#1754=AXIS2_PLACEMENT_3D('',#2693,#1954,#1955);
#1755=AXIS2_PLACEMENT_3D('',#2718,#1968,#1969);
#1756=AXIS2_PLACEMENT_3D('',#2719,#1970,#1971);
#1757=AXIS2_PLACEMENT_3D('',#2721,#1972,#1973);
#1758=AXIS2_PLACEMENT_3D('',#3074,#2016,#2017);
#1759=AXIS2_PLACEMENT_3D('',#3083,#2018,#2019);
#1760=AXIS2_PLACEMENT_3D('',#3084,#2020,#2021);
#1761=AXIS2_PLACEMENT_3D('',#3093,#2022,#2023);
#1762=AXIS2_PLACEMENT_3D('',#3102,#2024,#2025);
#1763=AXIS2_PLACEMENT_3D('',#3111,#2026,#2027);
#1764=AXIS2_PLACEMENT_3D('',#3112,#2028,#2029);
#1765=AXIS2_PLACEMENT_3D('',#3124,#2032,#2033);
#1766=AXIS2_PLACEMENT_3D('',#3139,#2034,#2035);
#1767=AXIS2_PLACEMENT_3D('',#3141,#2036,#2037);
#1768=AXIS2_PLACEMENT_3D('',#3152,#2039,#2040);
#1769=AXIS2_PLACEMENT_3D('',#3153,#2041,#2042);
#1770=AXIS2_PLACEMENT_3D('',#3165,#2045,#2046);
#1771=DIRECTION('',(0.,0.,1.));
#1772=DIRECTION('',(1.,0.,0.));
#1773=DIRECTION('',(0.,0.,1.));
#1774=DIRECTION('',(1.,0.,0.));
#1775=DIRECTION('',(0.,0.,1.));
#1776=DIRECTION('',(1.,0.,0.));
#1777=DIRECTION('',(0.,0.,1.));
#1778=DIRECTION('',(1.,0.,0.));
#1779=DIRECTION('',(0.,0.,1.));
#1780=DIRECTION('',(1.,0.,0.));
#1781=DIRECTION('',(0.,0.,1.));
#1782=DIRECTION('',(1.,0.,0.));
#1783=DIRECTION('',(0.,0.,1.));
#1784=DIRECTION('',(1.,0.,0.));
#1785=DIRECTION('',(0.,0.,-1.));
#1786=DIRECTION('',(1.,0.,0.));
#1787=DIRECTION('',(0.,0.,1.));
#1788=DIRECTION('',(1.,0.,0.));
#1789=DIRECTION('',(0.,0.,1.));
#1790=DIRECTION('',(1.,0.,0.));
#1791=DIRECTION('',(0.,0.,1.));
#1792=DIRECTION('',(1.,0.,0.));
#1793=DIRECTION('',(0.,0.,1.));
#1794=DIRECTION('',(1.,0.,0.));
#1795=DIRECTION('',(0.,0.,1.));
#1796=DIRECTION('',(1.,0.,0.));
#1797=DIRECTION('',(0.,0.,1.));
#1798=DIRECTION('',(1.,0.,0.));
#1799=DIRECTION('',(0.,0.,1.));
#1800=DIRECTION('',(1.,0.,0.));
#1801=DIRECTION('',(0.,0.,-1.));
#1802=DIRECTION('',(0.,0.,1.));
#1803=DIRECTION('',(1.,0.,0.));
#1804=DIRECTION('',(0.,0.,1.));
#1805=DIRECTION('',(1.,0.,0.));
#1806=DIRECTION('',(0.,0.,1.));
#1807=DIRECTION('',(1.,0.,0.));
#1808=DIRECTION('',(0.,0.,1.));
#1809=DIRECTION('',(1.,0.,0.));
#1810=DIRECTION('',(0.,0.,1.));
#1811=DIRECTION('',(1.,0.,0.));
#1812=DIRECTION('',(0.,0.,1.));
#1813=DIRECTION('',(1.,0.,0.));
#1814=DIRECTION('',(0.,0.,1.));
#1815=DIRECTION('',(1.,0.,0.));
#1816=DIRECTION('',(0.,0.,1.));
#1817=DIRECTION('',(1.,0.,0.));
#1818=DIRECTION('',(0.,0.,1.));
#1819=DIRECTION('',(1.,0.,0.));
#1820=DIRECTION('',(0.,0.,1.));
#1821=DIRECTION('',(1.,0.,0.));
#1822=DIRECTION('',(0.,0.,1.));
#1823=DIRECTION('',(1.,0.,0.));
#1824=DIRECTION('',(0.,0.,1.));
#1825=DIRECTION('',(1.,0.,0.));
#1826=DIRECTION('',(0.,0.,1.));
#1827=DIRECTION('',(1.,0.,0.));
#1828=DIRECTION('',(0.,0.,1.));
#1829=DIRECTION('',(1.,0.,0.));
#1830=DIRECTION('',(0.,0.,1.));
#1831=DIRECTION('',(1.,0.,0.));
#1832=DIRECTION('',(0.,0.,1.));
#1833=DIRECTION('',(1.,0.,0.));
#1834=DIRECTION('',(0.,0.,1.));
#1835=DIRECTION('',(1.,0.,0.));
#1836=DIRECTION('',(0.,0.,1.));
#1837=DIRECTION('',(1.,0.,0.));
#1838=DIRECTION('',(0.,0.,1.));
#1839=DIRECTION('',(1.,1.22464679914735E-16,0.));
#1840=DIRECTION('',(0.,0.,-1.));
#1841=DIRECTION('',(-1.,-1.22464679914735E-16,0.));
#1842=DIRECTION('',(0.,0.,1.));
#1843=DIRECTION('',(1.,1.22464679914735E-16,0.));
#1844=DIRECTION('',(0.,0.,-1.));
#1845=DIRECTION('',(-1.,-1.22464679914735E-16,0.));
#1846=DIRECTION('',(0.,0.,1.));
#1847=DIRECTION('',(1.,1.22464679914735E-16,0.));
#1848=DIRECTION('',(0.,0.,-1.));
#1849=DIRECTION('',(-1.,-1.22464679914735E-16,0.));
#1850=DIRECTION('',(0.,0.,-1.));
#1851=DIRECTION('',(-1.,-1.22464679914735E-16,0.));
#1852=DIRECTION('',(0.,0.,-1.));
#1853=DIRECTION('',(-1.,-1.22464679914735E-16,0.));
#1854=DIRECTION('',(0.,0.,-1.));
#1855=DIRECTION('',(-1.,-1.22464679914735E-16,0.));
#1856=DIRECTION('',(0.,0.,-1.));
#1857=DIRECTION('',(-1.,-1.22464679914735E-16,0.));
#1858=DIRECTION('',(0.,0.,-1.));
#1859=DIRECTION('',(-1.,-1.22464679914735E-16,0.));
#1860=DIRECTION('',(0.,0.,-1.));
#1861=DIRECTION('',(-1.,-1.22464679914735E-16,0.));
#1862=DIRECTION('',(0.,0.,1.));
#1863=DIRECTION('',(-1.,-1.22464679914735E-16,0.));
#1864=DIRECTION('',(0.,0.,-1.));
#1865=DIRECTION('',(-1.,-1.22464679914735E-16,0.));
#1866=DIRECTION('',(0.,0.,1.));
#1867=DIRECTION('',(-1.,-1.22464679914735E-16,0.));
#1868=DIRECTION('',(0.,0.,-1.));
#1869=DIRECTION('',(-1.,-1.22464679914735E-16,0.));
#1870=DIRECTION('',(0.,0.,-1.));
#1871=DIRECTION('',(0.,0.,1.));
#1872=DIRECTION('',(1.,0.,0.));
#1873=DIRECTION('',(0.,0.,1.));
#1874=DIRECTION('',(1.,0.,0.));
#1875=DIRECTION('',(0.,0.,-1.));
#1876=DIRECTION('',(0.,0.,1.));
#1877=DIRECTION('',(1.,0.,0.));
#1878=DIRECTION('',(0.,0.,1.));
#1879=DIRECTION('',(1.,0.,0.));
#1880=DIRECTION('',(-1.,-2.56693840034084E-16,0.));
#1881=DIRECTION('',(3.46944695195361E-16,-1.,0.));
#1882=DIRECTION('',(1.,0.,0.));
#1883=DIRECTION('',(3.46944695195361E-16,-1.,0.));
#1884=DIRECTION('',(-1.,-2.56693840034084E-16,0.));
#1885=DIRECTION('',(0.,1.,0.));
#1886=DIRECTION('',(0.,0.,-1.));
#1887=DIRECTION('',(1.,1.22464679914735E-16,0.));
#1888=DIRECTION('',(0.,1.,0.));
#1889=DIRECTION('',(0.,0.,1.));
#1890=DIRECTION('',(1.,0.,0.));
#1891=DIRECTION('',(0.,1.,0.));
#1892=DIRECTION('',(-1.,0.,0.));
#1893=DIRECTION('',(-1.89735380184963E-16,1.,0.));
#1894=DIRECTION('',(-1.,0.,0.));
#1895=DIRECTION('',(0.,0.,1.));
#1896=DIRECTION('',(1.,1.22464679914735E-16,0.));
#1897=DIRECTION('',(0.,0.,1.));
#1898=DIRECTION('',(1.,1.22464679914735E-16,0.));
#1899=DIRECTION('',(0.,0.,1.));
#1900=DIRECTION('',(1.,1.22464679914735E-16,0.));
#1901=DIRECTION('',(0.,0.,1.));
#1902=DIRECTION('',(-1.,-1.22464679914735E-16,0.));
#1903=DIRECTION('',(0.,0.,1.));
#1904=DIRECTION('',(-1.,-1.22464679914735E-16,0.));
#1905=DIRECTION('',(0.,0.,1.));
#1906=DIRECTION('',(1.,0.,0.));
#1907=DIRECTION('',(0.,0.,1.));
#1908=DIRECTION('',(1.,0.,0.));
#1909=DIRECTION('',(0.,0.,1.));
#1910=DIRECTION('',(1.,0.,0.));
#1911=DIRECTION('',(0.,0.,1.));
#1912=DIRECTION('',(1.,0.,0.));
#1913=DIRECTION('',(0.,0.,1.));
#1914=DIRECTION('',(1.,0.,0.));
#1915=DIRECTION('',(0.,0.,1.));
#1916=DIRECTION('',(1.,0.,0.));
#1917=DIRECTION('',(0.,-1.,0.));
#1918=DIRECTION('',(1.,0.,0.));
#1919=DIRECTION('',(1.,2.56693840034084E-16,0.));
#1920=DIRECTION('',(0.,-1.,0.));
#1921=DIRECTION('',(0.,0.,1.));
#1922=DIRECTION('',(1.,1.22464679914735E-16,0.));
#1923=DIRECTION('',(0.,-1.,0.));
#1924=DIRECTION('',(1.,2.56693840034084E-16,0.));
#1925=DIRECTION('',(0.,0.,1.));
#1926=DIRECTION('',(1.,0.,0.));
#1927=DIRECTION('',(0.,0.,1.));
#1928=DIRECTION('',(1.,0.,0.));
#1929=DIRECTION('',(-1.,0.,0.));
#1930=DIRECTION('',(0.,-1.,0.));
#1931=DIRECTION('',(1.,2.56693840034084E-16,0.));
#1932=DIRECTION('',(-3.46944695195361E-16,1.,0.));
#1933=DIRECTION('',(-1.,0.,0.));
#1934=DIRECTION('',(-3.46944695195361E-16,1.,0.));
#1935=DIRECTION('',(1.,2.56693840034084E-16,0.));
#1936=DIRECTION('',(1.,0.,0.));
#1937=DIRECTION('',(0.,-1.,0.));
#1938=DIRECTION('',(1.,0.,0.));
#1939=DIRECTION('',(1.89735380184963E-16,-1.,0.));
#1940=DIRECTION('',(0.,0.,1.));
#1941=DIRECTION('',(1.,0.,0.));
#1942=DIRECTION('',(0.,0.,1.));
#1943=DIRECTION('',(1.,0.,0.));
#1944=DIRECTION('',(0.,0.,1.));
#1945=DIRECTION('',(1.,0.,0.));
#1946=DIRECTION('',(0.,0.,-1.));
#1947=DIRECTION('',(-1.,-1.22464679914735E-16,0.));
#1948=DIRECTION('',(0.,0.,-1.));
#1949=DIRECTION('',(-1.,-1.22464679914735E-16,0.));
#1950=DIRECTION('',(0.,0.,-1.));
#1951=DIRECTION('',(-1.,-1.22464679914735E-16,0.));
#1952=DIRECTION('',(0.,0.,-1.));
#1953=DIRECTION('',(-1.,-1.22464679914735E-16,0.));
#1954=DIRECTION('',(0.,0.,-1.));
#1955=DIRECTION('',(-1.,-1.22464679914735E-16,0.));
#1956=DIRECTION('',(1.,1.22464679914735E-16,0.));
#1957=DIRECTION('',(1.22464679914735E-16,-1.,0.));
#1958=DIRECTION('',(-1.,-6.40318891449902E-17,0.));
#1959=DIRECTION('',(1.22464679914735E-16,-1.,0.));
#1960=DIRECTION('',(-1.,-1.22464679914735E-16,0.));
#1961=DIRECTION('',(-1.22464679914735E-16,1.,0.));
#1962=DIRECTION('',(-1.22464679914735E-16,1.,0.));
#1963=DIRECTION('',(1.,1.22464679914735E-16,0.));
#1964=DIRECTION('',(1.22464679914735E-16,-1.,0.));
#1965=DIRECTION('',(-1.,-1.22464679914735E-16,0.));
#1966=DIRECTION('',(-1.22464679914735E-16,1.,0.));
#1967=DIRECTION('',(-1.,-6.40318891449902E-17,0.));
#1968=DIRECTION('',(0.,0.,1.));
#1969=DIRECTION('',(1.,0.,0.));
#1970=DIRECTION('',(0.,0.,1.));
#1971=DIRECTION('',(1.,0.,0.));
#1972=DIRECTION('',(0.,0.,1.));
#1973=DIRECTION('',(1.,0.,0.));
#1974=DIRECTION('',(0.,0.,1.));
#1975=DIRECTION('',(0.,0.,1.));
#1976=DIRECTION('',(-1.22464679914735E-16,1.,0.));
#1977=DIRECTION('',(1.,1.22464679914735E-16,0.));
#1978=DIRECTION('',(1.22464679914735E-16,-1.,0.));
#1979=DIRECTION('',(1.,6.40318891449902E-17,0.));
#1980=DIRECTION('',(1.22464679914735E-16,-1.,0.));
#1981=DIRECTION('',(1.,1.22464679914735E-16,0.));
#1982=DIRECTION('',(0.,0.,1.));
#1983=DIRECTION('',(0.,0.,1.));
#1984=DIRECTION('',(0.,0.,1.));
#1985=DIRECTION('',(0.,0.,1.));
#1986=DIRECTION('',(0.,0.,1.));
#1987=DIRECTION('',(0.,0.,1.));
#1988=DIRECTION('',(1.,6.40318891449902E-17,0.));
#1989=DIRECTION('',(-1.22464679914735E-16,1.,0.));
#1990=DIRECTION('',(-1.,-1.22464679914735E-16,0.));
#1991=DIRECTION('',(1.22464679914735E-16,-1.,0.));
#1992=DIRECTION('',(1.,1.22464679914735E-16,0.));
#1993=DIRECTION('',(-1.22464679914735E-16,1.,0.));
#1994=DIRECTION('',(0.,0.,1.));
#1995=DIRECTION('',(0.,0.,1.));
#1996=DIRECTION('',(0.,0.,1.));
#1997=DIRECTION('',(0.,0.,1.));
#1998=DIRECTION('',(0.,0.,1.));
#1999=DIRECTION('',(0.,0.,1.));
#2000=DIRECTION('',(-1.,0.,0.));
#2001=DIRECTION('',(0.707106781186548,1.81509954976916E-16,0.707106781186548));
#2002=DIRECTION('',(0.,0.,-1.));
#2003=DIRECTION('',(0.,0.,1.));
#2004=DIRECTION('',(0.,0.,1.));
#2005=DIRECTION('',(0.,0.,1.));
#2006=DIRECTION('',(0.,0.,1.));
#2007=DIRECTION('',(0.,0.,-1.));
#2008=DIRECTION('',(-0.707106781186548,-1.81509954976915E-16,0.707106781186548));
#2009=DIRECTION('',(1.,0.,0.));
#2010=DIRECTION('',(0.,0.,-1.));
#2011=DIRECTION('',(0.,0.,-1.));
#2012=DIRECTION('',(0.,0.,-1.));
#2013=DIRECTION('',(0.,0.,-1.));
#2014=DIRECTION('',(0.,0.,-1.));
#2015=DIRECTION('',(0.,0.,-1.));
#2016=DIRECTION('',(0.,0.,1.));
#2017=DIRECTION('',(1.,0.,0.));
#2018=DIRECTION('',(0.,0.,1.));
#2019=DIRECTION('',(1.,0.,0.));
#2020=DIRECTION('',(0.,0.,1.));
#2021=DIRECTION('',(1.,0.,0.));
#2022=DIRECTION('',(0.,0.,1.));
#2023=DIRECTION('',(1.,0.,0.));
#2024=DIRECTION('',(0.,0.,1.));
#2025=DIRECTION('',(1.,0.,0.));
#2026=DIRECTION('',(0.,0.,1.));
#2027=DIRECTION('',(1.,0.,0.));
#2028=DIRECTION('',(0.,0.,1.));
#2029=DIRECTION('',(1.,0.,0.));
#2030=DIRECTION('',(-1.,0.,0.));
#2031=DIRECTION('',(0.,-1.,0.));
#2032=DIRECTION('',(0.,0.,1.));
#2033=DIRECTION('',(1.,0.,0.));
#2034=DIRECTION('',(0.,0.,-1.));
#2035=DIRECTION('',(1.,0.,0.));
#2036=DIRECTION('',(0.,0.,-1.));
#2037=DIRECTION('',(1.,0.,0.));
#2038=DIRECTION('',(0.,0.,-1.));
#2039=DIRECTION('',(0.,0.,-1.));
#2040=DIRECTION('',(1.,0.,0.));
#2041=DIRECTION('',(0.,0.,1.));
#2042=DIRECTION('',(1.,0.,0.));
#2043=DIRECTION('',(0.,1.,0.));
#2044=DIRECTION('',(1.,0.,0.));
#2045=DIRECTION('',(0.,0.,1.));
#2046=DIRECTION('',(1.,0.,0.));
#2047=DIRECTION('',(0.,0.,-1.));
#2048=DIRECTION('',(0.,-1.,0.));
#2049=DIRECTION('',(0.707106781186548,0.,-0.707106781186548));
#2050=DIRECTION('',(0.,1.,0.));
#2051=DIRECTION('',(0.,0.,-1.));
#2052=DIRECTION('',(-0.707106781186548,0.,-0.707106781186548));
#2053=CARTESIAN_POINT('',(0.,0.,0.));
#2054=CARTESIAN_POINT('',(-0.00215,0.021,-1.0842021724855E-19));
#2055=CARTESIAN_POINT('',(-0.00215,0.021,0.003));
#2056=CARTESIAN_POINT('',(-0.00215,0.0167,-8.13151629364128E-20));
#2057=CARTESIAN_POINT('',(-0.00215,0.0167,0.003));
#2058=CARTESIAN_POINT('',(0.00215,0.0167,-8.13151629364128E-20));
#2059=CARTESIAN_POINT('',(0.00215,0.0167,0.003));
#2060=CARTESIAN_POINT('',(0.00215,0.021,-1.0842021724855E-19));
#2061=CARTESIAN_POINT('',(0.00215,0.021,0.003));
#2062=CARTESIAN_POINT('',(0.,0.021,0.));
#2063=CARTESIAN_POINT('',(-0.00215,0.021,0.));
#2064=CARTESIAN_POINT('',(0.00215,0.021,0.));
#2065=CARTESIAN_POINT('',(-0.00215,0.021,-0.000149999999999997));
#2066=CARTESIAN_POINT('',(-0.00215,0.021,0.00315));
#2067=CARTESIAN_POINT('',(-0.00215,0.021,0.003));
#2068=CARTESIAN_POINT('',(0.,0.021,0.003));
#2069=CARTESIAN_POINT('',(0.00215,0.021,0.003));
#2070=CARTESIAN_POINT('',(0.00215,0.021,-0.000149999999999997));
#2071=CARTESIAN_POINT('',(0.00215,0.021,0.00315));
#2072=CARTESIAN_POINT('',(0.01435,-0.028,2.71050543121376E-20));
#2073=CARTESIAN_POINT('',(0.01435,-0.028,0.003));
#2074=CARTESIAN_POINT('',(0.01435,-0.0323,2.03287907341032E-20));
#2075=CARTESIAN_POINT('',(0.01435,-0.0323,0.003));
#2076=CARTESIAN_POINT('',(0.01865,-0.0323,2.03287907341032E-20));
#2077=CARTESIAN_POINT('',(0.01865,-0.0323,0.003));
#2078=CARTESIAN_POINT('',(0.01865,-0.028,2.71050543121376E-20));
#2079=CARTESIAN_POINT('',(0.01865,-0.028,0.003));
#2080=CARTESIAN_POINT('',(0.0165,-0.028,0.));
#2081=CARTESIAN_POINT('',(0.01865,-0.028,0.));
#2082=CARTESIAN_POINT('',(0.01435,-0.028,0.));
#2083=CARTESIAN_POINT('',(0.01435,-0.028,-0.000149999999999997));
#2084=CARTESIAN_POINT('',(0.01435,-0.028,0.00315));
#2085=CARTESIAN_POINT('',(0.01435,-0.028,0.003));
#2086=CARTESIAN_POINT('',(0.0165,-0.028,0.003));
#2087=CARTESIAN_POINT('',(0.01865,-0.028,0.003));
#2088=CARTESIAN_POINT('',(0.01865,-0.028,-0.000149999999999997));
#2089=CARTESIAN_POINT('',(0.01865,-0.028,0.00315));
#2090=CARTESIAN_POINT('',(-0.01865,-0.028,2.71050543121376E-20));
#2091=CARTESIAN_POINT('',(-0.01865,-0.028,0.003));
#2092=CARTESIAN_POINT('',(-0.01865,-0.0323,2.03287907341032E-20));
#2093=CARTESIAN_POINT('',(-0.01865,-0.0323,0.003));
#2094=CARTESIAN_POINT('',(-0.01435,-0.0323,2.03287907341032E-20));
#2095=CARTESIAN_POINT('',(-0.01435,-0.0323,0.003));
#2096=CARTESIAN_POINT('',(-0.01435,-0.028,2.71050543121376E-20));
#2097=CARTESIAN_POINT('',(-0.01435,-0.028,0.003));
#2098=CARTESIAN_POINT('',(-0.0165,-0.028,0.));
#2099=CARTESIAN_POINT('',(-0.01865,-0.028,0.));
#2100=CARTESIAN_POINT('',(-0.01435,-0.028,0.));
#2101=CARTESIAN_POINT('',(-0.01865,-0.028,-0.000149999999999997));
#2102=CARTESIAN_POINT('',(-0.01865,-0.028,0.00315));
#2103=CARTESIAN_POINT('',(-0.01865,-0.028,0.003));
#2104=CARTESIAN_POINT('',(-0.0165,-0.028,0.003));
#2105=CARTESIAN_POINT('',(-0.01435,-0.028,0.003));
#2106=CARTESIAN_POINT('',(-0.01435,-0.028,-0.000149999999999997));
#2107=CARTESIAN_POINT('',(-0.01435,-0.028,0.00315));
#2108=CARTESIAN_POINT('',(-0.0137,-0.028,0.0095));
#2109=CARTESIAN_POINT('',(-0.0137,-0.028,0.003));
#2110=CARTESIAN_POINT('',(-0.0137,-0.0336,0.0095));
#2111=CARTESIAN_POINT('',(-0.0137,-0.0336,0.003));
#2112=CARTESIAN_POINT('',(-0.0193,-0.0336,0.0095));
#2113=CARTESIAN_POINT('',(-0.0193,-0.0336,0.003));
#2114=CARTESIAN_POINT('',(-0.0193,-0.028,0.0095));
#2115=CARTESIAN_POINT('',(-0.0193,-0.028,0.003));
#2116=CARTESIAN_POINT('',(-0.0165,-0.028,0.0095));
#2117=CARTESIAN_POINT('',(-0.0137,-0.028,0.0095));
#2118=CARTESIAN_POINT('',(-0.0193,-0.028,0.0095));
#2119=CARTESIAN_POINT('',(-0.0137,-0.028,0.009825));
#2120=CARTESIAN_POINT('',(-0.0137,-0.028,0.002675));
#2121=CARTESIAN_POINT('',(-0.0137,-0.028,0.003));
#2122=CARTESIAN_POINT('',(-0.0165,-0.028,0.003));
#2123=CARTESIAN_POINT('',(-0.0193,-0.028,0.003));
#2124=CARTESIAN_POINT('',(-0.0193,-0.028,0.009825));
#2125=CARTESIAN_POINT('',(-0.0193,-0.028,0.002675));
#2126=CARTESIAN_POINT('',(0.0193,-0.028,0.0095));
#2127=CARTESIAN_POINT('',(0.0193,-0.028,0.003));
#2128=CARTESIAN_POINT('',(0.0193,-0.0336,0.0095));
#2129=CARTESIAN_POINT('',(0.0193,-0.0336,0.003));
#2130=CARTESIAN_POINT('',(0.0137,-0.0336,0.0095));
#2131=CARTESIAN_POINT('',(0.0137,-0.0336,0.003));
#2132=CARTESIAN_POINT('',(0.0137,-0.028,0.0095));
#2133=CARTESIAN_POINT('',(0.0137,-0.028,0.003));
#2134=CARTESIAN_POINT('',(0.0165,-0.028,0.0095));
#2135=CARTESIAN_POINT('',(0.0137,-0.028,0.0095));
#2136=CARTESIAN_POINT('',(0.0193,-0.028,0.0095));
#2137=CARTESIAN_POINT('',(0.0193,-0.028,0.009825));
#2138=CARTESIAN_POINT('',(0.0193,-0.028,0.002675));
#2139=CARTESIAN_POINT('',(0.0193,-0.028,0.003));
#2140=CARTESIAN_POINT('',(0.0165,-0.028,0.003));
#2141=CARTESIAN_POINT('',(0.0137,-0.028,0.003));
#2142=CARTESIAN_POINT('',(0.0137,-0.028,0.009825));
#2143=CARTESIAN_POINT('',(0.0137,-0.028,0.002675));
#2144=CARTESIAN_POINT('',(-0.005,0.021,0.0095));
#2145=CARTESIAN_POINT('',(-0.005,0.021,0.003));
#2146=CARTESIAN_POINT('',(-0.005,0.031,0.0095));
#2147=CARTESIAN_POINT('',(-0.005,0.031,0.003));
#2148=CARTESIAN_POINT('',(0.005,0.031,0.0095));
#2149=CARTESIAN_POINT('',(0.005,0.031,0.003));
#2150=CARTESIAN_POINT('',(0.005,0.021,0.0095));
#2151=CARTESIAN_POINT('',(0.005,0.021,0.003));
#2152=CARTESIAN_POINT('',(1.7347234759768E-18,0.021,0.0095));
#2153=CARTESIAN_POINT('',(0.005,0.021,0.0095));
#2154=CARTESIAN_POINT('',(-0.005,0.021,0.0095));
#2155=CARTESIAN_POINT('',(0.005,0.021,0.009825));
#2156=CARTESIAN_POINT('',(0.005,0.021,0.002675));
#2157=CARTESIAN_POINT('',(0.005,0.021,0.003));
#2158=CARTESIAN_POINT('',(1.7347234759768E-18,0.021,0.003));
#2159=CARTESIAN_POINT('',(-0.005,0.021,0.003));
#2160=CARTESIAN_POINT('',(-0.005,0.021,0.009825));
#2161=CARTESIAN_POINT('',(-0.005,0.021,0.002675));
#2162=CARTESIAN_POINT('',(-0.00255987792677696,0.016705,0.0095));
#2163=CARTESIAN_POINT('',(-0.00255987792677696,0.016705,0.003));
#2164=CARTESIAN_POINT('',(-0.00427613771994561,0.0177279139839691,0.0095));
#2165=CARTESIAN_POINT('',(-0.00427613771994561,0.0177279139839691,0.003));
#2166=CARTESIAN_POINT('',(-0.005,0.0194077633694765,0.0095));
#2167=CARTESIAN_POINT('',(-0.005,0.0194077633694765,0.003));
#2168=CARTESIAN_POINT('',(-0.005,0.021,0.0095));
#2169=CARTESIAN_POINT('',(-0.005,0.021,0.003));
#2170=CARTESIAN_POINT('',(1.7347234759768E-18,0.021,0.0095));
#2171=CARTESIAN_POINT('',(-0.00255987792677697,0.016705,0.0095));
#2172=CARTESIAN_POINT('',(1.7347234759768E-18,0.021,0.003));
#2173=CARTESIAN_POINT('',(-0.00255987792677697,0.016705,0.003));
#2174=CARTESIAN_POINT('',(-0.00255987792677697,0.016705,0.0095));
#2175=CARTESIAN_POINT('',(0.0028,0.021,0.0095));
#2176=CARTESIAN_POINT('',(0.0028,0.021,0.003));
#2177=CARTESIAN_POINT('',(0.0028,0.0154,0.0095));
#2178=CARTESIAN_POINT('',(0.0028,0.0154,0.003));
#2179=CARTESIAN_POINT('',(-0.0028,0.0154,0.0095));
#2180=CARTESIAN_POINT('',(-0.0028,0.0154,0.003));
#2181=CARTESIAN_POINT('',(-0.0028,0.021,0.0095));
#2182=CARTESIAN_POINT('',(-0.0028,0.021,0.003));
#2183=CARTESIAN_POINT('',(0.,0.021,0.0095));
#2184=CARTESIAN_POINT('',(-0.0028,0.021,0.0095));
#2185=CARTESIAN_POINT('',(0.0028,0.021,0.0095));
#2186=CARTESIAN_POINT('',(0.0028,0.021,0.009825));
#2187=CARTESIAN_POINT('',(0.0028,0.021,0.002675));
#2188=CARTESIAN_POINT('',(0.0028,0.021,0.003));
#2189=CARTESIAN_POINT('',(0.,0.021,0.003));
#2190=CARTESIAN_POINT('',(-0.0028,0.021,0.003));
#2191=CARTESIAN_POINT('',(-0.0028,0.021,0.009825));
#2192=CARTESIAN_POINT('',(-0.0028,0.021,0.002675));
#2193=CARTESIAN_POINT('',(-0.0277500000000001,-0.026,-6.80133575327313E-17));
#2194=CARTESIAN_POINT('',(-0.0277500000000001,-0.0224999999999999,-6.80150515986258E-17));
#2195=CARTESIAN_POINT('',(-0.0242499999999999,-0.0224999999999999,-6.80150515986258E-17));
#2196=CARTESIAN_POINT('',(-0.0242499999999999,-0.026,-6.80133575327313E-17));
#2197=CARTESIAN_POINT('',(-0.0271,-0.026,0.000649999999999997));
#2198=CARTESIAN_POINT('',(-0.0271,-0.0238,0.000649999999999997));
#2199=CARTESIAN_POINT('',(-0.0249,-0.0238,0.000649999999999997));
#2200=CARTESIAN_POINT('',(-0.0249,-0.026,0.000649999999999997));
#2201=CARTESIAN_POINT('',(-0.026,-0.026,0.));
#2202=CARTESIAN_POINT('',(-0.02425,-0.026,0.));
#2203=CARTESIAN_POINT('',(-0.02775,-0.026,0.));
#2204=CARTESIAN_POINT('',(-0.0242175,-0.026,-3.25000000000011E-5));
#2205=CARTESIAN_POINT('',(-0.026,-0.026,0.00174999999999998));
#2206=CARTESIAN_POINT('',(-0.0249,-0.026,0.00065));
#2207=CARTESIAN_POINT('',(-0.026,-0.026,0.00065));
#2208=CARTESIAN_POINT('',(-0.0271,-0.026,0.00065));
#2209=CARTESIAN_POINT('',(-0.0277825,-0.026,-3.25000000000011E-5));
#2210=CARTESIAN_POINT('',(-0.026,-0.026,0.00174999999999998));
#2211=CARTESIAN_POINT('',(0.0242499999999999,-0.026,-6.91111122323729E-17));
#2212=CARTESIAN_POINT('',(0.0242499999999999,-0.0224999999999999,-6.91128062982674E-17));
#2213=CARTESIAN_POINT('',(0.0277500000000001,-0.0224999999999999,-6.91128062982674E-17));
#2214=CARTESIAN_POINT('',(0.0277500000000001,-0.026,-6.91111122323729E-17));
#2215=CARTESIAN_POINT('',(0.0249,-0.026,0.000649999999999997));
#2216=CARTESIAN_POINT('',(0.0249,-0.0238,0.000649999999999997));
#2217=CARTESIAN_POINT('',(0.0271,-0.0238,0.000649999999999997));
#2218=CARTESIAN_POINT('',(0.0271,-0.026,0.000649999999999997));
#2219=CARTESIAN_POINT('',(0.026,-0.026,0.));
#2220=CARTESIAN_POINT('',(0.02775,-0.026,0.));
#2221=CARTESIAN_POINT('',(0.02425,-0.026,0.));
#2222=CARTESIAN_POINT('',(0.0277825,-0.026,-3.25000000000011E-5));
#2223=CARTESIAN_POINT('',(0.026,-0.026,0.00174999999999998));
#2224=CARTESIAN_POINT('',(0.0271,-0.026,0.00065));
#2225=CARTESIAN_POINT('',(0.026,-0.026,0.00065));
#2226=CARTESIAN_POINT('',(0.0249,-0.026,0.00065));
#2227=CARTESIAN_POINT('',(0.0242175,-0.026,-3.25000000000011E-5));
#2228=CARTESIAN_POINT('',(0.026,-0.026,0.00174999999999998));
#2229=CARTESIAN_POINT('',(-0.00175000000000007,0.0295,-6.83928282931012E-17));
#2230=CARTESIAN_POINT('',(-0.00175000000000007,0.0330000000000001,-6.83911342272067E-17));
#2231=CARTESIAN_POINT('',(0.00175000000000007,0.0330000000000001,-6.83911342272067E-17));
#2232=CARTESIAN_POINT('',(0.00175000000000007,0.0295,-6.83928282931012E-17));
#2233=CARTESIAN_POINT('',(-0.0011,0.0295,0.000649999999999997));
#2234=CARTESIAN_POINT('',(-0.0011,0.0317,0.000649999999999997));
#2235=CARTESIAN_POINT('',(0.0011,0.0317,0.000649999999999997));
#2236=CARTESIAN_POINT('',(0.0011,0.0295,0.000649999999999997));
#2237=CARTESIAN_POINT('',(2.16840434497101E-19,0.0295,0.));
#2238=CARTESIAN_POINT('',(0.00175,0.0295,0.));
#2239=CARTESIAN_POINT('',(-0.00175,0.0295,0.));
#2240=CARTESIAN_POINT('',(0.0017825,0.0295,-3.24999999999998E-5));
#2241=CARTESIAN_POINT('',(-2.16840434497101E-18,0.0295,0.00174999999999999));
#2242=CARTESIAN_POINT('',(0.0011,0.0295,0.00065));
#2243=CARTESIAN_POINT('',(2.16840434497101E-19,0.0295,0.00065));
#2244=CARTESIAN_POINT('',(-0.0011,0.0295,0.00065));
#2245=CARTESIAN_POINT('',(-0.0017825,0.0295,-3.24999999999998E-5));
#2246=CARTESIAN_POINT('',(2.60208521396521E-18,0.0295,0.00174999999999999));
#2247=CARTESIAN_POINT('',(-0.00665000000000009,-0.0245,-9.24282352043893E-17));
#2248=CARTESIAN_POINT('',(-0.00665000000000009,-0.0201999999999998,-9.24248470726002E-17));
#2249=CARTESIAN_POINT('',(-0.00234999999999991,-0.0201999999999998,-9.24248470726002E-17));
#2250=CARTESIAN_POINT('',(-0.00234999999999991,-0.0245,-9.24282352043893E-17));
#2251=CARTESIAN_POINT('',(-0.00565,-0.0245,0.00099999999999999));
#2252=CARTESIAN_POINT('',(-0.00565,-0.0222,0.00099999999999999));
#2253=CARTESIAN_POINT('',(-0.00335,-0.0222,0.00099999999999999));
#2254=CARTESIAN_POINT('',(-0.00335,-0.0245,0.00099999999999999));
#2255=CARTESIAN_POINT('',(-0.0045,-0.0245,0.));
#2256=CARTESIAN_POINT('',(-0.00235,-0.0245,0.));
#2257=CARTESIAN_POINT('',(-0.00665,-0.0245,0.));
#2258=CARTESIAN_POINT('',(-0.0023,-0.0245,-4.99999999999995E-5));
#2259=CARTESIAN_POINT('',(-0.0045,-0.0245,0.00214999999999998));
#2260=CARTESIAN_POINT('',(-0.00335,-0.0245,0.000999999999999987));
#2261=CARTESIAN_POINT('',(-0.0045,-0.0245,0.000999999999999987));
#2262=CARTESIAN_POINT('',(-0.00565,-0.0245,0.000999999999999987));
#2263=CARTESIAN_POINT('',(-0.0067,-0.0245,-4.99999999999995E-5));
#2264=CARTESIAN_POINT('',(-0.0045,-0.0245,0.00214999999999998));
#2265=CARTESIAN_POINT('',(-0.0249,-0.026,0.003));
#2266=CARTESIAN_POINT('',(-0.0249,-0.026,0.00065));
#2267=CARTESIAN_POINT('',(-0.0249,-0.0282,0.003));
#2268=CARTESIAN_POINT('',(-0.0249,-0.0282,0.00065));
#2269=CARTESIAN_POINT('',(-0.0271,-0.0282,0.003));
#2270=CARTESIAN_POINT('',(-0.0271,-0.0282,0.00065));
#2271=CARTESIAN_POINT('',(-0.0271,-0.026,0.003));
#2272=CARTESIAN_POINT('',(-0.0271,-0.026,0.00065));
#2273=CARTESIAN_POINT('',(-0.026,-0.026,0.003));
#2274=CARTESIAN_POINT('',(-0.0249,-0.026,0.003));
#2275=CARTESIAN_POINT('',(-0.0271,-0.026,0.003));
#2276=CARTESIAN_POINT('',(-0.0249,-0.026,0.00311750000000001));
#2277=CARTESIAN_POINT('',(-0.0249,-0.026,0.000532499999999991));
#2278=CARTESIAN_POINT('',(-0.026,-0.026,0.00065));
#2279=CARTESIAN_POINT('',(-0.0271,-0.026,0.00311750000000001));
#2280=CARTESIAN_POINT('',(-0.0271,-0.026,0.000532499999999991));
#2281=CARTESIAN_POINT('',(-0.00335,-0.0245,0.003));
#2282=CARTESIAN_POINT('',(-0.00335,-0.0245,0.000999999999999987));
#2283=CARTESIAN_POINT('',(-0.00335,-0.0268,0.003));
#2284=CARTESIAN_POINT('',(-0.00335,-0.0268,0.000999999999999987));
#2285=CARTESIAN_POINT('',(-0.00565,-0.0268,0.003));
#2286=CARTESIAN_POINT('',(-0.00565,-0.0268,0.000999999999999987));
#2287=CARTESIAN_POINT('',(-0.00565,-0.0245,0.003));
#2288=CARTESIAN_POINT('',(-0.00565,-0.0245,0.000999999999999987));
#2289=CARTESIAN_POINT('',(-0.0045,-0.0245,0.003));
#2290=CARTESIAN_POINT('',(-0.00335,-0.0245,0.003));
#2291=CARTESIAN_POINT('',(-0.00565,-0.0245,0.003));
#2292=CARTESIAN_POINT('',(-0.00335,-0.0245,0.00310000000000001));
#2293=CARTESIAN_POINT('',(-0.00335,-0.0245,0.000899999999999984));
#2294=CARTESIAN_POINT('',(-0.0045,-0.0245,0.000999999999999987));
#2295=CARTESIAN_POINT('',(-0.00565,-0.0245,0.00310000000000001));
#2296=CARTESIAN_POINT('',(-0.00565,-0.0245,0.000899999999999984));
#2297=CARTESIAN_POINT('',(0.0011,0.0295,0.003));
#2298=CARTESIAN_POINT('',(0.0011,0.0295,0.00065));
#2299=CARTESIAN_POINT('',(0.0011,0.0273,0.003));
#2300=CARTESIAN_POINT('',(0.0011,0.0273,0.00065));
#2301=CARTESIAN_POINT('',(-0.0011,0.0273,0.003));
#2302=CARTESIAN_POINT('',(-0.0011,0.0273,0.00065));
#2303=CARTESIAN_POINT('',(-0.0011,0.0295,0.003));
#2304=CARTESIAN_POINT('',(-0.0011,0.0295,0.00065));
#2305=CARTESIAN_POINT('',(2.16840434497101E-19,0.0295,0.003));
#2306=CARTESIAN_POINT('',(0.0011,0.0295,0.003));
#2307=CARTESIAN_POINT('',(-0.0011,0.0295,0.003));
#2308=CARTESIAN_POINT('',(0.0011,0.0295,0.00311750000000001));
#2309=CARTESIAN_POINT('',(0.0011,0.0295,0.000532499999999991));
#2310=CARTESIAN_POINT('',(2.16840434497101E-19,0.0295,0.00065));
#2311=CARTESIAN_POINT('',(-0.0011,0.0295,0.00311750000000001));
#2312=CARTESIAN_POINT('',(-0.0011,0.0295,0.000532499999999991));
#2313=CARTESIAN_POINT('',(0.0271,-0.026,0.003));
#2314=CARTESIAN_POINT('',(0.0271,-0.026,0.00065));
#2315=CARTESIAN_POINT('',(0.0271,-0.0282,0.003));
#2316=CARTESIAN_POINT('',(0.0271,-0.0282,0.00065));
#2317=CARTESIAN_POINT('',(0.0249,-0.0282,0.003));
#2318=CARTESIAN_POINT('',(0.0249,-0.0282,0.00065));
#2319=CARTESIAN_POINT('',(0.0249,-0.026,0.003));
#2320=CARTESIAN_POINT('',(0.0249,-0.026,0.00065));
#2321=CARTESIAN_POINT('',(0.026,-0.026,0.003));
#2322=CARTESIAN_POINT('',(0.0271,-0.026,0.003));
#2323=CARTESIAN_POINT('',(0.0249,-0.026,0.003));
#2324=CARTESIAN_POINT('',(0.0271,-0.026,0.00311750000000001));
#2325=CARTESIAN_POINT('',(0.0271,-0.026,0.000532499999999991));
#2326=CARTESIAN_POINT('',(0.026,-0.026,0.00065));
#2327=CARTESIAN_POINT('',(0.0249,-0.026,0.00311750000000001));
#2328=CARTESIAN_POINT('',(0.0249,-0.026,0.000532499999999991));
#2329=CARTESIAN_POINT('',(-0.00524999999999993,-6.42939569552352E-19,-6.92059799224654E-17));
#2330=CARTESIAN_POINT('',(-0.00524999999999993,-0.00350000000000014,-6.92093680542544E-17));
#2331=CARTESIAN_POINT('',(-0.00875000000000007,-0.00350000000000014,-6.92093680542544E-17));
#2332=CARTESIAN_POINT('',(-0.00875000000000007,-1.07156594925394E-18,-6.92059799224654E-17));
#2333=CARTESIAN_POINT('',(-0.0059,-7.22541611496938E-19,0.00065));
#2334=CARTESIAN_POINT('',(-0.0059,-0.0022,0.00065));
#2335=CARTESIAN_POINT('',(-0.0081,-0.0022,0.00065));
#2336=CARTESIAN_POINT('',(-0.0081,-9.91963907309356E-19,0.00065));
#2337=CARTESIAN_POINT('',(-0.007,-8.57252759403147E-19,0.));
#2338=CARTESIAN_POINT('',(-0.00875,-1.07156594925393E-18,0.));
#2339=CARTESIAN_POINT('',(-0.00525,-6.42939569552361E-19,0.));
#2340=CARTESIAN_POINT('',(-0.0087825,-1.07554605135116E-18,-3.24999999999998E-5));
#2341=CARTESIAN_POINT('',(-0.007,-8.57252759403147E-19,0.00175));
#2342=CARTESIAN_POINT('',(-0.0081,-9.91963907309356E-19,0.00065));
#2343=CARTESIAN_POINT('',(-0.007,-8.57252759403147E-19,0.00065));
#2344=CARTESIAN_POINT('',(-0.0059,-8.57252759403147E-19,0.00065));
#2345=CARTESIAN_POINT('',(-0.0052175,-6.38959467455132E-19,-3.24999999999998E-5));
#2346=CARTESIAN_POINT('',(-0.007,-8.57252759403147E-19,0.00175));
#2347=CARTESIAN_POINT('',(0.00875000000000007,1.07156594925394E-18,-6.91788748681532E-17));
#2348=CARTESIAN_POINT('',(0.00875000000000007,-0.00350000000000014,-6.91839570658367E-17));
#2349=CARTESIAN_POINT('',(0.00524999999999993,-0.00350000000000014,-6.91839570658367E-17));
#2350=CARTESIAN_POINT('',(0.00524999999999993,6.42939569552352E-19,-6.91788748681532E-17));
#2351=CARTESIAN_POINT('',(0.0081,9.91963907309356E-19,0.00065));
#2352=CARTESIAN_POINT('',(0.0081,-0.0022,0.00065));
#2353=CARTESIAN_POINT('',(0.0059,-0.0022,0.00065));
#2354=CARTESIAN_POINT('',(0.0059,7.22541611496938E-19,0.00065));
#2355=CARTESIAN_POINT('',(0.007,8.57252759403147E-19,0.));
#2356=CARTESIAN_POINT('',(0.00525,6.42939569552361E-19,0.));
#2357=CARTESIAN_POINT('',(0.00875,1.07156594925393E-18,0.));
#2358=CARTESIAN_POINT('',(0.0052175,6.38959467455132E-19,-3.24999999999994E-5));
#2359=CARTESIAN_POINT('',(0.007,8.57252759403147E-19,0.00175));
#2360=CARTESIAN_POINT('',(0.0059,7.22541611496938E-19,0.00065));
#2361=CARTESIAN_POINT('',(0.007,8.57252759403147E-19,0.00065));
#2362=CARTESIAN_POINT('',(0.0081,8.57252759403147E-19,0.00065));
#2363=CARTESIAN_POINT('',(0.0087825,1.07554605135116E-18,-3.24999999999994E-5));
#2364=CARTESIAN_POINT('',(0.007,8.57252759403147E-19,0.00175));
#2365=CARTESIAN_POINT('',(0.00175000000000007,0.007,-6.93618339847601E-17));
#2366=CARTESIAN_POINT('',(0.00175000000000007,0.00349999999999986,-6.93618339847601E-17));
#2367=CARTESIAN_POINT('',(-0.00175000000000007,0.00349999999999986,-6.93618339847601E-17));
#2368=CARTESIAN_POINT('',(-0.00175000000000007,0.007,-6.93618339847601E-17));
#2369=CARTESIAN_POINT('',(0.0011,0.007,0.00065));
#2370=CARTESIAN_POINT('',(0.0011,0.0048,0.00065));
#2371=CARTESIAN_POINT('',(-0.0011,0.0048,0.00065));
#2372=CARTESIAN_POINT('',(-0.0011,0.007,0.00065));
#2373=CARTESIAN_POINT('',(-8.57252759403147E-19,0.007,0.));
#2374=CARTESIAN_POINT('',(-0.00175,0.007,0.));
#2375=CARTESIAN_POINT('',(0.00175,0.007,0.));
#2376=CARTESIAN_POINT('',(-0.0017825,0.007,-3.24999999999998E-5));
#2377=CARTESIAN_POINT('',(-8.4714378081789E-19,0.007,0.00175));
#2378=CARTESIAN_POINT('',(-0.0011,0.007,0.00065));
#2379=CARTESIAN_POINT('',(-8.57252759403147E-19,0.007,0.00065));
#2380=CARTESIAN_POINT('',(0.0011,0.007,0.00065));
#2381=CARTESIAN_POINT('',(0.0017825,0.007,-3.24999999999998E-5));
#2382=CARTESIAN_POINT('',(-8.67361737988404E-19,0.007,0.00175));
#2383=CARTESIAN_POINT('',(0.0011,0.007,0.00065));
#2384=CARTESIAN_POINT('',(0.0011,0.007,0.003));
#2385=CARTESIAN_POINT('',(0.0011,0.0092,0.00065));
#2386=CARTESIAN_POINT('',(0.0011,0.0092,0.003));
#2387=CARTESIAN_POINT('',(-0.0011,0.0092,0.00065));
#2388=CARTESIAN_POINT('',(-0.0011,0.0092,0.003));
#2389=CARTESIAN_POINT('',(-0.0011,0.007,0.00065));
#2390=CARTESIAN_POINT('',(-0.0011,0.007,0.003));
#2391=CARTESIAN_POINT('',(-8.57252759403147E-19,0.007,0.00065));
#2392=CARTESIAN_POINT('',(0.0011,0.007,0.0005325));
#2393=CARTESIAN_POINT('',(0.0011,0.007,0.0031175));
#2394=CARTESIAN_POINT('',(0.0011,0.007,0.003));
#2395=CARTESIAN_POINT('',(-8.57252759403147E-19,0.007,0.003));
#2396=CARTESIAN_POINT('',(-0.0011,0.007,0.003));
#2397=CARTESIAN_POINT('',(-0.0011,0.007,0.0005325));
#2398=CARTESIAN_POINT('',(-0.0011,0.007,0.0031175));
#2399=CARTESIAN_POINT('',(0.0081,8.57252759403147E-19,0.00065));
#2400=CARTESIAN_POINT('',(0.0081,8.57252759403147E-19,0.003));
#2401=CARTESIAN_POINT('',(0.0081,0.0022,0.00065));
#2402=CARTESIAN_POINT('',(0.0081,0.0022,0.003));
#2403=CARTESIAN_POINT('',(0.0059,0.0022,0.00065));
#2404=CARTESIAN_POINT('',(0.0059,0.0022,0.003));
#2405=CARTESIAN_POINT('',(0.0059,9.91963907309356E-19,0.00065));
#2406=CARTESIAN_POINT('',(0.0059,9.91963907309356E-19,0.003));
#2407=CARTESIAN_POINT('',(0.007,8.57252759403147E-19,0.00065));
#2408=CARTESIAN_POINT('',(0.0081,8.57252759403147E-19,0.0005325));
#2409=CARTESIAN_POINT('',(0.0081,8.57252759403147E-19,0.0031175));
#2410=CARTESIAN_POINT('',(0.0081,8.57252759403147E-19,0.003));
#2411=CARTESIAN_POINT('',(0.007,8.57252759403147E-19,0.003));
#2412=CARTESIAN_POINT('',(0.0059,7.22541611496938E-19,0.003));
#2413=CARTESIAN_POINT('',(0.0059,9.91963907309356E-19,0.0005325));
#2414=CARTESIAN_POINT('',(0.0059,9.91963907309356E-19,0.0031175));
#2415=CARTESIAN_POINT('',(-0.0059,-8.57252759403147E-19,0.00065));
#2416=CARTESIAN_POINT('',(-0.0059,-8.57252759403147E-19,0.003));
#2417=CARTESIAN_POINT('',(-0.0059,0.0022,0.00065));
#2418=CARTESIAN_POINT('',(-0.0059,0.0022,0.003));
#2419=CARTESIAN_POINT('',(-0.0081,0.0022,0.00065));
#2420=CARTESIAN_POINT('',(-0.0081,0.0022,0.003));
#2421=CARTESIAN_POINT('',(-0.0081,-7.22541611496938E-19,0.00065));
#2422=CARTESIAN_POINT('',(-0.0081,-7.22541611496938E-19,0.003));
#2423=CARTESIAN_POINT('',(-0.007,-8.57252759403147E-19,0.00065));
#2424=CARTESIAN_POINT('',(-0.0059,-8.57252759403147E-19,0.0005325));
#2425=CARTESIAN_POINT('',(-0.0059,-8.57252759403147E-19,0.0031175));
#2426=CARTESIAN_POINT('',(-0.0059,-8.57252759403147E-19,0.003));
#2427=CARTESIAN_POINT('',(-0.007,-8.57252759403147E-19,0.003));
#2428=CARTESIAN_POINT('',(-0.0081,-9.91963907309356E-19,0.003));
#2429=CARTESIAN_POINT('',(-0.0081,-7.22541611496938E-19,0.0005325));
#2430=CARTESIAN_POINT('',(-0.0081,-7.22541611496938E-19,0.0031175));
#2431=CARTESIAN_POINT('',(0.0080511315732867,0.00575610446010892,0.));
#2432=CARTESIAN_POINT('',(0.0080511315732867,0.00575610446010892,0.003));
#2433=CARTESIAN_POINT('',(0.0080511315732867,0.00895610446010892,2.03287907341032E-20));
#2434=CARTESIAN_POINT('',(0.0080511315732867,0.00895610446010892,0.003));
#2435=CARTESIAN_POINT('',(0.0048511315732867,0.00895610446010892,2.03287907341032E-20));
#2436=CARTESIAN_POINT('',(0.0048511315732867,0.00895610446010892,0.003));
#2437=CARTESIAN_POINT('',(0.0048511315732867,0.00575610446010892,0.));
#2438=CARTESIAN_POINT('',(0.0048511315732867,0.00575610446010892,0.003));
#2439=CARTESIAN_POINT('',(0.0064511315732867,0.00575610446010892,0.));
#2440=CARTESIAN_POINT('',(0.0080511315732867,0.00575610446010892,0.));
#2441=CARTESIAN_POINT('',(0.0048511315732867,0.00575610446010892,0.));
#2442=CARTESIAN_POINT('',(0.0080511315732867,0.00575610446010892,-0.00015));
#2443=CARTESIAN_POINT('',(0.0080511315732867,0.00575610446010892,0.00315));
#2444=CARTESIAN_POINT('',(0.0080511315732867,0.00575610446010892,0.003));
#2445=CARTESIAN_POINT('',(0.0064511315732867,0.00575610446010892,0.003));
#2446=CARTESIAN_POINT('',(0.0048511315732867,0.00575610446010892,0.003));
#2447=CARTESIAN_POINT('',(0.0048511315732867,0.00575610446010892,-0.00015));
#2448=CARTESIAN_POINT('',(0.0048511315732867,0.00575610446010892,0.00315));
#2449=CARTESIAN_POINT('',(-0.00607118432756435,-0.00410650761433035,-2.71050543121376E-20));
#2450=CARTESIAN_POINT('',(-0.00607118432756435,-0.00410650761433035,0.003));
#2451=CARTESIAN_POINT('',(-0.00607118432756435,-0.000906507614330351,0.));
#2452=CARTESIAN_POINT('',(-0.00607118432756435,-0.00090650761433035,0.003));
#2453=CARTESIAN_POINT('',(-0.00927118432756435,-0.000906507614330351,0.));
#2454=CARTESIAN_POINT('',(-0.00927118432756435,-0.00090650761433035,0.003));
#2455=CARTESIAN_POINT('',(-0.00927118432756435,-0.00410650761433035,-2.71050543121376E-20));
#2456=CARTESIAN_POINT('',(-0.00927118432756435,-0.00410650761433035,0.003));
#2457=CARTESIAN_POINT('',(-0.00767118432756435,-0.00410650761433035,0.));
#2458=CARTESIAN_POINT('',(-0.00607118432756435,-0.00410650761433035,0.));
#2459=CARTESIAN_POINT('',(-0.00927118432756435,-0.00410650761433035,0.));
#2460=CARTESIAN_POINT('',(-0.00607118432756435,-0.00410650761433035,-0.00015));
#2461=CARTESIAN_POINT('',(-0.00607118432756435,-0.00410650761433035,0.00315));
#2462=CARTESIAN_POINT('',(-0.00607118432756435,-0.00410650761433035,0.003));
#2463=CARTESIAN_POINT('',(-0.00767118432756435,-0.00410650761433035,0.003));
#2464=CARTESIAN_POINT('',(-0.00927118432756435,-0.00410650761433035,0.003));
#2465=CARTESIAN_POINT('',(-0.00927118432756435,-0.00410650761433035,-0.00015));
#2466=CARTESIAN_POINT('',(-0.00927118432756435,-0.00410650761433035,0.00315));
#2467=CARTESIAN_POINT('',(0.0116010205144336,-0.029,0.0095));
#2468=CARTESIAN_POINT('',(0.0116010205144336,-0.029,0.003));
#2469=CARTESIAN_POINT('',(0.0104738778803253,-0.0234781513581961,0.0095));
#2470=CARTESIAN_POINT('',(0.0104738778803253,-0.0234781513581961,0.003));
#2471=CARTESIAN_POINT('',(0.0152968730094665,-0.0205626786821285,0.0095));
#2472=CARTESIAN_POINT('',(0.0152968730094665,-0.0205626786821285,0.003));
#2473=CARTESIAN_POINT('',(0.0196622776601684,-0.0241270166537926,0.0095));
#2474=CARTESIAN_POINT('',(0.0196622776601684,-0.0241270166537926,0.003));
#2475=CARTESIAN_POINT('',(0.0240276823108703,-0.0276913546254567,0.0095));
#2476=CARTESIAN_POINT('',(0.0240276823108703,-0.0276913546254567,0.003));
#2477=CARTESIAN_POINT('',(0.0221357131705416,-0.033,0.0095));
#2478=CARTESIAN_POINT('',(0.0221357131705416,-0.033,0.003));
#2479=CARTESIAN_POINT('',(0.0165,-0.033,0.0095));
#2480=CARTESIAN_POINT('',(0.0165,-0.033,0.003));
#2481=CARTESIAN_POINT('',(0.0116010205144336,-0.029,0.0095));
#2482=CARTESIAN_POINT('',(0.0116010205144336,-0.029,0.0095));
#2483=CARTESIAN_POINT('',(0.0116010205144336,-0.029,0.003));
#2484=CARTESIAN_POINT('',(0.0165,-0.028,0.0095));
#2485=CARTESIAN_POINT('',(0.0215,-0.028,0.0095));
#2486=CARTESIAN_POINT('',(0.0165,-0.028,0.0095));
#2487=CARTESIAN_POINT('',(0.0165,-0.033,0.0095));
#2488=CARTESIAN_POINT('',(0.0165,-0.033,0.0095));
#2489=CARTESIAN_POINT('',(0.0165,-0.033,0.003));
#2490=CARTESIAN_POINT('',(0.0165,-0.028,0.003));
#2491=CARTESIAN_POINT('',(0.0215,-0.028,0.003));
#2492=CARTESIAN_POINT('',(0.0165,-0.028,0.003));
#2493=CARTESIAN_POINT('',(0.0347949686820863,0.0354113094717161,0.));
#2494=CARTESIAN_POINT('',(0.0347949686820863,-0.0388767290224627,0.));
#2495=CARTESIAN_POINT('',(-0.0347949686820863,0.0354113094717161,0.));
#2496=CARTESIAN_POINT('',(-0.0347949686820863,-0.0388767290224627,0.));
#2497=CARTESIAN_POINT('',(0.0181158948554938,-0.033,0.));
#2498=CARTESIAN_POINT('',(0.0236317897109875,-0.033,0.));
#2499=CARTESIAN_POINT('',(0.0046,-0.033,0.));
#2500=CARTESIAN_POINT('',(0.0046,-0.03425,0.));
#2501=CARTESIAN_POINT('',(0.0046,-0.0355,0.));
#2502=CARTESIAN_POINT('',(6.07153216591882E-18,-0.0355,0.));
#2503=CARTESIAN_POINT('',(-0.0046,-0.0355,0.));
#2504=CARTESIAN_POINT('',(-0.0046,-0.03425,0.));
#2505=CARTESIAN_POINT('',(-0.0046,-0.033,0.));
#2506=CARTESIAN_POINT('',(-0.0181158948554938,-0.033,0.));
#2507=CARTESIAN_POINT('',(-0.0236317897109875,-0.033,0.));
#2508=CARTESIAN_POINT('',(-0.0236317897109875,-0.033,0.));
#2509=CARTESIAN_POINT('',(-0.0237970906997492,-0.033,0.));
#2510=CARTESIAN_POINT('',(-0.0239467681178535,-0.0329996554692121,0.));
#2511=CARTESIAN_POINT('',(-0.0241001202183955,-0.0329982808604858,0.));
#2512=CARTESIAN_POINT('',(-0.0242426641062938,-0.0329963013637135,0.));
#2513=CARTESIAN_POINT('',(-0.0244503898952626,-0.0329918013378695,0.));
#2514=CARTESIAN_POINT('',(-0.0247888694736835,-0.0329779553748927,0.));
#2515=CARTESIAN_POINT('',(-0.0251717812641583,-0.0329484346853374,0.));
#2516=CARTESIAN_POINT('',(-0.0255584730577175,-0.0329039415605085,0.));
#2517=CARTESIAN_POINT('',(-0.0261208267025796,-0.0328124966744744,0.));
#2518=CARTESIAN_POINT('',(-0.026652348226022,-0.0326833331440347,0.));
#2519=CARTESIAN_POINT('',(-0.0271526899433162,-0.0325226832882667,0.));
#2520=CARTESIAN_POINT('',(-0.0277007234066694,-0.0323132931953631,0.));
#2521=CARTESIAN_POINT('',(-0.0285795542087727,-0.0318839863115174,0.));
#2522=CARTESIAN_POINT('',(-0.0296879438471704,-0.031053411771636,0.));
#2523=CARTESIAN_POINT('',(-0.0305142887494207,-0.0299546745453437,0.));
#2524=CARTESIAN_POINT('',(-0.0310150256561086,-0.0289187083051382,0.));
#2525=CARTESIAN_POINT('',(-0.0312401694336296,-0.0282801296376477,0.));
#2526=CARTESIAN_POINT('',(-0.0313886922111604,-0.0277180303717508,0.));
#2527=CARTESIAN_POINT('',(-0.0314944559250142,-0.027213430549328,0.));
#2528=CARTESIAN_POINT('',(-0.031560135717232,-0.0267551478811394,0.));
#2529=CARTESIAN_POINT('',(-0.031596645157219,-0.0263280443416753,0.));
#2530=CARTESIAN_POINT('',(-0.031612166607717,-0.0260899056065245,0.));
#2531=CARTESIAN_POINT('',(-0.0316217620106095,-0.025874620998883,0.));
#2532=CARTESIAN_POINT('',(-0.0316271624897898,-0.025652400027305,0.));
#2533=CARTESIAN_POINT('',(-0.0316286757957438,-0.0255679111252004,0.));
#2534=CARTESIAN_POINT('',(-0.0316310583643716,-0.0253757591699279,0.));
#2535=CARTESIAN_POINT('',(-0.0316317897109875,-0.0251646480081717,0.));
#2536=CARTESIAN_POINT('',(-0.0316317897109875,-0.025,0.));
#2537=CARTESIAN_POINT('',(-0.0316317897109875,-0.025,0.));
#2538=CARTESIAN_POINT('',(-0.0316317897109875,-0.0165,0.));
#2539=CARTESIAN_POINT('',(-0.0316317897109875,3.87377700208631E-18,0.));
#2540=CARTESIAN_POINT('',(0.,0.,0.));
#2541=CARTESIAN_POINT('',(0.0316317897109875,3.8737770020863E-18,0.));
#2542=CARTESIAN_POINT('',(0.0316317897109875,-0.0165,0.));
#2543=CARTESIAN_POINT('',(0.0316317897109875,-0.025,0.));
#2544=CARTESIAN_POINT('',(0.0316317897109875,-0.025,0.));
#2545=CARTESIAN_POINT('',(0.0316317897109875,-0.0253395173571351,0.));
#2546=CARTESIAN_POINT('',(0.0316230850957497,-0.0258044590490912,0.));
#2547=CARTESIAN_POINT('',(0.0315953504806028,-0.0263261848350506,0.));
#2548=CARTESIAN_POINT('',(0.0315691615388803,-0.0266272278929309,0.));
#2549=CARTESIAN_POINT('',(0.0315480205770662,-0.0268149298742728,0.));
#2550=CARTESIAN_POINT('',(0.0315092492335773,-0.0270974232396553,0.));
#2551=CARTESIAN_POINT('',(0.0314270499259257,-0.0275675507845015,0.));
#2552=CARTESIAN_POINT('',(0.0312930516260707,-0.0280987727665174,0.));
#2553=CARTESIAN_POINT('',(0.0311295760054891,-0.0285904458253848,0.));
#2554=CARTESIAN_POINT('',(0.0309160241110523,-0.0291344741600954,0.));
#2555=CARTESIAN_POINT('',(0.0304808200200518,-0.0300035853289796,0.));
#2556=CARTESIAN_POINT('',(0.0296703988305506,-0.0310642056201469,0.));
#2557=CARTESIAN_POINT('',(0.028393265880666,-0.0320220616048663,0.));
#2558=CARTESIAN_POINT('',(0.0272903618060867,-0.0325004400986161,0.));
#2559=CARTESIAN_POINT('',(0.0264442037780635,-0.0327339094840781,0.));
#2560=CARTESIAN_POINT('',(0.0260648470188456,-0.0328184357092793,0.));
#2561=CARTESIAN_POINT('',(0.0256650071766142,-0.0328881095982895,0.));
#2562=CARTESIAN_POINT('',(0.0253371264332353,-0.032930645027613,0.));
#2563=CARTESIAN_POINT('',(0.0250386489262187,-0.0329586185378804,0.));
#2564=CARTESIAN_POINT('',(0.0248469592148717,-0.0329724885478634,0.));
#2565=CARTESIAN_POINT('',(0.0244276085390888,-0.0329933863924281,0.));
#2566=CARTESIAN_POINT('',(0.0239777817600145,-0.033,0.));
#2567=CARTESIAN_POINT('',(0.0236317897109875,-0.033,0.));
#2568=CARTESIAN_POINT('',(-0.0165,-0.028,0.));
#2569=CARTESIAN_POINT('',(-0.00565,-0.019,0.));
#2570=CARTESIAN_POINT('',(-0.00565,-0.021,0.));
#2571=CARTESIAN_POINT('',(-0.00565,-0.017,0.));
#2572=CARTESIAN_POINT('',(-0.00315,-0.021,0.));
#2573=CARTESIAN_POINT('',(-0.00065,-0.021,0.));
#2574=CARTESIAN_POINT('',(-0.00065,-0.019,0.));
#2575=CARTESIAN_POINT('',(-0.00065,-0.017,0.));
#2576=CARTESIAN_POINT('',(-0.00315,-0.017,0.));
#2577=CARTESIAN_POINT('',(-0.007,-8.57252759403147E-19,0.));
#2578=CARTESIAN_POINT('',(0.007,8.57252759403147E-19,0.));
#2579=CARTESIAN_POINT('',(-8.57252759403147E-19,0.007,0.));
#2580=CARTESIAN_POINT('',(0.0064511315732867,0.00575610446010892,0.));
#2581=CARTESIAN_POINT('',(-0.00767118432756435,-0.00410650761433035,0.));
#2582=CARTESIAN_POINT('',(-0.0045,-0.0245,0.));
#2583=CARTESIAN_POINT('',(-0.026,-0.026,0.));
#2584=CARTESIAN_POINT('',(0.026,-0.026,0.));
#2585=CARTESIAN_POINT('',(2.16840434497101E-19,0.0295,0.));
#2586=CARTESIAN_POINT('',(0.0165,-0.028,0.));
#2587=CARTESIAN_POINT('',(0.,0.021,0.));
#2588=CARTESIAN_POINT('',(0.0347949686820863,0.0354113094717161,0.003));
#2589=CARTESIAN_POINT('',(0.0347949686820863,-0.0388767290224627,0.003));
#2590=CARTESIAN_POINT('',(-0.0347949686820863,0.0354113094717161,0.003));
#2591=CARTESIAN_POINT('',(-0.0347949686820863,-0.0388767290224627,0.003));
#2592=CARTESIAN_POINT('',(0.00915,0.,0.003));
#2593=CARTESIAN_POINT('',(0.00915,-0.029,0.003));
#2594=CARTESIAN_POINT('',(0.00915,-0.033,0.003));
#2595=CARTESIAN_POINT('',(0.,-0.029,0.003));
#2596=CARTESIAN_POINT('',(0.0181158948554938,-0.033,0.003));
#2597=CARTESIAN_POINT('',(0.0236317897109875,-0.033,0.003));
#2598=CARTESIAN_POINT('',(0.0236317897109875,-0.033,0.003));
#2599=CARTESIAN_POINT('',(0.0239713070680349,-0.033,0.003));
#2600=CARTESIAN_POINT('',(0.0244362487599136,-0.0329912953847627,0.003));
#2601=CARTESIAN_POINT('',(0.0249579745458986,-0.0329635607696144,0.003));
#2602=CARTESIAN_POINT('',(0.0252590176038143,-0.0329373718278954,0.003));
#2603=CARTESIAN_POINT('',(0.0254467195852784,-0.0329162308660742,0.003));
#2604=CARTESIAN_POINT('',(0.0257292129505644,-0.0328774595226138,0.003));
#2605=CARTESIAN_POINT('',(0.0261993404953362,-0.0327952602149866,0.003));
#2606=CARTESIAN_POINT('',(0.0267305624773345,-0.0326612619151378,0.003));
#2607=CARTESIAN_POINT('',(0.027222235536379,-0.0324977862944977,0.003));
#2608=CARTESIAN_POINT('',(0.0277662638710712,-0.0322842344000783,0.003));
#2609=CARTESIAN_POINT('',(0.0286353750399501,-0.0318490303090909,0.003));
#2610=CARTESIAN_POINT('',(0.0296959953311226,-0.0310386091195821,0.003));
#2611=CARTESIAN_POINT('',(0.0306538513158428,-0.0297614761696849,0.003));
#2612=CARTESIAN_POINT('',(0.0311322298095727,-0.0286585720951611,0.003));
#2613=CARTESIAN_POINT('',(0.0313656991950701,-0.027812414067053,0.003));
#2614=CARTESIAN_POINT('',(0.0314502254202519,-0.0274330573079438,0.003));
#2615=CARTESIAN_POINT('',(0.03151989930926,-0.0270332174657236,0.003));
#2616=CARTESIAN_POINT('',(0.0315624347385872,-0.0267053367223296,0.003));
#2617=CARTESIAN_POINT('',(0.0315904082488683,-0.0264068592152191,0.003));
#2618=CARTESIAN_POINT('',(0.0316042782588506,-0.0262151695039357,0.003));
#2619=CARTESIAN_POINT('',(0.0316251761034158,-0.0257958188281907,0.003));
#2620=CARTESIAN_POINT('',(0.0316317897109875,-0.0253459920490841,0.003));
#2621=CARTESIAN_POINT('',(0.0316317897109875,-0.025,0.003));
#2622=CARTESIAN_POINT('',(0.0316317897109875,-0.025,0.003));
#2623=CARTESIAN_POINT('',(0.0316317897109875,-0.0165,0.003));
#2624=CARTESIAN_POINT('',(0.0316317897109875,3.8737770020863E-18,0.003));
#2625=CARTESIAN_POINT('',(0.,0.,0.003));
#2626=CARTESIAN_POINT('',(-0.0316317897109875,3.87377700208631E-18,0.003));
#2627=CARTESIAN_POINT('',(-0.0316317897109875,-0.0165,0.003));
#2628=CARTESIAN_POINT('',(-0.0316317897109875,-0.025,0.003));
#2629=CARTESIAN_POINT('',(-0.0316317897109875,-0.025,0.003));
#2630=CARTESIAN_POINT('',(-0.0316317897109875,-0.0251653009897797,0.003));
#2631=CARTESIAN_POINT('',(-0.0316314451802057,-0.0253149784076497,0.003));
#2632=CARTESIAN_POINT('',(-0.0316300705714685,-0.0254683305074205,0.003));
#2633=CARTESIAN_POINT('',(-0.0316280910746798,-0.0256108743958958,0.003));
#2634=CARTESIAN_POINT('',(-0.0316235910488484,-0.0258186001844289,0.003));
#2635=CARTESIAN_POINT('',(-0.0316097450858749,-0.0261570797629809,0.003));
#2636=CARTESIAN_POINT('',(-0.0315802243963291,-0.026539991553416,0.003));
#2637=CARTESIAN_POINT('',(-0.0315357312714612,-0.0269266833467846,0.003));
#2638=CARTESIAN_POINT('',(-0.0314442863853272,-0.027489036992115,0.003));
#2639=CARTESIAN_POINT('',(-0.0313151228548673,-0.0280205585155522,0.003));
#2640=CARTESIAN_POINT('',(-0.0311544729992889,-0.0285209002322513,0.003));
#2641=CARTESIAN_POINT('',(-0.0309450829061807,-0.0290689336960416,0.003));
#2642=CARTESIAN_POINT('',(-0.0305157760223952,-0.0299477644981052,0.003));
#2643=CARTESIAN_POINT('',(-0.029685201482223,-0.0310561541363706,0.003));
#2644=CARTESIAN_POINT('',(-0.0285864642567515,-0.0318824990381524,0.003));
#2645=CARTESIAN_POINT('',(-0.027550498016047,-0.0323832359451754,0.003));
#2646=CARTESIAN_POINT('',(-0.0269119193488572,-0.0326083797226133,0.003));
#2647=CARTESIAN_POINT('',(-0.0263498200827371,-0.0327569025001769,0.003));
#2648=CARTESIAN_POINT('',(-0.025845220260284,-0.0328626662140137,0.003));
#2649=CARTESIAN_POINT('',(-0.0253869375920353,-0.0329283460062387,0.003));
#2650=CARTESIAN_POINT('',(-0.024959834052702,-0.0329648554462277,0.003));
#2651=CARTESIAN_POINT('',(-0.0247216953173009,-0.0329803768967517,0.003));
#2652=CARTESIAN_POINT('',(-0.0245064107095851,-0.0329899722996441,0.003));
#2653=CARTESIAN_POINT('',(-0.0242841897383511,-0.0329953727788018,0.003));
#2654=CARTESIAN_POINT('',(-0.0241997008358894,-0.0329968860847566,0.003));
#2655=CARTESIAN_POINT('',(-0.024007548880379,-0.0329992686533839,0.003));
#2656=CARTESIAN_POINT('',(-0.0237964377188201,-0.033,0.003));
#2657=CARTESIAN_POINT('',(-0.0236317897109875,-0.033,0.003));
#2658=CARTESIAN_POINT('',(-0.0236317897109875,-0.033,0.003));
#2659=CARTESIAN_POINT('',(-0.0181158948554938,-0.033,0.003));
#2660=CARTESIAN_POINT('',(-0.0165,-0.033,0.003));
#2661=CARTESIAN_POINT('',(-0.0165,-0.028,0.003));
#2662=CARTESIAN_POINT('',(-0.0115,-0.028,0.003));
#2663=CARTESIAN_POINT('',(-0.0165,-0.028,0.003));
#2664=CARTESIAN_POINT('',(-0.0116010205144336,-0.029,0.003));
#2665=CARTESIAN_POINT('',(0.,-0.029,0.003));
#2666=CARTESIAN_POINT('',(-0.00915,-0.029,0.003));
#2667=CARTESIAN_POINT('',(-0.00915,0.,0.003));
#2668=CARTESIAN_POINT('',(-0.00915,-0.033,0.003));
#2669=CARTESIAN_POINT('',(-0.0181158948554938,-0.033,0.003));
#2670=CARTESIAN_POINT('',(-0.0046,-0.033,0.003));
#2671=CARTESIAN_POINT('',(-0.0046,-0.03425,0.003));
#2672=CARTESIAN_POINT('',(-0.0046,-0.0355,0.003));
#2673=CARTESIAN_POINT('',(6.07153216591882E-18,-0.0355,0.003));
#2674=CARTESIAN_POINT('',(0.0046,-0.0355,0.003));
#2675=CARTESIAN_POINT('',(0.0046,-0.03425,0.003));
#2676=CARTESIAN_POINT('',(0.0046,-0.033,0.003));
#2677=CARTESIAN_POINT('',(0.0181158948554938,-0.033,0.003));
#2678=CARTESIAN_POINT('',(0.,-0.021,0.003));
#2679=CARTESIAN_POINT('',(-0.00565,-0.021,0.003));
#2680=CARTESIAN_POINT('',(-0.00065,-0.021,0.003));
#2681=CARTESIAN_POINT('',(-0.00565,0.,0.003));
#2682=CARTESIAN_POINT('',(-0.00565,-0.017,0.003));
#2683=CARTESIAN_POINT('',(0.,-0.017,0.003));
#2684=CARTESIAN_POINT('',(-0.00065,-0.017,0.003));
#2685=CARTESIAN_POINT('',(-0.00065,-1.23327997120227E-19,0.003));
#2686=CARTESIAN_POINT('',(-0.0045,-0.0245,0.003));
#2687=CARTESIAN_POINT('',(2.16840434497101E-19,0.0295,0.003));
#2688=CARTESIAN_POINT('',(0.026,-0.026,0.003));
#2689=CARTESIAN_POINT('',(-0.00767118432756435,-0.00410650761433035,0.003));
#2690=CARTESIAN_POINT('',(0.0064511315732867,0.00575610446010892,0.003));
#2691=CARTESIAN_POINT('',(-0.007,-8.57252759403147E-19,0.003));
#2692=CARTESIAN_POINT('',(0.007,8.57252759403147E-19,0.003));
#2693=CARTESIAN_POINT('',(-8.57252759403147E-19,0.007,0.003));
#2694=CARTESIAN_POINT('',(7.34788090437606E-19,-0.00600000008940697,0.003));
#2695=CARTESIAN_POINT('',(-0.0200000002980232,-0.00600000008940697,0.003));
#2696=CARTESIAN_POINT('',(-0.0170000002533197,-0.00600000008940697,0.003));
#2697=CARTESIAN_POINT('',(-0.0170000002533197,-0.0035,0.003));
#2698=CARTESIAN_POINT('',(-0.0170000002533197,-0.007,0.003));
#2699=CARTESIAN_POINT('',(4.48223224014932E-19,-0.007,0.003));
#2700=CARTESIAN_POINT('',(-0.019,-0.007,0.003));
#2701=CARTESIAN_POINT('',(-0.019,-0.00450000006705523,0.003));
#2702=CARTESIAN_POINT('',(-0.019,-0.00900000013411045,0.003));
#2703=CARTESIAN_POINT('',(1.10218213565641E-18,-0.00900000013411045,0.003));
#2704=CARTESIAN_POINT('',(-0.0200000002980232,-0.00900000013411045,0.003));
#2705=CARTESIAN_POINT('',(-0.0200000002980232,-0.00300000004470349,0.003));
#2706=CARTESIAN_POINT('',(0.0164733201410525,-0.00300000004470348,0.003));
#2707=CARTESIAN_POINT('',(0.0164733201410525,-0.007,0.003));
#2708=CARTESIAN_POINT('',(0.0164733201410525,-0.00600000008940697,0.003));
#2709=CARTESIAN_POINT('',(0.0100000001490116,-0.00600000008940697,0.003));
#2710=CARTESIAN_POINT('',(0.0200000002980232,-0.00600000008940697,0.003));
#2711=CARTESIAN_POINT('',(0.0200000002980232,-0.00450000006705522,0.003));
#2712=CARTESIAN_POINT('',(0.0200000002980232,-0.00900000013411045,0.003));
#2713=CARTESIAN_POINT('',(0.00950000014156103,-0.00900000013411045,0.003));
#2714=CARTESIAN_POINT('',(0.0190000002831221,-0.00900000013411045,0.003));
#2715=CARTESIAN_POINT('',(0.019,-0.0035,0.003));
#2716=CARTESIAN_POINT('',(0.019,-0.007,0.003));
#2717=CARTESIAN_POINT('',(0.00823666007052626,-0.007,0.003));
#2718=CARTESIAN_POINT('',(-0.026,-0.026,0.003));
#2719=CARTESIAN_POINT('',(-6.50521303491303E-19,-7.97972798949331E-17,0.003));
#2720=CARTESIAN_POINT('',(0.00255987792677698,0.016705,0.003));
#2721=CARTESIAN_POINT('',(1.7347234759768E-18,0.021,0.003));
#2722=CARTESIAN_POINT('',(-0.0316317897109875,0.,0.003));
#2723=CARTESIAN_POINT('',(-0.0316317897109875,0.,-1.35525271560688E-19));
#2724=CARTESIAN_POINT('',(-0.0316317897109875,0.063263579421975,0.003));
#2725=CARTESIAN_POINT('',(-0.0316317897109875,0.063263579421975,-4.67562186884373E-19));
#2726=CARTESIAN_POINT('',(0.0316317897109875,0.063263579421975,0.003));
#2727=CARTESIAN_POINT('',(0.0316317897109875,0.063263579421975,-4.67562186884373E-19));
#2728=CARTESIAN_POINT('',(0.0316317897109875,1.79211135009821E-17,0.003));
#2729=CARTESIAN_POINT('',(0.0316317897109875,1.79211135009821E-17,-1.35525271560688E-19));
#2730=CARTESIAN_POINT('',(0.0316317897109875,3.8737770020863E-18,-1.99999999999983E-6));
#2731=CARTESIAN_POINT('',(-0.0316317897109875,3.87377700208631E-18,-1.99999999999983E-6));
#2732=CARTESIAN_POINT('',(-0.00927118432756435,-0.00410650761433035,-2.71050543121376E-20));
#2733=CARTESIAN_POINT('',(-0.00927118432756435,-0.00410650761433035,0.003));
#2734=CARTESIAN_POINT('',(-0.00927118432756435,-0.00730650761433035,0.));
#2735=CARTESIAN_POINT('',(-0.00927118432756435,-0.00730650761433035,0.003));
#2736=CARTESIAN_POINT('',(-0.00607118432756435,-0.00730650761433035,0.));
#2737=CARTESIAN_POINT('',(-0.00607118432756435,-0.00730650761433035,0.003));
#2738=CARTESIAN_POINT('',(-0.00607118432756435,-0.00410650761433035,-2.71050543121376E-20));
#2739=CARTESIAN_POINT('',(-0.00607118432756435,-0.00410650761433035,0.003));
#2740=CARTESIAN_POINT('',(0.0048511315732867,0.00575610446010892,0.));
#2741=CARTESIAN_POINT('',(0.0048511315732867,0.00575610446010892,0.003));
#2742=CARTESIAN_POINT('',(0.0048511315732867,0.00255610446010892,2.03287907341032E-20));
#2743=CARTESIAN_POINT('',(0.0048511315732867,0.00255610446010892,0.003));
#2744=CARTESIAN_POINT('',(0.0080511315732867,0.00255610446010892,2.03287907341032E-20));
#2745=CARTESIAN_POINT('',(0.0080511315732867,0.00255610446010892,0.003));
#2746=CARTESIAN_POINT('',(0.0080511315732867,0.00575610446010892,0.));
#2747=CARTESIAN_POINT('',(0.0080511315732867,0.00575610446010892,0.003));
#2748=CARTESIAN_POINT('',(-0.0081,-7.22541611496938E-19,0.00065));
#2749=CARTESIAN_POINT('',(-0.0081,-7.22541611496938E-19,0.003));
#2750=CARTESIAN_POINT('',(-0.0081,-0.0022,0.00065));
#2751=CARTESIAN_POINT('',(-0.0081,-0.0022,0.003));
#2752=CARTESIAN_POINT('',(-0.0059,-0.0022,0.00065));
#2753=CARTESIAN_POINT('',(-0.0059,-0.0022,0.003));
#2754=CARTESIAN_POINT('',(-0.0059,-8.57252759403147E-19,0.00065));
#2755=CARTESIAN_POINT('',(-0.0059,-8.57252759403147E-19,0.003));
#2756=CARTESIAN_POINT('',(0.0059,9.91963907309356E-19,0.00065));
#2757=CARTESIAN_POINT('',(0.0059,9.91963907309356E-19,0.003));
#2758=CARTESIAN_POINT('',(0.0059,-0.0022,0.00065));
#2759=CARTESIAN_POINT('',(0.0059,-0.0022,0.003));
#2760=CARTESIAN_POINT('',(0.0081,-0.0022,0.00065));
#2761=CARTESIAN_POINT('',(0.0081,-0.0022,0.003));
#2762=CARTESIAN_POINT('',(0.0081,8.57252759403147E-19,0.00065));
#2763=CARTESIAN_POINT('',(0.0081,8.57252759403147E-19,0.003));
#2764=CARTESIAN_POINT('',(-0.0011,0.007,0.00065));
#2765=CARTESIAN_POINT('',(-0.0011,0.007,0.003));
#2766=CARTESIAN_POINT('',(-0.0011,0.0048,0.00065));
#2767=CARTESIAN_POINT('',(-0.0011,0.0048,0.003));
#2768=CARTESIAN_POINT('',(0.0011,0.0048,0.00065));
#2769=CARTESIAN_POINT('',(0.0011,0.0048,0.003));
#2770=CARTESIAN_POINT('',(0.0011,0.007,0.00065));
#2771=CARTESIAN_POINT('',(0.0011,0.007,0.003));
#2772=CARTESIAN_POINT('',(-0.00175,0.007,-1.05709711817337E-18));
#2773=CARTESIAN_POINT('',(-0.00175,0.0105,-1.06217931585689E-18));
#2774=CARTESIAN_POINT('',(0.00175,0.0105,-1.06217931585689E-18));
#2775=CARTESIAN_POINT('',(0.00175,0.007,-1.05709711817337E-18));
#2776=CARTESIAN_POINT('',(-0.0011,0.007,0.00065));
#2777=CARTESIAN_POINT('',(-0.0011,0.0092,0.00065));
#2778=CARTESIAN_POINT('',(0.0011,0.0092,0.00065));
#2779=CARTESIAN_POINT('',(0.0011,0.007,0.00065));
#2780=CARTESIAN_POINT('',(0.00525,6.4293956955236E-19,-1.79570984817912E-18));
#2781=CARTESIAN_POINT('',(0.00525,0.0035,-1.79909797996813E-18));
#2782=CARTESIAN_POINT('',(0.00875,0.0035,-1.79909797996813E-18));
#2783=CARTESIAN_POINT('',(0.00875,1.07156594925393E-18,-1.79570984817912E-18));
#2784=CARTESIAN_POINT('',(0.0059,7.22541611496938E-19,0.00065));
#2785=CARTESIAN_POINT('',(0.0059,0.0022,0.00065));
#2786=CARTESIAN_POINT('',(0.0081,0.0022,0.00065));
#2787=CARTESIAN_POINT('',(0.0081,9.91963907309355E-19,0.00065));
#2788=CARTESIAN_POINT('',(-0.00875,-1.07156594925393E-18,-2.19550939928315E-18));
#2789=CARTESIAN_POINT('',(-0.00875,0.0035,-2.19042720159962E-18));
#2790=CARTESIAN_POINT('',(-0.00525,0.0035,-2.19042720159962E-18));
#2791=CARTESIAN_POINT('',(-0.00525,-6.4293956955236E-19,-2.19550939928315E-18));
#2792=CARTESIAN_POINT('',(-0.0081,-9.91963907309356E-19,0.00065));
#2793=CARTESIAN_POINT('',(-0.0081,0.0022,0.00065));
#2794=CARTESIAN_POINT('',(-0.0059,0.0022,0.00065));
#2795=CARTESIAN_POINT('',(-0.0059,-7.22541611496938E-19,0.00065));
#2796=CARTESIAN_POINT('',(-0.0200000002980232,-0.00900000013411045,0.0025));
#2797=CARTESIAN_POINT('',(-0.0200000002980232,-0.00600000008940697,0.0025));
#2798=CARTESIAN_POINT('',(-0.0170000002533197,-0.00900000013411045,0.0025));
#2799=CARTESIAN_POINT('',(-0.0170000002533197,-0.00600000008940697,0.0025));
#2800=CARTESIAN_POINT('',(-0.0200000002980232,-0.00600000008940697,0.0025));
#2801=CARTESIAN_POINT('',(-0.0200000002980232,-0.00900000013411045,0.0025));
#2802=CARTESIAN_POINT('',(-0.0200000002980232,-0.00600000008940697,0.0025));
#2803=CARTESIAN_POINT('',(0.0182366602195379,-0.00900000013411045,0.0025));
#2804=CARTESIAN_POINT('',(-0.019,-0.00900000013411045,0.0025));
#2805=CARTESIAN_POINT('',(-0.019,-0.00900000013411045,0.0025));
#2806=CARTESIAN_POINT('',(-0.019,-0.007,0.0025));
#2807=CARTESIAN_POINT('',(0.0182366602195379,-0.007,0.0025));
#2808=CARTESIAN_POINT('',(-0.0170000002533197,-0.007,0.0025));
#2809=CARTESIAN_POINT('',(-0.0170000002533197,-0.007,0.0025));
#2810=CARTESIAN_POINT('',(-0.0170000002533197,-0.00600000008940697,0.0025));
#2811=CARTESIAN_POINT('',(0.0200000002980232,-0.00600000008940697,0.0025));
#2812=CARTESIAN_POINT('',(-0.019,-0.007,0.0025));
#2813=CARTESIAN_POINT('',(-0.019,-0.007,0.003));
#2814=CARTESIAN_POINT('',(-0.0170000002533197,-0.007,0.0025));
#2815=CARTESIAN_POINT('',(-0.0170000002533197,-0.007,0.003));
#2816=CARTESIAN_POINT('',(-0.0170000002533197,-0.007,0.0025));
#2817=CARTESIAN_POINT('',(-0.019,-0.007,0.0025));
#2818=CARTESIAN_POINT('',(-0.0170000002533197,-0.00704999999552965,0.002475));
#2819=CARTESIAN_POINT('',(-0.0170000002533197,-0.00704999999552965,0.003025));
#2820=CARTESIAN_POINT('',(-0.0170000002533197,-0.00595000009387732,0.002475));
#2821=CARTESIAN_POINT('',(-0.0170000002533197,-0.00595000009387732,0.003025));
#2822=CARTESIAN_POINT('',(-0.0170000002533197,-0.00600000008940697,0.0025));
#2823=CARTESIAN_POINT('',(-0.0170000002533197,-0.00600000008940698,0.0025));
#2824=CARTESIAN_POINT('',(-0.0170000002533197,-0.00600000008940698,0.003));
#2825=CARTESIAN_POINT('',(-0.0200000002980232,-0.00600000008940698,0.0025));
#2826=CARTESIAN_POINT('',(-0.0200000002980232,-0.00600000008940698,0.003));
#2827=CARTESIAN_POINT('',(-0.0200000002980232,-0.00600000008940698,0.0025));
#2828=CARTESIAN_POINT('',(-0.0200000002980232,-0.0058500000871718,0.002475));
#2829=CARTESIAN_POINT('',(-0.0200000002980232,-0.0058500000871718,0.003025));
#2830=CARTESIAN_POINT('',(-0.0200000002980232,-0.00915000013634562,0.002475));
#2831=CARTESIAN_POINT('',(-0.0200000002980232,-0.00915000013634562,0.003025));
#2832=CARTESIAN_POINT('',(-0.0200000002980232,-0.00900000013411046,0.0025));
#2833=CARTESIAN_POINT('',(-0.0200000002980232,-0.00900000013411045,0.0025));
#2834=CARTESIAN_POINT('',(-0.0200000002980232,-0.00900000013411045,0.003));
#2835=CARTESIAN_POINT('',(-0.019,-0.00900000013411045,0.0025));
#2836=CARTESIAN_POINT('',(-0.019,-0.00900000013411045,0.003));
#2837=CARTESIAN_POINT('',(-0.019,-0.00900000013411046,0.0025));
#2838=CARTESIAN_POINT('',(-0.019,-0.00910000014081597,0.002475));
#2839=CARTESIAN_POINT('',(-0.019,-0.00910000014081597,0.003025));
#2840=CARTESIAN_POINT('',(-0.019,-0.00689999999329448,0.002475));
#2841=CARTESIAN_POINT('',(-0.019,-0.00689999999329448,0.003025));
#2842=CARTESIAN_POINT('',(0.0164733201410525,-0.00900000013411045,0.0025));
#2843=CARTESIAN_POINT('',(0.0164733201410525,-0.00600000008940697,0.0025));
#2844=CARTESIAN_POINT('',(0.0200000002980232,-0.00900000013411045,0.0025));
#2845=CARTESIAN_POINT('',(0.0200000002980232,-0.00600000008940697,0.0025));
#2846=CARTESIAN_POINT('',(-0.019,-0.007,0.0025));
#2847=CARTESIAN_POINT('',(0.0164733201410525,-0.007,0.0025));
#2848=CARTESIAN_POINT('',(0.019,-0.007,0.0025));
#2849=CARTESIAN_POINT('',(0.019,-0.00993756407870563,0.0025));
#2850=CARTESIAN_POINT('',(0.0190000002831221,-0.00900000013411045,0.0025));
#2851=CARTESIAN_POINT('',(0.0200000002980232,-0.00900000013411045,0.0025));
#2852=CARTESIAN_POINT('',(0.0200000002980232,-0.00900000013411045,0.0025));
#2853=CARTESIAN_POINT('',(0.0200000002980232,-0.00600000008940697,0.0025));
#2854=CARTESIAN_POINT('',(0.0200000002980232,-0.00600000008940697,0.0025));
#2855=CARTESIAN_POINT('',(0.0164733201410525,-0.00600000008940697,0.0025));
#2856=CARTESIAN_POINT('',(0.0164733201410525,-0.00600000008940697,0.0025));
#2857=CARTESIAN_POINT('',(0.0164733201410525,-0.007,0.0025));
#2858=CARTESIAN_POINT('',(0.0200000002980232,-0.00915000013634562,0.002475));
#2859=CARTESIAN_POINT('',(0.0200000002980232,-0.00915000013634562,0.003025));
#2860=CARTESIAN_POINT('',(0.0200000002980232,-0.0058500000871718,0.002475));
#2861=CARTESIAN_POINT('',(0.0200000002980232,-0.0058500000871718,0.003025));
#2862=CARTESIAN_POINT('',(0.0200000002980232,-0.00600000008940697,0.0025));
#2863=CARTESIAN_POINT('',(0.0200000002980232,-0.00900000013411045,0.0025));
#2864=CARTESIAN_POINT('',(0.0200000002980232,-0.00600000008940697,0.0025));
#2865=CARTESIAN_POINT('',(0.0200000002980232,-0.00600000008940697,0.003));
#2866=CARTESIAN_POINT('',(0.0164733201410525,-0.00600000008940697,0.0025));
#2867=CARTESIAN_POINT('',(0.0164733201410525,-0.00600000008940697,0.003));
#2868=CARTESIAN_POINT('',(0.0164733201410525,-0.00600000008940697,0.0025));
#2869=CARTESIAN_POINT('',(0.0164733201410525,-0.00595000009387732,0.002475));
#2870=CARTESIAN_POINT('',(0.0164733201410525,-0.00595000009387732,0.003025));
#2871=CARTESIAN_POINT('',(0.0164733201410525,-0.00704999999552965,0.002475));
#2872=CARTESIAN_POINT('',(0.0164733201410525,-0.00704999999552965,0.003025));
#2873=CARTESIAN_POINT('',(0.0164733201410525,-0.007,0.0025));
#2874=CARTESIAN_POINT('',(0.0164733201410525,-0.007,0.0025));
#2875=CARTESIAN_POINT('',(0.0164733201410525,-0.007,0.003));
#2876=CARTESIAN_POINT('',(0.019,-0.007,0.0025));
#2877=CARTESIAN_POINT('',(0.019,-0.007,0.003));
#2878=CARTESIAN_POINT('',(0.019,-0.007,0.0025));
#2879=CARTESIAN_POINT('',(0.019,-0.00689999999329448,0.002475));
#2880=CARTESIAN_POINT('',(0.019,-0.00689999999329448,0.003025));
#2881=CARTESIAN_POINT('',(0.019,-0.00910000014081597,0.002475));
#2882=CARTESIAN_POINT('',(0.019,-0.00910000014081597,0.003025));
#2883=CARTESIAN_POINT('',(0.0190000002831221,-0.00900000013411045,0.0025));
#2884=CARTESIAN_POINT('',(0.0190000002831221,-0.00900000013411045,0.0025));
#2885=CARTESIAN_POINT('',(0.0190000002831221,-0.00900000013411045,0.003));
#2886=CARTESIAN_POINT('',(0.0200000002980232,-0.00900000013411045,0.0025));
#2887=CARTESIAN_POINT('',(0.0200000002980232,-0.00900000013411045,0.003));
#2888=CARTESIAN_POINT('',(0.0316317897109875,-0.02625,-0.00015));
#2889=CARTESIAN_POINT('',(0.0316317897109875,0.00125,-0.00015));
#2890=CARTESIAN_POINT('',(0.0316317897109875,-0.02625,0.00315));
#2891=CARTESIAN_POINT('',(0.0316317897109875,0.00125,0.00315));
#2892=CARTESIAN_POINT('',(0.0316317897109875,-0.025,0.003));
#2893=CARTESIAN_POINT('',(0.0316317897109875,-0.025,0.002));
#2894=CARTESIAN_POINT('',(0.0316317897109875,-0.025,0.001));
#2895=CARTESIAN_POINT('',(0.0316317897109875,-0.025,0.));
#2896=CARTESIAN_POINT('',(0.00364841051445062,-0.033,-0.000475));
#2897=CARTESIAN_POINT('',(0.00364841051445062,-0.033,0.009975));
#2898=CARTESIAN_POINT('',(0.0245833791965369,-0.033,-0.000475));
#2899=CARTESIAN_POINT('',(0.0245833791965369,-0.033,0.009975));
#2900=CARTESIAN_POINT('',(0.012825,-0.033,0.0095));
#2901=CARTESIAN_POINT('',(0.01115,-0.033,0.0095));
#2902=CARTESIAN_POINT('',(0.00988194742774688,-0.033,0.00823194742774688));
#2903=CARTESIAN_POINT('',(0.00915,-0.033,0.0075));
#2904=CARTESIAN_POINT('',(0.00915,-0.033,0.0095));
#2905=CARTESIAN_POINT('',(0.0046,-0.033,-1.99999999999983E-6));
#2906=CARTESIAN_POINT('',(0.0236317897109875,-0.033,-5.42101086242752E-20));
#2907=CARTESIAN_POINT('',(0.0236317897109875,-0.033,0.001));
#2908=CARTESIAN_POINT('',(0.0236317897109875,-0.033,0.002));
#2909=CARTESIAN_POINT('',(0.0236317897109875,-0.033,0.003));
#2910=CARTESIAN_POINT('',(0.0046,-0.035625,-0.00015));
#2911=CARTESIAN_POINT('',(0.0046,-0.035625,0.00315));
#2912=CARTESIAN_POINT('',(0.0046,-0.032875,-0.00015));
#2913=CARTESIAN_POINT('',(0.0046,-0.032875,0.00315));
#2914=CARTESIAN_POINT('',(0.0046,-0.0355,-1.99999999999983E-6));
#2915=CARTESIAN_POINT('',(-0.00506,-0.0355,-0.00015));
#2916=CARTESIAN_POINT('',(0.00506,-0.0355,-0.00015));
#2917=CARTESIAN_POINT('',(-0.00506,-0.0355,0.00315));
#2918=CARTESIAN_POINT('',(0.00506,-0.0355,0.00315));
#2919=CARTESIAN_POINT('',(-0.0046,-0.0355,-1.99999999999983E-6));
#2920=CARTESIAN_POINT('',(-0.0046,-0.035625,-0.00015));
#2921=CARTESIAN_POINT('',(-0.0046,-0.035625,0.00315));
#2922=CARTESIAN_POINT('',(-0.0046,-0.032875,-0.00015));
#2923=CARTESIAN_POINT('',(-0.0046,-0.032875,0.00315));
#2924=CARTESIAN_POINT('',(-0.0046,-0.033,-1.99999999999983E-6));
#2925=CARTESIAN_POINT('',(-0.0245833791965369,-0.033,-0.000475));
#2926=CARTESIAN_POINT('',(-0.0245833791965369,-0.033,0.009975));
#2927=CARTESIAN_POINT('',(-0.00364841051445063,-0.033,-0.000475));
#2928=CARTESIAN_POINT('',(-0.00364841051445063,-0.033,0.009975));
#2929=CARTESIAN_POINT('',(-0.00915,-0.033,0.0095));
#2930=CARTESIAN_POINT('',(-0.00915,-0.033,0.0075));
#2931=CARTESIAN_POINT('',(-0.00988194742774688,-0.033,0.00823194742774688));
#2932=CARTESIAN_POINT('',(-0.01115,-0.033,0.0095));
#2933=CARTESIAN_POINT('',(-0.012825,-0.033,0.0095));
#2934=CARTESIAN_POINT('',(-0.0165,-0.033,0.0095));
#2935=CARTESIAN_POINT('',(-0.0165,-0.033,0.0095));
#2936=CARTESIAN_POINT('',(-0.0236317897109875,-0.033,0.003));
#2937=CARTESIAN_POINT('',(-0.0236317897109875,-0.033,0.002));
#2938=CARTESIAN_POINT('',(-0.0236317897109875,-0.033,0.001));
#2939=CARTESIAN_POINT('',(-0.0236317897109875,-0.033,0.));
#2940=CARTESIAN_POINT('',(-0.0316317897109875,-0.02625,-0.00015));
#2941=CARTESIAN_POINT('',(-0.0316317897109875,0.00125,-0.00015));
#2942=CARTESIAN_POINT('',(-0.0316317897109875,-0.02625,0.00315));
#2943=CARTESIAN_POINT('',(-0.0316317897109875,0.00125,0.00315));
#2944=CARTESIAN_POINT('',(-0.0316317897109875,-0.025,0.));
#2945=CARTESIAN_POINT('',(-0.0316317897109875,-0.025,0.001));
#2946=CARTESIAN_POINT('',(-0.0316317897109875,-0.025,0.002));
#2947=CARTESIAN_POINT('',(-0.0316317897109875,-0.025,0.003));
#2948=CARTESIAN_POINT('',(0.0316317897109875,-0.025,0.003));
#2949=CARTESIAN_POINT('',(0.0316317897109875,-0.025,-1.35525271560688E-19));
#2950=CARTESIAN_POINT('',(0.0316317897109875,-0.0262,0.003));
#2951=CARTESIAN_POINT('',(0.0316317897109875,-0.0262,-1.35525271560688E-19));
#2952=CARTESIAN_POINT('',(0.0316317897109875,-0.0274,0.003));
#2953=CARTESIAN_POINT('',(0.0316317897109875,-0.0274,-1.35525271560688E-19));
#2954=CARTESIAN_POINT('',(0.0308317897109875,-0.0303333333333334,0.003));
#2955=CARTESIAN_POINT('',(0.0308317897109875,-0.0303333333333334,-1.35525271560688E-19));
#2956=CARTESIAN_POINT('',(0.0289651230443208,-0.0322,0.003));
#2957=CARTESIAN_POINT('',(0.0289651230443208,-0.0322,-1.35525271560688E-19));
#2958=CARTESIAN_POINT('',(0.0260317897109875,-0.033,0.003));
#2959=CARTESIAN_POINT('',(0.0260317897109875,-0.033,-1.35525271560688E-19));
#2960=CARTESIAN_POINT('',(0.0248317897109875,-0.033,0.003));
#2961=CARTESIAN_POINT('',(0.0248317897109875,-0.033,-1.35525271560688E-19));
#2962=CARTESIAN_POINT('',(0.0236317897109875,-0.033,0.003));
#2963=CARTESIAN_POINT('',(0.0236317897109875,-0.033,-1.35525271560688E-19));
#2964=CARTESIAN_POINT('',(-0.0316317897109875,-0.025,0.));
#2965=CARTESIAN_POINT('',(-0.0316317897109875,-0.025,0.003));
#2966=CARTESIAN_POINT('',(-0.0316317897109875,-0.0262,0.));
#2967=CARTESIAN_POINT('',(-0.0316317897109875,-0.0262,0.003));
#2968=CARTESIAN_POINT('',(-0.0316317897109875,-0.0274,0.));
#2969=CARTESIAN_POINT('',(-0.0316317897109875,-0.0274,0.003));
#2970=CARTESIAN_POINT('',(-0.0308317897109875,-0.0303333333333334,0.));
#2971=CARTESIAN_POINT('',(-0.0308317897109875,-0.0303333333333334,0.003));
#2972=CARTESIAN_POINT('',(-0.0289651230443208,-0.0322,0.));
#2973=CARTESIAN_POINT('',(-0.0289651230443208,-0.0322,0.003));
#2974=CARTESIAN_POINT('',(-0.0260317897109875,-0.033,0.));
#2975=CARTESIAN_POINT('',(-0.0260317897109875,-0.033,0.003));
#2976=CARTESIAN_POINT('',(-0.0248317897109875,-0.033,0.));
#2977=CARTESIAN_POINT('',(-0.0248317897109875,-0.033,0.003));
#2978=CARTESIAN_POINT('',(-0.0236317897109875,-0.033,0.));
#2979=CARTESIAN_POINT('',(-0.0236317897109875,-0.033,0.003));
#2980=CARTESIAN_POINT('',(0.0249,-0.026,0.003));
#2981=CARTESIAN_POINT('',(0.0249,-0.026,0.00065));
#2982=CARTESIAN_POINT('',(0.0249,-0.0238,0.003));
#2983=CARTESIAN_POINT('',(0.0249,-0.0238,0.00065));
#2984=CARTESIAN_POINT('',(0.0271,-0.0238,0.003));
#2985=CARTESIAN_POINT('',(0.0271,-0.0238,0.00065));
#2986=CARTESIAN_POINT('',(0.0271,-0.026,0.003));
#2987=CARTESIAN_POINT('',(0.0271,-0.026,0.00065));
#2988=CARTESIAN_POINT('',(-0.0011,0.0295,0.003));
#2989=CARTESIAN_POINT('',(-0.0011,0.0295,0.00065));
#2990=CARTESIAN_POINT('',(-0.0011,0.0317,0.003));
#2991=CARTESIAN_POINT('',(-0.0011,0.0317,0.00065));
#2992=CARTESIAN_POINT('',(0.0011,0.0317,0.003));
#2993=CARTESIAN_POINT('',(0.0011,0.0317,0.00065));
#2994=CARTESIAN_POINT('',(0.0011,0.0295,0.003));
#2995=CARTESIAN_POINT('',(0.0011,0.0295,0.00065));
#2996=CARTESIAN_POINT('',(-0.00565,-0.0245,0.003));
#2997=CARTESIAN_POINT('',(-0.00565,-0.0245,0.000999999999999987));
#2998=CARTESIAN_POINT('',(-0.00565,-0.0222,0.003));
#2999=CARTESIAN_POINT('',(-0.00565,-0.0222,0.000999999999999987));
#3000=CARTESIAN_POINT('',(-0.00335,-0.0222,0.003));
#3001=CARTESIAN_POINT('',(-0.00335,-0.0222,0.000999999999999987));
#3002=CARTESIAN_POINT('',(-0.00335,-0.0245,0.003));
#3003=CARTESIAN_POINT('',(-0.00335,-0.0245,0.000999999999999987));
#3004=CARTESIAN_POINT('',(-0.0059,-0.021,0.00315));
#3005=CARTESIAN_POINT('',(-0.0004,-0.021,0.00315));
#3006=CARTESIAN_POINT('',(-0.0059,-0.021,-0.000149999999999997));
#3007=CARTESIAN_POINT('',(-0.0004,-0.021,-0.000149999999999997));
#3008=CARTESIAN_POINT('',(-0.00065,-0.021,0.0923746598378686));
#3009=CARTESIAN_POINT('',(-0.00565,-0.021,0.0923746598378686));
#3010=CARTESIAN_POINT('',(-0.00065,-0.0168,-0.000149999999999997));
#3011=CARTESIAN_POINT('',(-0.00065,-0.0168,0.00315));
#3012=CARTESIAN_POINT('',(-0.00065,-0.0212,-0.000149999999999997));
#3013=CARTESIAN_POINT('',(-0.00065,-0.0212,0.00315));
#3014=CARTESIAN_POINT('',(-0.00065,-0.017,0.0923746598378686));
#3015=CARTESIAN_POINT('',(-0.0059,-0.017,0.00315));
#3016=CARTESIAN_POINT('',(-0.0004,-0.017,0.00315));
#3017=CARTESIAN_POINT('',(-0.0059,-0.017,-0.000149999999999997));
#3018=CARTESIAN_POINT('',(-0.0004,-0.017,-0.000149999999999997));
#3019=CARTESIAN_POINT('',(-0.00565,-0.017,0.0923746598378686));
#3020=CARTESIAN_POINT('',(-0.00565,-0.0212,-0.000149999999999997));
#3021=CARTESIAN_POINT('',(-0.00565,-0.0168,-0.000149999999999997));
#3022=CARTESIAN_POINT('',(-0.00565,-0.0212,0.00315));
#3023=CARTESIAN_POINT('',(-0.00565,-0.0168,0.00315));
#3024=CARTESIAN_POINT('',(-0.0271,-0.026,0.003));
#3025=CARTESIAN_POINT('',(-0.0271,-0.026,0.00065));
#3026=CARTESIAN_POINT('',(-0.0271,-0.0238,0.003));
#3027=CARTESIAN_POINT('',(-0.0271,-0.0238,0.00065));
#3028=CARTESIAN_POINT('',(-0.0249,-0.0238,0.003));
#3029=CARTESIAN_POINT('',(-0.0249,-0.0238,0.00065));
#3030=CARTESIAN_POINT('',(-0.0249,-0.026,0.003));
#3031=CARTESIAN_POINT('',(-0.0249,-0.026,0.00065));
#3032=CARTESIAN_POINT('',(-0.00235,-0.0245,-4.67562186884374E-19));
#3033=CARTESIAN_POINT('',(-0.00235,-0.0288,-4.57397791517322E-19));
#3034=CARTESIAN_POINT('',(-0.00665,-0.0288,-4.57397791517322E-19));
#3035=CARTESIAN_POINT('',(-0.00665,-0.0245,-4.67562186884374E-19));
#3036=CARTESIAN_POINT('',(-0.00335,-0.0245,0.00099999999999999));
#3037=CARTESIAN_POINT('',(-0.00335,-0.0268,0.00099999999999999));
#3038=CARTESIAN_POINT('',(-0.00565,-0.0268,0.00099999999999999));
#3039=CARTESIAN_POINT('',(-0.00565,-0.0245,0.00099999999999999));
#3040=CARTESIAN_POINT('',(0.00175,0.0295,-9.62229428080885E-19));
#3041=CARTESIAN_POINT('',(0.00175,0.026,-9.60535362186377E-19));
#3042=CARTESIAN_POINT('',(-0.00175,0.026,-9.60535362186377E-19));
#3043=CARTESIAN_POINT('',(-0.00175,0.0295,-9.62229428080885E-19));
#3044=CARTESIAN_POINT('',(0.0011,0.0295,0.000649999999999997));
#3045=CARTESIAN_POINT('',(0.0011,0.0273,0.000649999999999997));
#3046=CARTESIAN_POINT('',(-0.0011,0.0273,0.000649999999999997));
#3047=CARTESIAN_POINT('',(-0.0011,0.0295,0.000649999999999997));
#3048=CARTESIAN_POINT('',(0.02775,-0.026,-2.41234983378025E-18));
#3049=CARTESIAN_POINT('',(0.02775,-0.0295,-2.41404389967476E-18));
#3050=CARTESIAN_POINT('',(0.02425,-0.0295,-2.41404389967476E-18));
#3051=CARTESIAN_POINT('',(0.02425,-0.026,-2.41234983378025E-18));
#3052=CARTESIAN_POINT('',(0.0271,-0.026,0.000649999999999997));
#3053=CARTESIAN_POINT('',(0.0271,-0.0282,0.000649999999999997));
#3054=CARTESIAN_POINT('',(0.0249,-0.0282,0.000649999999999997));
#3055=CARTESIAN_POINT('',(0.0249,-0.026,0.000649999999999997));
#3056=CARTESIAN_POINT('',(-0.02425,-0.026,-3.65918233213858E-19));
#3057=CARTESIAN_POINT('',(-0.02425,-0.0295,-3.71000430897384E-19));
#3058=CARTESIAN_POINT('',(-0.02775,-0.0295,-3.71000430897384E-19));
#3059=CARTESIAN_POINT('',(-0.02775,-0.026,-3.65918233213858E-19));
#3060=CARTESIAN_POINT('',(-0.0249,-0.026,0.000649999999999997));
#3061=CARTESIAN_POINT('',(-0.0249,-0.0282,0.000649999999999997));
#3062=CARTESIAN_POINT('',(-0.0271,-0.0282,0.000649999999999997));
#3063=CARTESIAN_POINT('',(-0.0271,-0.026,0.000649999999999997));
#3064=CARTESIAN_POINT('',(-0.00564474031104933,0.0159294352323242,0.009825));
#3065=CARTESIAN_POINT('',(-0.00564474031104933,0.0159294352323242,0.002675));
#3066=CARTESIAN_POINT('',(-0.00195648730882513,0.0172364012418132,0.009825));
#3067=CARTESIAN_POINT('',(-0.00195648730882513,0.0172364012418132,0.002675));
#3068=CARTESIAN_POINT('',(0.00195648730882514,0.0172364012418132,0.009825));
#3069=CARTESIAN_POINT('',(0.00195648730882514,0.0172364012418132,0.002675));
#3070=CARTESIAN_POINT('',(0.00564474031104933,0.0159294352323242,0.009825));
#3071=CARTESIAN_POINT('',(0.00564474031104933,0.0159294352323242,0.002675));
#3072=CARTESIAN_POINT('',(0.00255987792677697,0.016705,0.0095));
#3073=CARTESIAN_POINT('',(0.00255987792677697,0.016705,0.0095));
#3074=CARTESIAN_POINT('',(-6.50521303491303E-19,-7.97972798949331E-17,0.0095));
#3075=CARTESIAN_POINT('',(-0.0028,0.021,0.0095));
#3076=CARTESIAN_POINT('',(-0.0028,0.021,0.003));
#3077=CARTESIAN_POINT('',(-0.0028,0.0266,0.0095));
#3078=CARTESIAN_POINT('',(-0.0028,0.0266,0.003));
#3079=CARTESIAN_POINT('',(0.0028,0.0266,0.0095));
#3080=CARTESIAN_POINT('',(0.0028,0.0266,0.003));
#3081=CARTESIAN_POINT('',(0.0028,0.021,0.0095));
#3082=CARTESIAN_POINT('',(0.0028,0.021,0.003));
#3083=CARTESIAN_POINT('',(0.,0.021,0.0095));
#3084=CARTESIAN_POINT('',(0.,0.021,0.003));
#3085=CARTESIAN_POINT('',(0.005,0.021,0.0095));
#3086=CARTESIAN_POINT('',(0.005,0.021,0.003));
#3087=CARTESIAN_POINT('',(0.005,0.0194077633694765,0.0095));
#3088=CARTESIAN_POINT('',(0.005,0.0194077633694765,0.003));
#3089=CARTESIAN_POINT('',(0.00427613771994562,0.0177279139839691,0.0095));
#3090=CARTESIAN_POINT('',(0.00427613771994562,0.0177279139839691,0.003));
#3091=CARTESIAN_POINT('',(0.00255987792677698,0.016705,0.0095));
#3092=CARTESIAN_POINT('',(0.00255987792677698,0.016705,0.003));
#3093=CARTESIAN_POINT('',(1.7347234759768E-18,0.021,0.0095));
#3094=CARTESIAN_POINT('',(-0.0050994302142621,0.0166490303776289,0.0095));
#3095=CARTESIAN_POINT('',(-0.0050994302142621,0.0260892400175626,0.0095));
#3096=CARTESIAN_POINT('',(0.00510105135450854,0.0166490303776289,0.0095));
#3097=CARTESIAN_POINT('',(0.00510105135450854,0.0260892400175626,0.0095));
#3098=CARTESIAN_POINT('',(0.00283370124033587,0.0238554979191761,0.003));
#3099=CARTESIAN_POINT('',(0.00283370124033587,0.0181565772182507,0.003));
#3100=CARTESIAN_POINT('',(-0.00285057462964743,0.0238554979191761,0.003));
#3101=CARTESIAN_POINT('',(-0.00285057462964743,0.0181565772182507,0.003));
#3102=CARTESIAN_POINT('',(0.,0.021,0.003));
#3103=CARTESIAN_POINT('',(0.0137,-0.028,0.0095));
#3104=CARTESIAN_POINT('',(0.0137,-0.028,0.003));
#3105=CARTESIAN_POINT('',(0.0137,-0.0224,0.0095));
#3106=CARTESIAN_POINT('',(0.0137,-0.0224,0.003));
#3107=CARTESIAN_POINT('',(0.0193,-0.0224,0.0095));
#3108=CARTESIAN_POINT('',(0.0193,-0.0224,0.003));
#3109=CARTESIAN_POINT('',(0.0193,-0.028,0.0095));
#3110=CARTESIAN_POINT('',(0.0193,-0.028,0.003));
#3111=CARTESIAN_POINT('',(0.0165,-0.028,0.0095));
#3112=CARTESIAN_POINT('',(0.0165,-0.028,0.003));
#3113=CARTESIAN_POINT('',(0.01115,-0.033,0.0095));
#3114=CARTESIAN_POINT('',(0.01115,-0.0229096881613439,0.0095));
#3115=CARTESIAN_POINT('',(0.0215794080761403,-0.033,0.0095));
#3116=CARTESIAN_POINT('',(0.0215794080761403,-0.0229096881613439,0.0095));
#3117=CARTESIAN_POINT('',(0.0103755102572168,-0.029,0.0095));
#3118=CARTESIAN_POINT('',(0.01115,-0.029,0.0095));
#3119=CARTESIAN_POINT('',(0.01115,-0.0035,0.0095));
#3120=CARTESIAN_POINT('',(0.0193337012403359,-0.0251445020808239,0.003));
#3121=CARTESIAN_POINT('',(0.0193337012403359,-0.0308434227817492,0.003));
#3122=CARTESIAN_POINT('',(0.0136494253703526,-0.0251445020808239,0.003));
#3123=CARTESIAN_POINT('',(0.0136494253703526,-0.0308434227817492,0.003));
#3124=CARTESIAN_POINT('',(0.0165,-0.028,0.003));
#3125=CARTESIAN_POINT('',(-0.0165,-0.033,0.0095));
#3126=CARTESIAN_POINT('',(-0.0165,-0.033,0.003));
#3127=CARTESIAN_POINT('',(-0.0221357131705416,-0.033,0.0095));
#3128=CARTESIAN_POINT('',(-0.0221357131705416,-0.033,0.003));
#3129=CARTESIAN_POINT('',(-0.0240276823108703,-0.0276913546254567,0.0095));
#3130=CARTESIAN_POINT('',(-0.0240276823108703,-0.0276913546254567,0.003));
#3131=CARTESIAN_POINT('',(-0.0196622776601684,-0.0241270166537926,0.0095));
#3132=CARTESIAN_POINT('',(-0.0196622776601684,-0.0241270166537926,0.003));
#3133=CARTESIAN_POINT('',(-0.0152968730094665,-0.0205626786821285,0.0095));
#3134=CARTESIAN_POINT('',(-0.0152968730094665,-0.0205626786821285,0.003));
#3135=CARTESIAN_POINT('',(-0.0104738778803253,-0.0234781513581961,0.0095));
#3136=CARTESIAN_POINT('',(-0.0104738778803253,-0.0234781513581961,0.003));
#3137=CARTESIAN_POINT('',(-0.0116010205144336,-0.029,0.0095));
#3138=CARTESIAN_POINT('',(-0.0116010205144336,-0.029,0.003));
#3139=CARTESIAN_POINT('',(-0.0165,-0.028,0.0095));
#3140=CARTESIAN_POINT('',(-0.0115,-0.028,0.0095));
#3141=CARTESIAN_POINT('',(-0.0165,-0.028,0.0095));
#3142=CARTESIAN_POINT('',(-0.0116010205144336,-0.029,0.0095));
#3143=CARTESIAN_POINT('',(-0.0116010205144336,-0.029,0.0095));
#3144=CARTESIAN_POINT('',(-0.0193,-0.028,0.0095));
#3145=CARTESIAN_POINT('',(-0.0193,-0.028,0.003));
#3146=CARTESIAN_POINT('',(-0.0193,-0.0224,0.0095));
#3147=CARTESIAN_POINT('',(-0.0193,-0.0224,0.003));
#3148=CARTESIAN_POINT('',(-0.0137,-0.0224,0.0095));
#3149=CARTESIAN_POINT('',(-0.0137,-0.0224,0.003));
#3150=CARTESIAN_POINT('',(-0.0137,-0.028,0.0095));
#3151=CARTESIAN_POINT('',(-0.0137,-0.028,0.003));
#3152=CARTESIAN_POINT('',(-0.0165,-0.028,0.0095));
#3153=CARTESIAN_POINT('',(-0.0165,-0.028,0.003));
#3154=CARTESIAN_POINT('',(-0.0215794080761403,-0.033,0.0095));
#3155=CARTESIAN_POINT('',(-0.0215794080761403,-0.0229096881613439,0.0095));
#3156=CARTESIAN_POINT('',(-0.01115,-0.033,0.0095));
#3157=CARTESIAN_POINT('',(-0.01115,-0.0229096881613439,0.0095));
#3158=CARTESIAN_POINT('',(-0.01115,-0.029,0.0095));
#3159=CARTESIAN_POINT('',(-0.01115,-0.029,0.0095));
#3160=CARTESIAN_POINT('',(-0.0103755102572168,-0.029,0.0095));
#3161=CARTESIAN_POINT('',(-0.0136662987596641,-0.0251565772182507,0.003));
#3162=CARTESIAN_POINT('',(-0.0136662987596641,-0.0308554979191761,0.003));
#3163=CARTESIAN_POINT('',(-0.0193505746296474,-0.0251565772182507,0.003));
#3164=CARTESIAN_POINT('',(-0.0193505746296474,-0.0308554979191761,0.003));
#3165=CARTESIAN_POINT('',(-0.0165,-0.028,0.003));
#3166=CARTESIAN_POINT('',(-0.01435,-0.028,2.71050543121376E-20));
#3167=CARTESIAN_POINT('',(-0.01435,-0.028,0.003));
#3168=CARTESIAN_POINT('',(-0.01435,-0.0237,2.03287907341032E-20));
#3169=CARTESIAN_POINT('',(-0.01435,-0.0237,0.003));
#3170=CARTESIAN_POINT('',(-0.01865,-0.0237,2.03287907341032E-20));
#3171=CARTESIAN_POINT('',(-0.01865,-0.0237,0.003));
#3172=CARTESIAN_POINT('',(-0.01865,-0.028,2.71050543121376E-20));
#3173=CARTESIAN_POINT('',(-0.01865,-0.028,0.003));
#3174=CARTESIAN_POINT('',(0.01865,-0.028,-2.71050543121376E-20));
#3175=CARTESIAN_POINT('',(0.01865,-0.028,0.003));
#3176=CARTESIAN_POINT('',(0.01865,-0.0237,-2.03287907341032E-20));
#3177=CARTESIAN_POINT('',(0.01865,-0.0237,0.003));
#3178=CARTESIAN_POINT('',(0.01435,-0.0237,-2.03287907341032E-20));
#3179=CARTESIAN_POINT('',(0.01435,-0.0237,0.003));
#3180=CARTESIAN_POINT('',(0.01435,-0.028,-2.71050543121376E-20));
#3181=CARTESIAN_POINT('',(0.01435,-0.028,0.003));
#3182=CARTESIAN_POINT('',(0.00215,0.021,-1.0842021724855E-19));
#3183=CARTESIAN_POINT('',(0.00215,0.021,0.003));
#3184=CARTESIAN_POINT('',(0.00215,0.0253,-8.13151629364128E-20));
#3185=CARTESIAN_POINT('',(0.00215,0.0253,0.003));
#3186=CARTESIAN_POINT('',(-0.00215,0.0253,-8.13151629364128E-20));
#3187=CARTESIAN_POINT('',(-0.00215,0.0253,0.003));
#3188=CARTESIAN_POINT('',(-0.00215,0.021,-1.0842021724855E-19));
#3189=CARTESIAN_POINT('',(-0.00215,0.021,0.003));
#3190=CARTESIAN_POINT('',(-0.00915,-0.0332,0.002775));
#3191=CARTESIAN_POINT('',(-0.00915,-0.0288,0.002775));
#3192=CARTESIAN_POINT('',(-0.00915,-0.0332,0.007725));
#3193=CARTESIAN_POINT('',(-0.00915,-0.0288,0.007725));
#3194=CARTESIAN_POINT('',(-0.00915,-0.029,0.0095));
#3195=CARTESIAN_POINT('',(-0.00915,-0.029,0.0075));
#3196=CARTESIAN_POINT('',(-0.00915,-0.033,0.0075));
#3197=CARTESIAN_POINT('',(-0.0117235715401553,-0.029,0.002675));
#3198=CARTESIAN_POINT('',(-0.00902744897427832,-0.029,0.002675));
#3199=CARTESIAN_POINT('',(-0.0117235715401553,-0.029,0.009825));
#3200=CARTESIAN_POINT('',(-0.00902744897427832,-0.029,0.009825));
#3201=CARTESIAN_POINT('',(-0.0107627551286084,-0.029,0.00911275512860841));
#3202=CARTESIAN_POINT('',(0.00915,-0.0332,0.002775));
#3203=CARTESIAN_POINT('',(0.00915,-0.0288,0.002775));
#3204=CARTESIAN_POINT('',(0.00915,-0.0332,0.007725));
#3205=CARTESIAN_POINT('',(0.00915,-0.0288,0.007725));
#3206=CARTESIAN_POINT('',(0.00915,-0.031,0.0075));
#3207=CARTESIAN_POINT('',(0.00915,-0.029,0.0075));
#3208=CARTESIAN_POINT('',(0.00915,-0.029,0.0095));
#3209=CARTESIAN_POINT('',(0.00902744897427832,-0.029,0.009825));
#3210=CARTESIAN_POINT('',(0.0117235715401553,-0.029,0.009825));
#3211=CARTESIAN_POINT('',(0.00902744897427832,-0.029,0.002675));
#3212=CARTESIAN_POINT('',(0.0117235715401553,-0.029,0.002675));
#3213=CARTESIAN_POINT('',(0.00915,-0.029,0.0075));
#3214=CARTESIAN_POINT('',(0.00905,-0.0332,0.0074));
#3215=CARTESIAN_POINT('',(0.01125,-0.0332,0.0096));
#3216=CARTESIAN_POINT('',(0.00905,-0.0288,0.0074));
#3217=CARTESIAN_POINT('',(0.01125,-0.0288,0.0096));
#3218=CARTESIAN_POINT('',(-0.01125,-0.0288,0.0096));
#3219=CARTESIAN_POINT('',(-0.00905,-0.0288,0.0074));
#3220=CARTESIAN_POINT('',(-0.01125,-0.0332,0.0096));
#3221=CARTESIAN_POINT('',(-0.00905,-0.0332,0.0074));
#3222=MECHANICAL_DESIGN_GEOMETRIC_PRESENTATION_REPRESENTATION('',(#1667),
#3223);
#3223=(
GEOMETRIC_REPRESENTATION_CONTEXT(3)
GLOBAL_UNCERTAINTY_ASSIGNED_CONTEXT((#3224))
GLOBAL_UNIT_ASSIGNED_CONTEXT((#3227,#3226,#3225))
REPRESENTATION_CONTEXT('new v2 concept v48','TOP_LEVEL_ASSEMBLY_PART')
);
#3224=UNCERTAINTY_MEASURE_WITH_UNIT(LENGTH_MEASURE(2.E-5),#3227,
'DISTANCE_ACCURACY_VALUE','Maximum Tolerance applied to model');
#3225=(
NAMED_UNIT(*)
SI_UNIT($,.STERADIAN.)
SOLID_ANGLE_UNIT()
);
#3226=(
NAMED_UNIT(*)
PLANE_ANGLE_UNIT()
SI_UNIT($,.RADIAN.)
);
#3227=(
LENGTH_UNIT()
NAMED_UNIT(*)
SI_UNIT($,.METRE.)
);
#3228=PRODUCT_DEFINITION_SHAPE('','',#3229);
#3229=PRODUCT_DEFINITION('','',#3231,#3230);
#3230=PRODUCT_DEFINITION_CONTEXT('',#3237,'design');
#3231=PRODUCT_DEFINITION_FORMATION_WITH_SPECIFIED_SOURCE('','',#3233,
 .NOT_KNOWN.);
#3232=PRODUCT_RELATED_PRODUCT_CATEGORY('','',(#3233));
#3233=PRODUCT('new v2 concept v48','new v2 concept v48',
'new v2 concept v48',(#3235));
#3234=PRODUCT_CATEGORY('','');
#3235=PRODUCT_CONTEXT('',#3237,'mechanical');
#3236=APPLICATION_PROTOCOL_DEFINITION('international standard',
'ap242_managed_model_based_3d_engineering',2011,#3237);
#3237=APPLICATION_CONTEXT('managed model based 3d engineering');
ENDSEC;
END-ISO-10303-21;
