ISO-10303-21;
HEADER;
/* Generated by software containing ST-Developer
 * from STEP Tools, Inc. (www.steptools.com) 
 */
/* OPTION: using custom renumber hook */

FILE_DESCRIPTION(
/* description */ ('STEP AP242',
'CAx-IF Rec.Pracs.---Representation and Presentation of Product Manufa
cturing Information (PMI)---4.0---2014-10-13',
'CAx-IF Rec.Pracs.---3D Tessellated Geometry---0.4---2014-09-14','2;1'),

/* implementation_level */ '2;1');

FILE_NAME(
/* name */ '6797d6c239e4a426478788b8',
/* time_stamp */ '2025-01-27T18:56:03Z',
/* author */ (''),
/* organization */ (''),
/* preprocessor_version */ 'ST-DEVELOPER v20',
/* originating_system */ 'ONSHAPE BY PTC INC, 1.192',
/* authorisation */ '  ');

FILE_SCHEMA (('AP242_MANAGED_MODEL_BASED_3D_ENGINEERING_MIM_LF { 1 0 10303 442 1 1 4 }'));
ENDSEC;

DATA;
#10=SHAPE_REPRESENTATION_RELATIONSHIP('','',#1323,#11);
#11=ADVANCED_BREP_SHAPE_REPRESENTATION('',(#1321),#7068);
#12=LINE('',#1663,#97);
#13=LINE('',#1665,#98);
#14=LINE('',#1667,#99);
#15=LINE('',#1669,#100);
#16=LINE('',#1671,#101);
#17=LINE('',#1683,#102);
#18=LINE('',#1690,#103);
#19=LINE('',#1697,#104);
#20=LINE('',#1723,#105);
#21=LINE('',#1762,#106);
#22=LINE('',#2302,#107);
#23=LINE('',#2305,#108);
#24=LINE('',#2312,#109);
#25=LINE('',#2314,#110);
#26=LINE('',#2316,#111);
#27=LINE('',#2325,#112);
#28=LINE('',#2497,#113);
#29=LINE('',#2501,#114);
#30=LINE('',#2519,#115);
#31=LINE('',#2523,#116);
#32=LINE('',#2533,#117);
#33=LINE('',#2536,#118);
#34=LINE('',#2538,#119);
#35=LINE('',#2539,#120);
#36=LINE('',#2541,#121);
#37=LINE('',#2558,#122);
#38=LINE('',#2565,#123);
#39=LINE('',#2575,#124);
#40=LINE('',#2620,#125);
#41=LINE('',#2624,#126);
#42=LINE('',#2635,#127);
#43=LINE('',#2659,#128);
#44=LINE('',#2695,#129);
#45=LINE('',#2712,#130);
#46=LINE('',#2717,#131);
#47=LINE('',#2723,#132);
#48=LINE('',#2727,#133);
#49=LINE('',#2728,#134);
#50=LINE('',#2743,#135);
#51=LINE('',#2746,#136);
#52=LINE('',#2757,#137);
#53=LINE('',#2759,#138);
#54=LINE('',#2761,#139);
#55=LINE('',#2792,#140);
#56=LINE('',#2819,#141);
#57=LINE('',#2832,#142);
#58=LINE('',#2844,#143);
#59=LINE('',#2855,#144);
#60=LINE('',#2859,#145);
#61=LINE('',#2862,#146);
#62=LINE('',#2865,#147);
#63=LINE('',#2867,#148);
#64=LINE('',#2869,#149);
#65=LINE('',#2874,#150);
#66=LINE('',#2877,#151);
#67=LINE('',#2879,#152);
#68=LINE('',#2881,#153);
#69=LINE('',#2882,#154);
#70=LINE('',#2886,#155);
#71=LINE('',#2890,#156);
#72=LINE('',#3371,#157);
#73=LINE('',#6761,#158);
#74=LINE('',#6765,#159);
#75=LINE('',#6803,#160);
#76=LINE('',#6804,#161);
#77=LINE('',#6833,#162);
#78=LINE('',#6835,#163);
#79=LINE('',#6837,#164);
#80=LINE('',#6848,#165);
#81=LINE('',#6853,#166);
#82=LINE('',#6858,#167);
#83=LINE('',#6926,#168);
#84=LINE('',#6928,#169);
#85=LINE('',#6937,#170);
#86=LINE('',#6944,#171);
#87=LINE('',#6946,#172);
#88=LINE('',#6951,#173);
#89=LINE('',#7019,#174);
#90=LINE('',#7020,#175);
#91=LINE('',#7025,#176);
#92=LINE('',#7030,#177);
#93=LINE('',#7043,#178);
#94=LINE('',#7044,#179);
#95=LINE('',#7049,#180);
#96=LINE('',#7058,#181);
#97=VECTOR('',#1385,1.);
#98=VECTOR('',#1386,1.);
#99=VECTOR('',#1387,1.);
#100=VECTOR('',#1388,1.);
#101=VECTOR('',#1389,1.);
#102=VECTOR('',#1392,1.);
#103=VECTOR('',#1393,1.);
#104=VECTOR('',#1394,1.);
#105=VECTOR('',#1397,1.);
#106=VECTOR('',#1398,1.);
#107=VECTOR('',#1399,1.);
#108=VECTOR('',#1400,1.);
#109=VECTOR('',#1401,1.);
#110=VECTOR('',#1402,1.);
#111=VECTOR('',#1403,1.);
#112=VECTOR('',#1404,1.);
#113=VECTOR('',#1413,1.);
#114=VECTOR('',#1416,1.);
#115=VECTOR('',#1417,1.);
#116=VECTOR('',#1420,1.);
#117=VECTOR('',#1421,1.);
#118=VECTOR('',#1422,1.);
#119=VECTOR('',#1423,1.);
#120=VECTOR('',#1424,1.);
#121=VECTOR('',#1425,1.);
#122=VECTOR('',#1426,1.);
#123=VECTOR('',#1427,1.);
#124=VECTOR('',#1430,1.);
#125=VECTOR('',#1439,1.);
#126=VECTOR('',#1442,1.);
#127=VECTOR('',#1447,1.);
#128=VECTOR('',#1452,1.);
#129=VECTOR('',#1453,1.);
#130=VECTOR('',#1454,1.);
#131=VECTOR('',#1457,1.);
#132=VECTOR('',#1458,1.);
#133=VECTOR('',#1461,1.);
#134=VECTOR('',#1462,1.);
#135=VECTOR('',#1467,1.);
#136=VECTOR('',#1468,1.);
#137=VECTOR('',#1469,1.);
#138=VECTOR('',#1470,1.);
#139=VECTOR('',#1471,1.);
#140=VECTOR('',#1472,1.);
#141=VECTOR('',#1473,1.);
#142=VECTOR('',#1474,1.);
#143=VECTOR('',#1475,1.);
#144=VECTOR('',#1476,1.);
#145=VECTOR('',#1479,1.);
#146=VECTOR('',#1482,1.);
#147=VECTOR('',#1483,1.);
#148=VECTOR('',#1484,1.);
#149=VECTOR('',#1485,1.);
#150=VECTOR('',#1486,1.);
#151=VECTOR('',#1487,1.);
#152=VECTOR('',#1488,1.);
#153=VECTOR('',#1489,1.);
#154=VECTOR('',#1490,1.);
#155=VECTOR('',#1493,1.);
#156=VECTOR('',#1496,1.);
#157=VECTOR('',#1497,1.);
#158=VECTOR('',#1500,1.);
#159=VECTOR('',#1503,1.);
#160=VECTOR('',#1504,1.);
#161=VECTOR('',#1505,1.);
#162=VECTOR('',#1506,1.);
#163=VECTOR('',#1507,1.);
#164=VECTOR('',#1508,1.);
#165=VECTOR('',#1511,1.);
#166=VECTOR('',#1512,1.);
#167=VECTOR('',#1513,1.);
#168=VECTOR('',#1518,1.);
#169=VECTOR('',#1519,1.);
#170=VECTOR('',#1520,1.);
#171=VECTOR('',#1523,1.);
#172=VECTOR('',#1524,1.);
#173=VECTOR('',#1525,1.);
#174=VECTOR('',#1530,1.);
#175=VECTOR('',#1531,1.);
#176=VECTOR('',#1532,1.);
#177=VECTOR('',#1533,1.);
#178=VECTOR('',#1534,1.);
#179=VECTOR('',#1535,1.);
#180=VECTOR('',#1536,1.);
#181=VECTOR('',#1537,1.);
#182=B_SPLINE_SURFACE_WITH_KNOTS('',1,1,((#1653,#1654),(#1655,#1656)),
 .PLANE_SURF.,.F.,.F.,.F.,(2,2),(2,2),(0.,1.),(0.,1.),.UNSPECIFIED.);
#183=B_SPLINE_SURFACE_WITH_KNOTS('',5,1,((#1746,#1747),(#1748,#1749),(#1750,
#1751),(#1752,#1753),(#1754,#1755),(#1756,#1757),(#1758,#1759),(#1760,#1761)),
 .SURF_OF_LINEAR_EXTRUSION.,.F.,.F.,.F.,(6,2,6),(2,2),(0.,0.5,1.),(0.0454545454545456,
0.954545454545455),.UNSPECIFIED.);
#184=B_SPLINE_SURFACE_WITH_KNOTS('',3,3,((#1791,#1792,#1793,#1794,#1795,
#1796,#1797,#1798,#1799,#1800,#1801,#1802,#1803,#1804,#1805,#1806,#1807,
#1808,#1809,#1810,#1811,#1812,#1813,#1814,#1815,#1816,#1817,#1818),(#1819,
#1820,#1821,#1822,#1823,#1824,#1825,#1826,#1827,#1828,#1829,#1830,#1831,
#1832,#1833,#1834,#1835,#1836,#1837,#1838,#1839,#1840,#1841,#1842,#1843,
#1844,#1845,#1846),(#1847,#1848,#1849,#1850,#1851,#1852,#1853,#1854,#1855,
#1856,#1857,#1858,#1859,#1860,#1861,#1862,#1863,#1864,#1865,#1866,#1867,
#1868,#1869,#1870,#1871,#1872,#1873,#1874),(#1875,#1876,#1877,#1878,#1879,
#1880,#1881,#1882,#1883,#1884,#1885,#1886,#1887,#1888,#1889,#1890,#1891,
#1892,#1893,#1894,#1895,#1896,#1897,#1898,#1899,#1900,#1901,#1902),(#1903,
#1904,#1905,#1906,#1907,#1908,#1909,#1910,#1911,#1912,#1913,#1914,#1915,
#1916,#1917,#1918,#1919,#1920,#1921,#1922,#1923,#1924,#1925,#1926,#1927,
#1928,#1929,#1930),(#1931,#1932,#1933,#1934,#1935,#1936,#1937,#1938,#1939,
#1940,#1941,#1942,#1943,#1944,#1945,#1946,#1947,#1948,#1949,#1950,#1951,
#1952,#1953,#1954,#1955,#1956,#1957,#1958),(#1959,#1960,#1961,#1962,#1963,
#1964,#1965,#1966,#1967,#1968,#1969,#1970,#1971,#1972,#1973,#1974,#1975,
#1976,#1977,#1978,#1979,#1980,#1981,#1982,#1983,#1984,#1985,#1986),(#1987,
#1988,#1989,#1990,#1991,#1992,#1993,#1994,#1995,#1996,#1997,#1998,#1999,
#2000,#2001,#2002,#2003,#2004,#2005,#2006,#2007,#2008,#2009,#2010,#2011,
#2012,#2013,#2014),(#2015,#2016,#2017,#2018,#2019,#2020,#2021,#2022,#2023,
#2024,#2025,#2026,#2027,#2028,#2029,#2030,#2031,#2032,#2033,#2034,#2035,
#2036,#2037,#2038,#2039,#2040,#2041,#2042),(#2043,#2044,#2045,#2046,#2047,
#2048,#2049,#2050,#2051,#2052,#2053,#2054,#2055,#2056,#2057,#2058,#2059,
#2060,#2061,#2062,#2063,#2064,#2065,#2066,#2067,#2068,#2069,#2070)),
 .UNSPECIFIED.,.F.,.F.,.F.,(4,2,2,2,4),(4,2,2,2,2,2,2,2,2,2,2,2,2,4),(0.776725216655063,
0.815772915558408,0.877181943705605,0.938590971852803,1.),(1.5707963267949,
1.59710179635253,1.62340726591016,1.64971273546779,1.67601820502542,1.70232367458305,
1.72862914414068,1.78124008325595,1.83385102237121,1.88646196148647,1.91276743104411,
1.93907290060174,1.96537837015937,1.991683839717),.UNSPECIFIED.);
#185=B_SPLINE_SURFACE_WITH_KNOTS('',3,3,((#2084,#2085,#2086,#2087,#2088,
#2089,#2090,#2091,#2092,#2093),(#2094,#2095,#2096,#2097,#2098,#2099,#2100,
#2101,#2102,#2103),(#2104,#2105,#2106,#2107,#2108,#2109,#2110,#2111,#2112,
#2113),(#2114,#2115,#2116,#2117,#2118,#2119,#2120,#2121,#2122,#2123),(#2124,
#2125,#2126,#2127,#2128,#2129,#2130,#2131,#2132,#2133),(#2134,#2135,#2136,
#2137,#2138,#2139,#2140,#2141,#2142,#2143),(#2144,#2145,#2146,#2147,#2148,
#2149,#2150,#2151,#2152,#2153),(#2154,#2155,#2156,#2157,#2158,#2159,#2160,
#2161,#2162,#2163),(#2164,#2165,#2166,#2167,#2168,#2169,#2170,#2171,#2172,
#2173),(#2174,#2175,#2176,#2177,#2178,#2179,#2180,#2181,#2182,#2183)),
 .UNSPECIFIED.,.F.,.F.,.F.,(4,2,2,2,4),(4,2,2,2,4),(0.776986525536049,0.816012827683337,
0.877341885122224,0.938670942561112,1.),(0.0190157413281499,0.0193302971650802,
0.0196448530020105,0.0199594088389408,0.0201595819577286),.UNSPECIFIED.);
#186=B_SPLINE_SURFACE_WITH_KNOTS('',3,3,((#2191,#2192,#2193,#2194,#2195,
#2196,#2197,#2198,#2199,#2200,#2201,#2202,#2203,#2204),(#2205,#2206,#2207,
#2208,#2209,#2210,#2211,#2212,#2213,#2214,#2215,#2216,#2217,#2218),(#2219,
#2220,#2221,#2222,#2223,#2224,#2225,#2226,#2227,#2228,#2229,#2230,#2231,
#2232),(#2233,#2234,#2235,#2236,#2237,#2238,#2239,#2240,#2241,#2242,#2243,
#2244,#2245,#2246),(#2247,#2248,#2249,#2250,#2251,#2252,#2253,#2254,#2255,
#2256,#2257,#2258,#2259,#2260),(#2261,#2262,#2263,#2264,#2265,#2266,#2267,
#2268,#2269,#2270,#2271,#2272,#2273,#2274),(#2275,#2276,#2277,#2278,#2279,
#2280,#2281,#2282,#2283,#2284,#2285,#2286,#2287,#2288)),.UNSPECIFIED.,.F.,
 .F.,.F.,(4,2,1,4),(4,2,2,2,2,2,4),(0.834903176960998,0.909194232020664,
0.954597116010332,1.),(0.0210823030783331,0.0212024639052493,0.0215675403218074,
0.0222976931549237,0.02302784598804,0.0233929224045981,0.0235307311774418),
 .UNSPECIFIED.);
#187=B_SPLINE_SURFACE_WITH_KNOTS('',1,1,((#2298,#2299),(#2300,#2301)),
 .PLANE_SURF.,.F.,.F.,.F.,(2,2),(2,2),(0.,1.),(0.,1.),.UNSPECIFIED.);
#188=B_SPLINE_SURFACE_WITH_KNOTS('',3,3,((#2330,#2331,#2332,#2333,#2334,
#2335,#2336,#2337,#2338,#2339),(#2340,#2341,#2342,#2343,#2344,#2345,#2346,
#2347,#2348,#2349),(#2350,#2351,#2352,#2353,#2354,#2355,#2356,#2357,#2358,
#2359),(#2360,#2361,#2362,#2363,#2364,#2365,#2366,#2367,#2368,#2369),(#2370,
#2371,#2372,#2373,#2374,#2375,#2376,#2377,#2378,#2379),(#2380,#2381,#2382,
#2383,#2384,#2385,#2386,#2387,#2388,#2389),(#2390,#2391,#2392,#2393,#2394,
#2395,#2396,#2397,#2398,#2399),(#2400,#2401,#2402,#2403,#2404,#2405,#2406,
#2407,#2408,#2409),(#2410,#2411,#2412,#2413,#2414,#2415,#2416,#2417,#2418,
#2419),(#2420,#2421,#2422,#2423,#2424,#2425,#2426,#2427,#2428,#2429)),
 .UNSPECIFIED.,.F.,.F.,.F.,(4,2,2,2,4),(4,2,2,2,4),(0.,0.0612848039565887,
0.122569607913177,0.183854411869766,0.22285255913037),(0.0190157413281499,
0.0193303114240857,0.0196448815200215,0.0199594516159574,0.0201596338108732),
 .UNSPECIFIED.);
#189=B_SPLINE_SURFACE_WITH_KNOTS('',1,1,((#2529,#2530),(#2531,#2532)),
 .PLANE_SURF.,.F.,.F.,.F.,(2,2),(2,2),(0.,1.),(0.,1.),.UNSPECIFIED.);
#190=B_SPLINE_SURFACE_WITH_KNOTS('',1,1,((#2554,#2555),(#2556,#2557)),
 .PLANE_SURF.,.F.,.F.,.F.,(2,2),(2,2),(0.,1.),(0.,1.),.UNSPECIFIED.);
#191=B_SPLINE_SURFACE_WITH_KNOTS('',1,1,((#2655,#2656),(#2657,#2658)),
 .PLANE_SURF.,.F.,.F.,.F.,(2,2),(2,2),(0.,1.),(0.,1.),.UNSPECIFIED.);
#192=B_SPLINE_SURFACE_WITH_KNOTS('',1,1,((#2691,#2692),(#2693,#2694)),
 .PLANE_SURF.,.F.,.F.,.F.,(2,2),(2,2),(0.,1.),(0.,1.),.UNSPECIFIED.);
#193=B_SPLINE_SURFACE_WITH_KNOTS('',1,1,((#2708,#2709),(#2710,#2711)),
 .PLANE_SURF.,.F.,.F.,.F.,(2,2),(2,2),(0.,1.),(0.,1.),.UNSPECIFIED.);
#194=B_SPLINE_SURFACE_WITH_KNOTS('',1,1,((#2739,#2740),(#2741,#2742)),
 .PLANE_SURF.,.F.,.F.,.F.,(2,2),(2,2),(0.,1.),(0.,1.),.UNSPECIFIED.);
#195=B_SPLINE_SURFACE_WITH_KNOTS('',1,1,((#2820,#2821),(#2822,#2823)),
 .PLANE_SURF.,.F.,.F.,.F.,(2,2),(2,2),(0.,1.),(0.,1.),.UNSPECIFIED.);
#196=B_SPLINE_SURFACE_WITH_KNOTS('',1,1,((#2828,#2829),(#2830,#2831)),
 .PLANE_SURF.,.F.,.F.,.F.,(2,2),(2,2),(0.,1.),(0.,1.),.UNSPECIFIED.);
#197=B_SPLINE_SURFACE_WITH_KNOTS('',1,1,((#2870,#2871),(#2872,#2873)),
 .PLANE_SURF.,.F.,.F.,.F.,(2,2),(2,2),(0.,1.),(0.,1.),.UNSPECIFIED.);
#198=B_SPLINE_SURFACE_WITH_KNOTS('',3,3,((#2966,#2967,#2968,#2969,#2970,
#2971,#2972,#2973,#2974,#2975,#2976,#2977,#2978,#2979),(#2980,#2981,#2982,
#2983,#2984,#2985,#2986,#2987,#2988,#2989,#2990,#2991,#2992,#2993),(#2994,
#2995,#2996,#2997,#2998,#2999,#3000,#3001,#3002,#3003,#3004,#3005,#3006,
#3007),(#3008,#3009,#3010,#3011,#3012,#3013,#3014,#3015,#3016,#3017,#3018,
#3019,#3020,#3021),(#3022,#3023,#3024,#3025,#3026,#3027,#3028,#3029,#3030,
#3031,#3032,#3033,#3034,#3035),(#3036,#3037,#3038,#3039,#3040,#3041,#3042,
#3043,#3044,#3045,#3046,#3047,#3048,#3049),(#3050,#3051,#3052,#3053,#3054,
#3055,#3056,#3057,#3058,#3059,#3060,#3061,#3062,#3063)),.UNSPECIFIED.,.F.,
 .F.,.F.,(4,1,2,4),(4,2,2,2,2,2,4),(0.,0.0454028925289554,0.0908057850579108,
0.165096738155361),(0.0210823024802909,0.0212024628010953,0.0215675393753897,
0.0222976925239785,0.0230278456725674,0.0233929222468618,0.0235307311810535),
 .UNSPECIFIED.);
#199=B_SPLINE_SURFACE_WITH_KNOTS('',3,3,((#3068,#3069,#3070,#3071,#3072,
#3073,#3074,#3075,#3076,#3077,#3078,#3079,#3080,#3081,#3082,#3083,#3084,
#3085,#3086,#3087,#3088,#3089,#3090,#3091,#3092,#3093,#3094),(#3095,#3096,
#3097,#3098,#3099,#3100,#3101,#3102,#3103,#3104,#3105,#3106,#3107,#3108,
#3109,#3110,#3111,#3112,#3113,#3114,#3115,#3116,#3117,#3118,#3119,#3120,
#3121),(#3122,#3123,#3124,#3125,#3126,#3127,#3128,#3129,#3130,#3131,#3132,
#3133,#3134,#3135,#3136,#3137,#3138,#3139,#3140,#3141,#3142,#3143,#3144,
#3145,#3146,#3147,#3148),(#3149,#3150,#3151,#3152,#3153,#3154,#3155,#3156,
#3157,#3158,#3159,#3160,#3161,#3162,#3163,#3164,#3165,#3166,#3167,#3168,
#3169,#3170,#3171,#3172,#3173,#3174,#3175),(#3176,#3177,#3178,#3179,#3180,
#3181,#3182,#3183,#3184,#3185,#3186,#3187,#3188,#3189,#3190,#3191,#3192,
#3193,#3194,#3195,#3196,#3197,#3198,#3199,#3200,#3201,#3202),(#3203,#3204,
#3205,#3206,#3207,#3208,#3209,#3210,#3211,#3212,#3213,#3214,#3215,#3216,
#3217,#3218,#3219,#3220,#3221,#3222,#3223,#3224,#3225,#3226,#3227,#3228,
#3229),(#3230,#3231,#3232,#3233,#3234,#3235,#3236,#3237,#3238,#3239,#3240,
#3241,#3242,#3243,#3244,#3245,#3246,#3247,#3248,#3249,#3250,#3251,#3252,
#3253,#3254,#3255,#3256),(#3257,#3258,#3259,#3260,#3261,#3262,#3263,#3264,
#3265,#3266,#3267,#3268,#3269,#3270,#3271,#3272,#3273,#3274,#3275,#3276,
#3277,#3278,#3279,#3280,#3281,#3282,#3283),(#3284,#3285,#3286,#3287,#3288,
#3289,#3290,#3291,#3292,#3293,#3294,#3295,#3296,#3297,#3298,#3299,#3300,
#3301,#3302,#3303,#3304,#3305,#3306,#3307,#3308,#3309,#3310),(#3311,#3312,
#3313,#3314,#3315,#3316,#3317,#3318,#3319,#3320,#3321,#3322,#3323,#3324,
#3325,#3326,#3327,#3328,#3329,#3330,#3331,#3332,#3333,#3334,#3335,#3336,
#3337)),.UNSPECIFIED.,.F.,.F.,.F.,(4,2,2,2,4),(4,2,2,2,2,2,1,2,2,2,2,2,
2,4),(0.776725215909638,0.815784179347943,0.877189452898629,0.938594726449314,
1.),(4.29150146746259,4.31780693702022,4.34411240657785,4.37041787613548,
4.39672334569311,4.44933428480837,4.50194522392364,4.5545561630389,4.58086163259653,
4.60716710215416,4.6334725717118,4.65977804126943,4.68608351082706,4.71238898038469),
 .UNSPECIFIED.);
#200=B_SPLINE_SURFACE_WITH_KNOTS('',5,1,((#3347,#3348),(#3349,#3350),(#3351,
#3352),(#3353,#3354),(#3355,#3356),(#3357,#3358),(#3359,#3360),(#3361,#3362)),
 .SURF_OF_LINEAR_EXTRUSION.,.F.,.F.,.F.,(6,2,6),(2,2),(0.,0.5,1.),(0.0454545454545454,
0.954545454545454),.UNSPECIFIED.);
#201=B_SPLINE_SURFACE_WITH_KNOTS('',3,3,((#3372,#3373,#3374,#3375,#3376,
#3377,#3378,#3379,#3380,#3381,#3382,#3383,#3384,#3385,#3386,#3387,#3388,
#3389,#3390,#3391,#3392,#3393,#3394,#3395,#3396,#3397,#3398,#3399),(#3400,
#3401,#3402,#3403,#3404,#3405,#3406,#3407,#3408,#3409,#3410,#3411,#3412,
#3413,#3414,#3415,#3416,#3417,#3418,#3419,#3420,#3421,#3422,#3423,#3424,
#3425,#3426,#3427),(#3428,#3429,#3430,#3431,#3432,#3433,#3434,#3435,#3436,
#3437,#3438,#3439,#3440,#3441,#3442,#3443,#3444,#3445,#3446,#3447,#3448,
#3449,#3450,#3451,#3452,#3453,#3454,#3455),(#3456,#3457,#3458,#3459,#3460,
#3461,#3462,#3463,#3464,#3465,#3466,#3467,#3468,#3469,#3470,#3471,#3472,
#3473,#3474,#3475,#3476,#3477,#3478,#3479,#3480,#3481,#3482,#3483),(#3484,
#3485,#3486,#3487,#3488,#3489,#3490,#3491,#3492,#3493,#3494,#3495,#3496,
#3497,#3498,#3499,#3500,#3501,#3502,#3503,#3504,#3505,#3506,#3507,#3508,
#3509,#3510,#3511),(#3512,#3513,#3514,#3515,#3516,#3517,#3518,#3519,#3520,
#3521,#3522,#3523,#3524,#3525,#3526,#3527,#3528,#3529,#3530,#3531,#3532,
#3533,#3534,#3535,#3536,#3537,#3538,#3539),(#3540,#3541,#3542,#3543,#3544,
#3545,#3546,#3547,#3548,#3549,#3550,#3551,#3552,#3553,#3554,#3555,#3556,
#3557,#3558,#3559,#3560,#3561,#3562,#3563,#3564,#3565,#3566,#3567),(#3568,
#3569,#3570,#3571,#3572,#3573,#3574,#3575,#3576,#3577,#3578,#3579,#3580,
#3581,#3582,#3583,#3584,#3585,#3586,#3587,#3588,#3589,#3590,#3591,#3592,
#3593,#3594,#3595),(#3596,#3597,#3598,#3599,#3600,#3601,#3602,#3603,#3604,
#3605,#3606,#3607,#3608,#3609,#3610,#3611,#3612,#3613,#3614,#3615,#3616,
#3617,#3618,#3619,#3620,#3621,#3622,#3623),(#3624,#3625,#3626,#3627,#3628,
#3629,#3630,#3631,#3632,#3633,#3634,#3635,#3636,#3637,#3638,#3639,#3640,
#3641,#3642,#3643,#3644,#3645,#3646,#3647,#3648,#3649,#3650,#3651),(#3652,
#3653,#3654,#3655,#3656,#3657,#3658,#3659,#3660,#3661,#3662,#3663,#3664,
#3665,#3666,#3667,#3668,#3669,#3670,#3671,#3672,#3673,#3674,#3675,#3676,
#3677,#3678,#3679),(#3680,#3681,#3682,#3683,#3684,#3685,#3686,#3687,#3688,
#3689,#3690,#3691,#3692,#3693,#3694,#3695,#3696,#3697,#3698,#3699,#3700,
#3701,#3702,#3703,#3704,#3705,#3706,#3707),(#3708,#3709,#3710,#3711,#3712,
#3713,#3714,#3715,#3716,#3717,#3718,#3719,#3720,#3721,#3722,#3723,#3724,
#3725,#3726,#3727,#3728,#3729,#3730,#3731,#3732,#3733,#3734,#3735),(#3736,
#3737,#3738,#3739,#3740,#3741,#3742,#3743,#3744,#3745,#3746,#3747,#3748,
#3749,#3750,#3751,#3752,#3753,#3754,#3755,#3756,#3757,#3758,#3759,#3760,
#3761,#3762,#3763),(#3764,#3765,#3766,#3767,#3768,#3769,#3770,#3771,#3772,
#3773,#3774,#3775,#3776,#3777,#3778,#3779,#3780,#3781,#3782,#3783,#3784,
#3785,#3786,#3787,#3788,#3789,#3790,#3791),(#3792,#3793,#3794,#3795,#3796,
#3797,#3798,#3799,#3800,#3801,#3802,#3803,#3804,#3805,#3806,#3807,#3808,
#3809,#3810,#3811,#3812,#3813,#3814,#3815,#3816,#3817,#3818,#3819),(#3820,
#3821,#3822,#3823,#3824,#3825,#3826,#3827,#3828,#3829,#3830,#3831,#3832,
#3833,#3834,#3835,#3836,#3837,#3838,#3839,#3840,#3841,#3842,#3843,#3844,
#3845,#3846,#3847),(#3848,#3849,#3850,#3851,#3852,#3853,#3854,#3855,#3856,
#3857,#3858,#3859,#3860,#3861,#3862,#3863,#3864,#3865,#3866,#3867,#3868,
#3869,#3870,#3871,#3872,#3873,#3874,#3875),(#3876,#3877,#3878,#3879,#3880,
#3881,#3882,#3883,#3884,#3885,#3886,#3887,#3888,#3889,#3890,#3891,#3892,
#3893,#3894,#3895,#3896,#3897,#3898,#3899,#3900,#3901,#3902,#3903),(#3904,
#3905,#3906,#3907,#3908,#3909,#3910,#3911,#3912,#3913,#3914,#3915,#3916,
#3917,#3918,#3919,#3920,#3921,#3922,#3923,#3924,#3925,#3926,#3927,#3928,
#3929,#3930,#3931),(#3932,#3933,#3934,#3935,#3936,#3937,#3938,#3939,#3940,
#3941,#3942,#3943,#3944,#3945,#3946,#3947,#3948,#3949,#3950,#3951,#3952,
#3953,#3954,#3955,#3956,#3957,#3958,#3959),(#3960,#3961,#3962,#3963,#3964,
#3965,#3966,#3967,#3968,#3969,#3970,#3971,#3972,#3973,#3974,#3975,#3976,
#3977,#3978,#3979,#3980,#3981,#3982,#3983,#3984,#3985,#3986,#3987),(#3988,
#3989,#3990,#3991,#3992,#3993,#3994,#3995,#3996,#3997,#3998,#3999,#4000,
#4001,#4002,#4003,#4004,#4005,#4006,#4007,#4008,#4009,#4010,#4011,#4012,
#4013,#4014,#4015),(#4016,#4017,#4018,#4019,#4020,#4021,#4022,#4023,#4024,
#4025,#4026,#4027,#4028,#4029,#4030,#4031,#4032,#4033,#4034,#4035,#4036,
#4037,#4038,#4039,#4040,#4041,#4042,#4043),(#4044,#4045,#4046,#4047,#4048,
#4049,#4050,#4051,#4052,#4053,#4054,#4055,#4056,#4057,#4058,#4059,#4060,
#4061,#4062,#4063,#4064,#4065,#4066,#4067,#4068,#4069,#4070,#4071),(#4072,
#4073,#4074,#4075,#4076,#4077,#4078,#4079,#4080,#4081,#4082,#4083,#4084,
#4085,#4086,#4087,#4088,#4089,#4090,#4091,#4092,#4093,#4094,#4095,#4096,
#4097,#4098,#4099),(#4100,#4101,#4102,#4103,#4104,#4105,#4106,#4107,#4108,
#4109,#4110,#4111,#4112,#4113,#4114,#4115,#4116,#4117,#4118,#4119,#4120,
#4121,#4122,#4123,#4124,#4125,#4126,#4127),(#4128,#4129,#4130,#4131,#4132,
#4133,#4134,#4135,#4136,#4137,#4138,#4139,#4140,#4141,#4142,#4143,#4144,
#4145,#4146,#4147,#4148,#4149,#4150,#4151,#4152,#4153,#4154,#4155),(#4156,
#4157,#4158,#4159,#4160,#4161,#4162,#4163,#4164,#4165,#4166,#4167,#4168,
#4169,#4170,#4171,#4172,#4173,#4174,#4175,#4176,#4177,#4178,#4179,#4180,
#4181,#4182,#4183),(#4184,#4185,#4186,#4187,#4188,#4189,#4190,#4191,#4192,
#4193,#4194,#4195,#4196,#4197,#4198,#4199,#4200,#4201,#4202,#4203,#4204,
#4205,#4206,#4207,#4208,#4209,#4210,#4211)),.UNSPECIFIED.,.F.,.F.,.F.,(4,
2,2,2,2,2,2,2,2,2,2,2,2,2,4),(4,2,2,2,2,2,2,2,2,2,2,2,2,4),(0.,0.0625,0.125,
0.1875,0.25,0.375,0.4375,0.5,0.5625,0.625,0.75,0.8125,0.875,0.9375,1.),
(0.0191139765177381,0.0194094001158064,0.0197048237138747,0.020000247311943,
0.0202956709100113,0.0208865181061479,0.0214773653022845,0.0217727889003528,
0.0220682124984211,0.0226590596945577,0.022954483292626,0.0232499068906943,
0.0235453304887626,0.0236426571752165),.UNSPECIFIED.);
#202=B_SPLINE_SURFACE_WITH_KNOTS('',3,3,((#4223,#4224,#4225,#4226,#4227,
#4228,#4229,#4230,#4231,#4232,#4233,#4234,#4235,#4236,#4237,#4238,#4239,
#4240,#4241,#4242,#4243,#4244,#4245,#4246,#4247,#4248,#4249),(#4250,#4251,
#4252,#4253,#4254,#4255,#4256,#4257,#4258,#4259,#4260,#4261,#4262,#4263,
#4264,#4265,#4266,#4267,#4268,#4269,#4270,#4271,#4272,#4273,#4274,#4275,
#4276),(#4277,#4278,#4279,#4280,#4281,#4282,#4283,#4284,#4285,#4286,#4287,
#4288,#4289,#4290,#4291,#4292,#4293,#4294,#4295,#4296,#4297,#4298,#4299,
#4300,#4301,#4302,#4303),(#4304,#4305,#4306,#4307,#4308,#4309,#4310,#4311,
#4312,#4313,#4314,#4315,#4316,#4317,#4318,#4319,#4320,#4321,#4322,#4323,
#4324,#4325,#4326,#4327,#4328,#4329,#4330),(#4331,#4332,#4333,#4334,#4335,
#4336,#4337,#4338,#4339,#4340,#4341,#4342,#4343,#4344,#4345,#4346,#4347,
#4348,#4349,#4350,#4351,#4352,#4353,#4354,#4355,#4356,#4357),(#4358,#4359,
#4360,#4361,#4362,#4363,#4364,#4365,#4366,#4367,#4368,#4369,#4370,#4371,
#4372,#4373,#4374,#4375,#4376,#4377,#4378,#4379,#4380,#4381,#4382,#4383,
#4384),(#4385,#4386,#4387,#4388,#4389,#4390,#4391,#4392,#4393,#4394,#4395,
#4396,#4397,#4398,#4399,#4400,#4401,#4402,#4403,#4404,#4405,#4406,#4407,
#4408,#4409,#4410,#4411),(#4412,#4413,#4414,#4415,#4416,#4417,#4418,#4419,
#4420,#4421,#4422,#4423,#4424,#4425,#4426,#4427,#4428,#4429,#4430,#4431,
#4432,#4433,#4434,#4435,#4436,#4437,#4438),(#4439,#4440,#4441,#4442,#4443,
#4444,#4445,#4446,#4447,#4448,#4449,#4450,#4451,#4452,#4453,#4454,#4455,
#4456,#4457,#4458,#4459,#4460,#4461,#4462,#4463,#4464,#4465),(#4466,#4467,
#4468,#4469,#4470,#4471,#4472,#4473,#4474,#4475,#4476,#4477,#4478,#4479,
#4480,#4481,#4482,#4483,#4484,#4485,#4486,#4487,#4488,#4489,#4490,#4491,
#4492),(#4493,#4494,#4495,#4496,#4497,#4498,#4499,#4500,#4501,#4502,#4503,
#4504,#4505,#4506,#4507,#4508,#4509,#4510,#4511,#4512,#4513,#4514,#4515,
#4516,#4517,#4518,#4519),(#4520,#4521,#4522,#4523,#4524,#4525,#4526,#4527,
#4528,#4529,#4530,#4531,#4532,#4533,#4534,#4535,#4536,#4537,#4538,#4539,
#4540,#4541,#4542,#4543,#4544,#4545,#4546),(#4547,#4548,#4549,#4550,#4551,
#4552,#4553,#4554,#4555,#4556,#4557,#4558,#4559,#4560,#4561,#4562,#4563,
#4564,#4565,#4566,#4567,#4568,#4569,#4570,#4571,#4572,#4573),(#4574,#4575,
#4576,#4577,#4578,#4579,#4580,#4581,#4582,#4583,#4584,#4585,#4586,#4587,
#4588,#4589,#4590,#4591,#4592,#4593,#4594,#4595,#4596,#4597,#4598,#4599,
#4600),(#4601,#4602,#4603,#4604,#4605,#4606,#4607,#4608,#4609,#4610,#4611,
#4612,#4613,#4614,#4615,#4616,#4617,#4618,#4619,#4620,#4621,#4622,#4623,
#4624,#4625,#4626,#4627),(#4628,#4629,#4630,#4631,#4632,#4633,#4634,#4635,
#4636,#4637,#4638,#4639,#4640,#4641,#4642,#4643,#4644,#4645,#4646,#4647,
#4648,#4649,#4650,#4651,#4652,#4653,#4654),(#4655,#4656,#4657,#4658,#4659,
#4660,#4661,#4662,#4663,#4664,#4665,#4666,#4667,#4668,#4669,#4670,#4671,
#4672,#4673,#4674,#4675,#4676,#4677,#4678,#4679,#4680,#4681),(#4682,#4683,
#4684,#4685,#4686,#4687,#4688,#4689,#4690,#4691,#4692,#4693,#4694,#4695,
#4696,#4697,#4698,#4699,#4700,#4701,#4702,#4703,#4704,#4705,#4706,#4707,
#4708),(#4709,#4710,#4711,#4712,#4713,#4714,#4715,#4716,#4717,#4718,#4719,
#4720,#4721,#4722,#4723,#4724,#4725,#4726,#4727,#4728,#4729,#4730,#4731,
#4732,#4733,#4734,#4735),(#4736,#4737,#4738,#4739,#4740,#4741,#4742,#4743,
#4744,#4745,#4746,#4747,#4748,#4749,#4750,#4751,#4752,#4753,#4754,#4755,
#4756,#4757,#4758,#4759,#4760,#4761,#4762),(#4763,#4764,#4765,#4766,#4767,
#4768,#4769,#4770,#4771,#4772,#4773,#4774,#4775,#4776,#4777,#4778,#4779,
#4780,#4781,#4782,#4783,#4784,#4785,#4786,#4787,#4788,#4789),(#4790,#4791,
#4792,#4793,#4794,#4795,#4796,#4797,#4798,#4799,#4800,#4801,#4802,#4803,
#4804,#4805,#4806,#4807,#4808,#4809,#4810,#4811,#4812,#4813,#4814,#4815,
#4816),(#4817,#4818,#4819,#4820,#4821,#4822,#4823,#4824,#4825,#4826,#4827,
#4828,#4829,#4830,#4831,#4832,#4833,#4834,#4835,#4836,#4837,#4838,#4839,
#4840,#4841,#4842,#4843),(#4844,#4845,#4846,#4847,#4848,#4849,#4850,#4851,
#4852,#4853,#4854,#4855,#4856,#4857,#4858,#4859,#4860,#4861,#4862,#4863,
#4864,#4865,#4866,#4867,#4868,#4869,#4870),(#4871,#4872,#4873,#4874,#4875,
#4876,#4877,#4878,#4879,#4880,#4881,#4882,#4883,#4884,#4885,#4886,#4887,
#4888,#4889,#4890,#4891,#4892,#4893,#4894,#4895,#4896,#4897),(#4898,#4899,
#4900,#4901,#4902,#4903,#4904,#4905,#4906,#4907,#4908,#4909,#4910,#4911,
#4912,#4913,#4914,#4915,#4916,#4917,#4918,#4919,#4920,#4921,#4922,#4923,
#4924),(#4925,#4926,#4927,#4928,#4929,#4930,#4931,#4932,#4933,#4934,#4935,
#4936,#4937,#4938,#4939,#4940,#4941,#4942,#4943,#4944,#4945,#4946,#4947,
#4948,#4949,#4950,#4951),(#4952,#4953,#4954,#4955,#4956,#4957,#4958,#4959,
#4960,#4961,#4962,#4963,#4964,#4965,#4966,#4967,#4968,#4969,#4970,#4971,
#4972,#4973,#4974,#4975,#4976,#4977,#4978),(#4979,#4980,#4981,#4982,#4983,
#4984,#4985,#4986,#4987,#4988,#4989,#4990,#4991,#4992,#4993,#4994,#4995,
#4996,#4997,#4998,#4999,#5000,#5001,#5002,#5003,#5004,#5005),(#5006,#5007,
#5008,#5009,#5010,#5011,#5012,#5013,#5014,#5015,#5016,#5017,#5018,#5019,
#5020,#5021,#5022,#5023,#5024,#5025,#5026,#5027,#5028,#5029,#5030,#5031,
#5032)),.UNSPECIFIED.,.F.,.F.,.F.,(4,2,2,2,2,2,2,2,2,2,2,2,2,2,4),(4,2,
2,2,2,2,2,1,2,2,2,2,2,4),(0.,0.0625,0.125,0.1875,0.25,0.375,0.4375,0.5,
0.5625,0.625,0.75,0.8125,0.875,0.9375,1.),(1.5707963267949,1.59637292082251,
1.62194951485013,1.64752610887775,1.67310270290537,1.69867929693299,1.72425589096061,
1.77540907901584,1.8521388610987,1.87771545512632,1.90329204915393,1.92886864318155,
1.95444523720917,1.98002183123679),.UNSPECIFIED.);
#203=B_SPLINE_SURFACE_WITH_KNOTS('',5,1,((#5044,#5045),(#5046,#5047),(#5048,
#5049),(#5050,#5051),(#5052,#5053),(#5054,#5055),(#5056,#5057),(#5058,#5059)),
 .SURF_OF_LINEAR_EXTRUSION.,.F.,.F.,.F.,(6,2,6),(2,2),(0.,0.5,1.),(0.0454545454545455,
0.954545454545454),.UNSPECIFIED.);
#204=B_SPLINE_SURFACE_WITH_KNOTS('',3,3,((#5060,#5061,#5062,#5063,#5064,
#5065,#5066,#5067,#5068,#5069,#5070,#5071,#5072,#5073,#5074,#5075,#5076,
#5077,#5078,#5079,#5080,#5081,#5082,#5083,#5084,#5085,#5086,#5087),(#5088,
#5089,#5090,#5091,#5092,#5093,#5094,#5095,#5096,#5097,#5098,#5099,#5100,
#5101,#5102,#5103,#5104,#5105,#5106,#5107,#5108,#5109,#5110,#5111,#5112,
#5113,#5114,#5115),(#5116,#5117,#5118,#5119,#5120,#5121,#5122,#5123,#5124,
#5125,#5126,#5127,#5128,#5129,#5130,#5131,#5132,#5133,#5134,#5135,#5136,
#5137,#5138,#5139,#5140,#5141,#5142,#5143),(#5144,#5145,#5146,#5147,#5148,
#5149,#5150,#5151,#5152,#5153,#5154,#5155,#5156,#5157,#5158,#5159,#5160,
#5161,#5162,#5163,#5164,#5165,#5166,#5167,#5168,#5169,#5170,#5171),(#5172,
#5173,#5174,#5175,#5176,#5177,#5178,#5179,#5180,#5181,#5182,#5183,#5184,
#5185,#5186,#5187,#5188,#5189,#5190,#5191,#5192,#5193,#5194,#5195,#5196,
#5197,#5198,#5199),(#5200,#5201,#5202,#5203,#5204,#5205,#5206,#5207,#5208,
#5209,#5210,#5211,#5212,#5213,#5214,#5215,#5216,#5217,#5218,#5219,#5220,
#5221,#5222,#5223,#5224,#5225,#5226,#5227),(#5228,#5229,#5230,#5231,#5232,
#5233,#5234,#5235,#5236,#5237,#5238,#5239,#5240,#5241,#5242,#5243,#5244,
#5245,#5246,#5247,#5248,#5249,#5250,#5251,#5252,#5253,#5254,#5255),(#5256,
#5257,#5258,#5259,#5260,#5261,#5262,#5263,#5264,#5265,#5266,#5267,#5268,
#5269,#5270,#5271,#5272,#5273,#5274,#5275,#5276,#5277,#5278,#5279,#5280,
#5281,#5282,#5283),(#5284,#5285,#5286,#5287,#5288,#5289,#5290,#5291,#5292,
#5293,#5294,#5295,#5296,#5297,#5298,#5299,#5300,#5301,#5302,#5303,#5304,
#5305,#5306,#5307,#5308,#5309,#5310,#5311),(#5312,#5313,#5314,#5315,#5316,
#5317,#5318,#5319,#5320,#5321,#5322,#5323,#5324,#5325,#5326,#5327,#5328,
#5329,#5330,#5331,#5332,#5333,#5334,#5335,#5336,#5337,#5338,#5339),(#5340,
#5341,#5342,#5343,#5344,#5345,#5346,#5347,#5348,#5349,#5350,#5351,#5352,
#5353,#5354,#5355,#5356,#5357,#5358,#5359,#5360,#5361,#5362,#5363,#5364,
#5365,#5366,#5367),(#5368,#5369,#5370,#5371,#5372,#5373,#5374,#5375,#5376,
#5377,#5378,#5379,#5380,#5381,#5382,#5383,#5384,#5385,#5386,#5387,#5388,
#5389,#5390,#5391,#5392,#5393,#5394,#5395),(#5396,#5397,#5398,#5399,#5400,
#5401,#5402,#5403,#5404,#5405,#5406,#5407,#5408,#5409,#5410,#5411,#5412,
#5413,#5414,#5415,#5416,#5417,#5418,#5419,#5420,#5421,#5422,#5423),(#5424,
#5425,#5426,#5427,#5428,#5429,#5430,#5431,#5432,#5433,#5434,#5435,#5436,
#5437,#5438,#5439,#5440,#5441,#5442,#5443,#5444,#5445,#5446,#5447,#5448,
#5449,#5450,#5451),(#5452,#5453,#5454,#5455,#5456,#5457,#5458,#5459,#5460,
#5461,#5462,#5463,#5464,#5465,#5466,#5467,#5468,#5469,#5470,#5471,#5472,
#5473,#5474,#5475,#5476,#5477,#5478,#5479),(#5480,#5481,#5482,#5483,#5484,
#5485,#5486,#5487,#5488,#5489,#5490,#5491,#5492,#5493,#5494,#5495,#5496,
#5497,#5498,#5499,#5500,#5501,#5502,#5503,#5504,#5505,#5506,#5507),(#5508,
#5509,#5510,#5511,#5512,#5513,#5514,#5515,#5516,#5517,#5518,#5519,#5520,
#5521,#5522,#5523,#5524,#5525,#5526,#5527,#5528,#5529,#5530,#5531,#5532,
#5533,#5534,#5535),(#5536,#5537,#5538,#5539,#5540,#5541,#5542,#5543,#5544,
#5545,#5546,#5547,#5548,#5549,#5550,#5551,#5552,#5553,#5554,#5555,#5556,
#5557,#5558,#5559,#5560,#5561,#5562,#5563),(#5564,#5565,#5566,#5567,#5568,
#5569,#5570,#5571,#5572,#5573,#5574,#5575,#5576,#5577,#5578,#5579,#5580,
#5581,#5582,#5583,#5584,#5585,#5586,#5587,#5588,#5589,#5590,#5591),(#5592,
#5593,#5594,#5595,#5596,#5597,#5598,#5599,#5600,#5601,#5602,#5603,#5604,
#5605,#5606,#5607,#5608,#5609,#5610,#5611,#5612,#5613,#5614,#5615,#5616,
#5617,#5618,#5619),(#5620,#5621,#5622,#5623,#5624,#5625,#5626,#5627,#5628,
#5629,#5630,#5631,#5632,#5633,#5634,#5635,#5636,#5637,#5638,#5639,#5640,
#5641,#5642,#5643,#5644,#5645,#5646,#5647),(#5648,#5649,#5650,#5651,#5652,
#5653,#5654,#5655,#5656,#5657,#5658,#5659,#5660,#5661,#5662,#5663,#5664,
#5665,#5666,#5667,#5668,#5669,#5670,#5671,#5672,#5673,#5674,#5675),(#5676,
#5677,#5678,#5679,#5680,#5681,#5682,#5683,#5684,#5685,#5686,#5687,#5688,
#5689,#5690,#5691,#5692,#5693,#5694,#5695,#5696,#5697,#5698,#5699,#5700,
#5701,#5702,#5703),(#5704,#5705,#5706,#5707,#5708,#5709,#5710,#5711,#5712,
#5713,#5714,#5715,#5716,#5717,#5718,#5719,#5720,#5721,#5722,#5723,#5724,
#5725,#5726,#5727,#5728,#5729,#5730,#5731),(#5732,#5733,#5734,#5735,#5736,
#5737,#5738,#5739,#5740,#5741,#5742,#5743,#5744,#5745,#5746,#5747,#5748,
#5749,#5750,#5751,#5752,#5753,#5754,#5755,#5756,#5757,#5758,#5759),(#5760,
#5761,#5762,#5763,#5764,#5765,#5766,#5767,#5768,#5769,#5770,#5771,#5772,
#5773,#5774,#5775,#5776,#5777,#5778,#5779,#5780,#5781,#5782,#5783,#5784,
#5785,#5786,#5787),(#5788,#5789,#5790,#5791,#5792,#5793,#5794,#5795,#5796,
#5797,#5798,#5799,#5800,#5801,#5802,#5803,#5804,#5805,#5806,#5807,#5808,
#5809,#5810,#5811,#5812,#5813,#5814,#5815),(#5816,#5817,#5818,#5819,#5820,
#5821,#5822,#5823,#5824,#5825,#5826,#5827,#5828,#5829,#5830,#5831,#5832,
#5833,#5834,#5835,#5836,#5837,#5838,#5839,#5840,#5841,#5842,#5843),(#5844,
#5845,#5846,#5847,#5848,#5849,#5850,#5851,#5852,#5853,#5854,#5855,#5856,
#5857,#5858,#5859,#5860,#5861,#5862,#5863,#5864,#5865,#5866,#5867,#5868,
#5869,#5870,#5871),(#5872,#5873,#5874,#5875,#5876,#5877,#5878,#5879,#5880,
#5881,#5882,#5883,#5884,#5885,#5886,#5887,#5888,#5889,#5890,#5891,#5892,
#5893,#5894,#5895,#5896,#5897,#5898,#5899)),.UNSPECIFIED.,.F.,.F.,.F.,(4,
2,2,2,2,2,2,2,2,2,2,2,2,2,4),(4,2,2,2,2,2,2,2,2,2,2,2,2,4),(0.,0.0625,0.125,
0.1875,0.25,0.375,0.4375,0.5,0.5625,0.625,0.75,0.8125,0.875,0.9375,1.),
(0.0191139765177381,0.0194094001158064,0.0197048237138747,0.020000247311943,
0.0202956709100113,0.0208865181061479,0.0214773653022845,0.0217727889003528,
0.0220682124984211,0.0226590596945577,0.022954483292626,0.0232499068906943,
0.0235453304887626,0.0236426571752159),.UNSPECIFIED.);
#205=B_SPLINE_SURFACE_WITH_KNOTS('',3,3,((#5911,#5912,#5913,#5914,#5915,
#5916,#5917,#5918,#5919,#5920,#5921,#5922,#5923,#5924,#5925,#5926,#5927,
#5928,#5929,#5930,#5931,#5932,#5933,#5934,#5935,#5936,#5937),(#5938,#5939,
#5940,#5941,#5942,#5943,#5944,#5945,#5946,#5947,#5948,#5949,#5950,#5951,
#5952,#5953,#5954,#5955,#5956,#5957,#5958,#5959,#5960,#5961,#5962,#5963,
#5964),(#5965,#5966,#5967,#5968,#5969,#5970,#5971,#5972,#5973,#5974,#5975,
#5976,#5977,#5978,#5979,#5980,#5981,#5982,#5983,#5984,#5985,#5986,#5987,
#5988,#5989,#5990,#5991),(#5992,#5993,#5994,#5995,#5996,#5997,#5998,#5999,
#6000,#6001,#6002,#6003,#6004,#6005,#6006,#6007,#6008,#6009,#6010,#6011,
#6012,#6013,#6014,#6015,#6016,#6017,#6018),(#6019,#6020,#6021,#6022,#6023,
#6024,#6025,#6026,#6027,#6028,#6029,#6030,#6031,#6032,#6033,#6034,#6035,
#6036,#6037,#6038,#6039,#6040,#6041,#6042,#6043,#6044,#6045),(#6046,#6047,
#6048,#6049,#6050,#6051,#6052,#6053,#6054,#6055,#6056,#6057,#6058,#6059,
#6060,#6061,#6062,#6063,#6064,#6065,#6066,#6067,#6068,#6069,#6070,#6071,
#6072),(#6073,#6074,#6075,#6076,#6077,#6078,#6079,#6080,#6081,#6082,#6083,
#6084,#6085,#6086,#6087,#6088,#6089,#6090,#6091,#6092,#6093,#6094,#6095,
#6096,#6097,#6098,#6099),(#6100,#6101,#6102,#6103,#6104,#6105,#6106,#6107,
#6108,#6109,#6110,#6111,#6112,#6113,#6114,#6115,#6116,#6117,#6118,#6119,
#6120,#6121,#6122,#6123,#6124,#6125,#6126),(#6127,#6128,#6129,#6130,#6131,
#6132,#6133,#6134,#6135,#6136,#6137,#6138,#6139,#6140,#6141,#6142,#6143,
#6144,#6145,#6146,#6147,#6148,#6149,#6150,#6151,#6152,#6153),(#6154,#6155,
#6156,#6157,#6158,#6159,#6160,#6161,#6162,#6163,#6164,#6165,#6166,#6167,
#6168,#6169,#6170,#6171,#6172,#6173,#6174,#6175,#6176,#6177,#6178,#6179,
#6180),(#6181,#6182,#6183,#6184,#6185,#6186,#6187,#6188,#6189,#6190,#6191,
#6192,#6193,#6194,#6195,#6196,#6197,#6198,#6199,#6200,#6201,#6202,#6203,
#6204,#6205,#6206,#6207),(#6208,#6209,#6210,#6211,#6212,#6213,#6214,#6215,
#6216,#6217,#6218,#6219,#6220,#6221,#6222,#6223,#6224,#6225,#6226,#6227,
#6228,#6229,#6230,#6231,#6232,#6233,#6234),(#6235,#6236,#6237,#6238,#6239,
#6240,#6241,#6242,#6243,#6244,#6245,#6246,#6247,#6248,#6249,#6250,#6251,
#6252,#6253,#6254,#6255,#6256,#6257,#6258,#6259,#6260,#6261),(#6262,#6263,
#6264,#6265,#6266,#6267,#6268,#6269,#6270,#6271,#6272,#6273,#6274,#6275,
#6276,#6277,#6278,#6279,#6280,#6281,#6282,#6283,#6284,#6285,#6286,#6287,
#6288),(#6289,#6290,#6291,#6292,#6293,#6294,#6295,#6296,#6297,#6298,#6299,
#6300,#6301,#6302,#6303,#6304,#6305,#6306,#6307,#6308,#6309,#6310,#6311,
#6312,#6313,#6314,#6315),(#6316,#6317,#6318,#6319,#6320,#6321,#6322,#6323,
#6324,#6325,#6326,#6327,#6328,#6329,#6330,#6331,#6332,#6333,#6334,#6335,
#6336,#6337,#6338,#6339,#6340,#6341,#6342),(#6343,#6344,#6345,#6346,#6347,
#6348,#6349,#6350,#6351,#6352,#6353,#6354,#6355,#6356,#6357,#6358,#6359,
#6360,#6361,#6362,#6363,#6364,#6365,#6366,#6367,#6368,#6369),(#6370,#6371,
#6372,#6373,#6374,#6375,#6376,#6377,#6378,#6379,#6380,#6381,#6382,#6383,
#6384,#6385,#6386,#6387,#6388,#6389,#6390,#6391,#6392,#6393,#6394,#6395,
#6396),(#6397,#6398,#6399,#6400,#6401,#6402,#6403,#6404,#6405,#6406,#6407,
#6408,#6409,#6410,#6411,#6412,#6413,#6414,#6415,#6416,#6417,#6418,#6419,
#6420,#6421,#6422,#6423),(#6424,#6425,#6426,#6427,#6428,#6429,#6430,#6431,
#6432,#6433,#6434,#6435,#6436,#6437,#6438,#6439,#6440,#6441,#6442,#6443,
#6444,#6445,#6446,#6447,#6448,#6449,#6450),(#6451,#6452,#6453,#6454,#6455,
#6456,#6457,#6458,#6459,#6460,#6461,#6462,#6463,#6464,#6465,#6466,#6467,
#6468,#6469,#6470,#6471,#6472,#6473,#6474,#6475,#6476,#6477),(#6478,#6479,
#6480,#6481,#6482,#6483,#6484,#6485,#6486,#6487,#6488,#6489,#6490,#6491,
#6492,#6493,#6494,#6495,#6496,#6497,#6498,#6499,#6500,#6501,#6502,#6503,
#6504),(#6505,#6506,#6507,#6508,#6509,#6510,#6511,#6512,#6513,#6514,#6515,
#6516,#6517,#6518,#6519,#6520,#6521,#6522,#6523,#6524,#6525,#6526,#6527,
#6528,#6529,#6530,#6531),(#6532,#6533,#6534,#6535,#6536,#6537,#6538,#6539,
#6540,#6541,#6542,#6543,#6544,#6545,#6546,#6547,#6548,#6549,#6550,#6551,
#6552,#6553,#6554,#6555,#6556,#6557,#6558),(#6559,#6560,#6561,#6562,#6563,
#6564,#6565,#6566,#6567,#6568,#6569,#6570,#6571,#6572,#6573,#6574,#6575,
#6576,#6577,#6578,#6579,#6580,#6581,#6582,#6583,#6584,#6585),(#6586,#6587,
#6588,#6589,#6590,#6591,#6592,#6593,#6594,#6595,#6596,#6597,#6598,#6599,
#6600,#6601,#6602,#6603,#6604,#6605,#6606,#6607,#6608,#6609,#6610,#6611,
#6612),(#6613,#6614,#6615,#6616,#6617,#6618,#6619,#6620,#6621,#6622,#6623,
#6624,#6625,#6626,#6627,#6628,#6629,#6630,#6631,#6632,#6633,#6634,#6635,
#6636,#6637,#6638,#6639),(#6640,#6641,#6642,#6643,#6644,#6645,#6646,#6647,
#6648,#6649,#6650,#6651,#6652,#6653,#6654,#6655,#6656,#6657,#6658,#6659,
#6660,#6661,#6662,#6663,#6664,#6665,#6666),(#6667,#6668,#6669,#6670,#6671,
#6672,#6673,#6674,#6675,#6676,#6677,#6678,#6679,#6680,#6681,#6682,#6683,
#6684,#6685,#6686,#6687,#6688,#6689,#6690,#6691,#6692,#6693),(#6694,#6695,
#6696,#6697,#6698,#6699,#6700,#6701,#6702,#6703,#6704,#6705,#6706,#6707,
#6708,#6709,#6710,#6711,#6712,#6713,#6714,#6715,#6716,#6717,#6718,#6719,
#6720)),.UNSPECIFIED.,.F.,.F.,.F.,(4,2,2,2,2,2,2,2,2,2,2,2,2,2,4),(4,2,
2,2,2,2,1,2,2,2,2,2,2,4),(0.,0.0625,0.125,0.1875,0.25,0.375,0.4375,0.5,
0.5625,0.625,0.75,0.8125,0.875,0.9375,1.),(4.3031634759428,4.32874006997042,
4.35431666399804,4.37989325802565,4.40546985205327,4.43104644608089,4.50777622816375,
4.55892941621898,4.5845060102466,4.61008260427422,4.63565919830184,4.66123579232945,
4.68681238635707,4.71238898038469),.UNSPECIFIED.);
#206=B_SPLINE_SURFACE_WITH_KNOTS('',5,1,((#6732,#6733),(#6734,#6735),(#6736,
#6737),(#6738,#6739),(#6740,#6741),(#6742,#6743),(#6744,#6745),(#6746,#6747)),
 .SURF_OF_LINEAR_EXTRUSION.,.F.,.F.,.F.,(6,2,6),(2,2),(0.,0.5,1.),(0.0454545454545453,
0.954545454545454),.UNSPECIFIED.);
#207=B_SPLINE_SURFACE_WITH_KNOTS('',1,1,((#6756,#6757),(#6758,#6759)),
 .PLANE_SURF.,.F.,.F.,.F.,(2,2),(2,2),(0.,1.),(0.,1.),.UNSPECIFIED.);
#208=B_SPLINE_SURFACE_WITH_KNOTS('',1,1,((#6805,#6806),(#6807,#6808)),
 .PLANE_SURF.,.F.,.F.,.F.,(2,2),(2,2),(0.,1.),(0.,1.),.UNSPECIFIED.);
#209=B_SPLINE_SURFACE_WITH_KNOTS('',1,1,((#6809,#6810),(#6811,#6812)),
 .PLANE_SURF.,.F.,.F.,.F.,(2,2),(2,2),(0.,1.),(0.,1.),.UNSPECIFIED.);
#210=B_SPLINE_SURFACE_WITH_KNOTS('',1,1,((#6829,#6830),(#6831,#6832)),
 .PLANE_SURF.,.F.,.F.,.F.,(2,2),(2,2),(0.,1.),(0.,1.),.UNSPECIFIED.);
#211=B_SPLINE_SURFACE_WITH_KNOTS('',1,1,((#6849,#6850),(#6851,#6852)),
 .PLANE_SURF.,.F.,.F.,.F.,(2,2),(2,2),(0.,1.),(0.,1.),.UNSPECIFIED.);
#212=B_SPLINE_SURFACE_WITH_KNOTS('',1,1,((#6854,#6855),(#6856,#6857)),
 .PLANE_SURF.,.F.,.F.,.F.,(2,2),(2,2),(0.,1.),(0.,1.),.UNSPECIFIED.);
#213=B_SPLINE_SURFACE_WITH_KNOTS('',1,1,((#6859,#6860),(#6861,#6862)),
 .PLANE_SURF.,.F.,.F.,.F.,(2,2),(2,2),(0.,1.),(0.,1.),.UNSPECIFIED.);
#214=B_SPLINE_SURFACE_WITH_KNOTS('',3,3,((#6878,#6879,#6880,#6881,#6882,
#6883),(#6884,#6885,#6886,#6887,#6888,#6889),(#6890,#6891,#6892,#6893,#6894,
#6895),(#6896,#6897,#6898,#6899,#6900,#6901),(#6902,#6903,#6904,#6905,#6906,
#6907),(#6908,#6909,#6910,#6911,#6912,#6913)),.UNSPECIFIED.,.F.,.F.,.F.,
(4,2,4),(4,2,4),(0.70491029337322,0.782152397046157,0.859087534460883),
(0.0225346465919131,0.0228243476341316,0.0231142745876701),
 .UNSPECIFIED.);
#215=B_SPLINE_SURFACE_WITH_KNOTS('',1,1,((#6918,#6919),(#6920,#6921)),
 .PLANE_SURF.,.F.,.F.,.F.,(2,2),(2,2),(0.932118903015853,0.953724305033825),
(0.0957083158274825,0.121776919449318),.PIECEWISE_BEZIER_KNOTS.);
#216=B_SPLINE_SURFACE_WITH_KNOTS('',1,1,((#6922,#6923),(#6924,#6925)),
 .PLANE_SURF.,.F.,.F.,.F.,(2,2),(2,2),(0.,1.),(0.,1.),.UNSPECIFIED.);
#217=B_SPLINE_SURFACE_WITH_KNOTS('',1,1,((#6940,#6941),(#6942,#6943)),
 .PLANE_SURF.,.F.,.F.,.F.,(2,2),(2,2),(0.,1.),(0.,1.),.UNSPECIFIED.);
#218=B_SPLINE_SURFACE_WITH_KNOTS('',1,1,((#6947,#6948),(#6949,#6950)),
 .PLANE_SURF.,.F.,.F.,.F.,(2,2),(2,2),(0.,1.),(0.,1.),.UNSPECIFIED.);
#219=B_SPLINE_SURFACE_WITH_KNOTS('',1,1,((#6952,#6953),(#6954,#6955)),
 .PLANE_SURF.,.F.,.F.,.F.,(2,2),(2,2),(0.,1.),(0.,1.),.UNSPECIFIED.);
#220=B_SPLINE_SURFACE_WITH_KNOTS('',3,3,((#6971,#6972,#6973,#6974,#6975,
#6976),(#6977,#6978,#6979,#6980,#6981,#6982),(#6983,#6984,#6985,#6986,#6987,
#6988),(#6989,#6990,#6991,#6992,#6993,#6994),(#6995,#6996,#6997,#6998,#6999,
#7000),(#7001,#7002,#7003,#7004,#7005,#7006)),.UNSPECIFIED.,.F.,.F.,.F.,
(4,2,4),(4,2,4),(0.140912623048392,0.217848167839824,0.295089578242846),
(0.0225346287813505,0.0228243305127723,0.0231142629962364),
 .UNSPECIFIED.);
#221=B_SPLINE_SURFACE_WITH_KNOTS('',1,1,((#7011,#7012),(#7013,#7014)),
 .PLANE_SURF.,.F.,.F.,.F.,(2,2),(2,2),(0.0462756467229681,0.06788109727188),
(0.0957083119335285,0.121776919472543),.PIECEWISE_BEZIER_KNOTS.);
#222=B_SPLINE_SURFACE_WITH_KNOTS('',1,1,((#7015,#7016),(#7017,#7018)),
 .PLANE_SURF.,.F.,.F.,.F.,(2,2),(2,2),(0.,1.),(0.,1.),.UNSPECIFIED.);
#223=B_SPLINE_SURFACE_WITH_KNOTS('',1,1,((#7021,#7022),(#7023,#7024)),
 .PLANE_SURF.,.F.,.F.,.F.,(2,2),(2,2),(0.,1.),(0.,1.),.UNSPECIFIED.);
#224=B_SPLINE_SURFACE_WITH_KNOTS('',1,1,((#7026,#7027),(#7028,#7029)),
 .PLANE_SURF.,.F.,.F.,.F.,(2,2),(2,2),(0.,1.),(0.,1.),.UNSPECIFIED.);
#225=B_SPLINE_SURFACE_WITH_KNOTS('',1,1,((#7031,#7032),(#7033,#7034)),
 .PLANE_SURF.,.F.,.F.,.F.,(2,2),(2,2),(0.,1.),(0.,1.),.UNSPECIFIED.);
#226=B_SPLINE_SURFACE_WITH_KNOTS('',1,1,((#7045,#7046),(#7047,#7048)),
 .PLANE_SURF.,.F.,.F.,.F.,(2,2),(2,2),(0.,1.),(0.,1.),.UNSPECIFIED.);
#227=B_SPLINE_SURFACE_WITH_KNOTS('',1,1,((#7059,#7060),(#7061,#7062)),
 .PLANE_SURF.,.F.,.F.,.F.,(2,2),(2,2),(0.,1.),(0.,1.),.UNSPECIFIED.);
#228=B_SPLINE_SURFACE_WITH_KNOTS('',1,1,((#7063,#7064),(#7065,#7066)),
 .PLANE_SURF.,.F.,.F.,.F.,(2,2),(2,2),(0.,1.),(0.,1.),.UNSPECIFIED.);
#229=ELLIPSE('',#1331,0.0260000000254986,0.026);
#230=ELLIPSE('',#1332,0.0260000000254986,0.026);
#231=CIRCLE('',#1325,0.0008);
#232=CIRCLE('',#1326,0.0008);
#233=CIRCLE('',#1327,0.0008);
#234=CIRCLE('',#1328,0.0008);
#235=CIRCLE('',#1329,0.0008);
#236=CIRCLE('',#1330,0.026);
#237=CIRCLE('',#1333,0.0131968906860173);
#238=CIRCLE('',#1334,0.0131968906860173);
#239=CIRCLE('',#1335,0.0210588038255476);
#240=CIRCLE('',#1336,0.0210588038255476);
#241=CIRCLE('',#1337,0.0265);
#242=CIRCLE('',#1338,0.0321317897109875);
#243=CIRCLE('',#1339,0.0205660060095183);
#244=CIRCLE('',#1340,0.0205660060095183);
#245=CIRCLE('',#1341,0.026);
#246=CIRCLE('',#1342,0.0265);
#247=CIRCLE('',#1343,0.0321317897109875);
#248=CIRCLE('',#1344,0.0210588038255476);
#249=CIRCLE('',#1345,0.0265);
#250=CIRCLE('',#1346,0.0321317897109875);
#251=CIRCLE('',#1347,0.0321317897109875);
#252=CIRCLE('',#1348,0.035);
#253=CIRCLE('',#1349,0.035);
#254=CIRCLE('',#1350,0.0295);
#255=CIRCLE('',#1351,0.004);
#256=CIRCLE('',#1352,0.004);
#257=CIRCLE('',#1353,0.026);
#258=CIRCLE('',#1354,0.0210588038255476);
#259=CIRCLE('',#1355,0.001);
#260=CIRCLE('',#1356,0.001);
#261=CIRCLE('',#1357,0.001);
#262=CIRCLE('',#1358,0.001);
#263=CIRCLE('',#1359,0.0008);
#264=CIRCLE('',#1360,0.003);
#265=CIRCLE('',#1361,0.004);
#266=CIRCLE('',#1362,0.0008);
#267=CIRCLE('',#1363,0.0008);
#268=CIRCLE('',#1364,0.004);
#269=CIRCLE('',#1365,0.0008);
#270=CIRCLE('',#1366,0.0008);
#271=(
BOUNDED_CURVE()
B_SPLINE_CURVE(1,(#1560,#1561),.UNSPECIFIED.,.F.,.F.)
B_SPLINE_CURVE_WITH_KNOTS((2,2),(0.,1.),.PIECEWISE_BEZIER_KNOTS.)
CURVE()
GEOMETRIC_REPRESENTATION_ITEM()
RATIONAL_B_SPLINE_CURVE((1.,1.))
REPRESENTATION_ITEM('')
);
#272=(
BOUNDED_CURVE()
B_SPLINE_CURVE(1,(#1565,#1566),.UNSPECIFIED.,.F.,.F.)
B_SPLINE_CURVE_WITH_KNOTS((2,2),(0.,1.),.PIECEWISE_BEZIER_KNOTS.)
CURVE()
GEOMETRIC_REPRESENTATION_ITEM()
RATIONAL_B_SPLINE_CURVE((1.,1.))
REPRESENTATION_ITEM('')
);
#273=(
BOUNDED_CURVE()
B_SPLINE_CURVE(1,(#1586,#1587),.UNSPECIFIED.,.F.,.F.)
B_SPLINE_CURVE_WITH_KNOTS((2,2),(0.,1.),.PIECEWISE_BEZIER_KNOTS.)
CURVE()
GEOMETRIC_REPRESENTATION_ITEM()
RATIONAL_B_SPLINE_CURVE((1.,1.))
REPRESENTATION_ITEM('')
);
#274=(
BOUNDED_CURVE()
B_SPLINE_CURVE(1,(#1591,#1592),.UNSPECIFIED.,.F.,.F.)
B_SPLINE_CURVE_WITH_KNOTS((2,2),(0.,1.),.PIECEWISE_BEZIER_KNOTS.)
CURVE()
GEOMETRIC_REPRESENTATION_ITEM()
RATIONAL_B_SPLINE_CURVE((1.,1.))
REPRESENTATION_ITEM('')
);
#275=(
BOUNDED_CURVE()
B_SPLINE_CURVE(1,(#1626,#1627),.UNSPECIFIED.,.F.,.F.)
B_SPLINE_CURVE_WITH_KNOTS((2,2),(0.,1.),.PIECEWISE_BEZIER_KNOTS.)
CURVE()
GEOMETRIC_REPRESENTATION_ITEM()
RATIONAL_B_SPLINE_CURVE((1.,1.))
REPRESENTATION_ITEM('')
);
#276=(
BOUNDED_CURVE()
B_SPLINE_CURVE(1,(#1631,#1632),.UNSPECIFIED.,.F.,.F.)
B_SPLINE_CURVE_WITH_KNOTS((2,2),(0.,1.),.PIECEWISE_BEZIER_KNOTS.)
CURVE()
GEOMETRIC_REPRESENTATION_ITEM()
RATIONAL_B_SPLINE_CURVE((1.,1.))
REPRESENTATION_ITEM('')
);
#277=(
BOUNDED_CURVE()
B_SPLINE_CURVE(1,(#1644,#1645),.UNSPECIFIED.,.F.,.F.)
B_SPLINE_CURVE_WITH_KNOTS((2,2),(0.,1.),.PIECEWISE_BEZIER_KNOTS.)
CURVE()
GEOMETRIC_REPRESENTATION_ITEM()
RATIONAL_B_SPLINE_CURVE((1.,1.))
REPRESENTATION_ITEM('')
);
#278=(
BOUNDED_CURVE()
B_SPLINE_CURVE(1,(#1651,#1652),.UNSPECIFIED.,.F.,.F.)
B_SPLINE_CURVE_WITH_KNOTS((2,2),(0.,1.),.PIECEWISE_BEZIER_KNOTS.)
CURVE()
GEOMETRIC_REPRESENTATION_ITEM()
RATIONAL_B_SPLINE_CURVE((1.,1.))
REPRESENTATION_ITEM('')
);
#279=ORIENTED_EDGE('',*,*,#671,.T.);
#280=ORIENTED_EDGE('',*,*,#672,.T.);
#281=ORIENTED_EDGE('',*,*,#673,.T.);
#282=ORIENTED_EDGE('',*,*,#674,.F.);
#283=ORIENTED_EDGE('',*,*,#675,.F.);
#284=ORIENTED_EDGE('',*,*,#676,.T.);
#285=ORIENTED_EDGE('',*,*,#677,.T.);
#286=ORIENTED_EDGE('',*,*,#678,.F.);
#287=ORIENTED_EDGE('',*,*,#679,.F.);
#288=ORIENTED_EDGE('',*,*,#680,.F.);
#289=ORIENTED_EDGE('',*,*,#681,.T.);
#290=ORIENTED_EDGE('',*,*,#682,.T.);
#291=ORIENTED_EDGE('',*,*,#683,.F.);
#292=ORIENTED_EDGE('',*,*,#684,.F.);
#293=ORIENTED_EDGE('',*,*,#685,.T.);
#294=ORIENTED_EDGE('',*,*,#686,.T.);
#295=ORIENTED_EDGE('',*,*,#687,.T.);
#296=ORIENTED_EDGE('',*,*,#688,.T.);
#297=ORIENTED_EDGE('',*,*,#689,.F.);
#298=ORIENTED_EDGE('',*,*,#690,.T.);
#299=ORIENTED_EDGE('',*,*,#691,.T.);
#300=ORIENTED_EDGE('',*,*,#692,.F.);
#301=ORIENTED_EDGE('',*,*,#693,.T.);
#302=ORIENTED_EDGE('',*,*,#694,.F.);
#303=ORIENTED_EDGE('',*,*,#695,.F.);
#304=ORIENTED_EDGE('',*,*,#696,.T.);
#305=ORIENTED_EDGE('',*,*,#697,.T.);
#306=ORIENTED_EDGE('',*,*,#698,.T.);
#307=ORIENTED_EDGE('',*,*,#699,.T.);
#308=ORIENTED_EDGE('',*,*,#700,.T.);
#309=ORIENTED_EDGE('',*,*,#701,.F.);
#310=ORIENTED_EDGE('',*,*,#702,.F.);
#311=ORIENTED_EDGE('',*,*,#703,.T.);
#312=ORIENTED_EDGE('',*,*,#704,.T.);
#313=ORIENTED_EDGE('',*,*,#705,.T.);
#314=ORIENTED_EDGE('',*,*,#706,.F.);
#315=ORIENTED_EDGE('',*,*,#707,.F.);
#316=ORIENTED_EDGE('',*,*,#690,.F.);
#317=ORIENTED_EDGE('',*,*,#708,.F.);
#318=ORIENTED_EDGE('',*,*,#709,.F.);
#319=ORIENTED_EDGE('',*,*,#710,.F.);
#320=ORIENTED_EDGE('',*,*,#711,.F.);
#321=ORIENTED_EDGE('',*,*,#710,.T.);
#322=ORIENTED_EDGE('',*,*,#712,.F.);
#323=ORIENTED_EDGE('',*,*,#713,.F.);
#324=ORIENTED_EDGE('',*,*,#714,.F.);
#325=ORIENTED_EDGE('',*,*,#713,.T.);
#326=ORIENTED_EDGE('',*,*,#698,.F.);
#327=ORIENTED_EDGE('',*,*,#715,.F.);
#328=ORIENTED_EDGE('',*,*,#705,.F.);
#329=ORIENTED_EDGE('',*,*,#716,.F.);
#330=ORIENTED_EDGE('',*,*,#717,.T.);
#331=ORIENTED_EDGE('',*,*,#718,.T.);
#332=ORIENTED_EDGE('',*,*,#719,.T.);
#333=ORIENTED_EDGE('',*,*,#720,.F.);
#334=ORIENTED_EDGE('',*,*,#721,.T.);
#335=ORIENTED_EDGE('',*,*,#722,.T.);
#336=ORIENTED_EDGE('',*,*,#723,.T.);
#337=ORIENTED_EDGE('',*,*,#724,.T.);
#338=ORIENTED_EDGE('',*,*,#722,.F.);
#339=ORIENTED_EDGE('',*,*,#725,.T.);
#340=ORIENTED_EDGE('',*,*,#726,.F.);
#341=ORIENTED_EDGE('',*,*,#727,.T.);
#342=ORIENTED_EDGE('',*,*,#700,.F.);
#343=ORIENTED_EDGE('',*,*,#728,.T.);
#344=ORIENTED_EDGE('',*,*,#729,.T.);
#345=ORIENTED_EDGE('',*,*,#730,.T.);
#346=ORIENTED_EDGE('',*,*,#725,.F.);
#347=ORIENTED_EDGE('',*,*,#731,.F.);
#348=ORIENTED_EDGE('',*,*,#732,.T.);
#349=ORIENTED_EDGE('',*,*,#733,.T.);
#350=ORIENTED_EDGE('',*,*,#734,.T.);
#351=ORIENTED_EDGE('',*,*,#735,.F.);
#352=ORIENTED_EDGE('',*,*,#736,.F.);
#353=ORIENTED_EDGE('',*,*,#737,.T.);
#354=ORIENTED_EDGE('',*,*,#738,.F.);
#355=ORIENTED_EDGE('',*,*,#739,.T.);
#356=ORIENTED_EDGE('',*,*,#740,.T.);
#357=ORIENTED_EDGE('',*,*,#741,.T.);
#358=ORIENTED_EDGE('',*,*,#742,.T.);
#359=ORIENTED_EDGE('',*,*,#743,.F.);
#360=ORIENTED_EDGE('',*,*,#744,.F.);
#361=ORIENTED_EDGE('',*,*,#687,.F.);
#362=ORIENTED_EDGE('',*,*,#745,.T.);
#363=ORIENTED_EDGE('',*,*,#746,.T.);
#364=ORIENTED_EDGE('',*,*,#747,.T.);
#365=ORIENTED_EDGE('',*,*,#748,.T.);
#366=ORIENTED_EDGE('',*,*,#749,.T.);
#367=ORIENTED_EDGE('',*,*,#740,.F.);
#368=ORIENTED_EDGE('',*,*,#750,.T.);
#369=ORIENTED_EDGE('',*,*,#751,.F.);
#370=ORIENTED_EDGE('',*,*,#752,.T.);
#371=ORIENTED_EDGE('',*,*,#753,.T.);
#372=ORIENTED_EDGE('',*,*,#745,.F.);
#373=ORIENTED_EDGE('',*,*,#754,.F.);
#374=ORIENTED_EDGE('',*,*,#755,.F.);
#375=ORIENTED_EDGE('',*,*,#756,.T.);
#376=ORIENTED_EDGE('',*,*,#757,.T.);
#377=ORIENTED_EDGE('',*,*,#758,.T.);
#378=ORIENTED_EDGE('',*,*,#759,.F.);
#379=ORIENTED_EDGE('',*,*,#760,.T.);
#380=ORIENTED_EDGE('',*,*,#761,.T.);
#381=ORIENTED_EDGE('',*,*,#731,.T.);
#382=ORIENTED_EDGE('',*,*,#721,.F.);
#383=ORIENTED_EDGE('',*,*,#762,.F.);
#384=ORIENTED_EDGE('',*,*,#694,.T.);
#385=ORIENTED_EDGE('',*,*,#755,.T.);
#386=ORIENTED_EDGE('',*,*,#750,.F.);
#387=ORIENTED_EDGE('',*,*,#763,.F.);
#388=ORIENTED_EDGE('',*,*,#764,.T.);
#389=ORIENTED_EDGE('',*,*,#765,.T.);
#390=ORIENTED_EDGE('',*,*,#739,.F.);
#391=ORIENTED_EDGE('',*,*,#766,.F.);
#392=ORIENTED_EDGE('',*,*,#735,.T.);
#393=ORIENTED_EDGE('',*,*,#763,.T.);
#394=ORIENTED_EDGE('',*,*,#753,.F.);
#395=ORIENTED_EDGE('',*,*,#767,.F.);
#396=ORIENTED_EDGE('',*,*,#768,.T.);
#397=ORIENTED_EDGE('',*,*,#736,.T.);
#398=ORIENTED_EDGE('',*,*,#766,.T.);
#399=ORIENTED_EDGE('',*,*,#738,.T.);
#400=ORIENTED_EDGE('',*,*,#769,.T.);
#401=ORIENTED_EDGE('',*,*,#746,.F.);
#402=ORIENTED_EDGE('',*,*,#767,.T.);
#403=ORIENTED_EDGE('',*,*,#752,.F.);
#404=ORIENTED_EDGE('',*,*,#688,.F.);
#405=ORIENTED_EDGE('',*,*,#744,.T.);
#406=ORIENTED_EDGE('',*,*,#743,.T.);
#407=ORIENTED_EDGE('',*,*,#770,.T.);
#408=ORIENTED_EDGE('',*,*,#771,.T.);
#409=ORIENTED_EDGE('',*,*,#772,.F.);
#410=ORIENTED_EDGE('',*,*,#773,.F.);
#411=ORIENTED_EDGE('',*,*,#774,.T.);
#412=ORIENTED_EDGE('',*,*,#716,.T.);
#413=ORIENTED_EDGE('',*,*,#704,.F.);
#414=ORIENTED_EDGE('',*,*,#775,.T.);
#415=ORIENTED_EDGE('',*,*,#776,.F.);
#416=ORIENTED_EDGE('',*,*,#777,.T.);
#417=ORIENTED_EDGE('',*,*,#778,.T.);
#418=ORIENTED_EDGE('',*,*,#723,.F.);
#419=ORIENTED_EDGE('',*,*,#730,.F.);
#420=ORIENTED_EDGE('',*,*,#757,.F.);
#421=ORIENTED_EDGE('',*,*,#779,.F.);
#422=ORIENTED_EDGE('',*,*,#685,.F.);
#423=ORIENTED_EDGE('',*,*,#780,.F.);
#424=ORIENTED_EDGE('',*,*,#781,.F.);
#425=ORIENTED_EDGE('',*,*,#779,.T.);
#426=ORIENTED_EDGE('',*,*,#756,.F.);
#427=ORIENTED_EDGE('',*,*,#693,.F.);
#428=ORIENTED_EDGE('',*,*,#782,.F.);
#429=ORIENTED_EDGE('',*,*,#783,.F.);
#430=ORIENTED_EDGE('',*,*,#708,.T.);
#431=ORIENTED_EDGE('',*,*,#695,.T.);
#432=ORIENTED_EDGE('',*,*,#762,.T.);
#433=ORIENTED_EDGE('',*,*,#720,.T.);
#434=ORIENTED_EDGE('',*,*,#784,.T.);
#435=ORIENTED_EDGE('',*,*,#785,.F.);
#436=ORIENTED_EDGE('',*,*,#786,.T.);
#437=ORIENTED_EDGE('',*,*,#787,.T.);
#438=ORIENTED_EDGE('',*,*,#788,.T.);
#439=ORIENTED_EDGE('',*,*,#748,.F.);
#440=ORIENTED_EDGE('',*,*,#765,.F.);
#441=ORIENTED_EDGE('',*,*,#789,.F.);
#442=ORIENTED_EDGE('',*,*,#790,.T.);
#443=ORIENTED_EDGE('',*,*,#791,.T.);
#444=ORIENTED_EDGE('',*,*,#734,.F.);
#445=ORIENTED_EDGE('',*,*,#792,.T.);
#446=ORIENTED_EDGE('',*,*,#789,.T.);
#447=ORIENTED_EDGE('',*,*,#764,.F.);
#448=ORIENTED_EDGE('',*,*,#793,.F.);
#449=ORIENTED_EDGE('',*,*,#791,.F.);
#450=ORIENTED_EDGE('',*,*,#794,.T.);
#451=ORIENTED_EDGE('',*,*,#795,.T.);
#452=ORIENTED_EDGE('',*,*,#796,.F.);
#453=ORIENTED_EDGE('',*,*,#797,.T.);
#454=ORIENTED_EDGE('',*,*,#798,.T.);
#455=ORIENTED_EDGE('',*,*,#787,.F.);
#456=ORIENTED_EDGE('',*,*,#799,.T.);
#457=ORIENTED_EDGE('',*,*,#800,.T.);
#458=ORIENTED_EDGE('',*,*,#801,.F.);
#459=ORIENTED_EDGE('',*,*,#802,.T.);
#460=ORIENTED_EDGE('',*,*,#803,.F.);
#461=ORIENTED_EDGE('',*,*,#804,.F.);
#462=ORIENTED_EDGE('',*,*,#805,.T.);
#463=ORIENTED_EDGE('',*,*,#806,.T.);
#464=ORIENTED_EDGE('',*,*,#807,.T.);
#465=ORIENTED_EDGE('',*,*,#808,.T.);
#466=ORIENTED_EDGE('',*,*,#809,.F.);
#467=ORIENTED_EDGE('',*,*,#810,.F.);
#468=ORIENTED_EDGE('',*,*,#783,.T.);
#469=ORIENTED_EDGE('',*,*,#811,.T.);
#470=ORIENTED_EDGE('',*,*,#812,.F.);
#471=ORIENTED_EDGE('',*,*,#813,.T.);
#472=ORIENTED_EDGE('',*,*,#814,.F.);
#473=ORIENTED_EDGE('',*,*,#815,.F.);
#474=ORIENTED_EDGE('',*,*,#785,.T.);
#475=ORIENTED_EDGE('',*,*,#816,.T.);
#476=ORIENTED_EDGE('',*,*,#817,.T.);
#477=ORIENTED_EDGE('',*,*,#699,.F.);
#478=ORIENTED_EDGE('',*,*,#712,.T.);
#479=ORIENTED_EDGE('',*,*,#709,.T.);
#480=ORIENTED_EDGE('',*,*,#818,.T.);
#481=ORIENTED_EDGE('',*,*,#770,.F.);
#482=ORIENTED_EDGE('',*,*,#742,.F.);
#483=ORIENTED_EDGE('',*,*,#819,.T.);
#484=ORIENTED_EDGE('',*,*,#796,.T.);
#485=ORIENTED_EDGE('',*,*,#703,.F.);
#486=ORIENTED_EDGE('',*,*,#820,.T.);
#487=ORIENTED_EDGE('',*,*,#775,.F.);
#488=ORIENTED_EDGE('',*,*,#821,.F.);
#489=ORIENTED_EDGE('',*,*,#822,.T.);
#490=ORIENTED_EDGE('',*,*,#726,.T.);
#491=ORIENTED_EDGE('',*,*,#817,.F.);
#492=ORIENTED_EDGE('',*,*,#823,.F.);
#493=ORIENTED_EDGE('',*,*,#824,.T.);
#494=ORIENTED_EDGE('',*,*,#821,.T.);
#495=ORIENTED_EDGE('',*,*,#816,.F.);
#496=ORIENTED_EDGE('',*,*,#784,.F.);
#497=ORIENTED_EDGE('',*,*,#719,.F.);
#498=ORIENTED_EDGE('',*,*,#818,.F.);
#499=ORIENTED_EDGE('',*,*,#825,.F.);
#500=ORIENTED_EDGE('',*,*,#732,.F.);
#501=ORIENTED_EDGE('',*,*,#768,.F.);
#502=ORIENTED_EDGE('',*,*,#771,.F.);
#503=ORIENTED_EDGE('',*,*,#825,.T.);
#504=ORIENTED_EDGE('',*,*,#795,.F.);
#505=ORIENTED_EDGE('',*,*,#826,.F.);
#506=ORIENTED_EDGE('',*,*,#733,.F.);
#507=ORIENTED_EDGE('',*,*,#826,.T.);
#508=ORIENTED_EDGE('',*,*,#794,.F.);
#509=ORIENTED_EDGE('',*,*,#790,.F.);
#510=ORIENTED_EDGE('',*,*,#792,.F.);
#511=ORIENTED_EDGE('',*,*,#737,.F.);
#512=ORIENTED_EDGE('',*,*,#827,.F.);
#513=ORIENTED_EDGE('',*,*,#819,.F.);
#514=ORIENTED_EDGE('',*,*,#747,.F.);
#515=ORIENTED_EDGE('',*,*,#769,.F.);
#516=ORIENTED_EDGE('',*,*,#827,.T.);
#517=ORIENTED_EDGE('',*,*,#741,.F.);
#518=ORIENTED_EDGE('',*,*,#828,.F.);
#519=ORIENTED_EDGE('',*,*,#797,.F.);
#520=ORIENTED_EDGE('',*,*,#828,.T.);
#521=ORIENTED_EDGE('',*,*,#749,.F.);
#522=ORIENTED_EDGE('',*,*,#788,.F.);
#523=ORIENTED_EDGE('',*,*,#798,.F.);
#524=ORIENTED_EDGE('',*,*,#686,.F.);
#525=ORIENTED_EDGE('',*,*,#780,.T.);
#526=ORIENTED_EDGE('',*,*,#689,.T.);
#527=ORIENTED_EDGE('',*,*,#751,.T.);
#528=ORIENTED_EDGE('',*,*,#683,.T.);
#529=ORIENTED_EDGE('',*,*,#829,.T.);
#530=ORIENTED_EDGE('',*,*,#760,.F.);
#531=ORIENTED_EDGE('',*,*,#830,.T.);
#532=ORIENTED_EDGE('',*,*,#831,.F.);
#533=ORIENTED_EDGE('',*,*,#832,.F.);
#534=ORIENTED_EDGE('',*,*,#682,.F.);
#535=ORIENTED_EDGE('',*,*,#833,.T.);
#536=ORIENTED_EDGE('',*,*,#834,.T.);
#537=ORIENTED_EDGE('',*,*,#684,.T.);
#538=ORIENTED_EDGE('',*,*,#829,.F.);
#539=ORIENTED_EDGE('',*,*,#729,.F.);
#540=ORIENTED_EDGE('',*,*,#835,.T.);
#541=ORIENTED_EDGE('',*,*,#831,.T.);
#542=ORIENTED_EDGE('',*,*,#836,.F.);
#543=ORIENTED_EDGE('',*,*,#758,.F.);
#544=ORIENTED_EDGE('',*,*,#830,.F.);
#545=ORIENTED_EDGE('',*,*,#759,.T.);
#546=ORIENTED_EDGE('',*,*,#754,.T.);
#547=ORIENTED_EDGE('',*,*,#836,.T.);
#548=ORIENTED_EDGE('',*,*,#761,.F.);
#549=ORIENTED_EDGE('',*,*,#832,.T.);
#550=ORIENTED_EDGE('',*,*,#835,.F.);
#551=ORIENTED_EDGE('',*,*,#728,.F.);
#552=ORIENTED_EDGE('',*,*,#681,.F.);
#553=ORIENTED_EDGE('',*,*,#834,.F.);
#554=ORIENTED_EDGE('',*,*,#833,.F.);
#555=ORIENTED_EDGE('',*,*,#837,.F.);
#556=ORIENTED_EDGE('',*,*,#776,.T.);
#557=ORIENTED_EDGE('',*,*,#820,.F.);
#558=ORIENTED_EDGE('',*,*,#702,.T.);
#559=ORIENTED_EDGE('',*,*,#838,.T.);
#560=ORIENTED_EDGE('',*,*,#839,.F.);
#561=ORIENTED_EDGE('',*,*,#777,.F.);
#562=ORIENTED_EDGE('',*,*,#837,.T.);
#563=ORIENTED_EDGE('',*,*,#840,.T.);
#564=ORIENTED_EDGE('',*,*,#841,.F.);
#565=ORIENTED_EDGE('',*,*,#717,.F.);
#566=ORIENTED_EDGE('',*,*,#724,.F.);
#567=ORIENTED_EDGE('',*,*,#778,.F.);
#568=ORIENTED_EDGE('',*,*,#841,.T.);
#569=ORIENTED_EDGE('',*,*,#842,.T.);
#570=ORIENTED_EDGE('',*,*,#838,.F.);
#571=ORIENTED_EDGE('',*,*,#701,.T.);
#572=ORIENTED_EDGE('',*,*,#727,.F.);
#573=ORIENTED_EDGE('',*,*,#822,.F.);
#574=ORIENTED_EDGE('',*,*,#824,.F.);
#575=ORIENTED_EDGE('',*,*,#843,.F.);
#576=ORIENTED_EDGE('',*,*,#718,.F.);
#577=ORIENTED_EDGE('',*,*,#842,.F.);
#578=ORIENTED_EDGE('',*,*,#840,.F.);
#579=ORIENTED_EDGE('',*,*,#839,.T.);
#580=ORIENTED_EDGE('',*,*,#843,.T.);
#581=ORIENTED_EDGE('',*,*,#823,.T.);
#582=ORIENTED_EDGE('',*,*,#678,.T.);
#583=ORIENTED_EDGE('',*,*,#844,.T.);
#584=ORIENTED_EDGE('',*,*,#677,.F.);
#585=ORIENTED_EDGE('',*,*,#845,.T.);
#586=ORIENTED_EDGE('',*,*,#846,.F.);
#587=ORIENTED_EDGE('',*,*,#679,.T.);
#588=ORIENTED_EDGE('',*,*,#844,.F.);
#589=ORIENTED_EDGE('',*,*,#847,.F.);
#590=ORIENTED_EDGE('',*,*,#680,.T.);
#591=ORIENTED_EDGE('',*,*,#846,.T.);
#592=ORIENTED_EDGE('',*,*,#676,.F.);
#593=ORIENTED_EDGE('',*,*,#847,.T.);
#594=ORIENTED_EDGE('',*,*,#845,.F.);
#595=ORIENTED_EDGE('',*,*,#781,.T.);
#596=ORIENTED_EDGE('',*,*,#692,.T.);
#597=ORIENTED_EDGE('',*,*,#848,.F.);
#598=ORIENTED_EDGE('',*,*,#849,.F.);
#599=ORIENTED_EDGE('',*,*,#772,.T.);
#600=ORIENTED_EDGE('',*,*,#850,.F.);
#601=ORIENTED_EDGE('',*,*,#773,.T.);
#602=ORIENTED_EDGE('',*,*,#849,.T.);
#603=ORIENTED_EDGE('',*,*,#851,.F.);
#604=ORIENTED_EDGE('',*,*,#774,.F.);
#605=ORIENTED_EDGE('',*,*,#850,.T.);
#606=ORIENTED_EDGE('',*,*,#852,.T.);
#607=ORIENTED_EDGE('',*,*,#853,.F.);
#608=ORIENTED_EDGE('',*,*,#696,.F.);
#609=ORIENTED_EDGE('',*,*,#715,.T.);
#610=ORIENTED_EDGE('',*,*,#697,.F.);
#611=ORIENTED_EDGE('',*,*,#853,.T.);
#612=ORIENTED_EDGE('',*,*,#854,.T.);
#613=ORIENTED_EDGE('',*,*,#706,.T.);
#614=ORIENTED_EDGE('',*,*,#711,.T.);
#615=ORIENTED_EDGE('',*,*,#714,.T.);
#616=ORIENTED_EDGE('',*,*,#691,.F.);
#617=ORIENTED_EDGE('',*,*,#707,.T.);
#618=ORIENTED_EDGE('',*,*,#854,.F.);
#619=ORIENTED_EDGE('',*,*,#852,.F.);
#620=ORIENTED_EDGE('',*,*,#851,.T.);
#621=ORIENTED_EDGE('',*,*,#848,.T.);
#622=ORIENTED_EDGE('',*,*,#855,.F.);
#623=ORIENTED_EDGE('',*,*,#673,.F.);
#624=ORIENTED_EDGE('',*,*,#672,.F.);
#625=ORIENTED_EDGE('',*,*,#856,.T.);
#626=ORIENTED_EDGE('',*,*,#857,.F.);
#627=ORIENTED_EDGE('',*,*,#674,.T.);
#628=ORIENTED_EDGE('',*,*,#855,.T.);
#629=ORIENTED_EDGE('',*,*,#671,.F.);
#630=ORIENTED_EDGE('',*,*,#858,.F.);
#631=ORIENTED_EDGE('',*,*,#856,.F.);
#632=ORIENTED_EDGE('',*,*,#858,.T.);
#633=ORIENTED_EDGE('',*,*,#675,.T.);
#634=ORIENTED_EDGE('',*,*,#857,.T.);
#635=ORIENTED_EDGE('',*,*,#803,.T.);
#636=ORIENTED_EDGE('',*,*,#859,.T.);
#637=ORIENTED_EDGE('',*,*,#808,.F.);
#638=ORIENTED_EDGE('',*,*,#860,.F.);
#639=ORIENTED_EDGE('',*,*,#861,.T.);
#640=ORIENTED_EDGE('',*,*,#809,.T.);
#641=ORIENTED_EDGE('',*,*,#859,.F.);
#642=ORIENTED_EDGE('',*,*,#806,.F.);
#643=ORIENTED_EDGE('',*,*,#862,.T.);
#644=ORIENTED_EDGE('',*,*,#810,.T.);
#645=ORIENTED_EDGE('',*,*,#861,.F.);
#646=ORIENTED_EDGE('',*,*,#805,.F.);
#647=ORIENTED_EDGE('',*,*,#804,.T.);
#648=ORIENTED_EDGE('',*,*,#860,.T.);
#649=ORIENTED_EDGE('',*,*,#807,.F.);
#650=ORIENTED_EDGE('',*,*,#862,.F.);
#651=ORIENTED_EDGE('',*,*,#863,.T.);
#652=ORIENTED_EDGE('',*,*,#812,.T.);
#653=ORIENTED_EDGE('',*,*,#864,.F.);
#654=ORIENTED_EDGE('',*,*,#802,.F.);
#655=ORIENTED_EDGE('',*,*,#801,.T.);
#656=ORIENTED_EDGE('',*,*,#865,.T.);
#657=ORIENTED_EDGE('',*,*,#813,.F.);
#658=ORIENTED_EDGE('',*,*,#863,.F.);
#659=ORIENTED_EDGE('',*,*,#866,.T.);
#660=ORIENTED_EDGE('',*,*,#814,.T.);
#661=ORIENTED_EDGE('',*,*,#865,.F.);
#662=ORIENTED_EDGE('',*,*,#800,.F.);
#663=ORIENTED_EDGE('',*,*,#793,.T.);
#664=ORIENTED_EDGE('',*,*,#864,.T.);
#665=ORIENTED_EDGE('',*,*,#811,.F.);
#666=ORIENTED_EDGE('',*,*,#782,.T.);
#667=ORIENTED_EDGE('',*,*,#786,.F.);
#668=ORIENTED_EDGE('',*,*,#815,.T.);
#669=ORIENTED_EDGE('',*,*,#866,.F.);
#670=ORIENTED_EDGE('',*,*,#799,.F.);
#671=EDGE_CURVE('',#867,#868,#994,.T.);
#672=EDGE_CURVE('',#868,#869,#271,.T.);
#673=EDGE_CURVE('',#869,#870,#231,.T.);
#674=EDGE_CURVE('',#871,#870,#272,.T.);
#675=EDGE_CURVE('',#867,#871,#232,.T.);
#676=EDGE_CURVE('',#872,#873,#233,.F.);
#677=EDGE_CURVE('',#873,#874,#273,.T.);
#678=EDGE_CURVE('',#875,#874,#234,.T.);
#679=EDGE_CURVE('',#876,#875,#274,.T.);
#680=EDGE_CURVE('',#872,#876,#995,.T.);
#681=EDGE_CURVE('',#877,#878,#996,.T.);
#682=EDGE_CURVE('',#878,#879,#275,.T.);
#683=EDGE_CURVE('',#880,#879,#235,.T.);
#684=EDGE_CURVE('',#877,#880,#276,.T.);
#685=EDGE_CURVE('',#881,#882,#236,.T.);
#686=EDGE_CURVE('',#882,#883,#277,.T.);
#687=EDGE_CURVE('',#883,#884,#229,.T.);
#688=EDGE_CURVE('',#884,#885,#230,.T.);
#689=EDGE_CURVE('',#881,#885,#278,.T.);
#690=EDGE_CURVE('',#886,#887,#997,.T.);
#691=EDGE_CURVE('',#887,#888,#12,.T.);
#692=EDGE_CURVE('',#889,#888,#13,.T.);
#693=EDGE_CURVE('',#889,#890,#14,.T.);
#694=EDGE_CURVE('',#891,#890,#15,.T.);
#695=EDGE_CURVE('',#886,#891,#16,.T.);
#696=EDGE_CURVE('',#892,#893,#237,.T.);
#697=EDGE_CURVE('',#893,#894,#17,.F.);
#698=EDGE_CURVE('',#894,#895,#998,.T.);
#699=EDGE_CURVE('',#895,#896,#18,.T.);
#700=EDGE_CURVE('',#896,#897,#999,.T.);
#701=EDGE_CURVE('',#898,#897,#19,.T.);
#702=EDGE_CURVE('',#899,#898,#238,.T.);
#703=EDGE_CURVE('',#899,#900,#1000,.T.);
#704=EDGE_CURVE('',#900,#901,#20,.F.);
#705=EDGE_CURVE('',#901,#892,#1001,.T.);
#706=EDGE_CURVE('',#902,#903,#21,.F.);
#707=EDGE_CURVE('',#887,#902,#1002,.T.);
#708=EDGE_CURVE('',#904,#886,#1003,.T.);
#709=EDGE_CURVE('',#905,#904,#1004,.F.);
#710=EDGE_CURVE('',#903,#905,#1005,.F.);
#711=EDGE_CURVE('',#903,#906,#1006,.T.);
#712=EDGE_CURVE('',#895,#905,#1007,.F.);
#713=EDGE_CURVE('',#906,#895,#1008,.F.);
#714=EDGE_CURVE('',#906,#894,#1009,.T.);
#715=EDGE_CURVE('',#892,#907,#1010,.T.);
#716=EDGE_CURVE('',#907,#901,#1011,.F.);
#717=EDGE_CURVE('',#908,#909,#22,.T.);
#718=EDGE_CURVE('',#909,#910,#23,.T.);
#719=EDGE_CURVE('',#910,#911,#1012,.T.);
#720=EDGE_CURVE('',#912,#911,#24,.T.);
#721=EDGE_CURVE('',#912,#913,#25,.T.);
#722=EDGE_CURVE('',#913,#908,#26,.T.);
#723=EDGE_CURVE('',#914,#915,#27,.T.);
#724=EDGE_CURVE('',#915,#908,#239,.T.);
#725=EDGE_CURVE('',#913,#914,#240,.F.);
#726=EDGE_CURVE('',#916,#896,#1013,.F.);
#727=EDGE_CURVE('',#916,#897,#1014,.T.);
#728=EDGE_CURVE('',#917,#918,#1015,.T.);
#729=EDGE_CURVE('',#918,#919,#1016,.T.);
#730=EDGE_CURVE('',#919,#914,#241,.T.);
#731=EDGE_CURVE('',#917,#913,#242,.T.);
#732=EDGE_CURVE('',#920,#921,#1017,.T.);
#733=EDGE_CURVE('',#921,#922,#1018,.T.);
#734=EDGE_CURVE('',#922,#923,#28,.T.);
#735=EDGE_CURVE('',#924,#923,#243,.T.);
#736=EDGE_CURVE('',#920,#924,#29,.T.);
#737=EDGE_CURVE('',#925,#926,#1019,.T.);
#738=EDGE_CURVE('',#927,#926,#30,.T.);
#739=EDGE_CURVE('',#927,#928,#244,.T.);
#740=EDGE_CURVE('',#928,#929,#31,.T.);
#741=EDGE_CURVE('',#929,#925,#1020,.T.);
#742=EDGE_CURVE('',#930,#931,#32,.T.);
#743=EDGE_CURVE('',#932,#931,#33,.T.);
#744=EDGE_CURVE('',#884,#932,#34,.T.);
#745=EDGE_CURVE('',#883,#933,#35,.T.);
#746=EDGE_CURVE('',#933,#934,#36,.T.);
#747=EDGE_CURVE('',#934,#930,#1021,.T.);
#748=EDGE_CURVE('',#935,#936,#37,.T.);
#749=EDGE_CURVE('',#936,#929,#1022,.T.);
#750=EDGE_CURVE('',#928,#935,#38,.T.);
#751=EDGE_CURVE('',#885,#883,#245,.F.);
#752=EDGE_CURVE('',#885,#937,#39,.T.);
#753=EDGE_CURVE('',#937,#933,#246,.T.);
#754=EDGE_CURVE('',#938,#939,#1023,.T.);
#755=EDGE_CURVE('',#890,#938,#247,.T.);
#756=EDGE_CURVE('',#890,#940,#248,.F.);
#757=EDGE_CURVE('',#940,#919,#249,.T.);
#758=EDGE_CURVE('',#919,#939,#1024,.T.);
#759=EDGE_CURVE('',#941,#938,#40,.T.);
#760=EDGE_CURVE('',#941,#942,#250,.T.);
#761=EDGE_CURVE('',#942,#917,#41,.T.);
#762=EDGE_CURVE('',#891,#912,#251,.T.);
#763=EDGE_CURVE('',#923,#928,#252,.T.);
#764=EDGE_CURVE('',#923,#943,#42,.T.);
#765=EDGE_CURVE('',#943,#935,#253,.T.);
#766=EDGE_CURVE('',#924,#927,#254,.T.);
#767=EDGE_CURVE('',#944,#937,#43,.T.);
#768=EDGE_CURVE('',#944,#920,#1025,.T.);
#769=EDGE_CURVE('',#926,#934,#1026,.T.);
#770=EDGE_CURVE('',#931,#945,#44,.T.);
#771=EDGE_CURVE('',#945,#944,#1027,.T.);
#772=EDGE_CURVE('',#946,#947,#45,.T.);
#773=EDGE_CURVE('',#948,#946,#255,.T.);
#774=EDGE_CURVE('',#948,#907,#46,.T.);
#775=EDGE_CURVE('',#900,#949,#1028,.T.);
#776=EDGE_CURVE('',#950,#949,#47,.T.);
#777=EDGE_CURVE('',#950,#951,#256,.F.);
#778=EDGE_CURVE('',#951,#915,#48,.T.);
#779=EDGE_CURVE('',#947,#940,#49,.T.);
#780=EDGE_CURVE('',#882,#881,#257,.T.);
#781=EDGE_CURVE('',#947,#889,#258,.T.);
#782=EDGE_CURVE('',#952,#953,#50,.T.);
#783=EDGE_CURVE('',#904,#952,#51,.T.);
#784=EDGE_CURVE('',#911,#954,#1029,.T.);
#785=EDGE_CURVE('',#955,#954,#52,.T.);
#786=EDGE_CURVE('',#955,#956,#53,.T.);
#787=EDGE_CURVE('',#956,#957,#54,.F.);
#788=EDGE_CURVE('',#957,#936,#1030,.T.);
#789=EDGE_CURVE('',#958,#943,#55,.T.);
#790=EDGE_CURVE('',#958,#959,#1031,.T.);
#791=EDGE_CURVE('',#959,#953,#56,.F.);
#792=EDGE_CURVE('',#922,#958,#1032,.T.);
#793=EDGE_CURVE('',#953,#960,#57,.T.);
#794=EDGE_CURVE('',#959,#961,#1033,.T.);
#795=EDGE_CURVE('',#961,#962,#1034,.T.);
#796=EDGE_CURVE('',#963,#962,#58,.T.);
#797=EDGE_CURVE('',#963,#964,#1035,.T.);
#798=EDGE_CURVE('',#964,#957,#1036,.T.);
#799=EDGE_CURVE('',#956,#965,#59,.T.);
#800=EDGE_CURVE('',#965,#966,#259,.F.);
#801=EDGE_CURVE('',#967,#966,#60,.T.);
#802=EDGE_CURVE('',#967,#960,#260,.F.);
#803=EDGE_CURVE('',#968,#969,#61,.T.);
#804=EDGE_CURVE('',#970,#968,#62,.T.);
#805=EDGE_CURVE('',#970,#971,#63,.T.);
#806=EDGE_CURVE('',#971,#969,#64,.T.);
#807=EDGE_CURVE('',#972,#973,#65,.T.);
#808=EDGE_CURVE('',#973,#974,#66,.T.);
#809=EDGE_CURVE('',#975,#974,#67,.T.);
#810=EDGE_CURVE('',#972,#975,#68,.T.);
#811=EDGE_CURVE('',#952,#976,#69,.T.);
#812=EDGE_CURVE('',#977,#976,#261,.F.);
#813=EDGE_CURVE('',#977,#978,#70,.T.);
#814=EDGE_CURVE('',#979,#978,#262,.F.);
#815=EDGE_CURVE('',#955,#979,#71,.T.);
#816=EDGE_CURVE('',#954,#980,#1037,.T.);
#817=EDGE_CURVE('',#980,#896,#1038,.T.);
#818=EDGE_CURVE('',#962,#945,#1039,.T.);
#819=EDGE_CURVE('',#930,#963,#1040,.T.);
#820=EDGE_CURVE('',#899,#949,#1041,.T.);
#821=EDGE_CURVE('',#981,#980,#1042,.F.);
#822=EDGE_CURVE('',#981,#916,#1043,.T.);
#823=EDGE_CURVE('',#982,#910,#1044,.T.);
#824=EDGE_CURVE('',#982,#981,#72,.F.);
#825=EDGE_CURVE('',#921,#962,#1045,.F.);
#826=EDGE_CURVE('',#922,#961,#1046,.F.);
#827=EDGE_CURVE('',#963,#925,#1047,.F.);
#828=EDGE_CURVE('',#964,#929,#1048,.F.);
#829=EDGE_CURVE('',#879,#880,#263,.T.);
#830=EDGE_CURVE('',#941,#983,#73,.T.);
#831=EDGE_CURVE('',#984,#983,#264,.T.);
#832=EDGE_CURVE('',#942,#984,#74,.T.);
#833=EDGE_CURVE('',#878,#985,#1049,.T.);
#834=EDGE_CURVE('',#985,#877,#1050,.T.);
#835=EDGE_CURVE('',#918,#984,#75,.T.);
#836=EDGE_CURVE('',#939,#983,#76,.T.);
#837=EDGE_CURVE('',#950,#986,#77,.T.);
#838=EDGE_CURVE('',#898,#987,#78,.T.);
#839=EDGE_CURVE('',#986,#987,#79,.T.);
#840=EDGE_CURVE('',#986,#988,#265,.T.);
#841=EDGE_CURVE('',#951,#988,#80,.T.);
#842=EDGE_CURVE('',#988,#909,#81,.T.);
#843=EDGE_CURVE('',#987,#982,#82,.T.);
#844=EDGE_CURVE('',#874,#875,#266,.T.);
#845=EDGE_CURVE('',#873,#989,#267,.F.);
#846=EDGE_CURVE('',#876,#989,#1051,.T.);
#847=EDGE_CURVE('',#872,#989,#1052,.F.);
#848=EDGE_CURVE('',#990,#888,#83,.T.);
#849=EDGE_CURVE('',#946,#990,#84,.T.);
#850=EDGE_CURVE('',#948,#991,#85,.T.);
#851=EDGE_CURVE('',#991,#990,#268,.T.);
#852=EDGE_CURVE('',#991,#992,#86,.T.);
#853=EDGE_CURVE('',#893,#992,#87,.T.);
#854=EDGE_CURVE('',#992,#902,#88,.T.);
#855=EDGE_CURVE('',#870,#869,#269,.T.);
#856=EDGE_CURVE('',#868,#993,#1053,.T.);
#857=EDGE_CURVE('',#871,#993,#270,.T.);
#858=EDGE_CURVE('',#993,#867,#1054,.F.);
#859=EDGE_CURVE('',#969,#974,#89,.T.);
#860=EDGE_CURVE('',#968,#973,#90,.T.);
#861=EDGE_CURVE('',#971,#975,#91,.T.);
#862=EDGE_CURVE('',#970,#972,#92,.T.);
#863=EDGE_CURVE('',#967,#977,#93,.T.);
#864=EDGE_CURVE('',#960,#976,#94,.T.);
#865=EDGE_CURVE('',#966,#978,#95,.T.);
#866=EDGE_CURVE('',#965,#979,#96,.T.);
#867=VERTEX_POINT('',#1558);
#868=VERTEX_POINT('',#1559);
#869=VERTEX_POINT('',#1562);
#870=VERTEX_POINT('',#1564);
#871=VERTEX_POINT('',#1567);
#872=VERTEX_POINT('',#1584);
#873=VERTEX_POINT('',#1585);
#874=VERTEX_POINT('',#1588);
#875=VERTEX_POINT('',#1590);
#876=VERTEX_POINT('',#1593);
#877=VERTEX_POINT('',#1624);
#878=VERTEX_POINT('',#1625);
#879=VERTEX_POINT('',#1628);
#880=VERTEX_POINT('',#1630);
#881=VERTEX_POINT('',#1642);
#882=VERTEX_POINT('',#1643);
#883=VERTEX_POINT('',#1646);
#884=VERTEX_POINT('',#1648);
#885=VERTEX_POINT('',#1650);
#886=VERTEX_POINT('',#1661);
#887=VERTEX_POINT('',#1662);
#888=VERTEX_POINT('',#1664);
#889=VERTEX_POINT('',#1666);
#890=VERTEX_POINT('',#1668);
#891=VERTEX_POINT('',#1670);
#892=VERTEX_POINT('',#1681);
#893=VERTEX_POINT('',#1682);
#894=VERTEX_POINT('',#1684);
#895=VERTEX_POINT('',#1689);
#896=VERTEX_POINT('',#1691);
#897=VERTEX_POINT('',#1696);
#898=VERTEX_POINT('',#1698);
#899=VERTEX_POINT('',#1700);
#900=VERTEX_POINT('',#1722);
#901=VERTEX_POINT('',#1724);
#902=VERTEX_POINT('',#1763);
#903=VERTEX_POINT('',#1764);
#904=VERTEX_POINT('',#1781);
#905=VERTEX_POINT('',#1786);
#906=VERTEX_POINT('',#2075);
#907=VERTEX_POINT('',#2293);
#908=VERTEX_POINT('',#2303);
#909=VERTEX_POINT('',#2304);
#910=VERTEX_POINT('',#2306);
#911=VERTEX_POINT('',#2311);
#912=VERTEX_POINT('',#2313);
#913=VERTEX_POINT('',#2315);
#914=VERTEX_POINT('',#2326);
#915=VERTEX_POINT('',#2327);
#916=VERTEX_POINT('',#2434);
#917=VERTEX_POINT('',#2463);
#918=VERTEX_POINT('',#2464);
#919=VERTEX_POINT('',#2472);
#920=VERTEX_POINT('',#2490);
#921=VERTEX_POINT('',#2491);
#922=VERTEX_POINT('',#2496);
#923=VERTEX_POINT('',#2498);
#924=VERTEX_POINT('',#2500);
#925=VERTEX_POINT('',#2517);
#926=VERTEX_POINT('',#2518);
#927=VERTEX_POINT('',#2520);
#928=VERTEX_POINT('',#2522);
#929=VERTEX_POINT('',#2524);
#930=VERTEX_POINT('',#2534);
#931=VERTEX_POINT('',#2535);
#932=VERTEX_POINT('',#2537);
#933=VERTEX_POINT('',#2540);
#934=VERTEX_POINT('',#2542);
#935=VERTEX_POINT('',#2559);
#936=VERTEX_POINT('',#2560);
#937=VERTEX_POINT('',#2576);
#938=VERTEX_POINT('',#2599);
#939=VERTEX_POINT('',#2600);
#940=VERTEX_POINT('',#2603);
#941=VERTEX_POINT('',#2621);
#942=VERTEX_POINT('',#2623);
#943=VERTEX_POINT('',#2636);
#944=VERTEX_POINT('',#2660);
#945=VERTEX_POINT('',#2696);
#946=VERTEX_POINT('',#2713);
#947=VERTEX_POINT('',#2714);
#948=VERTEX_POINT('',#2716);
#949=VERTEX_POINT('',#2722);
#950=VERTEX_POINT('',#2724);
#951=VERTEX_POINT('',#2726);
#952=VERTEX_POINT('',#2744);
#953=VERTEX_POINT('',#2745);
#954=VERTEX_POINT('',#2756);
#955=VERTEX_POINT('',#2758);
#956=VERTEX_POINT('',#2760);
#957=VERTEX_POINT('',#2762);
#958=VERTEX_POINT('',#2793);
#959=VERTEX_POINT('',#2818);
#960=VERTEX_POINT('',#2833);
#961=VERTEX_POINT('',#2838);
#962=VERTEX_POINT('',#2843);
#963=VERTEX_POINT('',#2845);
#964=VERTEX_POINT('',#2850);
#965=VERTEX_POINT('',#2856);
#966=VERTEX_POINT('',#2858);
#967=VERTEX_POINT('',#2860);
#968=VERTEX_POINT('',#2863);
#969=VERTEX_POINT('',#2864);
#970=VERTEX_POINT('',#2866);
#971=VERTEX_POINT('',#2868);
#972=VERTEX_POINT('',#2875);
#973=VERTEX_POINT('',#2876);
#974=VERTEX_POINT('',#2878);
#975=VERTEX_POINT('',#2880);
#976=VERTEX_POINT('',#2883);
#977=VERTEX_POINT('',#2885);
#978=VERTEX_POINT('',#2887);
#979=VERTEX_POINT('',#2889);
#980=VERTEX_POINT('',#2895);
#981=VERTEX_POINT('',#3342);
#982=VERTEX_POINT('',#3370);
#983=VERTEX_POINT('',#6762);
#984=VERTEX_POINT('',#6764);
#985=VERTEX_POINT('',#6788);
#986=VERTEX_POINT('',#6834);
#987=VERTEX_POINT('',#6836);
#988=VERTEX_POINT('',#6847);
#989=VERTEX_POINT('',#6873);
#990=VERTEX_POINT('',#6927);
#991=VERTEX_POINT('',#6938);
#992=VERTEX_POINT('',#6945);
#993=VERTEX_POINT('',#6969);
#994=B_SPLINE_CURVE_WITH_KNOTS('',3,(#1553,#1554,#1555,#1556,#1557),
 .UNSPECIFIED.,.F.,.F.,(4,1,4),(0.00142558862400405,0.00207476438058682,
0.0027239401371696),.UNSPECIFIED.);
#995=B_SPLINE_CURVE_WITH_KNOTS('',3,(#1594,#1595,#1596,#1597,#1598),
 .UNSPECIFIED.,.F.,.F.,(4,1,4),(0.00142558955115681,0.00207476672126993,
0.00272394389138304),.UNSPECIFIED.);
#996=B_SPLINE_CURVE_WITH_KNOTS('',3,(#1613,#1614,#1615,#1616,#1617,#1618,
#1619,#1620,#1621,#1622,#1623),.UNSPECIFIED.,.F.,.F.,(4,1,1,1,1,1,1,1,4),
(0.00190045650207607,0.00237873465116079,0.00285701280024552,0.00333529094933024,
0.00381356909841496,0.00429184724749969,0.00477012539658441,0.00524840354566913,
0.00572668169475385),.UNSPECIFIED.);
#997=B_SPLINE_CURVE_WITH_KNOTS('',3,(#1657,#1658,#1659,#1660),
 .UNSPECIFIED.,.F.,.F.,(4,4),(0.,1.),.UNSPECIFIED.);
#998=B_SPLINE_CURVE_WITH_KNOTS('',3,(#1685,#1686,#1687,#1688),
 .UNSPECIFIED.,.F.,.F.,(4,4),(0.,1.),.UNSPECIFIED.);
#999=B_SPLINE_CURVE_WITH_KNOTS('',3,(#1692,#1693,#1694,#1695),
 .UNSPECIFIED.,.F.,.F.,(4,4),(0.,1.),.UNSPECIFIED.);
#1000=B_SPLINE_CURVE_WITH_KNOTS('',3,(#1701,#1702,#1703,#1704,#1705,#1706,
#1707,#1708,#1709,#1710,#1711,#1712,#1713,#1714,#1715,#1716,#1717,#1718,
#1719,#1720,#1721),.UNSPECIFIED.,.F.,.F.,(4,1,1,1,1,1,1,1,1,1,1,1,1,1,1,
1,1,1,4),(0.,0.25,0.3125,0.375,0.4375,0.46875,0.484375,0.5,0.515625,0.53125,
0.5625,0.625,0.6875,0.71875,0.75,0.78125,0.8125,0.875,1.),.UNSPECIFIED.);
#1001=B_SPLINE_CURVE_WITH_KNOTS('',3,(#1725,#1726,#1727,#1728,#1729,#1730,
#1731,#1732,#1733,#1734,#1735,#1736,#1737,#1738,#1739,#1740,#1741,#1742,
#1743,#1744,#1745),.UNSPECIFIED.,.F.,.F.,(4,1,1,1,1,1,1,1,1,1,1,1,1,1,1,
1,1,1,4),(0.,0.125,0.1875,0.21875,0.25,0.28125,0.3125,0.375,0.4375,0.46875,
0.484375,0.5,0.515625,0.53125,0.5625,0.625,0.6875,0.75,1.),
 .UNSPECIFIED.);
#1002=B_SPLINE_CURVE_WITH_KNOTS('',3,(#1765,#1766,#1767,#1768,#1769,#1770,
#1771),.UNSPECIFIED.,.F.,.F.,(4,1,1,1,4),(0.00696202268043347,0.0095158606595594,
0.0120696986386853,0.0146235366178112,0.0171773745969372),.UNSPECIFIED.);
#1003=B_SPLINE_CURVE_WITH_KNOTS('',3,(#1772,#1773,#1774,#1775,#1776,#1777,
#1778,#1779,#1780),.UNSPECIFIED.,.F.,.F.,(4,1,1,1,1,1,4),(0.,0.0016140937150887,
0.00322818743017739,0.00645637486035479,0.00968456229053218,0.0112986560056209,
0.0129127497207096),.UNSPECIFIED.);
#1004=B_SPLINE_CURVE_WITH_KNOTS('',3,(#1782,#1783,#1784,#1785),
 .UNSPECIFIED.,.F.,.F.,(4,4),(0.,1.),.UNSPECIFIED.);
#1005=B_SPLINE_CURVE_WITH_KNOTS('',3,(#1787,#1788,#1789,#1790),
 .UNSPECIFIED.,.F.,.F.,(4,4),(0.,1.),.UNSPECIFIED.);
#1006=B_SPLINE_CURVE_WITH_KNOTS('',3,(#2071,#2072,#2073,#2074),
 .UNSPECIFIED.,.F.,.F.,(4,4),(0.,0.00585212319638621),.UNSPECIFIED.);
#1007=B_SPLINE_CURVE_WITH_KNOTS('',3,(#2076,#2077,#2078,#2079),
 .UNSPECIFIED.,.F.,.F.,(4,4),(0.,1.),.UNSPECIFIED.);
#1008=B_SPLINE_CURVE_WITH_KNOTS('',3,(#2080,#2081,#2082,#2083),
 .UNSPECIFIED.,.F.,.F.,(4,4),(0.,1.),.UNSPECIFIED.);
#1009=B_SPLINE_CURVE_WITH_KNOTS('',3,(#2184,#2185,#2186,#2187,#2188,#2189,
#2190),.UNSPECIFIED.,.F.,.F.,(4,1,1,1,4),(0.,0.00107543355631132,0.00215086711262264,
0.00322630066893396,0.00430173422524528),.UNSPECIFIED.);
#1010=B_SPLINE_CURVE_WITH_KNOTS('',3,(#2289,#2290,#2291,#2292),
 .UNSPECIFIED.,.F.,.F.,(4,4),(0.,0.0052054451149422),.UNSPECIFIED.);
#1011=B_SPLINE_CURVE_WITH_KNOTS('',3,(#2294,#2295,#2296,#2297),
 .UNSPECIFIED.,.F.,.F.,(4,4),(0.,0.999999622455739),.UNSPECIFIED.);
#1012=B_SPLINE_CURVE_WITH_KNOTS('',3,(#2307,#2308,#2309,#2310),
 .UNSPECIFIED.,.F.,.F.,(4,4),(0.,1.),.UNSPECIFIED.);
#1013=B_SPLINE_CURVE_WITH_KNOTS('',3,(#2430,#2431,#2432,#2433),
 .UNSPECIFIED.,.F.,.F.,(4,4),(0.,1.),.UNSPECIFIED.);
#1014=B_SPLINE_CURVE_WITH_KNOTS('',3,(#2435,#2436,#2437,#2438,#2439,#2440,
#2441),.UNSPECIFIED.,.F.,.F.,(4,1,1,1,4),(0.,0.00107639387779336,0.00215278775558671,
0.00322918163338007,0.00430557551117343),.UNSPECIFIED.);
#1015=B_SPLINE_CURVE_WITH_KNOTS('',3,(#2458,#2459,#2460,#2461,#2462),
 .UNSPECIFIED.,.F.,.F.,(4,1,4),(3.03576608295941E-18,0.00513675958559742,
0.0102735191711948),.UNSPECIFIED.);
#1016=B_SPLINE_CURVE_WITH_KNOTS('',3,(#2465,#2466,#2467,#2468,#2469,#2470,
#2471),.UNSPECIFIED.,.F.,.F.,(4,1,1,1,4),(0.0121272972888345,0.0137996597661126,
0.0154720222433907,0.0171443847206688,0.0188167471979469),.UNSPECIFIED.);
#1017=B_SPLINE_CURVE_WITH_KNOTS('',3,(#2483,#2484,#2485,#2486,#2487,#2488,
#2489),.UNSPECIFIED.,.F.,.F.,(4,1,1,1,4),(0.,0.5,0.625,0.75,1.),
 .UNSPECIFIED.);
#1018=B_SPLINE_CURVE_WITH_KNOTS('',3,(#2492,#2493,#2494,#2495),
 .UNSPECIFIED.,.F.,.F.,(4,4),(0.,1.),.UNSPECIFIED.);
#1019=B_SPLINE_CURVE_WITH_KNOTS('',3,(#2510,#2511,#2512,#2513,#2514,#2515,
#2516),.UNSPECIFIED.,.F.,.F.,(4,1,1,1,4),(0.,0.25,0.375,0.5,1.),
 .UNSPECIFIED.);
#1020=B_SPLINE_CURVE_WITH_KNOTS('',3,(#2525,#2526,#2527,#2528),
 .UNSPECIFIED.,.F.,.F.,(4,4),(0.,1.),.UNSPECIFIED.);
#1021=B_SPLINE_CURVE_WITH_KNOTS('',3,(#2543,#2544,#2545,#2546,#2547,#2548,
#2549,#2550,#2551,#2552,#2553),.UNSPECIFIED.,.F.,.F.,(4,1,1,1,1,1,1,1,4),
(0.,0.25,0.375,0.4375,0.5,0.5625,0.625,0.75,1.),.UNSPECIFIED.);
#1022=B_SPLINE_CURVE_WITH_KNOTS('',3,(#2561,#2562,#2563,#2564),
 .UNSPECIFIED.,.F.,.F.,(4,4),(0.,1.),.UNSPECIFIED.);
#1023=B_SPLINE_CURVE_WITH_KNOTS('',3,(#2594,#2595,#2596,#2597,#2598),
 .UNSPECIFIED.,.F.,.F.,(4,1,4),(3.03576608295941E-18,0.00513675958559742,
0.0102735191711948),.UNSPECIFIED.);
#1024=B_SPLINE_CURVE_WITH_KNOTS('',3,(#2605,#2606,#2607,#2608,#2609,#2610,
#2611),.UNSPECIFIED.,.F.,.F.,(4,1,1,1,4),(0.0207875290584902,0.0224553542001767,
0.0241231793418632,0.0257910044835497,0.0274588296252362),.UNSPECIFIED.);
#1025=B_SPLINE_CURVE_WITH_KNOTS('',3,(#2661,#2662,#2663,#2664,#2665,#2666,
#2667,#2668,#2669,#2670,#2671,#2672,#2673,#2674,#2675),.UNSPECIFIED.,.F.,
 .F.,(4,1,1,1,1,1,1,1,1,1,1,1,4),(0.,0.25,0.375,0.5,0.625,0.6875,0.75,0.8125,
0.84375,0.875,0.90625,0.9375,1.),.UNSPECIFIED.);
#1026=B_SPLINE_CURVE_WITH_KNOTS('',3,(#2676,#2677,#2678,#2679,#2680,#2681,
#2682,#2683,#2684,#2685,#2686,#2687,#2688,#2689,#2690),.UNSPECIFIED.,.F.,
 .F.,(4,1,1,1,1,1,1,1,1,1,1,1,4),(0.,0.0625,0.09375,0.125,0.15625,0.1875,
0.25,0.3125,0.375,0.5,0.625,0.75,1.),.UNSPECIFIED.);
#1027=B_SPLINE_CURVE_WITH_KNOTS('',3,(#2697,#2698,#2699,#2700,#2701,#2702,
#2703,#2704,#2705,#2706,#2707),.UNSPECIFIED.,.F.,.F.,(4,1,1,1,1,1,1,1,4),
(0.,0.25,0.375,0.4375,0.5,0.5625,0.625,0.75,1.),.UNSPECIFIED.);
#1028=B_SPLINE_CURVE_WITH_KNOTS('',3,(#2718,#2719,#2720,#2721),
 .UNSPECIFIED.,.F.,.F.,(4,4),(0.,1.),.UNSPECIFIED.);
#1029=B_SPLINE_CURVE_WITH_KNOTS('',3,(#2747,#2748,#2749,#2750,#2751,#2752,
#2753,#2754,#2755),.UNSPECIFIED.,.F.,.F.,(4,1,1,1,1,1,4),(0.,0.00161409371508869,
0.00322818743017738,0.00645637486035477,0.00968456229053215,0.0112986560056208,
0.0129127497207095),.UNSPECIFIED.);
#1030=B_SPLINE_CURVE_WITH_KNOTS('',3,(#2763,#2764,#2765,#2766,#2767,#2768,
#2769,#2770,#2771,#2772,#2773,#2774,#2775,#2776,#2777,#2778,#2779,#2780,
#2781,#2782,#2783,#2784,#2785,#2786,#2787,#2788,#2789,#2790,#2791),
 .UNSPECIFIED.,.F.,.F.,(4,1,1,1,1,1,1,1,1,1,1,1,1,1,1,1,1,1,1,1,1,1,1,1,
1,1,4),(0.,0.03125,0.0390625,0.046875,0.0625,0.09375,0.125,0.15625,0.1875,
0.25,0.28125,0.3125,0.375,0.5,0.625,0.6875,0.75,0.78125,0.8125,0.875,0.890625,
0.90625,0.9375,0.9453125,0.953125,0.96875,1.),.UNSPECIFIED.);
#1031=B_SPLINE_CURVE_WITH_KNOTS('',3,(#2794,#2795,#2796,#2797,#2798,#2799,
#2800,#2801,#2802,#2803,#2804,#2805,#2806,#2807,#2808,#2809,#2810,#2811,
#2812,#2813,#2814,#2815,#2816,#2817),.UNSPECIFIED.,.F.,.F.,(4,1,1,1,1,1,
1,1,1,1,1,1,1,1,1,1,1,1,1,1,1,4),(0.,0.0625,0.09375,0.125,0.140625,0.15625,
0.1875,0.25,0.28125,0.3125,0.375,0.5,0.625,0.75,0.78125,0.8125,0.84375,
0.875,0.890625,0.90625,0.9375,1.),.UNSPECIFIED.);
#1032=B_SPLINE_CURVE_WITH_KNOTS('',3,(#2824,#2825,#2826,#2827),
 .UNSPECIFIED.,.F.,.F.,(4,4),(0.,1.),.UNSPECIFIED.);
#1033=B_SPLINE_CURVE_WITH_KNOTS('',3,(#2834,#2835,#2836,#2837),
 .UNSPECIFIED.,.F.,.F.,(4,4),(0.,1.),.UNSPECIFIED.);
#1034=B_SPLINE_CURVE_WITH_KNOTS('',3,(#2839,#2840,#2841,#2842),
 .UNSPECIFIED.,.F.,.F.,(4,4),(0.,1.),.UNSPECIFIED.);
#1035=B_SPLINE_CURVE_WITH_KNOTS('',3,(#2846,#2847,#2848,#2849),
 .UNSPECIFIED.,.F.,.F.,(4,4),(0.,1.),.UNSPECIFIED.);
#1036=B_SPLINE_CURVE_WITH_KNOTS('',3,(#2851,#2852,#2853,#2854),
 .UNSPECIFIED.,.F.,.F.,(4,4),(0.,1.),.UNSPECIFIED.);
#1037=B_SPLINE_CURVE_WITH_KNOTS('',3,(#2891,#2892,#2893,#2894),
 .UNSPECIFIED.,.F.,.F.,(4,4),(0.,1.),.UNSPECIFIED.);
#1038=B_SPLINE_CURVE_WITH_KNOTS('',3,(#2896,#2897,#2898,#2899),
 .UNSPECIFIED.,.F.,.F.,(4,4),(0.,1.),.UNSPECIFIED.);
#1039=B_SPLINE_CURVE_WITH_KNOTS('',3,(#2908,#2909,#2910,#2911,#2912,#2913,
#2914,#2915,#2916,#2917,#2918,#2919,#2920,#2921,#2922,#2923,#2924,#2925,
#2926,#2927,#2928,#2929,#2930,#2931,#2932,#2933,#2934,#2935,#2936),
 .UNSPECIFIED.,.F.,.F.,(4,1,1,1,1,1,1,1,1,1,1,1,1,1,1,1,1,1,1,1,1,1,1,1,
1,1,4),(0.,0.125,0.1875,0.25,0.3125,0.375,0.4375,0.46875,0.5,0.53125,0.5625,
0.625,0.6875,0.71875,0.734375,0.7421875,0.75,0.7578125,0.765625,0.78125,
0.8125,0.84375,0.859375,0.875,0.90625,0.9375,1.),.UNSPECIFIED.);
#1040=B_SPLINE_CURVE_WITH_KNOTS('',3,(#2937,#2938,#2939,#2940,#2941,#2942,
#2943,#2944,#2945,#2946,#2947,#2948,#2949,#2950,#2951,#2952,#2953,#2954,
#2955,#2956,#2957,#2958,#2959,#2960,#2961,#2962,#2963,#2964,#2965),
 .UNSPECIFIED.,.F.,.F.,(4,1,1,1,1,1,1,1,1,1,1,1,1,1,1,1,1,1,1,1,1,1,1,1,
1,1,4),(0.,0.0625,0.09375,0.125,0.140625,0.15625,0.1875,0.21875,0.234375,
0.2421875,0.25,0.2578125,0.265625,0.28125,0.3125,0.375,0.4375,0.46875,0.5,
0.53125,0.5625,0.625,0.6875,0.75,0.8125,0.875,1.),.UNSPECIFIED.);
#1041=B_SPLINE_CURVE_WITH_KNOTS('',3,(#3064,#3065,#3066,#3067),
 .UNSPECIFIED.,.F.,.F.,(4,4),(0.,0.00520544210941501),.UNSPECIFIED.);
#1042=B_SPLINE_CURVE_WITH_KNOTS('',3,(#3338,#3339,#3340,#3341),
 .UNSPECIFIED.,.F.,.F.,(4,4),(0.,1.),.UNSPECIFIED.);
#1043=B_SPLINE_CURVE_WITH_KNOTS('',3,(#3343,#3344,#3345,#3346),
 .UNSPECIFIED.,.F.,.F.,(4,4),(0.,0.00584829560396694),.UNSPECIFIED.);
#1044=B_SPLINE_CURVE_WITH_KNOTS('',3,(#3363,#3364,#3365,#3366,#3367,#3368,
#3369),.UNSPECIFIED.,.F.,.F.,(4,1,1,1,4),(0.00607543781123459,0.00862991152973142,
0.0111843852482283,0.0137388589667251,0.0162933326852219),.UNSPECIFIED.);
#1045=B_SPLINE_CURVE_WITH_KNOTS('',3,(#4212,#4213,#4214,#4215,#4216,#4217,
#4218,#4219,#4220,#4221,#4222),.UNSPECIFIED.,.F.,.F.,(4,1,1,1,1,1,1,1,4),
(0.,0.125,0.25,0.375,0.5,0.625,0.75,0.875,1.),.UNSPECIFIED.);
#1046=B_SPLINE_CURVE_WITH_KNOTS('',3,(#5033,#5034,#5035,#5036,#5037,#5038,
#5039,#5040,#5041,#5042,#5043),.UNSPECIFIED.,.F.,.F.,(4,1,1,1,1,1,1,1,4),
(0.,0.125,0.25,0.375,0.5,0.625,0.75,0.875,1.),.UNSPECIFIED.);
#1047=B_SPLINE_CURVE_WITH_KNOTS('',3,(#5900,#5901,#5902,#5903,#5904,#5905,
#5906,#5907,#5908,#5909,#5910),.UNSPECIFIED.,.F.,.F.,(4,1,1,1,1,1,1,1,4),
(0.,0.125,0.25,0.375,0.5,0.625,0.75,0.875,1.),.UNSPECIFIED.);
#1048=B_SPLINE_CURVE_WITH_KNOTS('',3,(#6721,#6722,#6723,#6724,#6725,#6726,
#6727,#6728,#6729,#6730,#6731),.UNSPECIFIED.,.F.,.F.,(4,1,1,1,1,1,1,1,4),
(0.,0.125,0.25,0.375,0.5,0.625,0.75,0.875,1.),.UNSPECIFIED.);
#1049=B_SPLINE_CURVE_WITH_KNOTS('',3,(#6780,#6781,#6782,#6783,#6784,#6785,
#6786,#6787),.UNSPECIFIED.,.F.,.F.,(4,1,1,1,1,4),(0.00572668169475385,0.00629527771295062,
0.00686387373114738,0.00743246974934415,0.00771676775844253,0.00800106576754091),
 .UNSPECIFIED.);
#1050=B_SPLINE_CURVE_WITH_KNOTS('',3,(#6789,#6790,#6791,#6792,#6793,#6794),
 .UNSPECIFIED.,.F.,.F.,(4,1,1,4),(0.,0.000475114125519018,0.000950228251038036,
0.00190045650207607),.UNSPECIFIED.);
#1051=B_SPLINE_CURVE_WITH_KNOTS('',3,(#6874,#6875,#6876,#6877),
 .UNSPECIFIED.,.F.,.F.,(4,4),(0.00272394389138304,0.00364042961706002),
 .UNSPECIFIED.);
#1052=B_SPLINE_CURVE_WITH_KNOTS('',3,(#6914,#6915,#6916,#6917),
 .UNSPECIFIED.,.F.,.F.,(4,4),(0.,1.),.UNSPECIFIED.);
#1053=B_SPLINE_CURVE_WITH_KNOTS('',3,(#6965,#6966,#6967,#6968),
 .UNSPECIFIED.,.F.,.F.,(4,4),(0.0027239401371696,0.0036404085550501),
 .UNSPECIFIED.);
#1054=B_SPLINE_CURVE_WITH_KNOTS('',3,(#7007,#7008,#7009,#7010),
 .UNSPECIFIED.,.F.,.F.,(4,4),(0.,1.),.UNSPECIFIED.);
#1055=EDGE_LOOP('',(#279,#280,#281,#282,#283));
#1056=EDGE_LOOP('',(#284,#285,#286,#287,#288));
#1057=EDGE_LOOP('',(#289,#290,#291,#292));
#1058=EDGE_LOOP('',(#293,#294,#295,#296,#297));
#1059=EDGE_LOOP('',(#298,#299,#300,#301,#302,#303));
#1060=EDGE_LOOP('',(#304,#305,#306,#307,#308,#309,#310,#311,#312,#313));
#1061=EDGE_LOOP('',(#314,#315,#316,#317,#318,#319));
#1062=EDGE_LOOP('',(#320,#321,#322,#323));
#1063=EDGE_LOOP('',(#324,#325,#326));
#1064=EDGE_LOOP('',(#327,#328,#329));
#1065=EDGE_LOOP('',(#330,#331,#332,#333,#334,#335));
#1066=EDGE_LOOP('',(#336,#337,#338,#339));
#1067=EDGE_LOOP('',(#340,#341,#342));
#1068=EDGE_LOOP('',(#343,#344,#345,#346,#347));
#1069=EDGE_LOOP('',(#348,#349,#350,#351,#352));
#1070=EDGE_LOOP('',(#353,#354,#355,#356,#357));
#1071=EDGE_LOOP('',(#358,#359,#360,#361,#362,#363,#364));
#1072=EDGE_LOOP('',(#365,#366,#367,#368));
#1073=EDGE_LOOP('',(#369,#370,#371,#372));
#1074=EDGE_LOOP('',(#373,#374,#375,#376,#377));
#1075=EDGE_LOOP('',(#378,#379,#380,#381,#382,#383,#384,#385));
#1076=EDGE_LOOP('',(#386,#387,#388,#389));
#1077=EDGE_LOOP('',(#390,#391,#392,#393));
#1078=EDGE_LOOP('',(#394,#395,#396,#397,#398,#399,#400,#401));
#1079=EDGE_LOOP('',(#402,#403,#404,#405,#406,#407,#408));
#1080=EDGE_LOOP('',(#409,#410,#411,#412,#413,#414,#415,#416,#417,#418,#419,
#420,#421));
#1081=EDGE_LOOP('',(#422,#423));
#1082=EDGE_LOOP('',(#424,#425,#426,#427));
#1083=EDGE_LOOP('',(#428,#429,#430,#431,#432,#433,#434,#435,#436,#437,#438,
#439,#440,#441,#442,#443));
#1084=EDGE_LOOP('',(#444,#445,#446,#447));
#1085=EDGE_LOOP('',(#448,#449,#450,#451,#452,#453,#454,#455,#456,#457,#458,
#459));
#1086=EDGE_LOOP('',(#460,#461,#462,#463));
#1087=EDGE_LOOP('',(#464,#465,#466,#467));
#1088=EDGE_LOOP('',(#468,#469,#470,#471,#472,#473,#474,#475,#476,#477,#478,
#479));
#1089=EDGE_LOOP('',(#480,#481,#482,#483,#484));
#1090=EDGE_LOOP('',(#485,#486,#487));
#1091=EDGE_LOOP('',(#488,#489,#490,#491));
#1092=EDGE_LOOP('',(#492,#493,#494,#495,#496,#497));
#1093=EDGE_LOOP('',(#498,#499,#500,#501,#502));
#1094=EDGE_LOOP('',(#503,#504,#505,#506));
#1095=EDGE_LOOP('',(#507,#508,#509,#510));
#1096=EDGE_LOOP('',(#511,#512,#513,#514,#515));
#1097=EDGE_LOOP('',(#516,#517,#518,#519));
#1098=EDGE_LOOP('',(#520,#521,#522,#523));
#1099=EDGE_LOOP('',(#524,#525,#526,#527));
#1100=EDGE_LOOP('',(#528,#529));
#1101=EDGE_LOOP('',(#530,#531,#532,#533));
#1102=EDGE_LOOP('',(#534,#535,#536,#537,#538));
#1103=EDGE_LOOP('',(#539,#540,#541,#542,#543));
#1104=EDGE_LOOP('',(#544,#545,#546,#547));
#1105=EDGE_LOOP('',(#548,#549,#550,#551));
#1106=EDGE_LOOP('',(#552,#553,#554));
#1107=EDGE_LOOP('',(#555,#556,#557,#558,#559,#560));
#1108=EDGE_LOOP('',(#561,#562,#563,#564));
#1109=EDGE_LOOP('',(#565,#566,#567,#568,#569));
#1110=EDGE_LOOP('',(#570,#571,#572,#573,#574,#575));
#1111=EDGE_LOOP('',(#576,#577,#578,#579,#580,#581));
#1112=EDGE_LOOP('',(#582,#583));
#1113=EDGE_LOOP('',(#584,#585,#586,#587,#588));
#1114=EDGE_LOOP('',(#589,#590,#591));
#1115=EDGE_LOOP('',(#592,#593,#594));
#1116=EDGE_LOOP('',(#595,#596,#597,#598,#599));
#1117=EDGE_LOOP('',(#600,#601,#602,#603));
#1118=EDGE_LOOP('',(#604,#605,#606,#607,#608,#609));
#1119=EDGE_LOOP('',(#610,#611,#612,#613,#614,#615));
#1120=EDGE_LOOP('',(#616,#617,#618,#619,#620,#621));
#1121=EDGE_LOOP('',(#622,#623));
#1122=EDGE_LOOP('',(#624,#625,#626,#627,#628));
#1123=EDGE_LOOP('',(#629,#630,#631));
#1124=EDGE_LOOP('',(#632,#633,#634));
#1125=EDGE_LOOP('',(#635,#636,#637,#638));
#1126=EDGE_LOOP('',(#639,#640,#641,#642));
#1127=EDGE_LOOP('',(#643,#644,#645,#646));
#1128=EDGE_LOOP('',(#647,#648,#649,#650));
#1129=EDGE_LOOP('',(#651,#652,#653,#654));
#1130=EDGE_LOOP('',(#655,#656,#657,#658));
#1131=EDGE_LOOP('',(#659,#660,#661,#662));
#1132=EDGE_LOOP('',(#663,#664,#665,#666));
#1133=EDGE_LOOP('',(#667,#668,#669,#670));
#1134=FACE_BOUND('',#1055,.T.);
#1135=FACE_BOUND('',#1056,.T.);
#1136=FACE_BOUND('',#1057,.T.);
#1137=FACE_BOUND('',#1058,.T.);
#1138=FACE_BOUND('',#1059,.T.);
#1139=FACE_BOUND('',#1060,.T.);
#1140=FACE_BOUND('',#1061,.T.);
#1141=FACE_BOUND('',#1062,.T.);
#1142=FACE_BOUND('',#1063,.T.);
#1143=FACE_BOUND('',#1064,.T.);
#1144=FACE_BOUND('',#1065,.T.);
#1145=FACE_BOUND('',#1066,.T.);
#1146=FACE_BOUND('',#1067,.T.);
#1147=FACE_BOUND('',#1068,.T.);
#1148=FACE_BOUND('',#1069,.T.);
#1149=FACE_BOUND('',#1070,.T.);
#1150=FACE_BOUND('',#1071,.T.);
#1151=FACE_BOUND('',#1072,.T.);
#1152=FACE_BOUND('',#1073,.T.);
#1153=FACE_BOUND('',#1074,.T.);
#1154=FACE_BOUND('',#1075,.T.);
#1155=FACE_BOUND('',#1076,.T.);
#1156=FACE_BOUND('',#1077,.T.);
#1157=FACE_BOUND('',#1078,.T.);
#1158=FACE_BOUND('',#1079,.T.);
#1159=FACE_BOUND('',#1080,.T.);
#1160=FACE_BOUND('',#1081,.T.);
#1161=FACE_BOUND('',#1082,.T.);
#1162=FACE_BOUND('',#1083,.T.);
#1163=FACE_BOUND('',#1084,.T.);
#1164=FACE_BOUND('',#1085,.T.);
#1165=FACE_BOUND('',#1086,.T.);
#1166=FACE_BOUND('',#1087,.T.);
#1167=FACE_BOUND('',#1088,.T.);
#1168=FACE_BOUND('',#1089,.T.);
#1169=FACE_BOUND('',#1090,.T.);
#1170=FACE_BOUND('',#1091,.T.);
#1171=FACE_BOUND('',#1092,.T.);
#1172=FACE_BOUND('',#1093,.T.);
#1173=FACE_BOUND('',#1094,.T.);
#1174=FACE_BOUND('',#1095,.T.);
#1175=FACE_BOUND('',#1096,.T.);
#1176=FACE_BOUND('',#1097,.T.);
#1177=FACE_BOUND('',#1098,.T.);
#1178=FACE_BOUND('',#1099,.T.);
#1179=FACE_BOUND('',#1100,.T.);
#1180=FACE_BOUND('',#1101,.T.);
#1181=FACE_BOUND('',#1102,.T.);
#1182=FACE_BOUND('',#1103,.T.);
#1183=FACE_BOUND('',#1104,.T.);
#1184=FACE_BOUND('',#1105,.T.);
#1185=FACE_BOUND('',#1106,.T.);
#1186=FACE_BOUND('',#1107,.T.);
#1187=FACE_BOUND('',#1108,.T.);
#1188=FACE_BOUND('',#1109,.T.);
#1189=FACE_BOUND('',#1110,.T.);
#1190=FACE_BOUND('',#1111,.T.);
#1191=FACE_BOUND('',#1112,.T.);
#1192=FACE_BOUND('',#1113,.T.);
#1193=FACE_BOUND('',#1114,.T.);
#1194=FACE_BOUND('',#1115,.T.);
#1195=FACE_BOUND('',#1116,.T.);
#1196=FACE_BOUND('',#1117,.T.);
#1197=FACE_BOUND('',#1118,.T.);
#1198=FACE_BOUND('',#1119,.T.);
#1199=FACE_BOUND('',#1120,.T.);
#1200=FACE_BOUND('',#1121,.T.);
#1201=FACE_BOUND('',#1122,.T.);
#1202=FACE_BOUND('',#1123,.T.);
#1203=FACE_BOUND('',#1124,.T.);
#1204=FACE_BOUND('',#1125,.T.);
#1205=FACE_BOUND('',#1126,.T.);
#1206=FACE_BOUND('',#1127,.T.);
#1207=FACE_BOUND('',#1128,.T.);
#1208=FACE_BOUND('',#1129,.T.);
#1209=FACE_BOUND('',#1130,.T.);
#1210=FACE_BOUND('',#1131,.T.);
#1211=FACE_BOUND('',#1132,.T.);
#1212=FACE_BOUND('',#1133,.T.);
#1213=(
BOUNDED_SURFACE()
B_SPLINE_SURFACE(3,1,((#1539,#1540),(#1541,#1542),(#1543,#1544),(#1545,
#1546),(#1547,#1548),(#1549,#1550),(#1551,#1552)),.CYLINDRICAL_SURF.,.F.,
 .F.,.F.)
B_SPLINE_SURFACE_WITH_KNOTS((4,3,4),(2,2),(0.499895833333333,0.5,1.),(0.0454865441161927,
0.954545454545455),.PIECEWISE_BEZIER_KNOTS.)
GEOMETRIC_REPRESENTATION_ITEM()
RATIONAL_B_SPLINE_SURFACE(((0.999583420138889,0.999583420138889),(0.999722251157407,
0.999722251157407),(0.999861111111111,0.999861111111111),(1.,1.),(0.333333333333333,
0.333333333333333),(0.333333333333333,0.333333333333333),(1.,1.)))
REPRESENTATION_ITEM('')
SURFACE()
);
#1214=(
BOUNDED_SURFACE()
B_SPLINE_SURFACE(3,1,((#1569,#1570),(#1571,#1572),(#1573,#1574),(#1575,
#1576),(#1577,#1578),(#1579,#1580),(#1581,#1582)),.UNSPECIFIED.,.F.,.F.,
 .F.)
B_SPLINE_SURFACE_WITH_KNOTS((4,3,4),(2,2),(0.5,1.,1.00300007014169),(0.045487325760033,
0.954545454545454),.PIECEWISE_BEZIER_KNOTS.)
GEOMETRIC_REPRESENTATION_ITEM()
RATIONAL_B_SPLINE_SURFACE(((1.,1.),(0.333333333333333,0.333333333333333),
(0.333333333333333,0.333333333333333),(1.,1.),(0.995999906477744,0.995999906477744),
(0.992023814077769,0.992023814077769),(0.988071722800074,0.988071722800074)))
REPRESENTATION_ITEM('')
SURFACE()
);
#1215=(
BOUNDED_SURFACE()
B_SPLINE_SURFACE(3,1,((#1599,#1600),(#1601,#1602),(#1603,#1604),(#1605,
#1606),(#1607,#1608),(#1609,#1610),(#1611,#1612)),.UNSPECIFIED.,.F.,.F.,
 .F.)
B_SPLINE_SURFACE_WITH_KNOTS((4,3,4),(2,2),(0.5,1.,1.00300004408457),(0.0453441623134505,
0.954545454545454),.PIECEWISE_BEZIER_KNOTS.)
GEOMETRIC_REPRESENTATION_ITEM()
RATIONAL_B_SPLINE_SURFACE(((1.,1.),(0.333333333333333,0.333333333333333),
(0.333333333333333,0.333333333333333),(1.,1.),(0.995999941220576,0.995999941220576),
(0.992023883146511,0.992023883146511),(0.988071825777804,0.988071825777804)))
REPRESENTATION_ITEM('')
SURFACE()
);
#1216=(
BOUNDED_SURFACE()
B_SPLINE_SURFACE(3,1,((#1633,#1634),(#1635,#1636),(#1637,#1638),(#1639,
#1640)),.CYLINDRICAL_SURF.,.F.,.F.,.F.)
B_SPLINE_SURFACE_WITH_KNOTS((4,4),(2,2),(0.5,1.),(0.0454545454545467,0.954545454545454),
 .PIECEWISE_BEZIER_KNOTS.)
GEOMETRIC_REPRESENTATION_ITEM()
RATIONAL_B_SPLINE_SURFACE(((1.,1.),(0.333333333333333,0.333333333333333),
(0.333333333333333,0.333333333333333),(1.,1.)))
REPRESENTATION_ITEM('')
SURFACE()
);
#1217=(
BOUNDED_SURFACE()
B_SPLINE_SURFACE(3,1,((#1672,#1673),(#1674,#1675),(#1676,#1677),(#1678,
#1679)),.CYLINDRICAL_SURF.,.F.,.F.,.F.)
B_SPLINE_SURFACE_WITH_KNOTS((4,4),(2,2),(0.172204493965244,0.831729334240599),
(0.0454545454545454,0.954545454545454),.PIECEWISE_BEZIER_KNOTS.)
GEOMETRIC_REPRESENTATION_ITEM()
RATIONAL_B_SPLINE_SURFACE(((0.95589289582001,0.95589289582001),(0.91129812937373,
0.91129812937373),(0.911565717163754,0.911565717163754),(0.956695659190083,
0.956695659190083)))
REPRESENTATION_ITEM('')
SURFACE()
);
#1218=(
BOUNDED_SURFACE()
B_SPLINE_SURFACE(3,1,((#2317,#2318),(#2319,#2320),(#2321,#2322),(#2323,
#2324)),.CYLINDRICAL_SURF.,.F.,.F.,.F.)
B_SPLINE_SURFACE_WITH_KNOTS((4,4),(2,2),(0.,1.),(0.,1.),
 .PIECEWISE_BEZIER_KNOTS.)
GEOMETRIC_REPRESENTATION_ITEM()
RATIONAL_B_SPLINE_SURFACE(((1.,1.),(0.897158543243261,0.897158543243261),
(0.897158543243261,0.897158543243261),(1.,1.)))
REPRESENTATION_ITEM('')
SURFACE()
);
#1219=(
BOUNDED_SURFACE()
B_SPLINE_SURFACE(3,3,((#2442,#2443,#2444,#2445),(#2446,#2447,#2448,#2449),
(#2450,#2451,#2452,#2453),(#2454,#2455,#2456,#2457)),.TOROIDAL_SURF.,.F.,
 .F.,.F.)
B_SPLINE_SURFACE_WITH_KNOTS((4,4),(4,4),(0.,1.),(0.,1.),
 .PIECEWISE_BEZIER_KNOTS.)
GEOMETRIC_REPRESENTATION_ITEM()
RATIONAL_B_SPLINE_SURFACE(((1.,0.333333333333333,0.333333333333333,1.),
(0.917804936219218,0.30593497873974,0.30593497873974,0.917804936219218),
(0.917804936219218,0.30593497873974,0.30593497873974,0.917804936219218),
(1.,0.333333333333333,0.333333333333333,1.)))
REPRESENTATION_ITEM('')
SURFACE()
);
#1220=(
BOUNDED_SURFACE()
B_SPLINE_SURFACE(3,1,((#2475,#2476),(#2477,#2478),(#2479,#2480),(#2481,
#2482)),.CYLINDRICAL_SURF.,.F.,.F.,.F.)
B_SPLINE_SURFACE_WITH_KNOTS((4,4),(2,2),(0.168507965916831,0.827560833419144),
(0.0454545454545455,0.954545454545454),.PIECEWISE_BEZIER_KNOTS.)
GEOMETRIC_REPRESENTATION_ITEM()
RATIONAL_B_SPLINE_SURFACE(((0.956771715239347,0.956771715239347),(0.911836009592945,
0.911836009592945),(0.911569560843484,0.911569560843484),(0.955972368990964,
0.955972368990964)))
REPRESENTATION_ITEM('')
SURFACE()
);
#1221=(
BOUNDED_SURFACE()
B_SPLINE_SURFACE(3,1,((#2502,#2503),(#2504,#2505),(#2506,#2507),(#2508,
#2509)),.CYLINDRICAL_SURF.,.F.,.F.,.F.)
B_SPLINE_SURFACE_WITH_KNOTS((4,4),(2,2),(0.168507965915648,0.827560833419145),
(0.0454545454545455,0.954545454545454),.PIECEWISE_BEZIER_KNOTS.)
GEOMETRIC_REPRESENTATION_ITEM()
RATIONAL_B_SPLINE_SURFACE(((0.956771715239589,0.956771715239589),(0.911836009592946,
0.911836009592946),(0.911569560843404,0.911569560843404),(0.955972368990964,
0.955972368990964)))
REPRESENTATION_ITEM('')
SURFACE()
);
#1222=(
BOUNDED_SURFACE()
B_SPLINE_SURFACE(1,3,((#2566,#2567,#2568,#2569),(#2570,#2571,#2572,#2573)),
 .CONICAL_SURF.,.F.,.F.,.F.)
B_SPLINE_SURFACE_WITH_KNOTS((2,2),(4,4),(0.000942507068934434,0.0197926484463012),
(0.,1.),.PIECEWISE_BEZIER_KNOTS.)
GEOMETRIC_REPRESENTATION_ITEM()
RATIONAL_B_SPLINE_SURFACE(((1.,0.333333333333333,0.333333333333333,1.),
(1.,0.333333333333333,0.333333333333333,1.)))
REPRESENTATION_ITEM('')
SURFACE()
);
#1223=(
BOUNDED_SURFACE()
B_SPLINE_SURFACE(3,3,((#2578,#2579,#2580,#2581),(#2582,#2583,#2584,#2585),
(#2586,#2587,#2588,#2589),(#2590,#2591,#2592,#2593)),.TOROIDAL_SURF.,.F.,
 .F.,.F.)
B_SPLINE_SURFACE_WITH_KNOTS((4,4),(4,4),(0.,1.),(0.,1.),
 .PIECEWISE_BEZIER_KNOTS.)
GEOMETRIC_REPRESENTATION_ITEM()
RATIONAL_B_SPLINE_SURFACE(((1.,0.333333333333333,0.333333333333333,1.),
(0.917804936219218,0.30593497873974,0.30593497873974,0.917804936219218),
(0.917804936219218,0.30593497873974,0.30593497873974,0.917804936219218),
(1.,0.333333333333333,0.333333333333333,1.)))
REPRESENTATION_ITEM('')
SURFACE()
);
#1224=(
BOUNDED_SURFACE()
B_SPLINE_SURFACE(3,1,((#2612,#2613),(#2614,#2615),(#2616,#2617),(#2618,
#2619)),.CYLINDRICAL_SURF.,.F.,.F.,.F.)
B_SPLINE_SURFACE_WITH_KNOTS((4,4),(2,2),(0.,1.),(0.0454545454545455,0.954545454545455),
 .PIECEWISE_BEZIER_KNOTS.)
GEOMETRIC_REPRESENTATION_ITEM()
RATIONAL_B_SPLINE_SURFACE(((1.,1.),(0.333333333333333,0.333333333333333),
(0.333333333333333,0.333333333333333),(1.,1.)))
REPRESENTATION_ITEM('')
SURFACE()
);
#1225=(
BOUNDED_SURFACE()
B_SPLINE_SURFACE(3,1,((#2626,#2627),(#2628,#2629),(#2630,#2631),(#2632,
#2633)),.CYLINDRICAL_SURF.,.F.,.F.,.F.)
B_SPLINE_SURFACE_WITH_KNOTS((4,4),(2,2),(0.,1.),(0.0454545454545454,0.954545454545454),
 .PIECEWISE_BEZIER_KNOTS.)
GEOMETRIC_REPRESENTATION_ITEM()
RATIONAL_B_SPLINE_SURFACE(((1.,1.),(0.333333333333333,0.333333333333333),
(0.333333333333333,0.333333333333333),(1.,1.)))
REPRESENTATION_ITEM('')
SURFACE()
);
#1226=(
BOUNDED_SURFACE()
B_SPLINE_SURFACE(3,3,((#2638,#2639,#2640,#2641),(#2642,#2643,#2644,#2645),
(#2646,#2647,#2648,#2649),(#2650,#2651,#2652,#2653)),.TOROIDAL_SURF.,.F.,
 .F.,.F.)
B_SPLINE_SURFACE_WITH_KNOTS((4,4),(4,4),(0.,1.),(0.,1.),
 .PIECEWISE_BEZIER_KNOTS.)
GEOMETRIC_REPRESENTATION_ITEM()
RATIONAL_B_SPLINE_SURFACE(((1.,0.333333333333333,0.333333333333333,1.),
(0.913436321325539,0.30447877377518,0.30447877377518,0.913436321325539),
(0.913436321325539,0.30447877377518,0.30447877377518,0.913436321325539),
(1.,0.333333333333333,0.333333333333333,1.)))
REPRESENTATION_ITEM('')
SURFACE()
);
#1227=(
BOUNDED_SURFACE()
B_SPLINE_SURFACE(3,1,((#2730,#2731),(#2732,#2733),(#2734,#2735),(#2736,
#2737)),.CYLINDRICAL_SURF.,.F.,.F.,.F.)
B_SPLINE_SURFACE_WITH_KNOTS((4,4),(2,2),(0.,1.),(0.,1.),
 .PIECEWISE_BEZIER_KNOTS.)
GEOMETRIC_REPRESENTATION_ITEM()
RATIONAL_B_SPLINE_SURFACE(((1.,1.),(0.897158543243261,0.897158543243261),
(0.897158543243261,0.897158543243261),(1.,1.)))
REPRESENTATION_ITEM('')
SURFACE()
);
#1228=(
BOUNDED_SURFACE()
B_SPLINE_SURFACE(3,1,((#2900,#2901),(#2902,#2903),(#2904,#2905),(#2906,
#2907)),.CYLINDRICAL_SURF.,.F.,.F.,.F.)
B_SPLINE_SURFACE_WITH_KNOTS((4,4),(2,2),(0.168251515676916,0.827811701143658),
(0.0454545454545455,0.954545454545455),.PIECEWISE_BEZIER_KNOTS.)
GEOMETRIC_REPRESENTATION_ITEM()
RATIONAL_B_SPLINE_SURFACE(((0.956690971047067,0.956690971047067),(0.911547020368598,
0.911547020368598),(0.911279163913961,0.911279163913961),(0.955887401683157,
0.955887401683157)))
REPRESENTATION_ITEM('')
SURFACE()
);
#1229=(
BOUNDED_SURFACE()
B_SPLINE_SURFACE(3,1,((#6748,#6749),(#6750,#6751),(#6752,#6753),(#6754,
#6755)),.CYLINDRICAL_SURF.,.F.,.F.,.F.)
B_SPLINE_SURFACE_WITH_KNOTS((4,4),(2,2),(0.,0.5),(0.0454545454545465,0.948430273602877),
 .PIECEWISE_BEZIER_KNOTS.)
GEOMETRIC_REPRESENTATION_ITEM()
RATIONAL_B_SPLINE_SURFACE(((1.,1.),(0.333333333333333,0.333333333333333),
(0.333333333333333,0.333333333333333),(1.,1.)))
REPRESENTATION_ITEM('')
SURFACE()
);
#1230=(
BOUNDED_SURFACE()
B_SPLINE_SURFACE(3,1,((#6766,#6767),(#6768,#6769),(#6770,#6771),(#6772,
#6773),(#6774,#6775),(#6776,#6777),(#6778,#6779)),.CYLINDRICAL_SURF.,.F.,
 .F.,.F.)
B_SPLINE_SURFACE_WITH_KNOTS((4,3,4),(2,2),(0.,0.5,0.503000013542309),(0.151362317176649,
0.954545454545454),.PIECEWISE_BEZIER_KNOTS.)
GEOMETRIC_REPRESENTATION_ITEM()
RATIONAL_B_SPLINE_SURFACE(((1.,1.),(0.333333333333333,0.333333333333333),
(0.333333333333333,0.333333333333333),(1.,1.),(0.995999981943588,0.995999981943588),
(0.992023964103854,0.992023964103854),(0.988071946480797,0.988071946480797)))
REPRESENTATION_ITEM('')
SURFACE()
);
#1231=(
BOUNDED_SURFACE()
B_SPLINE_SURFACE(3,1,((#6795,#6796),(#6797,#6798),(#6799,#6800),(#6801,
#6802)),.CYLINDRICAL_SURF.,.F.,.F.,.F.)
B_SPLINE_SURFACE_WITH_KNOTS((4,4),(2,2),(0.,1.),(0.0454545454545453,0.954545454545454),
 .PIECEWISE_BEZIER_KNOTS.)
GEOMETRIC_REPRESENTATION_ITEM()
RATIONAL_B_SPLINE_SURFACE(((1.,1.),(0.333333333333333,0.333333333333333),
(0.333333333333333,0.333333333333333),(1.,1.)))
REPRESENTATION_ITEM('')
SURFACE()
);
#1232=(
BOUNDED_SURFACE()
B_SPLINE_SURFACE(3,3,((#6813,#6814,#6815,#6816),(#6817,#6818,#6819,#6820),
(#6821,#6822,#6823,#6824),(#6825,#6826,#6827,#6828)),.TOROIDAL_SURF.,.F.,
 .F.,.F.)
B_SPLINE_SURFACE_WITH_KNOTS((4,4),(4,4),(0.298593048020863,0.456493422063492),
(0.493133559426136,0.506862681187138),.PIECEWISE_BEZIER_KNOTS.)
GEOMETRIC_REPRESENTATION_ITEM()
RATIONAL_B_SPLINE_SURFACE(((0.47426761189712,0.474148409572362,0.474148376940634,
0.474267514001937),(0.471653132345995,0.471534587143994,0.471534554692154,
0.471653034990476),(0.470063511408222,0.469945365741223,0.469945333398756,
0.470063414380822),(0.4694987490838,0.469380745364049,0.46938071306044,
0.469498652172975)))
REPRESENTATION_ITEM('')
SURFACE()
);
#1233=(
BOUNDED_SURFACE()
B_SPLINE_SURFACE(3,1,((#6838,#6839),(#6840,#6841),(#6842,#6843),(#6844,
#6845)),.CYLINDRICAL_SURF.,.F.,.F.,.F.)
B_SPLINE_SURFACE_WITH_KNOTS((4,4),(2,2),(0.,1.),(0.,1.),
 .PIECEWISE_BEZIER_KNOTS.)
GEOMETRIC_REPRESENTATION_ITEM()
RATIONAL_B_SPLINE_SURFACE(((1.,1.),(0.708055585234754,0.708055585234754),
(0.708055585234754,0.708055585234754),(1.,1.)))
REPRESENTATION_ITEM('')
SURFACE()
);
#1234=(
BOUNDED_SURFACE()
B_SPLINE_SURFACE(3,1,((#6864,#6865),(#6866,#6867),(#6868,#6869),(#6870,
#6871)),.CYLINDRICAL_SURF.,.F.,.F.,.F.)
B_SPLINE_SURFACE_WITH_KNOTS((4,4),(2,2),(0.,0.5),(0.0454553813524245,0.954545454545454),
 .PIECEWISE_BEZIER_KNOTS.)
GEOMETRIC_REPRESENTATION_ITEM()
RATIONAL_B_SPLINE_SURFACE(((1.,1.),(0.333333333333333,0.333333333333333),
(0.333333333333333,0.333333333333333),(1.,1.)))
REPRESENTATION_ITEM('')
SURFACE()
);
#1235=(
BOUNDED_SURFACE()
B_SPLINE_SURFACE(3,1,((#6929,#6930),(#6931,#6932),(#6933,#6934),(#6935,
#6936)),.CYLINDRICAL_SURF.,.F.,.F.,.F.)
B_SPLINE_SURFACE_WITH_KNOTS((4,4),(2,2),(0.,1.),(0.,1.),
 .PIECEWISE_BEZIER_KNOTS.)
GEOMETRIC_REPRESENTATION_ITEM()
RATIONAL_B_SPLINE_SURFACE(((1.,1.),(0.708055585234753,0.708055585234753),
(0.708055585234753,0.708055585234753),(1.,1.)))
REPRESENTATION_ITEM('')
SURFACE()
);
#1236=(
BOUNDED_SURFACE()
B_SPLINE_SURFACE(3,1,((#6957,#6958),(#6959,#6960),(#6961,#6962),(#6963,
#6964)),.CYLINDRICAL_SURF.,.F.,.F.,.F.)
B_SPLINE_SURFACE_WITH_KNOTS((4,4),(2,2),(0.,0.5),(0.0454553813416677,0.954545454545455),
 .PIECEWISE_BEZIER_KNOTS.)
GEOMETRIC_REPRESENTATION_ITEM()
RATIONAL_B_SPLINE_SURFACE(((1.,1.),(0.333333333333333,0.333333333333333),
(0.333333333333333,0.333333333333333),(1.,1.)))
REPRESENTATION_ITEM('')
SURFACE()
);
#1237=(
BOUNDED_SURFACE()
B_SPLINE_SURFACE(3,1,((#7035,#7036),(#7037,#7038),(#7039,#7040),(#7041,
#7042)),.CYLINDRICAL_SURF.,.F.,.F.,.F.)
B_SPLINE_SURFACE_WITH_KNOTS((4,4),(2,2),(0.,1.),(0.,1.),
 .PIECEWISE_BEZIER_KNOTS.)
GEOMETRIC_REPRESENTATION_ITEM()
RATIONAL_B_SPLINE_SURFACE(((1.,1.),(0.708055585234754,0.708055585234754),
(0.708055585234754,0.708055585234754),(1.,1.)))
REPRESENTATION_ITEM('')
SURFACE()
);
#1238=(
BOUNDED_SURFACE()
B_SPLINE_SURFACE(3,1,((#7050,#7051),(#7052,#7053),(#7054,#7055),(#7056,
#7057)),.CYLINDRICAL_SURF.,.F.,.F.,.F.)
B_SPLINE_SURFACE_WITH_KNOTS((4,4),(2,2),(0.,1.),(0.,1.),
 .PIECEWISE_BEZIER_KNOTS.)
GEOMETRIC_REPRESENTATION_ITEM()
RATIONAL_B_SPLINE_SURFACE(((1.,1.),(0.708055585234754,0.708055585234754),
(0.708055585234754,0.708055585234754),(1.,1.)))
REPRESENTATION_ITEM('')
SURFACE()
);
#1239=ADVANCED_FACE('',(#1134),#1213,.F.);
#1240=ADVANCED_FACE('',(#1135),#1214,.F.);
#1241=ADVANCED_FACE('',(#1136),#1215,.F.);
#1242=ADVANCED_FACE('',(#1137),#1216,.F.);
#1243=ADVANCED_FACE('',(#1138),#182,.T.);
#1244=ADVANCED_FACE('',(#1139),#1217,.F.);
#1245=ADVANCED_FACE('',(#1140),#183,.F.);
#1246=ADVANCED_FACE('',(#1141),#184,.T.);
#1247=ADVANCED_FACE('',(#1142),#185,.T.);
#1248=ADVANCED_FACE('',(#1143),#186,.T.);
#1249=ADVANCED_FACE('',(#1144),#187,.T.);
#1250=ADVANCED_FACE('',(#1145),#1218,.F.);
#1251=ADVANCED_FACE('',(#1146),#188,.T.);
#1252=ADVANCED_FACE('',(#1147),#1219,.F.);
#1253=ADVANCED_FACE('',(#1148),#1220,.T.);
#1254=ADVANCED_FACE('',(#1149),#1221,.T.);
#1255=ADVANCED_FACE('',(#1150),#189,.T.);
#1256=ADVANCED_FACE('',(#1151),#190,.T.);
#1257=ADVANCED_FACE('',(#1152),#1222,.T.);
#1258=ADVANCED_FACE('',(#1153),#1223,.F.);
#1259=ADVANCED_FACE('',(#1154),#1224,.F.);
#1260=ADVANCED_FACE('',(#1155),#1225,.T.);
#1261=ADVANCED_FACE('',(#1156),#1226,.T.);
#1262=ADVANCED_FACE('',(#1157),#191,.T.);
#1263=ADVANCED_FACE('',(#1158),#192,.T.);
#1264=ADVANCED_FACE('',(#1159,#1160),#193,.T.);
#1265=ADVANCED_FACE('',(#1161),#1227,.F.);
#1266=ADVANCED_FACE('',(#1162),#194,.T.);
#1267=ADVANCED_FACE('',(#1163),#195,.T.);
#1268=ADVANCED_FACE('',(#1164,#1165),#196,.T.);
#1269=ADVANCED_FACE('',(#1166,#1167),#197,.F.);
#1270=ADVANCED_FACE('',(#1168),#1228,.T.);
#1271=ADVANCED_FACE('',(#1169),#198,.T.);
#1272=ADVANCED_FACE('',(#1170),#199,.T.);
#1273=ADVANCED_FACE('',(#1171),#200,.F.);
#1274=ADVANCED_FACE('',(#1172),#201,.T.);
#1275=ADVANCED_FACE('',(#1173),#202,.T.);
#1276=ADVANCED_FACE('',(#1174),#203,.T.);
#1277=ADVANCED_FACE('',(#1175),#204,.T.);
#1278=ADVANCED_FACE('',(#1176),#205,.T.);
#1279=ADVANCED_FACE('',(#1177),#206,.T.);
#1280=ADVANCED_FACE('',(#1178),#1229,.F.);
#1281=ADVANCED_FACE('',(#1179,#1180),#207,.F.);
#1282=ADVANCED_FACE('',(#1181),#1230,.F.);
#1283=ADVANCED_FACE('',(#1182),#1231,.T.);
#1284=ADVANCED_FACE('',(#1183),#208,.T.);
#1285=ADVANCED_FACE('',(#1184),#209,.F.);
#1286=ADVANCED_FACE('',(#1185),#1232,.F.);
#1287=ADVANCED_FACE('',(#1186),#210,.T.);
#1288=ADVANCED_FACE('',(#1187),#1233,.T.);
#1289=ADVANCED_FACE('',(#1188),#211,.F.);
#1290=ADVANCED_FACE('',(#1189),#212,.T.);
#1291=ADVANCED_FACE('',(#1190,#1191),#213,.F.);
#1292=ADVANCED_FACE('',(#1192),#1234,.F.);
#1293=ADVANCED_FACE('',(#1193),#214,.T.);
#1294=ADVANCED_FACE('',(#1194),#215,.T.);
#1295=ADVANCED_FACE('',(#1195),#216,.T.);
#1296=ADVANCED_FACE('',(#1196),#1235,.T.);
#1297=ADVANCED_FACE('',(#1197),#217,.F.);
#1298=ADVANCED_FACE('',(#1198),#218,.F.);
#1299=ADVANCED_FACE('',(#1199,#1200),#219,.F.);
#1300=ADVANCED_FACE('',(#1201),#1236,.F.);
#1301=ADVANCED_FACE('',(#1202),#220,.T.);
#1302=ADVANCED_FACE('',(#1203),#221,.T.);
#1303=ADVANCED_FACE('',(#1204),#222,.F.);
#1304=ADVANCED_FACE('',(#1205),#223,.T.);
#1305=ADVANCED_FACE('',(#1206),#224,.T.);
#1306=ADVANCED_FACE('',(#1207),#225,.F.);
#1307=ADVANCED_FACE('',(#1208),#1237,.F.);
#1308=ADVANCED_FACE('',(#1209),#226,.F.);
#1309=ADVANCED_FACE('',(#1210),#1238,.F.);
#1310=ADVANCED_FACE('',(#1211),#227,.F.);
#1311=ADVANCED_FACE('',(#1212),#228,.T.);
#1312=CLOSED_SHELL('',(#1239,#1240,#1241,#1242,#1243,#1244,#1245,#1246,
#1247,#1248,#1249,#1250,#1251,#1252,#1253,#1254,#1255,#1256,#1257,#1258,
#1259,#1260,#1261,#1262,#1263,#1264,#1265,#1266,#1267,#1268,#1269,#1270,
#1271,#1272,#1273,#1274,#1275,#1276,#1277,#1278,#1279,#1280,#1281,#1282,
#1283,#1284,#1285,#1286,#1287,#1288,#1289,#1290,#1291,#1292,#1293,#1294,
#1295,#1296,#1297,#1298,#1299,#1300,#1301,#1302,#1303,#1304,#1305,#1306,
#1307,#1308,#1309,#1310,#1311));
#1313=STYLED_ITEM('',(#1314),#1321);
#1314=PRESENTATION_STYLE_ASSIGNMENT((#1315));
#1315=SURFACE_STYLE_USAGE(.BOTH.,#1316);
#1316=SURFACE_SIDE_STYLE('',(#1317));
#1317=SURFACE_STYLE_FILL_AREA(#1318);
#1318=FILL_AREA_STYLE('',(#1319));
#1319=FILL_AREA_STYLE_COLOUR('',#1320);
#1320=COLOUR_RGB('',0.231372549019608,0.380392156862745,0.705882352941177);
#1321=MANIFOLD_SOLID_BREP('Blende',#1312);
#1322=SHAPE_DEFINITION_REPRESENTATION(#7073,#1323);
#1323=SHAPE_REPRESENTATION('Blende',(#1324),#7068);
#1324=AXIS2_PLACEMENT_3D('',#1538,#1367,#1368);
#1325=AXIS2_PLACEMENT_3D('',#1563,#1369,#1370);
#1326=AXIS2_PLACEMENT_3D('',#1568,#1371,#1372);
#1327=AXIS2_PLACEMENT_3D('',#1583,#1373,#1374);
#1328=AXIS2_PLACEMENT_3D('',#1589,#1375,#1376);
#1329=AXIS2_PLACEMENT_3D('',#1629,#1377,#1378);
#1330=AXIS2_PLACEMENT_3D('',#1641,#1379,#1380);
#1331=AXIS2_PLACEMENT_3D('',#1647,#1381,#1382);
#1332=AXIS2_PLACEMENT_3D('',#1649,#1383,#1384);
#1333=AXIS2_PLACEMENT_3D('',#1680,#1390,#1391);
#1334=AXIS2_PLACEMENT_3D('',#1699,#1395,#1396);
#1335=AXIS2_PLACEMENT_3D('',#2328,#1405,#1406);
#1336=AXIS2_PLACEMENT_3D('',#2329,#1407,#1408);
#1337=AXIS2_PLACEMENT_3D('',#2473,#1409,#1410);
#1338=AXIS2_PLACEMENT_3D('',#2474,#1411,#1412);
#1339=AXIS2_PLACEMENT_3D('',#2499,#1414,#1415);
#1340=AXIS2_PLACEMENT_3D('',#2521,#1418,#1419);
#1341=AXIS2_PLACEMENT_3D('',#2574,#1428,#1429);
#1342=AXIS2_PLACEMENT_3D('',#2577,#1431,#1432);
#1343=AXIS2_PLACEMENT_3D('',#2601,#1433,#1434);
#1344=AXIS2_PLACEMENT_3D('',#2602,#1435,#1436);
#1345=AXIS2_PLACEMENT_3D('',#2604,#1437,#1438);
#1346=AXIS2_PLACEMENT_3D('',#2622,#1440,#1441);
#1347=AXIS2_PLACEMENT_3D('',#2625,#1443,#1444);
#1348=AXIS2_PLACEMENT_3D('',#2634,#1445,#1446);
#1349=AXIS2_PLACEMENT_3D('',#2637,#1448,#1449);
#1350=AXIS2_PLACEMENT_3D('',#2654,#1450,#1451);
#1351=AXIS2_PLACEMENT_3D('',#2715,#1455,#1456);
#1352=AXIS2_PLACEMENT_3D('',#2725,#1459,#1460);
#1353=AXIS2_PLACEMENT_3D('',#2729,#1463,#1464);
#1354=AXIS2_PLACEMENT_3D('',#2738,#1465,#1466);
#1355=AXIS2_PLACEMENT_3D('',#2857,#1477,#1478);
#1356=AXIS2_PLACEMENT_3D('',#2861,#1480,#1481);
#1357=AXIS2_PLACEMENT_3D('',#2884,#1491,#1492);
#1358=AXIS2_PLACEMENT_3D('',#2888,#1494,#1495);
#1359=AXIS2_PLACEMENT_3D('',#6760,#1498,#1499);
#1360=AXIS2_PLACEMENT_3D('',#6763,#1501,#1502);
#1361=AXIS2_PLACEMENT_3D('',#6846,#1509,#1510);
#1362=AXIS2_PLACEMENT_3D('',#6863,#1514,#1515);
#1363=AXIS2_PLACEMENT_3D('',#6872,#1516,#1517);
#1364=AXIS2_PLACEMENT_3D('',#6939,#1521,#1522);
#1365=AXIS2_PLACEMENT_3D('',#6956,#1526,#1527);
#1366=AXIS2_PLACEMENT_3D('',#6970,#1528,#1529);
#1367=DIRECTION('',(0.,0.,1.));
#1368=DIRECTION('',(1.,0.,0.));
#1369=DIRECTION('',(0.,0.,-1.));
#1370=DIRECTION('',(1.,0.,0.));
#1371=DIRECTION('',(0.,0.,-1.));
#1372=DIRECTION('',(-1.,0.,0.));
#1373=DIRECTION('',(0.,0.,-1.));
#1374=DIRECTION('',(-1.,0.,0.));
#1375=DIRECTION('',(0.,0.,1.));
#1376=DIRECTION('',(1.,0.,0.));
#1377=DIRECTION('',(0.,0.,1.));
#1378=DIRECTION('',(1.,0.,0.));
#1379=DIRECTION('',(0.,0.,-1.));
#1380=DIRECTION('',(-1.,0.,0.));
#1381=DIRECTION('',(-4.42880419827382E-5,0.,0.999999999019285));
#1382=DIRECTION('',(0.999999999019285,0.,4.42880419827382E-5));
#1383=DIRECTION('',(4.42880419827382E-5,2.7118604427332E-21,0.999999999019285));
#1384=DIRECTION('',(-0.999999999019285,-6.12323398973162E-17,4.42880419827382E-5));
#1385=DIRECTION('',(-6.12323399573677E-17,1.,0.));
#1386=DIRECTION('',(0.,0.,-1.));
#1387=DIRECTION('',(-6.12323399573677E-17,1.,0.));
#1388=DIRECTION('',(0.,0.,1.));
#1389=DIRECTION('',(-6.12323399573677E-17,1.,0.));
#1390=DIRECTION('',(1.,-4.79060457795927E-16,0.));
#1391=DIRECTION('',(4.79060457795927E-16,1.,0.));
#1392=DIRECTION('',(-1.,0.,0.));
#1393=DIRECTION('',(-1.,0.,0.));
#1394=DIRECTION('',(-1.,0.,0.));
#1395=DIRECTION('',(1.,4.79060457795927E-16,0.));
#1396=DIRECTION('',(-4.79060457795927E-16,1.,0.));
#1397=DIRECTION('',(-1.,0.,0.));
#1398=DIRECTION('',(0.,0.,-1.));
#1399=DIRECTION('',(0.,0.,-1.));
#1400=DIRECTION('',(0.,-1.,0.));
#1401=DIRECTION('',(0.,-1.,0.));
#1402=DIRECTION('',(0.,0.,1.));
#1403=DIRECTION('',(0.,-1.,0.));
#1404=DIRECTION('',(0.,-1.,0.));
#1405=DIRECTION('',(0.,-1.,0.));
#1406=DIRECTION('',(0.,0.,-1.));
#1407=DIRECTION('',(0.,-1.,0.));
#1408=DIRECTION('',(0.,0.,-1.));
#1409=DIRECTION('',(0.,0.,1.));
#1410=DIRECTION('',(1.,1.22464679914735E-16,0.));
#1411=DIRECTION('',(0.,0.,1.));
#1412=DIRECTION('',(1.,1.22464679914735E-16,0.));
#1413=DIRECTION('',(-6.12323399573677E-17,1.,0.));
#1414=DIRECTION('',(-1.29709255991537E-16,1.,0.));
#1415=DIRECTION('',(0.,0.,-1.));
#1416=DIRECTION('',(-6.12323399573677E-17,1.,0.));
#1417=DIRECTION('',(0.,-1.,0.));
#1418=DIRECTION('',(0.,-1.,0.));
#1419=DIRECTION('',(0.,0.,-1.));
#1420=DIRECTION('',(0.,-1.,0.));
#1421=DIRECTION('',(1.,0.,0.));
#1422=DIRECTION('',(0.,-1.,0.));
#1423=DIRECTION('',(0.,-1.,0.));
#1424=DIRECTION('',(-0.999999999019285,0.,-4.42880419827382E-5));
#1425=DIRECTION('',(0.,-1.,0.));
#1426=DIRECTION('',(0.,-1.,0.));
#1427=DIRECTION('',(0.,0.,-1.));
#1428=DIRECTION('',(0.,0.,-1.));
#1429=DIRECTION('',(-1.,0.,0.));
#1430=DIRECTION('',(0.999999999019285,1.29709255864329E-16,-4.42880419827382E-5));
#1431=DIRECTION('',(0.,0.,1.));
#1432=DIRECTION('',(1.,1.22464679914735E-16,0.));
#1433=DIRECTION('',(0.,0.,1.));
#1434=DIRECTION('',(1.,1.22464679914735E-16,0.));
#1435=DIRECTION('',(-1.29709255991537E-16,1.,0.));
#1436=DIRECTION('',(0.,0.,-1.));
#1437=DIRECTION('',(0.,0.,1.));
#1438=DIRECTION('',(1.,1.22464679914735E-16,0.));
#1439=DIRECTION('',(0.,0.,1.));
#1440=DIRECTION('',(0.,0.,1.));
#1441=DIRECTION('',(1.,0.,0.));
#1442=DIRECTION('',(0.,0.,1.));
#1443=DIRECTION('',(0.,0.,1.));
#1444=DIRECTION('',(1.,1.22464679914735E-16,0.));
#1445=DIRECTION('',(0.,0.,1.));
#1446=DIRECTION('',(1.,1.22464679914735E-16,0.));
#1447=DIRECTION('',(0.,0.,-1.));
#1448=DIRECTION('',(0.,0.,1.));
#1449=DIRECTION('',(1.,1.22464679914735E-16,0.));
#1450=DIRECTION('',(0.,0.,1.));
#1451=DIRECTION('',(1.,1.22464679914735E-16,0.));
#1452=DIRECTION('',(-6.12323399573677E-17,1.,0.));
#1453=DIRECTION('',(1.,0.,0.));
#1454=DIRECTION('',(1.,0.,0.));
#1455=DIRECTION('',(0.,0.,-1.));
#1456=DIRECTION('',(-1.,0.,0.));
#1457=DIRECTION('',(-4.79060457795927E-16,-1.,0.));
#1458=DIRECTION('',(4.79060457795927E-16,-1.,0.));
#1459=DIRECTION('',(0.,0.,-1.));
#1460=DIRECTION('',(-1.,0.,0.));
#1461=DIRECTION('',(-1.,0.,0.));
#1462=DIRECTION('',(-6.12323399573677E-17,1.,0.));
#1463=DIRECTION('',(0.,0.,-1.));
#1464=DIRECTION('',(-1.,0.,0.));
#1465=DIRECTION('',(0.,1.,0.));
#1466=DIRECTION('',(0.,0.,1.));
#1467=DIRECTION('',(0.,-1.,0.));
#1468=DIRECTION('',(-1.,0.,0.));
#1469=DIRECTION('',(-1.,0.,0.));
#1470=DIRECTION('',(0.,-1.,0.));
#1471=DIRECTION('',(1.,1.29709255991537E-16,0.));
#1472=DIRECTION('',(-6.12323399573677E-17,1.,0.));
#1473=DIRECTION('',(1.,1.29709255991537E-16,0.));
#1474=DIRECTION('',(0.,0.,1.));
#1475=DIRECTION('',(1.,0.,0.));
#1476=DIRECTION('',(0.,0.,1.));
#1477=DIRECTION('',(0.,-1.,0.));
#1478=DIRECTION('',(0.,0.,-1.));
#1479=DIRECTION('',(-1.,0.,0.));
#1480=DIRECTION('',(0.,-1.,0.));
#1481=DIRECTION('',(0.,0.,-1.));
#1482=DIRECTION('',(0.,0.,1.));
#1483=DIRECTION('',(1.,0.,0.));
#1484=DIRECTION('',(0.,0.,1.));
#1485=DIRECTION('',(1.,0.,0.));
#1486=DIRECTION('',(1.,0.,0.));
#1487=DIRECTION('',(0.,0.,1.));
#1488=DIRECTION('',(1.,0.,0.));
#1489=DIRECTION('',(0.,0.,1.));
#1490=DIRECTION('',(0.,0.,1.));
#1491=DIRECTION('',(0.,-1.,0.));
#1492=DIRECTION('',(0.,0.,-1.));
#1493=DIRECTION('',(-1.,0.,0.));
#1494=DIRECTION('',(0.,-1.,0.));
#1495=DIRECTION('',(0.,0.,-1.));
#1496=DIRECTION('',(0.,0.,1.));
#1497=DIRECTION('',(0.,0.,-1.));
#1498=DIRECTION('',(0.,0.,1.));
#1499=DIRECTION('',(1.,0.,0.));
#1500=DIRECTION('',(8.07420225274619E-17,-1.,0.));
#1501=DIRECTION('',(0.,0.,1.));
#1502=DIRECTION('',(1.,0.,0.));
#1503=DIRECTION('',(8.07420225274619E-17,-1.,0.));
#1504=DIRECTION('',(0.,0.,-1.));
#1505=DIRECTION('',(0.,0.,-1.));
#1506=DIRECTION('',(0.,0.,-1.));
#1507=DIRECTION('',(0.,0.,-1.));
#1508=DIRECTION('',(4.79060457795927E-16,-1.,0.));
#1509=DIRECTION('',(0.,0.,1.));
#1510=DIRECTION('',(1.,0.,0.));
#1511=DIRECTION('',(0.,0.,-1.));
#1512=DIRECTION('',(-1.,0.,0.));
#1513=DIRECTION('',(-1.,0.,0.));
#1514=DIRECTION('',(0.,0.,1.));
#1515=DIRECTION('',(1.,0.,0.));
#1516=DIRECTION('',(0.,0.,-1.));
#1517=DIRECTION('',(-1.,0.,0.));
#1518=DIRECTION('',(1.,0.,0.));
#1519=DIRECTION('',(0.,0.,-1.));
#1520=DIRECTION('',(0.,0.,-1.));
#1521=DIRECTION('',(0.,0.,-1.));
#1522=DIRECTION('',(1.,0.,0.));
#1523=DIRECTION('',(-4.79060457795927E-16,-1.,0.));
#1524=DIRECTION('',(0.,0.,-1.));
#1525=DIRECTION('',(1.,0.,0.));
#1526=DIRECTION('',(0.,0.,-1.));
#1527=DIRECTION('',(1.,0.,0.));
#1528=DIRECTION('',(0.,0.,-1.));
#1529=DIRECTION('',(-1.,0.,0.));
#1530=DIRECTION('',(0.,1.,0.));
#1531=DIRECTION('',(0.,1.,0.));
#1532=DIRECTION('',(0.,1.,0.));
#1533=DIRECTION('',(0.,1.,0.));
#1534=DIRECTION('',(0.,1.,0.));
#1535=DIRECTION('',(0.,1.,0.));
#1536=DIRECTION('',(0.,1.,0.));
#1537=DIRECTION('',(0.,1.,0.));
#1538=CARTESIAN_POINT('',(0.,0.,0.));
#1539=CARTESIAN_POINT('',(0.0267999999305266,-0.0259996665972222,0.0175857098995631));
#1540=CARTESIAN_POINT('',(0.0267999999305266,-0.0259996665972222,0.0031));
#1541=CARTESIAN_POINT('',(0.0267999999768454,-0.0259997777391932,0.0175857098995631));
#1542=CARTESIAN_POINT('',(0.0267999999768454,-0.0259997777391932,0.0031));
#1543=CARTESIAN_POINT('',(0.0268,-0.0259998888734546,0.0175857098995631));
#1544=CARTESIAN_POINT('',(0.0268,-0.0259998888734546,0.0031));
#1545=CARTESIAN_POINT('',(0.0268,-0.026,0.0175857098995631));
#1546=CARTESIAN_POINT('',(0.0268,-0.026,0.0031));
#1547=CARTESIAN_POINT('',(0.0268,-0.0276,0.0175857098995631));
#1548=CARTESIAN_POINT('',(0.0268,-0.0276,0.0031));
#1549=CARTESIAN_POINT('',(0.0252,-0.0276,0.0175857098995631));
#1550=CARTESIAN_POINT('',(0.0252,-0.0276,0.0031));
#1551=CARTESIAN_POINT('',(0.0252,-0.026,0.0175857098995631));
#1552=CARTESIAN_POINT('',(0.0252,-0.026,0.0031));
#1553=CARTESIAN_POINT('',(0.0260786703267309,-0.0267961224652602,0.0174993203422233));
#1554=CARTESIAN_POINT('',(0.0262458815488332,-0.0267795991763821,0.0173638025922052));
#1555=CARTESIAN_POINT('',(0.0265981224704941,-0.0266447250919672,0.0170967847747506));
#1556=CARTESIAN_POINT('',(0.026799995389357,-0.0262141259458986,0.0169977359372173));
#1557=CARTESIAN_POINT('',(0.0267999999998147,-0.0260000172266041,0.017038092948776));
#1558=CARTESIAN_POINT('',(0.026078731505071,-0.0267961152948875,0.0174993967025757));
#1559=CARTESIAN_POINT('',(0.026800011040991,-0.0260000003290312,0.0170380032997041));
#1560=CARTESIAN_POINT('',(0.0268,-0.026,0.018310530782832));
#1561=CARTESIAN_POINT('',(0.0268,-0.026,0.00237568901034133));
#1562=CARTESIAN_POINT('',(0.0268,-0.026,0.0031));
#1563=CARTESIAN_POINT('',(0.026,-0.026,0.0031));
#1564=CARTESIAN_POINT('',(0.0252,-0.026,0.0031));
#1565=CARTESIAN_POINT('',(0.0252,-0.026,0.018310530782832));
#1566=CARTESIAN_POINT('',(0.0252,-0.026,0.00237568901034133));
#1567=CARTESIAN_POINT('',(0.0252,-0.026,0.0174991451919287));
#1568=CARTESIAN_POINT('',(0.026,-0.026,0.0174991451919287));
#1569=CARTESIAN_POINT('',(-0.0252,-0.026,0.0175857101014819));
#1570=CARTESIAN_POINT('',(-0.0252,-0.026,0.0031));
#1571=CARTESIAN_POINT('',(-0.0252,-0.0276,0.0175857101014819));
#1572=CARTESIAN_POINT('',(-0.0252,-0.0276,0.0031));
#1573=CARTESIAN_POINT('',(-0.0268,-0.0276,0.0175857101014819));
#1574=CARTESIAN_POINT('',(-0.0268,-0.0276,0.0031));
#1575=CARTESIAN_POINT('',(-0.0268,-0.026,0.0175857101014819));
#1576=CARTESIAN_POINT('',(-0.0268,-0.026,0.0031));
#1577=CARTESIAN_POINT('',(-0.0268,-0.0259967870731744,0.0175857101014819));
#1578=CARTESIAN_POINT('',(-0.0268,-0.0259967870731744,0.0031));
#1579=CARTESIAN_POINT('',(-0.0267999806447209,-0.0259935677464117,0.0175857101014819));
#1580=CARTESIAN_POINT('',(-0.0267999806447209,-0.0259935677464117,0.0031));
#1581=CARTESIAN_POINT('',(-0.0267999417019108,-0.0259903421770508,0.0175857101014819));
#1582=CARTESIAN_POINT('',(-0.0267999417019108,-0.0259903421770508,0.0031));
#1583=CARTESIAN_POINT('',(-0.026,-0.026,0.0174991451919287));
#1584=CARTESIAN_POINT('',(-0.0260787243097623,-0.0267961161197062,0.017499388775497));
#1585=CARTESIAN_POINT('',(-0.0252,-0.026,0.0174991451919287));
#1586=CARTESIAN_POINT('',(-0.0252,-0.026,0.0183105440734655));
#1587=CARTESIAN_POINT('',(-0.0252,-0.026,0.00237568837745402));
#1588=CARTESIAN_POINT('',(-0.0252,-0.026,0.0031));
#1589=CARTESIAN_POINT('',(-0.026,-0.026,0.0031));
#1590=CARTESIAN_POINT('',(-0.0268,-0.026,0.0031));
#1591=CARTESIAN_POINT('',(-0.0268,-0.026,0.0183105440734655));
#1592=CARTESIAN_POINT('',(-0.0268,-0.026,0.00237568837745402));
#1593=CARTESIAN_POINT('',(-0.0268000097133728,-0.0259999996247499,0.0170380085906649));
#1594=CARTESIAN_POINT('',(-0.026078669641427,-0.0267961225329795,0.0174993205400744));
#1595=CARTESIAN_POINT('',(-0.0262458811442561,-0.0267795993617024,0.0173638023332366));
#1596=CARTESIAN_POINT('',(-0.0265981228118108,-0.0266447253460355,0.0170967833976034));
#1597=CARTESIAN_POINT('',(-0.0267999958460959,-0.0262141245308584,0.0169977352325505));
#1598=CARTESIAN_POINT('',(-0.0267999999998497,-0.0260000155201456,0.0170380929212578));
#1599=CARTESIAN_POINT('',(0.0008,0.0295,0.0147600388489673));
#1600=CARTESIAN_POINT('',(0.0008,0.0295,0.0031));
#1601=CARTESIAN_POINT('',(0.0008,0.0279,0.0147600388489673));
#1602=CARTESIAN_POINT('',(0.0008,0.0279,0.0031));
#1603=CARTESIAN_POINT('',(-0.0008,0.0279,0.0147600388489673));
#1604=CARTESIAN_POINT('',(-0.0008,0.0279,0.0031));
#1605=CARTESIAN_POINT('',(-0.0008,0.0295,0.0147600388489673));
#1606=CARTESIAN_POINT('',(-0.0008,0.0295,0.0031));
#1607=CARTESIAN_POINT('',(-0.0008,0.0295032128988076,0.0147600388489673));
#1608=CARTESIAN_POINT('',(-0.0008,0.0295032128988076,0.0031));
#1609=CARTESIAN_POINT('',(-0.000799980645058438,0.0295064321974412,0.0147600388489673));
#1610=CARTESIAN_POINT('',(-0.000799980645058438,0.0295064321974412,0.0031));
#1611=CARTESIAN_POINT('',(-0.000799941702929527,0.029509657738566,0.0147600388489673));
#1612=CARTESIAN_POINT('',(-0.000799941702929527,0.029509657738566,0.0031));
#1613=CARTESIAN_POINT('',(-0.000799999999977745,0.0294999940327279,0.0133389733241078));
#1614=CARTESIAN_POINT('',(-0.000799999429101888,0.0294234597844384,0.0134776160466976));
#1615=CARTESIAN_POINT('',(-0.000779231969914605,0.0292673192162207,0.0137541151729173));
#1616=CARTESIAN_POINT('',(-0.00066391953635737,0.0290289781509818,0.0141580109644888));
#1617=CARTESIAN_POINT('',(-0.000454049793339565,0.0288032311126267,0.0145248450567852));
#1618=CARTESIAN_POINT('',(5.01323833330198E-7,0.0286481706814481,0.0147680800819446));
#1619=CARTESIAN_POINT('',(0.000455652040826777,0.0288040875172441,0.0145234970230052));
#1620=CARTESIAN_POINT('',(0.000665119651496062,0.0290307605316048,0.014155059857537));
#1621=CARTESIAN_POINT('',(0.000779404483234699,0.0292684442028111,0.0137521315155713));
#1622=CARTESIAN_POINT('',(0.000800005984492508,0.0294236205864867,0.013477326636238));
#1623=CARTESIAN_POINT('',(0.000799999997546389,0.0295000626560336,0.0133388490113078));
#1624=CARTESIAN_POINT('',(-0.00080001031088459,0.02949999687139,0.0133389748911627));
#1625=CARTESIAN_POINT('',(0.000800023046099174,0.0295000308274471,0.0133388314403752));
#1626=CARTESIAN_POINT('',(0.0008,0.0295,0.0153415544040659));
#1627=CARTESIAN_POINT('',(0.0008,0.0295,0.00251706883790162));
#1628=CARTESIAN_POINT('',(0.0008,0.0295,0.0031));
#1629=CARTESIAN_POINT('',(1.0842021724855E-19,0.0295,0.0031));
#1630=CARTESIAN_POINT('',(-0.0008,0.0295,0.0031));
#1631=CARTESIAN_POINT('',(-0.0008,0.0295,0.0153415544040659));
#1632=CARTESIAN_POINT('',(-0.0008,0.0295,0.00251706883790162));
#1633=CARTESIAN_POINT('',(-0.026,4.77612251667468E-18,0.0174991451919287));
#1634=CARTESIAN_POINT('',(-0.026,4.77612251667468E-18,0.0190093258668411));
#1635=CARTESIAN_POINT('',(-0.026,-0.052,0.0174991451919287));
#1636=CARTESIAN_POINT('',(-0.026,-0.052,0.0190093258668411));
#1637=CARTESIAN_POINT('',(0.026,-0.052,0.0174991451919287));
#1638=CARTESIAN_POINT('',(0.026,-0.052,0.0190093258668411));
#1639=CARTESIAN_POINT('',(0.026,1.59204083889156E-18,0.0174991451919287));
#1640=CARTESIAN_POINT('',(0.026,1.59204083889156E-18,0.0190093258668411));
#1641=CARTESIAN_POINT('',(0.,1.59204083889156E-18,0.0174991451919287));
#1642=CARTESIAN_POINT('',(0.026,1.59204083889156E-18,0.0174991451919287));
#1643=CARTESIAN_POINT('',(-0.026,4.77612251667468E-18,0.0174991451919287));
#1644=CARTESIAN_POINT('',(-0.026,4.77612251667468E-18,0.0174236361581831));
#1645=CARTESIAN_POINT('',(-0.026,4.77612251667468E-18,0.0190848349005868));
#1646=CARTESIAN_POINT('',(-0.026,0.,0.0189991673359498));
#1647=CARTESIAN_POINT('',(0.,1.59204083889156E-18,0.0190003188250424));
#1648=CARTESIAN_POINT('',(3.46944695195361E-18,-0.026,0.0190003188250424));
#1649=CARTESIAN_POINT('',(0.,1.59204083889156E-18,0.0190003188250424));
#1650=CARTESIAN_POINT('',(0.0259999999999306,3.37244065577094E-18,0.0189991673359498));
#1651=CARTESIAN_POINT('',(0.026,1.59204083889156E-18,0.0174236361581831));
#1652=CARTESIAN_POINT('',(0.026,1.59204083889156E-18,0.0190848349005868));
#1653=CARTESIAN_POINT('',(0.0321317897109875,0.00127500000000001,-0.000158227788191669));
#1654=CARTESIAN_POINT('',(0.0321317897109875,0.00127500000000001,0.00332278355202505));
#1655=CARTESIAN_POINT('',(0.0321317897109875,-0.026775,-0.000158227788191669));
#1656=CARTESIAN_POINT('',(0.0321317897109875,-0.026775,0.00332278355202505));
#1657=CARTESIAN_POINT('',(0.0321317897109875,-0.0255,1.49619899803E-17));
#1658=CARTESIAN_POINT('',(0.0321317897109875,-0.0255,0.00103333333333334));
#1659=CARTESIAN_POINT('',(0.0321317897109875,-0.0255,0.00206666666666667));
#1660=CARTESIAN_POINT('',(0.0321317897109875,-0.0255,0.0031));
#1661=CARTESIAN_POINT('',(0.0321317897109875,-0.0255,0.));
#1662=CARTESIAN_POINT('',(0.0321317897109875,-0.0255,0.0031));
#1663=CARTESIAN_POINT('',(0.0321317897109875,-0.0355,0.0031));
#1664=CARTESIAN_POINT('',(0.0321317897109875,-0.022,0.0031));
#1665=CARTESIAN_POINT('',(0.0321317897109875,-0.022,0.00158227788191669));
#1666=CARTESIAN_POINT('',(0.0321317897109875,-0.022,0.00316455576383338));
#1667=CARTESIAN_POINT('',(0.0321317897109875,-0.0355,0.00316455576383338));
#1668=CARTESIAN_POINT('',(0.0321317897109875,6.93889390390723E-18,0.00316455576383338));
#1669=CARTESIAN_POINT('',(0.0321317897109875,4.1677905370887E-18,0.00158227788191669));
#1670=CARTESIAN_POINT('',(0.0321317897109875,6.93889390390723E-18,0.));
#1671=CARTESIAN_POINT('',(0.0321317897109875,-0.0355,0.));
#1672=CARTESIAN_POINT('',(0.0232680099072097,-0.0335,0.0085));
#1673=CARTESIAN_POINT('',(-0.0232680099072097,-0.0335,0.0085));
#1674=CARTESIAN_POINT('',(0.0232680099072097,-0.0334999999999999,0.0119020380344181));
#1675=CARTESIAN_POINT('',(-0.0232680099072097,-0.0334999999999999,0.0119020380344181));
#1676=CARTESIAN_POINT('',(0.0232680099072097,-0.0322462189278551,0.0150640784089539));
#1677=CARTESIAN_POINT('',(-0.0232680099072097,-0.0322462189278551,0.0150640784089539));
#1678=CARTESIAN_POINT('',(0.0232680099072097,-0.0299160895958378,0.0175414895829921));
#1679=CARTESIAN_POINT('',(-0.0232680099072097,-0.0299160895958378,0.0175414895829921));
#1680=CARTESIAN_POINT('',(0.022,-0.0203031093139827,0.0085));
#1681=CARTESIAN_POINT('',(0.0220000000225225,-0.0326687685103952,0.0131095054072251));
#1682=CARTESIAN_POINT('',(0.022,-0.0332421901985314,0.0110957869022315));
#1683=CARTESIAN_POINT('',(0.035002,-0.0332421901985314,0.0110957869022315));
#1684=CARTESIAN_POINT('',(0.022479498150975,-0.0332421901904411,0.0110955701581292));
#1685=CARTESIAN_POINT('',(0.0224797041544233,-0.0332422232776177,0.0110956220092213));
#1686=CARTESIAN_POINT('',(0.0226730144601839,-0.0334189089278383,0.0102148482463926));
#1687=CARTESIAN_POINT('',(0.0228438146258404,-0.0334999999999999,0.00934122764585136));
#1688=CARTESIAN_POINT('',(0.0229921046513929,-0.0334999999999999,0.0085));
#1689=CARTESIAN_POINT('',(0.0229921046513929,-0.0335,0.0085));
#1690=CARTESIAN_POINT('',(0.035002,-0.0335,0.0085));
#1691=CARTESIAN_POINT('',(-0.0229921046513929,-0.0335,0.0085));
#1692=CARTESIAN_POINT('',(-0.0229921046513929,-0.0335,0.00850000000000002));
#1693=CARTESIAN_POINT('',(-0.0228438084049819,-0.0335,0.00934126293587212));
#1694=CARTESIAN_POINT('',(-0.0226729999487909,-0.0334189020666992,0.0102149224496332));
#1695=CARTESIAN_POINT('',(-0.0224796792828199,-0.0332422005442395,0.0110957353319975));
#1696=CARTESIAN_POINT('',(-0.0224792656903376,-0.0332421901824485,0.0110956424769707));
#1697=CARTESIAN_POINT('',(0.035002,-0.0332421901985314,0.0110957869022315));
#1698=CARTESIAN_POINT('',(-0.022,-0.0332421901985314,0.0110957869022315));
#1699=CARTESIAN_POINT('',(-0.022,-0.0203031093139827,0.0085));
#1700=CARTESIAN_POINT('',(-0.0220000000230281,-0.032668769068568,0.0131095039096714));
#1701=CARTESIAN_POINT('',(-0.0220000300961624,-0.0326687969325381,0.013109522046698));
#1702=CARTESIAN_POINT('',(-0.0219126296877895,-0.0325423662348092,0.0134486900770648));
#1703=CARTESIAN_POINT('',(-0.0217888615980916,-0.0323503855060199,0.0139107206147688));
#1704=CARTESIAN_POINT('',(-0.0216188336202968,-0.0320540768570286,0.0145093157854839));
#1705=CARTESIAN_POINT('',(-0.0215291942589399,-0.0318913147616578,0.0148176092417892));
#1706=CARTESIAN_POINT('',(-0.0214518107417496,-0.031745236004131,0.0150775423326399));
#1707=CARTESIAN_POINT('',(-0.0213939170575183,-0.0316325331038942,0.0152681186324367));
#1708=CARTESIAN_POINT('',(-0.021363146836669,-0.0315718860282875,0.0153685458443057));
#1709=CARTESIAN_POINT('',(-0.0213317581541598,-0.03150925068676,0.0154701014170041));
#1710=CARTESIAN_POINT('',(-0.0213308311217304,-0.0315073403535698,0.0154730078300493));
#1711=CARTESIAN_POINT('',(-0.0213159057670299,-0.031477408578496,0.0155210282729791));
#1712=CARTESIAN_POINT('',(-0.0212885964883831,-0.031422258737557,0.0156083803825282));
#1713=CARTESIAN_POINT('',(-0.021229020426938,-0.0313004344768551,0.0157975186737489));
#1714=CARTESIAN_POINT('',(-0.0211444995017564,-0.0311212747466398,0.0160602610147798));
#1715=CARTESIAN_POINT('',(-0.0210656306156023,-0.030948855914553,0.0163006522226906));
#1716=CARTESIAN_POINT('',(-0.0209895247592812,-0.0307780459596473,0.0165282375995177));
#1717=CARTESIAN_POINT('',(-0.0209430767108045,-0.030671402067285,0.0166648831620204));
#1718=CARTESIAN_POINT('',(-0.0208750783972214,-0.0305130852090544,0.0168631956259627));
#1719=CARTESIAN_POINT('',(-0.0207694212125273,-0.0302603256153148,0.0171655155176311));
#1720=CARTESIAN_POINT('',(-0.0206926039845629,-0.0300683008226608,0.0173784123550334));
#1721=CARTESIAN_POINT('',(-0.0206485154501448,-0.029955738753454,0.0174991482198562));
#1722=CARTESIAN_POINT('',(-0.0206484999506295,-0.0299557415763905,0.0174991451919287));
#1723=CARTESIAN_POINT('',(0.035002,-0.0299557415763905,0.0174991451919287));
#1724=CARTESIAN_POINT('',(0.0206484999501825,-0.0299557093650367,0.0174991151634861));
#1725=CARTESIAN_POINT('',(0.0206485154498857,-0.0299557387527925,0.0174991482205657));
#1726=CARTESIAN_POINT('',(0.0206926023368081,-0.0300682966158012,0.0173784168673956));
#1727=CARTESIAN_POINT('',(0.0207694183474891,-0.0302603185222955,0.0171655236600362));
#1728=CARTESIAN_POINT('',(0.0208750761460822,-0.0305130798358229,0.0168632022417866));
#1729=CARTESIAN_POINT('',(0.0209430755749024,-0.0306713994037479,0.0166648865540888));
#1730=CARTESIAN_POINT('',(0.0209895243380145,-0.0307780450293221,0.0165282388859802));
#1731=CARTESIAN_POINT('',(0.0210656328490425,-0.0309488609672127,0.0163006454280129));
#1732=CARTESIAN_POINT('',(0.0211445035743512,-0.0311212836587178,0.0160602483406633));
#1733=CARTESIAN_POINT('',(0.0212290255705891,-0.0313004453306877,0.0157975023225076));
#1734=CARTESIAN_POINT('',(0.0212886006090908,-0.0314222671932538,0.0156083670968639));
#1735=CARTESIAN_POINT('',(0.0213159080368158,-0.0314774131930376,0.0155210209108465));
#1736=CARTESIAN_POINT('',(0.0213308321681884,-0.0315073424652789,0.0154730044333196));
#1737=CARTESIAN_POINT('',(0.0213317577346752,-0.031509249856859,0.015470102746985));
#1738=CARTESIAN_POINT('',(0.021363146314746,-0.0315718849277424,0.0153685476446286));
#1739=CARTESIAN_POINT('',(0.0213939159644947,-0.0316325308289746,0.015268122422682));
#1740=CARTESIAN_POINT('',(0.0214518089524158,-0.0317452323348723,0.0150775486642959));
#1741=CARTESIAN_POINT('',(0.0215291916053812,-0.0318913095254327,0.0148176187822003));
#1742=CARTESIAN_POINT('',(0.0216188303691407,-0.0320540707532154,0.0145093276887232));
#1743=CARTESIAN_POINT('',(0.021788857908291,-0.0323503792332336,0.01391073450702));
#1744=CARTESIAN_POINT('',(0.0219126272674419,-0.0325423627034159,0.0134486994319234));
#1745=CARTESIAN_POINT('',(0.0220000297314944,-0.032668796405019,0.0131095234618416));
#1746=CARTESIAN_POINT('',(0.0321317897109875,-0.0255,0.0031645557638334));
#1747=CARTESIAN_POINT('',(0.0321317897109875,-0.0255,-2.71050543121376E-19));
#1748=CARTESIAN_POINT('',(0.0321317897109861,-0.0267,0.0031645557638334));
#1749=CARTESIAN_POINT('',(0.0321317897109861,-0.0267,-2.71050543121376E-19));
#1750=CARTESIAN_POINT('',(0.0321317897109861,-0.0279,0.0031645557638334));
#1751=CARTESIAN_POINT('',(0.0321317897109861,-0.0279,-2.71050543121376E-19));
#1752=CARTESIAN_POINT('',(0.0313317897109875,-0.0308333333333312,0.0031645557638334));
#1753=CARTESIAN_POINT('',(0.0313317897109875,-0.0308333333333312,-2.71050543121376E-19));
#1754=CARTESIAN_POINT('',(0.0294651230443208,-0.0326999999999986,0.0031645557638334));
#1755=CARTESIAN_POINT('',(0.0294651230443208,-0.0326999999999986,-2.71050543121376E-19));
#1756=CARTESIAN_POINT('',(0.0265317897109875,-0.0334999999999986,0.0031645557638334));
#1757=CARTESIAN_POINT('',(0.0265317897109875,-0.0334999999999986,-2.71050543121376E-19));
#1758=CARTESIAN_POINT('',(0.0253317897109875,-0.0334999999999986,0.0031645557638334));
#1759=CARTESIAN_POINT('',(0.0253317897109875,-0.0334999999999986,-2.71050543121376E-19));
#1760=CARTESIAN_POINT('',(0.0241317897109875,-0.0335,0.0031645557638334));
#1761=CARTESIAN_POINT('',(0.0241317897109875,-0.0335,-2.71050543121376E-19));
#1762=CARTESIAN_POINT('',(0.0268960399550706,-0.0332421901985314,0.00313227788191669));
#1763=CARTESIAN_POINT('',(0.0268960399550704,-0.0332421901985313,0.0031));
#1764=CARTESIAN_POINT('',(0.0268960399551333,-0.0332421901985163,0.00316455576383338));
#1765=CARTESIAN_POINT('',(0.0321317897109875,-0.0255,0.0031));
#1766=CARTESIAN_POINT('',(0.0321317897109865,-0.0263512793263753,0.0031));
#1767=CARTESIAN_POINT('',(0.032063985414734,-0.0280403270438914,0.0031));
#1768=CARTESIAN_POINT('',(0.0311459815124278,-0.0304907201801217,0.0031));
#1769=CARTESIAN_POINT('',(0.0293477078161464,-0.0323797466405624,0.0031));
#1770=CARTESIAN_POINT('',(0.0277268221210854,-0.033040691572029,0.0031));
#1771=CARTESIAN_POINT('',(0.0268960399550701,-0.0332421901985303,0.0031));
#1772=CARTESIAN_POINT('',(0.0241317897109875,-0.0335,1.01643953670516E-20));
#1773=CARTESIAN_POINT('',(0.0246739966661572,-0.0335,1.01643953670516E-20));
#1774=CARTESIAN_POINT('',(0.0257551326784708,-0.0334861425034657,-2.70734830841036E-19));
#1775=CARTESIAN_POINT('',(0.0278818407939263,-0.0330743162325137,-1.30327569384355E-19));
#1776=CARTESIAN_POINT('',(0.0303548759282697,-0.0317257871591132,-2.1776447043956E-19));
#1777=CARTESIAN_POINT('',(0.031703989624763,-0.0292568091123073,-1.31174602331609E-19));
#1778=CARTESIAN_POINT('',(0.0321180789470611,-0.0271244558176587,-2.69210171535978E-19));
#1779=CARTESIAN_POINT('',(0.0321317897109875,-0.0260426481254075,6.7762635780344E-21));
#1780=CARTESIAN_POINT('',(0.0321317897109875,-0.0255,6.7762635780344E-21));
#1781=CARTESIAN_POINT('',(0.0241317897109875,-0.0335,-2.99239799605999E-17));
#1782=CARTESIAN_POINT('',(0.0241317897109875,-0.0335,2.16840434497101E-19));
#1783=CARTESIAN_POINT('',(0.0241317897109875,-0.0335,0.0010548519212778));
#1784=CARTESIAN_POINT('',(0.0241317897109875,-0.0335,0.0021097038425556));
#1785=CARTESIAN_POINT('',(0.0241317897109875,-0.0335,0.0031645557638334));
#1786=CARTESIAN_POINT('',(0.0241317897109875,-0.0335,0.00316455576383338));
#1787=CARTESIAN_POINT('',(0.0241317897109875,-0.0335,0.00316455576383339));
#1788=CARTESIAN_POINT('',(0.0250195675042163,-0.0334999999999989,0.00316455576383339));
#1789=CARTESIAN_POINT('',(0.0259437916618594,-0.0334731493248371,0.00316455576383339));
#1790=CARTESIAN_POINT('',(0.0268960399554884,-0.0332421901984288,0.00316455576383338));
#1791=CARTESIAN_POINT('',(0.0269131767328302,-0.0332380026475157,0.00316455576383338));
#1792=CARTESIAN_POINT('',(0.0269131767328289,-0.0332380026475158,0.00330345031681265));
#1793=CARTESIAN_POINT('',(0.0269113611048169,-0.0332380026471589,0.00344215214716581));
#1794=CARTESIAN_POINT('',(0.026904050368927,-0.0332380026472927,0.00371991741844223));
#1795=CARTESIAN_POINT('',(0.0268985496334318,-0.0332380026479582,0.00385907529219325));
#1796=CARTESIAN_POINT('',(0.0268840005424857,-0.0332380026461027,0.00413547785559919));
#1797=CARTESIAN_POINT('',(0.0268749304084762,-0.0332380026500289,0.00427277899830984));
#1798=CARTESIAN_POINT('',(0.026853765977886,-0.0332380025403968,0.004541875143716));
#1799=CARTESIAN_POINT('',(0.0268416725713818,-0.0332380025121426,0.00467346859683763));
#1800=CARTESIAN_POINT('',(0.0268150872271416,-0.0332380011671289,0.00492966464811081));
#1801=CARTESIAN_POINT('',(0.0268005992784197,-0.0332379998558957,0.00505428823568777));
#1802=CARTESIAN_POINT('',(0.0267698389478849,-0.033237994297959,0.00529599192463643));
#1803=CARTESIAN_POINT('',(0.026753553132329,-0.0332379899428528,0.00541317989507154));
#1804=CARTESIAN_POINT('',(0.0267026058063622,-0.0332379673856339,0.00575512551946173));
#1805=CARTESIAN_POINT('',(0.0266660950830167,-0.0332379384966178,0.00596972488478283));
#1806=CARTESIAN_POINT('',(0.0265879570101729,-0.03323784434163,0.0063870793253576));
#1807=CARTESIAN_POINT('',(0.0265467015070662,-0.0332377775177219,0.0065896967698909));
#1808=CARTESIAN_POINT('',(0.0264544333879206,-0.0332376189956453,0.00700170934694567));
#1809=CARTESIAN_POINT('',(0.0264033769819058,-0.0332375235547679,0.00721169405360178));
#1810=CARTESIAN_POINT('',(0.0263139549185893,-0.0332373947923767,0.007544614474261));
#1811=CARTESIAN_POINT('',(0.0262819654988144,-0.0332373559281009,0.0076583945946011));
#1812=CARTESIAN_POINT('',(0.0262125223361956,-0.0332373002125244,0.00789273647447102));
#1813=CARTESIAN_POINT('',(0.0261749622040104,-0.0332372869418327,0.00801353995323948));
#1814=CARTESIAN_POINT('',(0.0260941285389053,-0.0332372676684848,0.00826116314167266));
#1815=CARTESIAN_POINT('',(0.0260509059229727,-0.0332372596161618,0.00838786748770224));
#1816=CARTESIAN_POINT('',(0.0259591991795437,-0.0332372138351537,0.0086449330582358));
#1817=CARTESIAN_POINT('',(0.025910746939616,-0.0332371797375394,0.00877521733896137));
#1818=CARTESIAN_POINT('',(0.0258604129477412,-0.0332371797384881,0.0089048807583373));
#1819=CARTESIAN_POINT('',(0.0267456531305025,-0.0332790109582168,0.00316455576383338));
#1820=CARTESIAN_POINT('',(0.0267456531305013,-0.0332790109582168,0.0033019813878027));
#1821=CARTESIAN_POINT('',(0.0267438562554176,-0.0332790109579452,0.00343922396698858));
#1822=CARTESIAN_POINT('',(0.0267366230051671,-0.0332790109580471,0.00371404876739884));
#1823=CARTESIAN_POINT('',(0.0267311812818602,-0.0332790109585536,0.00385172067927816));
#1824=CARTESIAN_POINT('',(0.0267167837257288,-0.0332790109571413,0.00412523977572208));
#1825=CARTESIAN_POINT('',(0.0267078072036593,-0.033279010960937,0.00426114057813942));
#1826=CARTESIAN_POINT('',(0.0266868374588346,-0.0332790108653799,0.00452770112440497));
#1827=CARTESIAN_POINT('',(0.0266748450862054,-0.033279010839484,0.00465816944109831));
#1828=CARTESIAN_POINT('',(0.0266484380581573,-0.033279009673027,0.00491245104318577));
#1829=CARTESIAN_POINT('',(0.0266340271897495,-0.0332790085377332,0.00503628426403281));
#1830=CARTESIAN_POINT('',(0.0266033666189567,-0.033279003728751,0.00527676697255842));
#1831=CARTESIAN_POINT('',(0.0265871041601334,-0.0332789999596563,0.00539351891106813));
#1832=CARTESIAN_POINT('',(0.0265361161903609,-0.0332789804036335,0.00573460508762933));
#1833=CARTESIAN_POINT('',(0.0264994185878239,-0.033278955294684,0.00594925679572998));
#1834=CARTESIAN_POINT('',(0.0264205913905842,-0.0332788737999266,0.00636718844403222));
#1835=CARTESIAN_POINT('',(0.0263788139348065,-0.0332788162351591,0.00657033750185339));
#1836=CARTESIAN_POINT('',(0.0262854327067949,-0.0332786787250011,0.00698292162628169));
#1837=CARTESIAN_POINT('',(0.0262337887685921,-0.0332785950628223,0.00719291679411699));
#1838=CARTESIAN_POINT('',(0.0261437204258023,-0.0332784816417601,0.00752481689684209));
#1839=CARTESIAN_POINT('',(0.0261115564924209,-0.033278447437926,0.00763809345080244));
#1840=CARTESIAN_POINT('',(0.0260419008864728,-0.0332783991356248,0.00787103887242204));
#1841=CARTESIAN_POINT('',(0.0260043073733786,-0.0332783884407997,0.00799093722164365));
#1842=CARTESIAN_POINT('',(0.0259235618979428,-0.0332783728263759,0.00823639632221509));
#1843=CARTESIAN_POINT('',(0.0258804587725384,-0.0332783659527911,0.00836184756218549));
#1844=CARTESIAN_POINT('',(0.0257891339567736,-0.0332783225717195,0.00861616923786417));
#1845=CARTESIAN_POINT('',(0.0257409414329851,-0.0332782895945448,0.00874496646194817));
#1846=CARTESIAN_POINT('',(0.0256908857302222,-0.0332782895954596,0.00887314338284846));
#1847=CARTESIAN_POINT('',(0.0265780638372322,-0.0333144190644261,0.00316455576383338));
#1848=CARTESIAN_POINT('',(0.0265780638372311,-0.0333144190644261,0.00330051188278238));
#1849=CARTESIAN_POINT('',(0.0265762856972044,-0.0333144190642294,0.00343629506821148));
#1850=CARTESIAN_POINT('',(0.0265691299724372,-0.0333144190643031,0.00370817808359746));
#1851=CARTESIAN_POINT('',(0.0265637473315037,-0.03331441906467,0.00384436264965782));
#1852=CARTESIAN_POINT('',(0.0265495012384363,-0.0333144190636471,0.00411499938256246));
#1853=CARTESIAN_POINT('',(0.0265406182351476,-0.0333144190672643,0.00424950220509919));
#1854=CARTESIAN_POINT('',(0.0265198416134086,-0.0333144189850327,0.00451354360910937));
#1855=CARTESIAN_POINT('',(0.026507948802949,-0.0333144189615557,0.00464290133904497));
#1856=CARTESIAN_POINT('',(0.0264817143805742,-0.033314417963284,0.00489531245167117));
#1857=CARTESIAN_POINT('',(0.0264673763448291,-0.0333144169934419,0.00501838466858848));
#1858=CARTESIAN_POINT('',(0.0264368029070306,-0.0333144128883415,0.00525772101141421));
#1859=CARTESIAN_POINT('',(0.0264205554557395,-0.0333144096701293,0.0053740819276042));
#1860=CARTESIAN_POINT('',(0.0263694942949108,-0.0333143929404677,0.00571446338809266));
#1861=CARTESIAN_POINT('',(0.0263325775546295,-0.0333143713999479,0.00592929806904361));
#1862=CARTESIAN_POINT('',(0.0262529760221563,-0.0333143018178512,0.00634808811305148));
#1863=CARTESIAN_POINT('',(0.0262106228516018,-0.0333142529297121,0.00655191967754948));
#1864=CARTESIAN_POINT('',(0.0261160109409576,-0.0333141352616901,0.00696535343118055));
#1865=CARTESIAN_POINT('',(0.0260637156256006,-0.0333140628616516,0.00717548489720491));
#1866=CARTESIAN_POINT('',(0.0259729106729143,-0.0333139642111791,0.00750650539504662));
#1867=CARTESIAN_POINT('',(0.025940543163996,-0.0333139344914753,0.00761931769986016));
#1868=CARTESIAN_POINT('',(0.0258706218971498,-0.033313893204266,0.00785092730717971));
#1869=CARTESIAN_POINT('',(0.0258329711744211,-0.0333138848288793,0.0079699413247271));
#1870=CARTESIAN_POINT('',(0.0257522713320616,-0.0333138725179772,0.00821326135714311));
#1871=CARTESIAN_POINT('',(0.0257092688031763,-0.0333138667450525,0.00833746396323942));
#1872=CARTESIAN_POINT('',(0.0256182913086719,-0.033313826177852,0.00858903902265548));
#1873=CARTESIAN_POINT('',(0.025570342826222,-0.033313794762472,0.00871634219349797));
#1874=CARTESIAN_POINT('',(0.0255205512117907,-0.0333137947633413,0.00884302553708493));
#1875=CARTESIAN_POINT('',(0.026148872217131,-0.0333919034339583,0.00316455576383338));
#1876=CARTESIAN_POINT('',(0.02614887221713,-0.0333919034339583,0.00329674852040936));
#1877=CARTESIAN_POINT('',(0.0261471419978621,-0.0333919034339169,0.00342879524750572));
#1878=CARTESIAN_POINT('',(0.0261401848359531,-0.0333919034339324,0.00369314405296717));
#1879=CARTESIAN_POINT('',(0.0261349536138021,-0.0333919034340095,0.00382551768436746));
#1880=CARTESIAN_POINT('',(0.0261210951056095,-0.0333919034337946,0.00408877801153834));
#1881=CARTESIAN_POINT('',(0.0261124512964098,-0.0333919034368464,0.00421970748133915));
#1882=CARTESIAN_POINT('',(0.0260921654119608,-0.0333919033851912,0.0044773384304185));
#1883=CARTESIAN_POINT('',(0.0260805240270338,-0.0333919033677945,0.00460388719677114));
#1884=CARTESIAN_POINT('',(0.0260547181290895,-0.0333919027529904,0.00485161308602583));
#1885=CARTESIAN_POINT('',(0.0260405566318599,-0.0333919021596222,0.00497280611288546));
#1886=CARTESIAN_POINT('',(0.0260101768664527,-0.0333918996548953,0.00520938310279716));
#1887=CARTESIAN_POINT('',(0.0259939484338548,-0.0333918976895547,0.00532484879602777));
#1888=CARTESIAN_POINT('',(0.0259426245218986,-0.0333918874018966,0.00566378996188493));
#1889=CARTESIAN_POINT('',(0.0259050723339442,-0.0333918740199788,0.00587940027493733));
#1890=CARTESIAN_POINT('',(0.0258232929762512,-0.0333918315462525,0.00630104936684227));
#1891=CARTESIAN_POINT('',(0.0257793432322592,-0.0333918022957725,0.00650698328201382));
#1892=CARTESIAN_POINT('',(0.0256813121543651,-0.0333917299352049,0.00692324678312547));
#1893=CARTESIAN_POINT('',(0.0256272031235141,-0.0333916836225726,0.00713402354114827));
#1894=CARTESIAN_POINT('',(0.0255343048415881,-0.0333916194436371,0.00746312389881841));
#1895=CARTESIAN_POINT('',(0.025501349312584,-0.0333916001776901,0.00757484044976892));
#1896=CARTESIAN_POINT('',(0.0254306255623267,-0.0333915749187474,0.00780317356065861));
#1897=CARTESIAN_POINT('',(0.0253927737155802,-0.0333915715116679,0.0079199729209758));
#1898=CARTESIAN_POINT('',(0.0253120925115927,-0.0333915663020185,0.00815787639310913));
#1899=CARTESIAN_POINT('',(0.0252693035483252,-0.0333915630010464,0.00827889330093579));
#1900=CARTESIAN_POINT('',(0.0251791327365297,-0.0333915303778393,0.00852343102388597));
#1901=CARTESIAN_POINT('',(0.025131770750823,-0.0333915039318188,0.008646893092216));
#1902=CARTESIAN_POINT('',(0.0250826217719122,-0.0333915039325459,0.00876973645379988));
#1903=CARTESIAN_POINT('',(0.0258884418994172,-0.0334261614901829,0.00316455576383339));
#1904=CARTESIAN_POINT('',(0.0258884418994164,-0.0334261614901829,0.00329446493980672));
#1905=CARTESIAN_POINT('',(0.0258867407008576,-0.0334261614902007,0.00342424538749585));
#1906=CARTESIAN_POINT('',(0.0258799040469011,-0.033426161490194,0.00368402212378561));
#1907=CARTESIAN_POINT('',(0.025874764811334,-0.0334261614901607,0.00381408148777644));
#1908=CARTESIAN_POINT('',(0.0258611411890618,-0.0334261614902535,0.0040728709416631));
#1909=CARTESIAN_POINT('',(0.0258526422261889,-0.0334261614928564,0.00420163873717181));
#1910=CARTESIAN_POINT('',(0.0258326503990751,-0.0334261614563496,0.00445541951463659));
#1911=CARTESIAN_POINT('',(0.0258211581441587,-0.0334261614425383,0.00458029787784764));
#1912=CARTESIAN_POINT('',(0.0257955992065028,-0.0334261610150605,0.00482528238682682));
#1913=CARTESIAN_POINT('',(0.025781535179766,-0.033426160604774,0.00494540255206906));
#1914=CARTESIAN_POINT('',(0.0257512444441397,-0.0334261588769392,0.00518047581649936));
#1915=CARTESIAN_POINT('',(0.0257350087859431,-0.0334261575201922,0.00529550096253641));
#1916=CARTESIAN_POINT('',(0.0256834526552511,-0.0334261503770367,0.00563392059460246));
#1917=CARTESIAN_POINT('',(0.0256454431422625,-0.0334261410050992,0.00585029845968561));
#1918=CARTESIAN_POINT('',(0.025562154126298,-0.0334261117145574,0.00627432129915038));
#1919=CARTESIAN_POINT('',(0.0255171175730845,-0.0334260918971334,0.00648187366569307));
#1920=CARTESIAN_POINT('',(0.0254167534620875,-0.0334260417341702,0.00690048650482072));
#1921=CARTESIAN_POINT('',(0.0253614032837336,-0.0334260086039775,0.00711194126821126));
#1922=CARTESIAN_POINT('',(0.0252670349181503,-0.0334259621167944,0.00744019801839193));
#1923=CARTESIAN_POINT('',(0.0252336581746614,-0.0334259482036743,0.00755133977243219));
#1924=CARTESIAN_POINT('',(0.0251623294850135,-0.0334259308051665,0.00777782445078768));
#1925=CARTESIAN_POINT('',(0.0251243028325532,-0.033425929475053,0.00789332841720995));
#1926=CARTESIAN_POINT('',(0.0250435380159586,-0.0334259272628803,0.00812800467912116));
#1927=CARTESIAN_POINT('',(0.0250008360555897,-0.0334259251274965,0.00824710016040602));
#1928=CARTESIAN_POINT('',(0.024911074666871,-0.0334258980436693,0.00848736448019041));
#1929=CARTESIAN_POINT('',(0.0248640313299136,-0.0334258755548481,0.00860848142279746));
#1930=CARTESIAN_POINT('',(0.0248152397221115,-0.0334258755554645,0.00872898024622513));
#1931=CARTESIAN_POINT('',(0.0253750762038327,-0.0334734947554412,0.00316455576383339));
#1932=CARTESIAN_POINT('',(0.0253750762038321,-0.0334734947554412,0.00328996349790554));
#1933=CARTESIAN_POINT('',(0.0253734321210037,-0.0334734947555117,0.00341527815320919));
#1934=CARTESIAN_POINT('',(0.0253668330487841,-0.0334734947554853,0.00366604175161036));
#1935=CARTESIAN_POINT('',(0.025361875307879,-0.0334734947553538,0.00379153630170984));
#1936=CARTESIAN_POINT('',(0.0253487142270469,-0.0334734947557204,0.00404152071097063));
#1937=CARTESIAN_POINT('',(0.0253405003219681,-0.0334734947573635,0.00416603783223959));
#1938=CARTESIAN_POINT('',(0.0253210822724327,-0.0334734947427444,0.00441229182882093));
#1939=CARTESIAN_POINT('',(0.0253098785511543,-0.0334734947351715,0.00453393136595817));
#1940=CARTESIAN_POINT('',(0.0252847859033452,-0.0334734945734577,0.00477367282149711));
#1941=CARTESIAN_POINT('',(0.0252708988928379,-0.0334734944213745,0.0048917848762489));
#1942=CARTESIAN_POINT('',(0.02524073923775,-0.033473493786529,0.0051241641462068));
#1943=CARTESIAN_POINT('',(0.0252244601615421,-0.0334734932866711,0.00523848345884146));
#1944=CARTESIAN_POINT('',(0.0251723337314518,-0.0334734905984452,0.00557643323544648));
#1945=CARTESIAN_POINT('',(0.0251333124249499,-0.0334734869609139,0.00579479452642877));
#1946=CARTESIAN_POINT('',(0.0250467611926697,-0.0334734762217298,0.00622450911578));
#1947=CARTESIAN_POINT('',(0.0249994043543473,-0.0334734694477698,0.00643579517466025));
#1948=CARTESIAN_POINT('',(0.0248940511947241,-0.0334734507215885,0.00686004175511328));
#1949=CARTESIAN_POINT('',(0.0248360410636162,-0.0334734369574617,0.00707328745183961));
#1950=CARTESIAN_POINT('',(0.0247384694881649,-0.0334734168911939,0.0074003919141187));
#1951=CARTESIAN_POINT('',(0.024704163880121,-0.033473410942752,0.00751054384754104));
#1952=CARTESIAN_POINT('',(0.0246314625673442,-0.0334734046198804,0.007733607393374));
#1953=CARTESIAN_POINT('',(0.0245930113490433,-0.0334734055474376,0.00784663531287537));
#1954=CARTESIAN_POINT('',(0.0245119363267267,-0.0334734066540529,0.00807504582780337));
#1955=CARTESIAN_POINT('',(0.024469339597232,-0.033473406070865,0.0081903729588655));
#1956=CARTESIAN_POINT('',(0.024380254728211,-0.0334733898314658,0.00842220975686974));
#1957=CARTESIAN_POINT('',(0.0243337761403655,-0.0334733757327872,0.00853868177527927));
#1958=CARTESIAN_POINT('',(0.0242856372910789,-0.0334733757331714,0.00865453678238421));
#1959=CARTESIAN_POINT('',(0.025122190506761,-0.0334865451240754,0.00316455576383339));
#1960=CARTESIAN_POINT('',(0.0251221905067607,-0.0334865451240754,0.00328774607223257));
#1961=CARTESIAN_POINT('',(0.0251205745133367,-0.0334865451241395,0.00341086164828368));
#1962=CARTESIAN_POINT('',(0.0251140924919432,-0.0334865451241155,0.00365718504963016));
#1963=CARTESIAN_POINT('',(0.025109224241719,-0.033486545123996,0.00378042949211521));
#1964=CARTESIAN_POINT('',(0.0250962907711791,-0.033486545124329,0.00402608059020035));
#1965=CARTESIAN_POINT('',(0.0250882170495148,-0.0334865451254601,0.00414850913337673));
#1966=CARTESIAN_POINT('',(0.0250690786589719,-0.0334865451175995,0.00439108731205575));
#1967=CARTESIAN_POINT('',(0.0250580143079656,-0.0334865451126856,0.00451115879376466));
#1968=CARTESIAN_POINT('',(0.0250331409261923,-0.0334865450296384,0.00474839924506005));
#1969=CARTESIAN_POINT('',(0.0250193334312948,-0.0334865449528993,0.00486557635256777));
#1970=CARTESIAN_POINT('',(0.0249892157789897,-0.0334865446350865,0.00509676588623869));
#1971=CARTESIAN_POINT('',(0.0249729004925516,-0.0334865443842551,0.00521082014480454));
#1972=CARTESIAN_POINT('',(0.0249204359610066,-0.0334865430102194,0.00554882220855198));
#1973=CARTESIAN_POINT('',(0.0248808602192485,-0.0334865411020612,0.00576839965778426));
#1974=CARTESIAN_POINT('',(0.0247925566155009,-0.0334865357451585,0.00620143272095249));
#1975=CARTESIAN_POINT('',(0.0247439664657215,-0.0334865325909091,0.00641483420577686));
#1976=CARTESIAN_POINT('',(0.0246359576443873,-0.0334865231231591,0.00684236564925465));
#1977=CARTESIAN_POINT('',(0.0245765288919659,-0.0334865155527389,0.00705672455367033));
#1978=CARTESIAN_POINT('',(0.0244772243728335,-0.0334865042269637,0.00738352095863768));
#1979=CARTESIAN_POINT('',(0.0244424111604106,-0.0334865008934384,0.00749325810855358));
#1980=CARTESIAN_POINT('',(0.0243689422095001,-0.033486497789374,0.00771474951487308));
#1981=CARTESIAN_POINT('',(0.0243302412309345,-0.0334864988977335,0.00782659710462285));
#1982=CARTESIAN_POINT('',(0.0242489395543887,-0.0334865003257699,0.00805196980047482));
#1983=CARTESIAN_POINT('',(0.024206360991679,-0.0334865001294619,0.00816545040079023));
#1984=CARTESIAN_POINT('',(0.0241175430223301,-0.0334864892007297,0.0083931339086448));
#1985=CARTESIAN_POINT('',(0.0240713104024526,-0.0334864795398042,0.00850730656377574));
#1986=CARTESIAN_POINT('',(0.0240234668247916,-0.0334864795400669,0.00862086273039312));
#1987=CARTESIAN_POINT('',(0.0246233404762333,-0.0334998101665546,0.00316455576383339));
#1988=CARTESIAN_POINT('',(0.0246233404762333,-0.0334998101665546,0.0032833719107934));
#1989=CARTESIAN_POINT('',(0.024621779837023,-0.0334998101665834,0.00340215047071363));
#1990=CARTESIAN_POINT('',(0.0246155287345809,-0.0334998101665726,0.00363971464609173));
#1991=CARTESIAN_POINT('',(0.02461083712047,-0.0334998101665189,0.00375851867740205));
#1992=CARTESIAN_POINT('',(0.0245983523507553,-0.0334998101666685,0.00399562671789899));
#1993=CARTESIAN_POINT('',(0.0245905548716799,-0.0334998101669785,0.00411394173309713));
#1994=CARTESIAN_POINT('',(0.0245719645222287,-0.033499810166418,0.00434930765643979));
#1995=CARTESIAN_POINT('',(0.0245611717383726,-0.0334998101652875,0.00446631925017722));
#1996=CARTESIAN_POINT('',(0.0245367183027447,-0.0334998101629828,0.00469872551117676));
#1997=CARTESIAN_POINT('',(0.024523058418617,-0.033499810162174,0.00481412427022011));
#1998=CARTESIAN_POINT('',(0.0244929966000431,-0.0334998101613161,0.00504313386931671));
#1999=CARTESIAN_POINT('',(0.0244765921862973,-0.0334998101600483,0.00515676576104758));
#2000=CARTESIAN_POINT('',(0.0244233927898565,-0.0334998101282439,0.00549521603390199));
#2001=CARTESIAN_POINT('',(0.0243826571214122,-0.0334998100363777,0.00571748339860004));
#2002=CARTESIAN_POINT('',(0.0242907269807883,-0.033499810042013,0.0061576888034166));
#2003=CARTESIAN_POINT('',(0.0242395997827002,-0.0334998102700923,0.00637559930210307));
#2004=CARTESIAN_POINT('',(0.0241261228709412,-0.033499810155806,0.00681023085839059));
#2005=CARTESIAN_POINT('',(0.0240637688919803,-0.0334998094624091,0.00702706693291181));
#2006=CARTESIAN_POINT('',(0.0239608628357563,-0.0334998081641029,0.00735357198426175));
#2007=CARTESIAN_POINT('',(0.0239249891780335,-0.0334998078032659,0.00746257971609141));
#2008=CARTESIAN_POINT('',(0.0238498988911852,-0.0334998078588344,0.00768110803654296));
#2009=CARTESIAN_POINT('',(0.0238106587110098,-0.0334998085033666,0.00779067550019152));
#2010=CARTESIAN_POINT('',(0.0237288240942167,-0.0334998093780404,0.00801011571143368));
#2011=CARTESIAN_POINT('',(0.0236862412541164,-0.0334998094731902,0.00811996610833858));
#2012=CARTESIAN_POINT('',(0.0235978638558628,-0.033499806661348,0.00833945542301368));
#2013=CARTESIAN_POINT('',(0.0235520718038178,-0.033499804047357,0.00844907912523893));
#2014=CARTESIAN_POINT('',(0.0235047786753726,-0.0334998040474276,0.00855808717723654));
#2015=CARTESIAN_POINT('',(0.0243774258235763,-0.0335,0.00316455576383339));
#2016=CARTESIAN_POINT('',(0.0243774258235765,-0.0335,0.00328121561065278));
#2017=CARTESIAN_POINT('',(0.0243758924435588,-0.0335,0.00339785666742036));
#2018=CARTESIAN_POINT('',(0.0243697551862836,-0.0335,0.00363110268554698));
#2019=CARTESIAN_POINT('',(0.0243651507002077,-0.0335,0.00374771685216448));
#2020=CARTESIAN_POINT('',(0.0243528869757987,-0.0335,0.00398061600641486));
#2021=CARTESIAN_POINT('',(0.0243452255278447,-0.0335,0.0040969064935824));
#2022=CARTESIAN_POINT('',(0.0243269034992423,-0.0335,0.00432873677085758));
#2023=CARTESIAN_POINT('',(0.0243162428789089,-0.0335,0.00444425689955575));
#2024=CARTESIAN_POINT('',(0.024291990059868,-0.0335,0.00467433064342417));
#2025=CARTESIAN_POINT('',(0.0242783982407736,-0.0335,0.00478888630287619));
#2026=CARTESIAN_POINT('',(0.0242483502051732,-0.0335,0.00501690623638949));
#2027=CARTESIAN_POINT('',(0.0242318928565323,-0.0335,0.00513038104749422));
#2028=CARTESIAN_POINT('',(0.0241782966758582,-0.0335,0.00546922785112553));
#2029=CARTESIAN_POINT('',(0.0241369555492068,-0.0335,0.00569296925742093));
#2030=CARTESIAN_POINT('',(0.0240431514297507,-0.0335,0.00613702900155921));
#2031=CARTESIAN_POINT('',(0.0239907206592415,-0.0335,0.00635733327314133));
#2032=CARTESIAN_POINT('',(0.0238744316725809,-0.0335,0.00679578053892922));
#2033=CARTESIAN_POINT('',(0.0238105712723314,-0.0335,0.00701398085558794));
#2034=CARTESIAN_POINT('',(0.0237057968052267,-0.0335,0.00734050323373257));
#2035=CARTESIAN_POINT('',(0.0236693703522741,-0.0335,0.00744919657118368));
#2036=CARTESIAN_POINT('',(0.0235934264132265,-0.0335,0.0076663345057556));
#2037=CARTESIAN_POINT('',(0.0235538967915679,-0.0335,0.00777480249632892));
#2038=CARTESIAN_POINT('',(0.0234717558276426,-0.0335,0.00799134875972236));
#2039=CARTESIAN_POINT('',(0.0234291504821761,-0.0335,0.00809941587689769));
#2040=CARTESIAN_POINT('',(0.0233409465583968,-0.0335,0.00831486511700769));
#2041=CARTESIAN_POINT('',(0.0232953489738218,-0.0335,0.00842223966480177));
#2042=CARTESIAN_POINT('',(0.0232483109071855,-0.0335,0.00852899888034613));
#2043=CARTESIAN_POINT('',(0.0241317897109875,-0.0335,0.00316455576383339));
#2044=CARTESIAN_POINT('',(0.0241317897109879,-0.0335,0.00327906175288792));
#2045=CARTESIAN_POINT('',(0.024130283558501,-0.0335,0.00339356774209154));
#2046=CARTESIAN_POINT('',(0.0241242600177385,-0.0335,0.00362250048857343));
#2047=CARTESIAN_POINT('',(0.0241197425624766,-0.0335,0.00373692724384187));
#2048=CARTESIAN_POINT('',(0.024107699628914,-0.0335,0.00396562235454468));
#2049=CARTESIAN_POINT('',(0.0241001740542386,-0.0335,0.0040798907050147));
#2050=CARTESIAN_POINT('',(0.0240821199872471,-0.0335,0.00430818993023529));
#2051=CARTESIAN_POINT('',(0.0240715913276096,-0.0335,0.00442222078941383));
#2052=CARTESIAN_POINT('',(0.0240475387127493,-0.0335,0.00464996616891773));
#2053=CARTESIAN_POINT('',(0.0240340147499729,-0.0335,0.00476368068673556));
#2054=CARTESIAN_POINT('',(0.0240039801138996,-0.0335,0.00499071461597526));
#2055=CARTESIAN_POINT('',(0.0239874696537019,-0.0335,0.00510403405378507));
#2056=CARTESIAN_POINT('',(0.0239334762219659,-0.0335,0.00544328219713962));
#2057=CARTESIAN_POINT('',(0.0238915293595074,-0.0335,0.00566850042005176));
#2058=CARTESIAN_POINT('',(0.023795851577357,-0.0335,0.0061164196849302));
#2059=CARTESIAN_POINT('',(0.0237421181388783,-0.0335,0.00633912011627593));
#2060=CARTESIAN_POINT('',(0.0236230178375292,-0.0335,0.00678138823646272));
#2061=CARTESIAN_POINT('',(0.0235576501574702,-0.0335,0.00700095560736307));
#2062=CARTESIAN_POINT('',(0.0234510050132261,-0.0335,0.00732750026455505));
#2063=CARTESIAN_POINT('',(0.0234140250737551,-0.0335,0.00743588096357554));
#2064=CARTESIAN_POINT('',(0.0233372273972176,-0.0335,0.00765163221980779));
#2065=CARTESIAN_POINT('',(0.0232974093873434,-0.0335,0.00775900267605735));
#2066=CARTESIAN_POINT('',(0.0232149630709774,-0.0335,0.00797265915272368));
#2067=CARTESIAN_POINT('',(0.0231723348957334,-0.0335,0.00807894522150323));
#2068=CARTESIAN_POINT('',(0.0230842975442161,-0.0335,0.00829035929423572));
#2069=CARTESIAN_POINT('',(0.0230388884401274,-0.0335,0.00839548732784523));
#2070=CARTESIAN_POINT('',(0.0229921046513929,-0.0335,0.0085));
#2071=CARTESIAN_POINT('',(0.0268960399617314,-0.0332421901977237,0.00316455576383338));
#2072=CARTESIAN_POINT('',(0.0268960399617144,-0.0332421901977237,0.0051232698661332));
#2073=CARTESIAN_POINT('',(0.0265488092183141,-0.0332421901985313,0.00707558612320913));
#2074=CARTESIAN_POINT('',(0.0258396850074832,-0.0332421901985313,0.00890100514325889));
#2075=CARTESIAN_POINT('',(0.0258396850073379,-0.0332421901985185,0.0089010051437808));
#2076=CARTESIAN_POINT('',(0.0241317897109875,-0.0335,0.00316455576383339));
#2077=CARTESIAN_POINT('',(0.0241317897109943,-0.0335,0.00499665158870582));
#2078=CARTESIAN_POINT('',(0.023740645271144,-0.0335,0.00682779724552371));
#2079=CARTESIAN_POINT('',(0.0229921046513929,-0.0335,0.0085));
#2080=CARTESIAN_POINT('',(0.0229921046513929,-0.0335,0.0085));
#2081=CARTESIAN_POINT('',(0.0239169960778206,-0.0335,0.00860468329369339));
#2082=CARTESIAN_POINT('',(0.0248768694372176,-0.0334729782311835,0.00872157452348302));
#2083=CARTESIAN_POINT('',(0.0258396823625119,-0.0332421783665098,0.00890100411633989));
#2084=CARTESIAN_POINT('',(0.0258570092263768,-0.0332380045388839,0.00890424372470012));
#2085=CARTESIAN_POINT('',(0.025788897376551,-0.0332323103604606,0.00917193776142948));
#2086=CARTESIAN_POINT('',(0.025721314085583,-0.0332178868713374,0.00943633135269032));
#2087=CARTESIAN_POINT('',(0.0255771064310658,-0.0331743564975106,0.00996249071346479));
#2088=CARTESIAN_POINT('',(0.0255007220616927,-0.0331451759398308,0.0102242112182097));
#2089=CARTESIAN_POINT('',(0.0253414721277709,-0.0330710209040834,0.0107466100650942));
#2090=CARTESIAN_POINT('',(0.025258714426696,-0.0330259336054243,0.0110076364549684));
#2091=CARTESIAN_POINT('',(0.0251190657478696,-0.0329390981653469,0.0114332717022097));
#2092=CARTESIAN_POINT('',(0.025063677437032,-0.0329021246937342,0.0115983314442331));
#2093=CARTESIAN_POINT('',(0.0250072971092058,-0.0328620290397393,0.0117625286494483));
#2094=CARTESIAN_POINT('',(0.0256875643139351,-0.0332790167121312,0.00887254548420189));
#2095=CARTESIAN_POINT('',(0.0256208339598065,-0.0332735979694594,0.00913960068471845));
#2096=CARTESIAN_POINT('',(0.0255547554363946,-0.0332595083320261,0.00940341612016325));
#2097=CARTESIAN_POINT('',(0.025413694721107,-0.0332167054559992,0.00992826122676765));
#2098=CARTESIAN_POINT('',(0.0253389571055739,-0.0331879209029707,0.0101892504365387));
#2099=CARTESIAN_POINT('',(0.0251832706221053,-0.0331146850305645,0.010710002793383));
#2100=CARTESIAN_POINT('',(0.025102445755199,-0.0330701258090965,0.0109701001389345));
#2101=CARTESIAN_POINT('',(0.0249661881143899,-0.0329842812595024,0.0113941158890157));
#2102=CARTESIAN_POINT('',(0.0249121707934881,-0.0329477234785445,0.0115585249474531));
#2103=CARTESIAN_POINT('',(0.0248572008739873,-0.0329080726414526,0.0117220705542291));
#2104=CARTESIAN_POINT('',(0.0255173193684107,-0.0333144320593986,0.00884246519572611));
#2105=CARTESIAN_POINT('',(0.025451999357854,-0.0333093044493996,0.00910876677217327));
#2106=CARTESIAN_POINT('',(0.0253874306782413,-0.0332955790500022,0.00937188687789795));
#2107=CARTESIAN_POINT('',(0.0252495645069253,-0.0332535655486626,0.00989518435714818));
#2108=CARTESIAN_POINT('',(0.0251765139586457,-0.03322520928397,0.0101553257847102));
#2109=CARTESIAN_POINT('',(0.025024477169473,-0.033152971804768,0.0106741902107049));
#2110=CARTESIAN_POINT('',(0.0249456286504476,-0.0331089886641324,0.010933232345788));
#2111=CARTESIAN_POINT('',(0.0248128294419423,-0.0330242292154614,0.0113554149969435));
#2112=CARTESIAN_POINT('',(0.0247602090589897,-0.0329881273575254,0.0115190888600538));
#2113=CARTESIAN_POINT('',(0.0247066759064535,-0.0329489648313931,0.0116818979144809));
#2114=CARTESIAN_POINT('',(0.025079834318373,-0.0333918967443875,0.00876930104301295));
#2115=CARTESIAN_POINT('',(0.0250181788553099,-0.0333875521952527,0.00903340284835468));
#2116=CARTESIAN_POINT('',(0.0249574465775778,-0.0333748301168318,0.00929446319711001));
#2117=CARTESIAN_POINT('',(0.0248278201737417,-0.0333349831239399,0.00981324451363957));
#2118=CARTESIAN_POINT('',(0.0247591715478723,-0.0333077998710243,0.0100709401352621));
#2119=CARTESIAN_POINT('',(0.024616652703732,-0.0332383057937485,0.0105843986918449));
#2120=CARTESIAN_POINT('',(0.0245429466108936,-0.0331959106471118,0.0108404391017144));
#2121=CARTESIAN_POINT('',(0.0244191161774891,-0.0331141510220363,0.0112574171293467));
#2122=CARTESIAN_POINT('',(0.0243701141044069,-0.0330793111154768,0.0114190056131611));
#2123=CARTESIAN_POINT('',(0.024320301444335,-0.0330415012903095,0.0115797238735858));
#2124=CARTESIAN_POINT('',(0.0248128132145096,-0.0334261464075375,0.00872862291916516));
#2125=CARTESIAN_POINT('',(0.0247534329814012,-0.0334223134193596,0.00899112885048425));
#2126=CARTESIAN_POINT('',(0.0246949998241382,-0.0334102686003305,0.00925066929199965));
#2127=CARTESIAN_POINT('',(0.0245704313182681,-0.0333718768514777,0.00976617522762776));
#2128=CARTESIAN_POINT('',(0.0245045333181047,-0.033345479246967,0.0100221208736266));
#2129=CARTESIAN_POINT('',(0.0243679573066338,-0.0332778307314583,0.0105317463968163));
#2130=CARTESIAN_POINT('',(0.0242974509761474,-0.0332365084139534,0.010785675467983));
#2131=CARTESIAN_POINT('',(0.0241791725547804,-0.0331567832684357,0.0111990012884886));
#2132=CARTESIAN_POINT('',(0.0241324061671741,-0.0331228005880127,0.0113591281659426));
#2133=CARTESIAN_POINT('',(0.0240848913976008,-0.0330859106225542,0.0115183796525117));
#2134=CARTESIAN_POINT('',(0.0242839258077307,-0.0334734756005057,0.00865431258116089));
#2135=CARTESIAN_POINT('',(0.0242290782777334,-0.0334707061571775,0.00891325591737894));
#2136=CARTESIAN_POINT('',(0.0241750119378654,-0.0334600842943178,0.00916936127979755));
#2137=CARTESIAN_POINT('',(0.0240603659479823,-0.0334247638697621,0.00967754387862979));
#2138=CARTESIAN_POINT('',(0.0239999887645479,-0.0334000309284214,0.00992961006030615));
#2139=CARTESIAN_POINT('',(0.0238753241382805,-0.0333363031936724,0.0104307790567116));
#2140=CARTESIAN_POINT('',(0.0238112002652925,-0.0332972638857134,0.0106800701714967));
#2141=CARTESIAN_POINT('',(0.0237039205219548,-0.0332218753584404,0.0110853746310169));
#2142=CARTESIAN_POINT('',(0.0236615718561082,-0.0331897215715659,0.0112422913510071));
#2143=CARTESIAN_POINT('',(0.0236185953989152,-0.0331547964002561,0.0113983161524318));
#2144=CARTESIAN_POINT('',(0.0240221090955934,-0.0334865305431532,0.00862069348552591));
#2145=CARTESIAN_POINT('',(0.0239695184188014,-0.0334843130467163,0.00887767001106059));
#2146=CARTESIAN_POINT('',(0.0239175187014313,-0.0334744369450127,0.00913186001016483));
#2147=CARTESIAN_POINT('',(0.0238077356820446,-0.0334407326198697,0.00963599438936751));
#2148=CARTESIAN_POINT('',(0.0237501280783129,-0.033416878656369,0.00988593100177838));
#2149=CARTESIAN_POINT('',(0.0236314306775204,-0.0333552260824914,0.0103824763485284));
#2150=CARTESIAN_POINT('',(0.0235704887309444,-0.0333173969433607,0.0106292407636679));
#2151=CARTESIAN_POINT('',(0.0234686541845299,-0.0332443105819153,0.0110301758955836));
#2152=CARTESIAN_POINT('',(0.0234284869461909,-0.0332131284816793,0.01118534398877));
#2153=CARTESIAN_POINT('',(0.0233877502889458,-0.0331792482700578,0.0113396087935813));
#2154=CARTESIAN_POINT('',(0.0235041100259615,-0.0334998050364857,0.00855801119377259));
#2155=CARTESIAN_POINT('',(0.0234559637022113,-0.0334986996132971,0.00881084966374998));
#2156=CARTESIAN_POINT('',(0.0234077931944303,-0.0334902966532559,0.00906098382305091));
#2157=CARTESIAN_POINT('',(0.0233074065751233,-0.0334598493172074,0.00955658119274338));
#2158=CARTESIAN_POINT('',(0.0232552925758619,-0.0334377934758743,0.0098020415704861));
#2159=CARTESIAN_POINT('',(0.0231484074684322,-0.0333803893166727,0.0102888796464623));
#2160=CARTESIAN_POINT('',(0.0230937269552042,-0.0333450341791944,0.010530345682887));
#2161=CARTESIAN_POINT('',(0.0230025190534402,-0.0332766483024868,0.0109221060839983));
#2162=CARTESIAN_POINT('',(0.0229665954822166,-0.0332474502283331,0.0110735991190527));
#2163=CARTESIAN_POINT('',(0.0229302130121443,-0.033215706406624,0.0112241576302411));
#2164=CARTESIAN_POINT('',(0.0232479772592453,-0.0335,0.00852896111617575));
#2165=CARTESIAN_POINT('',(0.0232020178153803,-0.0334994546661671,0.00877962825167425));
#2166=CARTESIAN_POINT('',(0.0231556088202627,-0.0334917791510106,0.00902762174302875));
#2167=CARTESIAN_POINT('',(0.0230597539830142,-0.0334629727237986,0.00951873005910541));
#2168=CARTESIAN_POINT('',(0.0230103633972001,-0.0334418359898677,0.00976184369087869));
#2169=CARTESIAN_POINT('',(0.0229093220305991,-0.0333866050263497,0.0102435979894722));
#2170=CARTESIAN_POINT('',(0.0228577202555728,-0.0333525137101095,0.0104822922648609));
#2171=CARTESIAN_POINT('',(0.0227716923324674,-0.033286526179453,0.0108692470890268));
#2172=CARTESIAN_POINT('',(0.0227378303920753,-0.0332583404639696,0.0110188136170524));
#2173=CARTESIAN_POINT('',(0.0227035616872942,-0.033227688097733,0.0111674257459067));
#2174=CARTESIAN_POINT('',(0.0229921046513929,-0.0335,0.0085));
#2175=CARTESIAN_POINT('',(0.0229483003674776,-0.0335,0.00874849530168325));
#2176=CARTESIAN_POINT('',(0.0229035157808287,-0.0334929847835944,0.00899434526475827));
#2177=CARTESIAN_POINT('',(0.0228120371148692,-0.0334657461395888,0.00948095128560859));
#2178=CARTESIAN_POINT('',(0.0227653425709532,-0.0334455181027873,0.00972170778851063));
#2179=CARTESIAN_POINT('',(0.0226700705984757,-0.0333924329354371,0.0101983471383539));
#2180=CARTESIAN_POINT('',(0.022621488961489,-0.033359582470859,0.0104342494858279));
#2181=CARTESIAN_POINT('',(0.0225404979414347,-0.0332959368235796,0.0108163512563822));
#2182=CARTESIAN_POINT('',(0.0225086335321469,-0.0332687385002325,0.010963969007264));
#2183=CARTESIAN_POINT('',(0.0224764108546544,-0.0332391524777776,0.0111106073244212));
#2184=CARTESIAN_POINT('',(0.025839685013727,-0.0332421901977591,0.00890100514497154));
#2185=CARTESIAN_POINT('',(0.0257202215559403,-0.0332421901977591,0.00924428325546719));
#2186=CARTESIAN_POINT('',(0.0253706062966768,-0.03324219019889,0.00987821586044429));
#2187=CARTESIAN_POINT('',(0.0245760558817974,-0.0332421901984349,0.0106334384672788));
#2188=CARTESIAN_POINT('',(0.0235741563976481,-0.0332421901985589,0.0110748958879731));
#2189=CARTESIAN_POINT('',(0.0228413935644153,-0.0332421901985313,0.0110954978253889));
#2190=CARTESIAN_POINT('',(0.0224797288215172,-0.0332421901985313,0.0110954978388272));
#2191=CARTESIAN_POINT('',(0.0236093822214511,-0.0323312562816799,0.0137277898871477));
#2192=CARTESIAN_POINT('',(0.0235768491688704,-0.0322936254304934,0.0138161497090351));
#2193=CARTESIAN_POINT('',(0.023544312480284,-0.0322552037506748,0.0139036893349978));
#2194=CARTESIAN_POINT('',(0.0234130971694377,-0.0320971458965448,0.0142534672101598));
#2195=CARTESIAN_POINT('',(0.0233148817258118,-0.0319716790255224,0.0145077613371858));
#2196=CARTESIAN_POINT('',(0.0230234611586879,-0.0315798949422398,0.0152427831189407));
#2197=CARTESIAN_POINT('',(0.0228338051452616,-0.0312988553389245,0.0156950512812646));
#2198=CARTESIAN_POINT('',(0.0224658595790056,-0.0307089064180515,0.0165341644317655));
#2199=CARTESIAN_POINT('',(0.0222875074424186,-0.0304002036560716,0.0169214776615038));
#2200=CARTESIAN_POINT('',(0.0220219572461713,-0.0299086292477415,0.017473211306026));
#2201=CARTESIAN_POINT('',(0.0219336145801319,-0.029739606736951,0.0176524127689468));
#2202=CARTESIAN_POINT('',(0.0218129981478344,-0.0295010481234066,0.017891626890524));
#2203=CARTESIAN_POINT('',(0.0217800963572207,-0.029435153956634,0.0179563139487809));
#2204=CARTESIAN_POINT('',(0.0217473376787609,-0.0293687106388135,0.0180201776080329));
#2205=CARTESIAN_POINT('',(0.0233647487020144,-0.032408984909948,0.0136332863171653));
#2206=CARTESIAN_POINT('',(0.023333968909861,-0.0323722114223066,0.0137210961992646));
#2207=CARTESIAN_POINT('',(0.0233031698505381,-0.0323346442054847,0.0138081405648887));
#2208=CARTESIAN_POINT('',(0.0231788860092541,-0.0321800024904004,0.0141561558027524));
#2209=CARTESIAN_POINT('',(0.0230856792716462,-0.0320570230616296,0.0144096800002122));
#2210=CARTESIAN_POINT('',(0.0228084325966305,-0.0316720694384986,0.0151441131004759));
#2211=CARTESIAN_POINT('',(0.0226270222967607,-0.0313946773559228,0.0155983710922144));
#2212=CARTESIAN_POINT('',(0.0222730854424429,-0.0308091137951037,0.0164450004121023));
#2213=CARTESIAN_POINT('',(0.0221004950831175,-0.0305011103006062,0.0168378162805113));
#2214=CARTESIAN_POINT('',(0.0218430095292062,-0.0300092549600658,0.0173981947128196));
#2215=CARTESIAN_POINT('',(0.0217572745049088,-0.0298399420183779,0.0175803392761952));
#2216=CARTESIAN_POINT('',(0.0216401534709483,-0.0296007563531238,0.0178235861725093));
#2217=CARTESIAN_POINT('',(0.0216081965242401,-0.0295346647565067,0.0178893781971812));
#2218=CARTESIAN_POINT('',(0.0215763705561331,-0.0294679989814108,0.0179543457381844));
#2219=CARTESIAN_POINT('',(0.0231220779703679,-0.0324720665090958,0.0135369558062499));
#2220=CARTESIAN_POINT('',(0.0230930537839342,-0.0324362708912803,0.0136240719804042));
#2221=CARTESIAN_POINT('',(0.0230639947779135,-0.0323996805264671,0.0137104803739533));
#2222=CARTESIAN_POINT('',(0.0229466541069323,-0.0322489546808152,0.0140561800197178));
#2223=CARTESIAN_POINT('',(0.0228584701570686,-0.0321288514247407,0.01430855416378));
#2224=CARTESIAN_POINT('',(0.0225954693059064,-0.0317518847697859,0.0150414058021174));
#2225=CARTESIAN_POINT('',(0.0224223970671331,-0.0314788915551992,0.0154972028936421));
#2226=CARTESIAN_POINT('',(0.0220827293993419,-0.0308990055933873,0.0163508667974972));
#2227=CARTESIAN_POINT('',(0.0219160674066367,-0.0305922364167992,0.0167491530742017));
#2228=CARTESIAN_POINT('',(0.0216669040195419,-0.030100839345303,0.0173182063475889));
#2229=CARTESIAN_POINT('',(0.0215838637604122,-0.0299314753446112,0.0175033160813327));
#2230=CARTESIAN_POINT('',(0.0214703580548237,-0.0296919848007041,0.0177506342419756));
#2231=CARTESIAN_POINT('',(0.0214393788501188,-0.0296257829316195,0.0178175429355244));
#2232=CARTESIAN_POINT('',(0.0214085185384814,-0.0295589808203897,0.0178836270605122));
#2233=CARTESIAN_POINT('',(0.0227354281624312,-0.032555990498204,0.0133804132680788));
#2234=CARTESIAN_POINT('',(0.0227091547991882,-0.0325218932215555,0.0134662177899695));
#2235=CARTESIAN_POINT('',(0.0226828233922313,-0.0324870029500436,0.0135514093045394));
#2236=CARTESIAN_POINT('',(0.0225763747143837,-0.0323431080639971,0.0138926140560167));
#2237=CARTESIAN_POINT('',(0.0224960918944461,-0.0322280603461036,0.0141425888632954));
#2238=CARTESIAN_POINT('',(0.022255592915775,-0.0318652550454261,0.0148714295197989));
#2239=CARTESIAN_POINT('',(0.0220958324170826,-0.0316002439407912,0.0153289921693422));
#2240=CARTESIAN_POINT('',(0.0217791948506814,-0.0310310853832888,0.0161932044308409));
#2241=CARTESIAN_POINT('',(0.0216222423778757,-0.0307269795233047,0.0166002330750261));
#2242=CARTESIAN_POINT('',(0.02138677186314,-0.0302372451163329,0.0171832855837534));
#2243=CARTESIAN_POINT('',(0.021308175636464,-0.0300680976348808,0.0173731995920863));
#2244=CARTESIAN_POINT('',(0.0212006410672939,-0.0298285160699623,0.0176271278162281));
#2245=CARTESIAN_POINT('',(0.0211712779958278,-0.0297622445993052,0.0176958514221927));
#2246=CARTESIAN_POINT('',(0.0211420150856314,-0.0296953293786287,0.0177637519925978));
#2247=CARTESIAN_POINT('',(0.0224439017404447,-0.032611648060074,0.0132609782285582));
#2248=CARTESIAN_POINT('',(0.0224196808091212,-0.0325788950778153,0.0133456987174101));
#2249=CARTESIAN_POINT('',(0.0223953850477867,-0.0325453519918359,0.013429878908418));
#2250=CARTESIAN_POINT('',(0.0222970691384355,-0.0324068768554617,0.0137673232930564));
#2251=CARTESIAN_POINT('',(0.0222226961225527,-0.032295856546385,0.0140152274139935));
#2252=CARTESIAN_POINT('',(0.0219990710667224,-0.0319443844464393,0.0147403551943376));
#2253=CARTESIAN_POINT('',(0.0218493587661397,-0.0316858380349757,0.0151989311688731));
#2254=CARTESIAN_POINT('',(0.0215502190434101,-0.0311255413215813,0.0160707906808071));
#2255=CARTESIAN_POINT('',(0.0214007074627745,-0.0308237656052357,0.0164844225899055));
#2256=CARTESIAN_POINT('',(0.0211757584211946,-0.0303357162931273,0.0170781119143363));
#2257=CARTESIAN_POINT('',(0.0211005814746459,-0.0301668699577049,0.0172716850619844));
#2258=CARTESIAN_POINT('',(0.0209976451395384,-0.0299274025175822,0.0175306540508933));
#2259=CARTESIAN_POINT('',(0.0209695271809591,-0.029861127692285,0.0176007625577393));
#2260=CARTESIAN_POINT('',(0.0209414955031672,-0.0297941753991361,0.0176700499618964));
#2261=CARTESIAN_POINT('',(0.0221537110750625,-0.0326573972974477,0.0131403096090225));
#2262=CARTESIAN_POINT('',(0.0221314518335463,-0.0326260455173298,0.0132238033933523));
#2263=CARTESIAN_POINT('',(0.0221091032983437,-0.032593909663894,0.0133068294386573));
#2264=CARTESIAN_POINT('',(0.0220185771209152,-0.0324611094509586,0.0136399407215686));
#2265=CARTESIAN_POINT('',(0.021949891093368,-0.0323543391798701,0.0138853524686343));
#2266=CARTESIAN_POINT('',(0.0217426053844493,-0.0320149254731928,0.0146056253416742));
#2267=CARTESIAN_POINT('',(0.0216027762152692,-0.031763404258532,0.01506464205347));
#2268=CARTESIAN_POINT('',(0.0213210844208592,-0.0312130095688996,0.0159435614097928));
#2269=CARTESIAN_POINT('',(0.0211791236540621,-0.0309140337668941,0.016363783408731));
#2270=CARTESIAN_POINT('',(0.0209649107583315,-0.0304282996935009,0.0169682093581426));
#2271=CARTESIAN_POINT('',(0.0208932326401186,-0.0302599565053578,0.0171654923090741));
#2272=CARTESIAN_POINT('',(0.0207950105335937,-0.0300208697307328,0.0174295839979542));
#2273=CARTESIAN_POINT('',(0.0207681703344671,-0.0299546631252276,0.0175011015721911));
#2274=CARTESIAN_POINT('',(0.020741403377131,-0.0298877438857795,0.0175718014817993));
#2275=CARTESIAN_POINT('',(0.022007748496426,-0.032679891759018,0.0130795189527339));
#2276=CARTESIAN_POINT('',(0.0219864476306714,-0.0326492384174832,0.0131623753885769));
#2277=CARTESIAN_POINT('',(0.0219650509042134,-0.0326178047590789,0.013244799905678));
#2278=CARTESIAN_POINT('',(0.0218783353679893,-0.0324878396883391,0.0135756451082816));
#2279=CARTESIAN_POINT('',(0.0218124390937595,-0.0323832010396375,0.0138197338670213));
#2280=CARTESIAN_POINT('',(0.0216131957181949,-0.0320498589428498,0.0145373688802383));
#2281=CARTESIAN_POINT('',(0.021478271370252,-0.0318019105149616,0.0149964984104725));
#2282=CARTESIAN_POINT('',(0.0212052911745989,-0.0312566009391105,0.0158788590793212));
#2283=CARTESIAN_POINT('',(0.0210671286041619,-0.0309590965377719,0.0163023959547061));
#2284=CARTESIAN_POINT('',(0.0208583293776084,-0.0304746100398733,0.0169122491664616));
#2285=CARTESIAN_POINT('',(0.0207884177794691,-0.0303065464584402,0.0171114107839403));
#2286=CARTESIAN_POINT('',(0.0206925780553845,-0.0300676851680349,0.0173780993713894));
#2287=CARTESIAN_POINT('',(0.0206663838750959,-0.0300015219256867,0.0174503316184404));
#2288=CARTESIAN_POINT('',(0.0206402566281589,-0.029934628073248,0.0175217482717793));
#2289=CARTESIAN_POINT('',(0.0220000000000174,-0.0326687128674264,0.0131096237301695));
#2290=CARTESIAN_POINT('',(0.0220000000000174,-0.0320540267197374,0.0147588204353239));
#2291=CARTESIAN_POINT('',(0.022,-0.0311249336913597,0.0162580844727878));
#2292=CARTESIAN_POINT('',(0.022,-0.0298826156691198,0.0174991810658531));
#2293=CARTESIAN_POINT('',(0.0220000005314186,-0.0298826121440527,0.0174991775373168));
#2294=CARTESIAN_POINT('',(0.0206485153618657,-0.0299557429879252,0.0174991526195313));
#2295=CARTESIAN_POINT('',(0.0210805002668,-0.0299539231876382,0.0175010994676408));
#2296=CARTESIAN_POINT('',(0.021522191446169,-0.0299451329203941,0.0175051319710406));
#2297=CARTESIAN_POINT('',(0.0220000017634749,-0.0298826245500319,0.0174991463312389));
#2298=CARTESIAN_POINT('',(-0.0321317897109875,-0.026775,0.00332278355202505));
#2299=CARTESIAN_POINT('',(-0.0321317897109875,0.001275,0.00332278355202505));
#2300=CARTESIAN_POINT('',(-0.0321317897109875,-0.026775,-0.0001582277881917));
#2301=CARTESIAN_POINT('',(-0.0321317897109875,0.001275,-0.0001582277881917));
#2302=CARTESIAN_POINT('',(-0.0321317897109875,-0.022,0.00158227788191669));
#2303=CARTESIAN_POINT('',(-0.0321317897109875,-0.022,0.00316455576383338));
#2304=CARTESIAN_POINT('',(-0.0321317897109875,-0.022,0.0031));
#2305=CARTESIAN_POINT('',(-0.0321317897109875,0.,0.0031));
#2306=CARTESIAN_POINT('',(-0.0321317897109875,-0.0255,0.0031));
#2307=CARTESIAN_POINT('',(-0.0321317897109875,-0.0255,0.0031));
#2308=CARTESIAN_POINT('',(-0.0321317897109875,-0.0255,0.00206666666666666));
#2309=CARTESIAN_POINT('',(-0.0321317897109875,-0.0255,0.00103333333333331));
#2310=CARTESIAN_POINT('',(-0.0321317897109875,-0.0255,-3.01137153407849E-17));
#2311=CARTESIAN_POINT('',(-0.0321317897109875,-0.0255,0.));
#2312=CARTESIAN_POINT('',(-0.0321317897109875,0.,0.));
#2313=CARTESIAN_POINT('',(-0.0321317897109875,-1.54074395550979E-33,0.));
#2314=CARTESIAN_POINT('',(-0.0321317897109875,0.,0.00158227788191669));
#2315=CARTESIAN_POINT('',(-0.0321317897109875,-1.54074395550979E-33,0.00316455576383338));
#2316=CARTESIAN_POINT('',(-0.0321317897109875,0.,0.00316455576383338));
#2317=CARTESIAN_POINT('',(-0.0235407109559006,0.0011,0.0201359743884005));
#2318=CARTESIAN_POINT('',(-0.0235407109559006,-0.0231,0.0201359743884005));
#2319=CARTESIAN_POINT('',(-0.0302700503795193,0.0011,0.0151923950863119));
#2320=CARTESIAN_POINT('',(-0.0302700503795193,-0.0231,0.0151923950863119));
#2321=CARTESIAN_POINT('',(-0.0333234198219899,0.0011,0.00742065651363119));
#2322=CARTESIAN_POINT('',(-0.0333234198219899,-0.0231,0.00742065651363119));
#2323=CARTESIAN_POINT('',(-0.0317587803988718,0.0011,-0.000781470580600611));
#2324=CARTESIAN_POINT('',(-0.0317587803988718,-0.0231,-0.000781470580600611));
#2325=CARTESIAN_POINT('',(-0.0265,0.,0.0174991451919287));
#2326=CARTESIAN_POINT('',(-0.0265,-3.85185988877447E-34,0.0174991451919287));
#2327=CARTESIAN_POINT('',(-0.0265,-0.022,0.0174991451919287));
#2328=CARTESIAN_POINT('',(-0.0110729858854398,-0.022,0.0031645557638334));
#2329=CARTESIAN_POINT('',(-0.0110729858854398,0.,0.0031645557638334));
#2330=CARTESIAN_POINT('',(-0.0229921046513929,-0.0335,0.0085));
#2331=CARTESIAN_POINT('',(-0.022948298381803,-0.0335,0.00874850656612489));
#2332=CARTESIAN_POINT('',(-0.0229035117206441,-0.0334929841479902,0.00899436755376569));
#2333=CARTESIAN_POINT('',(-0.0228120287346927,-0.0334657430708792,0.00948099517100082));
#2334=CARTESIAN_POINT('',(-0.0227653319448026,-0.0334455132316934,0.00972176224619342));
#2335=CARTESIAN_POINT('',(-0.0226700553121653,-0.0333924233679238,0.010198422318645));
#2336=CARTESIAN_POINT('',(-0.0226214712600778,-0.0333595700107598,0.0104343348206757));
#2337=CARTESIAN_POINT('',(-0.0225404761632708,-0.033295918786106,0.0108164528415733));
#2338=CARTESIAN_POINT('',(-0.0225086101387638,-0.0332687180894669,0.0109640768184566));
#2339=CARTESIAN_POINT('',(-0.022476385814854,-0.0332391294891251,0.0111107212762194));
#2340=CARTESIAN_POINT('',(-0.0232483951182142,-0.0335,0.00852863994320032));
#2341=CARTESIAN_POINT('',(-0.0232024300098088,-0.0334994606893553,0.00877932546793072));
#2342=CARTESIAN_POINT('',(-0.0231557255969714,-0.033491792011592,0.00902729690809274));
#2343=CARTESIAN_POINT('',(-0.0230596473409994,-0.0334629964079722,0.00951841024043711));
#2344=CARTESIAN_POINT('',(-0.0230103038828308,-0.033441863746973,0.00976154760541888));
#2345=CARTESIAN_POINT('',(-0.0229093578771619,-0.0333866384446626,0.0102433528437615));
#2346=CARTESIAN_POINT('',(-0.0228577731483125,-0.0333525487509267,0.0104820706222865));
#2347=CARTESIAN_POINT('',(-0.0227716958709021,-0.033286561798164,0.0108690562811397));
#2348=CARTESIAN_POINT('',(-0.0227378044832915,-0.033258375784408,0.0110186339675357));
#2349=CARTESIAN_POINT('',(-0.0227035094014095,-0.0332277225615735,0.0111672578414056));
#2350=CARTESIAN_POINT('',(-0.0235048694907075,-0.0334997676332222,0.00855737167540411));
#2351=CARTESIAN_POINT('',(-0.0234567149135801,-0.0334986749073738,0.00881023426492691));
#2352=CARTESIAN_POINT('',(-0.0234080059232981,-0.0334903113824056,0.00906031254595258));
#2353=CARTESIAN_POINT('',(-0.0233072145618158,-0.0334599069595168,0.00955589801853597));
#2354=CARTESIAN_POINT('',(-0.0232551887907455,-0.0334378568856168,0.00980139569028536));
#2355=CARTESIAN_POINT('',(-0.0231484819064882,-0.0333804600538853,0.0102883158172066));
#2356=CARTESIAN_POINT('',(-0.0230938342975739,-0.0333451091846057,0.0105298191028163));
#2357=CARTESIAN_POINT('',(-0.0230025386792071,-0.0332767333782262,0.0109216253609193));
#2358=CARTESIAN_POINT('',(-0.0229665621865136,-0.0332475392105356,0.0110731346320602));
#2359=CARTESIAN_POINT('',(-0.0229301323893233,-0.0332157980939686,0.0112237106469542));
#2360=CARTESIAN_POINT('',(-0.0240233675831013,-0.0334864181058423,0.00861940542776582));
#2361=CARTESIAN_POINT('',(-0.0239707658748848,-0.0334842271317507,0.00887641600840434));
#2362=CARTESIAN_POINT('',(-0.0239178551575372,-0.0334744727096546,0.00913049217575458));
#2363=CARTESIAN_POINT('',(-0.0238073899786816,-0.0334408879524217,0.00963458872963862));
#2364=CARTESIAN_POINT('',(-0.0237499339884192,-0.033417040013609,0.00988458881557239));
#2365=CARTESIAN_POINT('',(-0.0236315415663378,-0.0333553915648053,0.0103812764944894));
#2366=CARTESIAN_POINT('',(-0.0235706560381127,-0.0333175703977332,0.0106281056142093));
#2367=CARTESIAN_POINT('',(-0.0234686726665467,-0.0332445148539943,0.011029118918088));
#2368=CARTESIAN_POINT('',(-0.0234284154197068,-0.0332133463177315,0.0111843145889897));
#2369=CARTESIAN_POINT('',(-0.0233875981070258,-0.0331794769749392,0.0113386094872995));
#2370=CARTESIAN_POINT('',(-0.0242853421942161,-0.0334733253738142,0.00865269447091848));
#2371=CARTESIAN_POINT('',(-0.0242304834370238,-0.0334705896035233,0.00891167606702034));
#2372=CARTESIAN_POINT('',(-0.0241753764221543,-0.0334601391129365,0.00916764342925131));
#2373=CARTESIAN_POINT('',(-0.0240599520106585,-0.0334249828551148,0.00967577915428533));
#2374=CARTESIAN_POINT('',(-0.0239997487608605,-0.0334002544929797,0.00992792143311072));
#2375=CARTESIAN_POINT('',(-0.0238754330801739,-0.0333365259979468,0.0104292619416041));
#2376=CARTESIAN_POINT('',(-0.0238113732963424,-0.0332974957166492,0.0106786314710202));
#2377=CARTESIAN_POINT('',(-0.0237039219494319,-0.0332221492684108,0.0110840313857298));
#2378=CARTESIAN_POINT('',(-0.0236614696424009,-0.0331900145023975,0.011240981942272));
#2379=CARTESIAN_POINT('',(-0.0236184001340181,-0.0331551048055305,0.0113970436636601));
#2380=CARTESIAN_POINT('',(-0.0248143761237426,-0.033425967628983,0.00872633166140078));
#2381=CARTESIAN_POINT('',(-0.0247549862960062,-0.0334221823899499,0.00898888371839219));
#2382=CARTESIAN_POINT('',(-0.0246953574866455,-0.0334104028665046,0.0092482527645323));
#2383=CARTESIAN_POINT('',(-0.0245698961384602,-0.0333722597552688,0.00976370549604975));
#2384=CARTESIAN_POINT('',(-0.0245041992466737,-0.0333458641415638,0.0100197505798155));
#2385=CARTESIAN_POINT('',(-0.0243680240068718,-0.0332782057206762,0.0105296019017999));
#2386=CARTESIAN_POINT('',(-0.0242975894660881,-0.0332368943394239,0.0107836361477316));
#2387=CARTESIAN_POINT('',(-0.0241791081493379,-0.033157232170756,0.0111970944975833));
#2388=CARTESIAN_POINT('',(-0.0241322198999179,-0.0331232786202285,0.0113572691640793));
#2389=CARTESIAN_POINT('',(-0.024084595153894,-0.0330864125857196,0.0115165724773706));
#2390=CARTESIAN_POINT('',(-0.0250813863333687,-0.0333917270447539,0.00876666683172516));
#2391=CARTESIAN_POINT('',(-0.0250197230974552,-0.033387437170018,0.00903081842328278));
#2392=CARTESIAN_POINT('',(-0.0249577696432242,-0.0333750246636372,0.00929169810787112));
#2393=CARTESIAN_POINT('',(-0.0248272320702124,-0.0333354662140626,0.00981042890481038));
#2394=CARTESIAN_POINT('',(-0.0247587894427279,-0.0333082838007995,0.0100682346860997));
#2395=CARTESIAN_POINT('',(-0.0246166793030462,-0.0332387755417083,0.010581944158158));
#2396=CARTESIAN_POINT('',(-0.0245430450445562,-0.0331963921827501,0.0108381027935799));
#2397=CARTESIAN_POINT('',(-0.0244190031702094,-0.0331147051773951,0.0112552331320475));
#2398=CARTESIAN_POINT('',(-0.0243698746274638,-0.0330798990569911,0.0114168770934817));
#2399=CARTESIAN_POINT('',(-0.0243199474439812,-0.033042117017333,0.0115776552562846));
#2400=CARTESIAN_POINT('',(-0.0255187527906376,-0.0333143361461264,0.00883926779011749));
#2401=CARTESIAN_POINT('',(-0.0254534290217781,-0.0333092738889788,0.00910562528174423));
#2402=CARTESIAN_POINT('',(-0.0253876628148413,-0.033295915172183,0.00936856229177047));
#2403=CARTESIAN_POINT('',(-0.0252489042136446,-0.0332542432262165,0.00989182347438296));
#2404=CARTESIAN_POINT('',(-0.0251760565140542,-0.0332258877213851,0.0101520907647781));
#2405=CARTESIAN_POINT('',(-0.025024418428693,-0.033153632853308,0.0106712431770219));
#2406=CARTESIAN_POINT('',(-0.0249456369079869,-0.0331096633344494,0.0109304239955401));
#2407=CARTESIAN_POINT('',(-0.0248126211164843,-0.0330249892636842,0.0113527928734977));
#2408=CARTESIAN_POINT('',(-0.0247598723708556,-0.0329889271497456,0.0115165357764576));
#2409=CARTESIAN_POINT('',(-0.0247062221661462,-0.0329497972263655,0.011679418767093));
#2410=CARTESIAN_POINT('',(-0.0256889268858554,-0.0332789640086789,0.00886912862606747));
#2411=CARTESIAN_POINT('',(-0.0256221945876312,-0.0332736146096799,0.00913624215944066));
#2412=CARTESIAN_POINT('',(-0.0255549438314218,-0.033259910086319,0.00939987668812071));
#2413=CARTESIAN_POINT('',(-0.0254130099636941,-0.0332174663539984,0.00992469344811937));
#2414=CARTESIAN_POINT('',(-0.0253384712267099,-0.0331886829728451,0.0101858141736856));
#2415=CARTESIAN_POINT('',(-0.0251831739005865,-0.0331154293956437,0.0107068679400014));
#2416=CARTESIAN_POINT('',(-0.0251024129424879,-0.033070884616836,0.0109671117028445));
#2417=CARTESIAN_POINT('',(-0.0249659388937467,-0.0329851296615666,0.0113913272479752));
#2418=CARTESIAN_POINT('',(-0.0249117938633016,-0.0329486135320169,0.0115558108611024));
#2419=CARTESIAN_POINT('',(-0.0248567071165399,-0.0329089968037282,0.0117194360624628));
#2420=CARTESIAN_POINT('',(-0.0258582841677296,-0.0332380105722816,0.00890060927318614));
#2421=CARTESIAN_POINT('',(-0.0257901723205853,-0.0332323895098628,0.00916836415397162));
#2422=CARTESIAN_POINT('',(-0.0257214540040856,-0.0332183650759634,0.00943258182066576));
#2423=CARTESIAN_POINT('',(-0.0255764012982126,-0.033175207833038,0.00995872290792236));
#2424=CARTESIAN_POINT('',(-0.0255002097605638,-0.0331460293839929,0.0102205801429454));
#2425=CARTESIAN_POINT('',(-0.0253413351749293,-0.0330718574378436,0.0107432928439551));
#2426=CARTESIAN_POINT('',(-0.0252586373736436,-0.0330267855366056,0.0110044731277306));
#2427=CARTESIAN_POINT('',(-0.0251187740525974,-0.0329400430398208,0.0114303219662419));
#2428=CARTESIAN_POINT('',(-0.0250632597099826,-0.0329031126492496,0.0115954619465899));
#2429=CARTESIAN_POINT('',(-0.0250067636710809,-0.0328630521842017,0.0117597445362351));
#2430=CARTESIAN_POINT('',(-0.0229921046513929,-0.0335,0.0085));
#2431=CARTESIAN_POINT('',(-0.0239185062487059,-0.0335,0.00860352351164992));
#2432=CARTESIAN_POINT('',(-0.0248786449866994,-0.0334726495851681,0.00871920204248549));
#2433=CARTESIAN_POINT('',(-0.0258409651741584,-0.0332421784787847,0.0088973961333582));
#2434=CARTESIAN_POINT('',(-0.025840968831459,-0.0332421901985222,0.00889739294907211));
#2435=CARTESIAN_POINT('',(-0.0258409688363292,-0.0332421901979435,0.00889739294997396));
#2436=CARTESIAN_POINT('',(-0.025721788402057,-0.0332421901979435,0.0092410989093394));
#2437=CARTESIAN_POINT('',(-0.0253727679790366,-0.0332421901988044,0.00987616136398847));
#2438=CARTESIAN_POINT('',(-0.0245777007060221,-0.033242190198458,0.0106323843606411));
#2439=CARTESIAN_POINT('',(-0.0235750718836931,-0.0332421901985523,0.0110747662672906));
#2440=CARTESIAN_POINT('',(-0.0228417045594812,-0.0332421901985313,0.0110955063511778));
#2441=CARTESIAN_POINT('',(-0.0224797288215345,-0.0332421901985313,0.0110954978388276));
#2442=CARTESIAN_POINT('',(0.0245525825636205,0.,0.0193439776310226));
#2443=CARTESIAN_POINT('',(0.0245525825636205,0.049105165127241,0.0193439776310226));
#2444=CARTESIAN_POINT('',(-0.0245525825636205,0.049105165127241,0.0193439776310226));
#2445=CARTESIAN_POINT('',(-0.0245525825636205,3.0068241647339E-18,0.0193439776310226));
#2446=CARTESIAN_POINT('',(0.0302057016281754,0.,0.0146341823373807));
#2447=CARTESIAN_POINT('',(0.0302057016281754,0.0604114032563508,0.0146341823373807));
#2448=CARTESIAN_POINT('',(-0.0302057016281754,0.0604114032563508,0.0146341823373807));
#2449=CARTESIAN_POINT('',(-0.0302057016281754,3.6991315814945E-18,0.0146341823373807));
#2450=CARTESIAN_POINT('',(0.0328963082092314,0.,0.00778578375873307));
#2451=CARTESIAN_POINT('',(0.0328963082092314,0.0657926164184628,0.00778578375873307));
#2452=CARTESIAN_POINT('',(-0.0328963082092314,0.0657926164184628,0.00778578375873307));
#2453=CARTESIAN_POINT('',(-0.0328963082092314,4.02863585522001E-18,0.00778578375873307));
#2454=CARTESIAN_POINT('',(0.0319609385681719,0.,0.00048749556898409));
#2455=CARTESIAN_POINT('',(0.0319609385681719,0.0639218771363438,0.00048749556898409));
#2456=CARTESIAN_POINT('',(-0.0319609385681719,0.0639218771363438,0.00048749556898409));
#2457=CARTESIAN_POINT('',(-0.0319609385681719,3.91408611152569E-18,0.00048749556898409));
#2458=CARTESIAN_POINT('',(-0.003,0.0319914349479845,0.00316455576383338));
#2459=CARTESIAN_POINT('',(-0.003,0.0319914349479845,0.00489189017676072));
#2460=CARTESIAN_POINT('',(-0.00299999999999998,0.0315703953103049,0.00830157584542516));
#2461=CARTESIAN_POINT('',(-0.00300000000000003,0.0303164479031022,0.0115563844163967));
#2462=CARTESIAN_POINT('',(-0.00300000000000003,0.0295,0.0130785801298823));
#2463=CARTESIAN_POINT('',(-0.003,0.0319914349479845,0.00316455576383338));
#2464=CARTESIAN_POINT('',(-0.003,0.0295,0.0130785801298823));
#2465=CARTESIAN_POINT('',(-0.00300000000000001,0.0295,0.0130785801298823));
#2466=CARTESIAN_POINT('',(-0.00300000000000001,0.0292337146231398,0.013575045927247));
#2467=CARTESIAN_POINT('',(-0.00293178999940067,0.0286745830602938,0.014535631745179));
#2468=CARTESIAN_POINT('',(-0.00252173612094409,0.027758688324901,0.0158995819282139));
#2469=CARTESIAN_POINT('',(-0.0016445812096727,0.0268509714563337,0.0170841351873139));
#2470=CARTESIAN_POINT('',(-0.000567885634746794,0.0265,0.0174991451919287));
#2471=CARTESIAN_POINT('',(1.36314131114614E-17,0.0265,0.0174991451919287));
#2472=CARTESIAN_POINT('',(1.45548992456866E-17,0.0265,0.0174991451919287));
#2473=CARTESIAN_POINT('',(0.,0.,0.0174991451919287));
#2474=CARTESIAN_POINT('',(0.,0.,0.00316455576383338));
#2475=CARTESIAN_POINT('',(0.0294384444023929,-0.0275,0.0190651011734733));
#2476=CARTESIAN_POINT('',(0.0294384444023929,5.89257730671339E-18,0.0190651011734733));
#2477=CARTESIAN_POINT('',(0.0330547894458577,-0.0275,0.0152072355806282));
#2478=CARTESIAN_POINT('',(0.0330547894458578,6.18296627640471E-18,0.0152072355806282));
#2479=CARTESIAN_POINT('',(0.035,-0.0275,0.010289369211459));
#2480=CARTESIAN_POINT('',(0.035,6.89840125266714E-18,0.010289369211459));
#2481=CARTESIAN_POINT('',(0.035,-0.0275,0.005));
#2482=CARTESIAN_POINT('',(0.035,6.57798572886929E-18,0.005));
#2483=CARTESIAN_POINT('',(0.0294999926883865,-0.0260951535958027,0.0189991530607489));
#2484=CARTESIAN_POINT('',(0.0302106143563263,-0.0265330485159128,0.0182343764290895));
#2485=CARTESIAN_POINT('',(0.0310684011496047,-0.0269546819551389,0.0171729012310485));
#2486=CARTESIAN_POINT('',(0.0320474113713426,-0.0272884786693566,0.0156300904231795));
#2487=CARTESIAN_POINT('',(0.0326396393156763,-0.0274459489357372,0.014599824566592));
#2488=CARTESIAN_POINT('',(0.0330595662738733,-0.0274999999959566,0.0137418206617944));
#2489=CARTESIAN_POINT('',(0.0333018498474787,-0.0275,0.0131831912200027));
#2490=CARTESIAN_POINT('',(0.0294999838161565,-0.026095127987533,0.0189991301541056));
#2491=CARTESIAN_POINT('',(0.0333018498474787,-0.0275,0.0131831912200027));
#2492=CARTESIAN_POINT('',(0.0333018498474787,-0.0275,0.0131831912200027));
#2493=CARTESIAN_POINT('',(0.0344298681719203,-0.0275,0.0105823370327523));
#2494=CARTESIAN_POINT('',(0.0350000000000001,-0.0275,0.0077376008029614));
#2495=CARTESIAN_POINT('',(0.0350000000000001,-0.0275,0.005));
#2496=CARTESIAN_POINT('',(0.035,-0.0275,0.005));
#2497=CARTESIAN_POINT('',(0.035,-0.0355,0.005));
#2498=CARTESIAN_POINT('',(0.035,6.93889390390723E-18,0.005));
#2499=CARTESIAN_POINT('',(0.0144339939904817,1.8722226214917E-18,0.005));
#2500=CARTESIAN_POINT('',(0.0295,6.93889390390723E-18,0.0189991451919287));
#2501=CARTESIAN_POINT('',(0.0295,-0.0355,0.0189991451919287));
#2502=CARTESIAN_POINT('',(-0.0294384444023744,4.53275177439377E-19,0.0190651011734931));
#2503=CARTESIAN_POINT('',(-0.0294384444023744,-0.0275,0.0190651011734931));
#2504=CARTESIAN_POINT('',(-0.0330547894458508,4.7561279049267E-19,0.0152072355806458));
#2505=CARTESIAN_POINT('',(-0.0330547894458508,-0.0275,0.0152072355806458));
#2506=CARTESIAN_POINT('',(-0.035,4.7575181052881E-19,0.010289369211469));
#2507=CARTESIAN_POINT('',(-0.035,-0.0275,0.010289369211469));
#2508=CARTESIAN_POINT('',(-0.035,4.53654188197882E-19,0.00499999999999999));
#2509=CARTESIAN_POINT('',(-0.035,-0.0275,0.00499999999999999));
#2510=CARTESIAN_POINT('',(-0.0333018498474787,-0.0275,0.0131831912200027));
#2511=CARTESIAN_POINT('',(-0.0330595786516395,-0.0274999999959568,0.0137417921225726));
#2512=CARTESIAN_POINT('',(-0.0326396115248573,-0.0274459413378047,0.0145998724739436));
#2513=CARTESIAN_POINT('',(-0.0320474519107152,-0.0272884909631278,0.0156300231207501));
#2514=CARTESIAN_POINT('',(-0.0310683457351191,-0.0269546643726623,0.0171729916996843));
#2515=CARTESIAN_POINT('',(-0.0302106339465312,-0.0265330605611527,0.0182343553459588));
#2516=CARTESIAN_POINT('',(-0.0294999926883681,-0.0260951535957915,0.0189991530607687));
#2517=CARTESIAN_POINT('',(-0.0333018498474787,-0.0275,0.0131831912200027));
#2518=CARTESIAN_POINT('',(-0.0295,-0.0260951279875644,0.0189991451919287));
#2519=CARTESIAN_POINT('',(-0.0295,0.,0.0189991451919287));
#2520=CARTESIAN_POINT('',(-0.0295,-1.54074395550979E-33,0.0189991451919287));
#2521=CARTESIAN_POINT('',(-0.0144339939904817,0.,0.005));
#2522=CARTESIAN_POINT('',(-0.035,-7.70371977754894E-34,0.005));
#2523=CARTESIAN_POINT('',(-0.035,0.,0.005));
#2524=CARTESIAN_POINT('',(-0.035,-0.0275,0.005));
#2525=CARTESIAN_POINT('',(-0.035,-0.0275,0.005));
#2526=CARTESIAN_POINT('',(-0.035,-0.0275,0.0077376008029614));
#2527=CARTESIAN_POINT('',(-0.0344298681719203,-0.0275,0.0105823370327523));
#2528=CARTESIAN_POINT('',(-0.0333018498474787,-0.0275,0.0131831912200027));
#2529=CARTESIAN_POINT('',(-0.027825,-0.0337547409101496,0.0189990865102731));
#2530=CARTESIAN_POINT('',(-0.027825,0.00160736861476903,0.0189990865102731));
#2531=CARTESIAN_POINT('',(0.00132500000000001,-0.0337547409101496,0.0190003775066981));
#2532=CARTESIAN_POINT('',(0.00132500000000001,0.00160736861476903,0.0190003775066981));
#2533=CARTESIAN_POINT('',(-0.05,-0.031954704167065,0.0190002578057878));
#2534=CARTESIAN_POINT('',(-0.0236480919592727,-0.031954704167065,0.0189997646515699));
#2535=CARTESIAN_POINT('',(-2.52608177431224E-12,-0.031954689941631,0.0190002883154151));
#2536=CARTESIAN_POINT('',(3.46944695195361E-18,0.,0.0190003188250424));
#2537=CARTESIAN_POINT('',(3.46944695195361E-18,-0.029954704167065,0.0190003188250424));
#2538=CARTESIAN_POINT('',(3.46944695195361E-18,0.,0.0190003188250424));
#2539=CARTESIAN_POINT('',(-0.01325,0.,0.0189997320084856));
#2540=CARTESIAN_POINT('',(-0.0265,-3.85185988877447E-34,0.0189991451919287));
#2541=CARTESIAN_POINT('',(-0.0265,0.,0.0189991451919287));
#2542=CARTESIAN_POINT('',(-0.0265,-0.0314619557452055,0.0189991451919287));
#2543=CARTESIAN_POINT('',(-0.0264999898725388,-0.0314619324034651,0.0189991451923773));
#2544=CARTESIAN_POINT('',(-0.026280300995745,-0.0315572691325413,0.0189991549219675));
#2545=CARTESIAN_POINT('',(-0.025943156013505,-0.0316790558457365,0.0189991698534586));
#2546=CARTESIAN_POINT('',(-0.0255266891296575,-0.0317854639911294,0.0189991882979615));
#2547=CARTESIAN_POINT('',(-0.0252933113515608,-0.0318344116162315,0.0189991986338063));
#2548=CARTESIAN_POINT('',(-0.0250897461835036,-0.0318697692307489,0.018999207649309));
#2549=CARTESIAN_POINT('',(-0.0249837861596467,-0.0318850561529779,0.018999212342071));
#2550=CARTESIAN_POINT('',(-0.0248008620061735,-0.0319084306843838,0.0189992204434236));
#2551=CARTESIAN_POINT('',(-0.0244652300713881,-0.0319414668450517,0.0189992353079049));
#2552=CARTESIAN_POINT('',(-0.0240026481000387,-0.0319554898607555,0.0189992557947547));
#2553=CARTESIAN_POINT('',(-0.0236480919186541,-0.0319554817720726,0.0189992714973537));
#2554=CARTESIAN_POINT('',(-0.035,-0.028875,-0.00025));
#2555=CARTESIAN_POINT('',(-0.035,0.001375,-0.00025));
#2556=CARTESIAN_POINT('',(-0.035,-0.028875,0.00525));
#2557=CARTESIAN_POINT('',(-0.035,0.001375,0.00525));
#2558=CARTESIAN_POINT('',(-0.035,0.,0.));
#2559=CARTESIAN_POINT('',(-0.035,-7.70371977754894E-34,0.));
#2560=CARTESIAN_POINT('',(-0.035,-0.0275,0.));
#2561=CARTESIAN_POINT('',(-0.035,-0.0275,0.));
#2562=CARTESIAN_POINT('',(-0.035,-0.0275,0.00166666666666667));
#2563=CARTESIAN_POINT('',(-0.035,-0.0275,0.00333333333333333));
#2564=CARTESIAN_POINT('',(-0.035,-0.0275,0.005));
#2565=CARTESIAN_POINT('',(-0.035,0.,0.0025));
#2566=CARTESIAN_POINT('',(-0.0265,0.,0.0189991451919288));
#2567=CARTESIAN_POINT('',(-0.0265,0.053,0.0189991451919288));
#2568=CARTESIAN_POINT('',(0.0265,0.053,0.0189991451919288));
#2569=CARTESIAN_POINT('',(0.0265,3.24531401774049E-18,0.0189991451919288));
#2570=CARTESIAN_POINT('',(-0.0259999999999653,0.,0.0189991673359498));
#2571=CARTESIAN_POINT('',(-0.0259999999999653,0.0519999999999305,0.0189991673359498));
#2572=CARTESIAN_POINT('',(0.0259999999999653,0.0519999999999305,0.0189991673359498));
#2573=CARTESIAN_POINT('',(0.0259999999999653,3.18408167777887E-18,0.0189991673359498));
#2574=CARTESIAN_POINT('',(0.,0.,0.0189991673359498));
#2575=CARTESIAN_POINT('',(0.01325,1.71864764188786E-18,0.0189997320084856));
#2576=CARTESIAN_POINT('',(0.0265,0.,0.0189991451919287));
#2577=CARTESIAN_POINT('',(0.,0.,0.0189991451919287));
#2578=CARTESIAN_POINT('',(0.0245525825636205,0.,0.0193439776310226));
#2579=CARTESIAN_POINT('',(0.0245525825636205,0.049105165127241,0.0193439776310226));
#2580=CARTESIAN_POINT('',(-0.0245525825636205,0.049105165127241,0.0193439776310226));
#2581=CARTESIAN_POINT('',(-0.0245525825636205,3.0068241647339E-18,0.0193439776310226));
#2582=CARTESIAN_POINT('',(0.0302057016281754,0.,0.0146341823373807));
#2583=CARTESIAN_POINT('',(0.0302057016281754,0.0604114032563508,0.0146341823373807));
#2584=CARTESIAN_POINT('',(-0.0302057016281754,0.0604114032563508,0.0146341823373807));
#2585=CARTESIAN_POINT('',(-0.0302057016281754,3.6991315814945E-18,0.0146341823373807));
#2586=CARTESIAN_POINT('',(0.0328963082092314,0.,0.00778578375873307));
#2587=CARTESIAN_POINT('',(0.0328963082092314,0.0657926164184628,0.00778578375873307));
#2588=CARTESIAN_POINT('',(-0.0328963082092314,0.0657926164184628,0.00778578375873307));
#2589=CARTESIAN_POINT('',(-0.0328963082092314,4.02863585522001E-18,0.00778578375873307));
#2590=CARTESIAN_POINT('',(0.0319609385681719,0.,0.00048749556898409));
#2591=CARTESIAN_POINT('',(0.0319609385681719,0.0639218771363438,0.00048749556898409));
#2592=CARTESIAN_POINT('',(-0.0319609385681719,0.0639218771363438,0.00048749556898409));
#2593=CARTESIAN_POINT('',(-0.0319609385681719,3.91408611152569E-18,0.00048749556898409));
#2594=CARTESIAN_POINT('',(0.003,0.0319914349479845,0.00316455576383338));
#2595=CARTESIAN_POINT('',(0.003,0.0319914349479845,0.00489189017676072));
#2596=CARTESIAN_POINT('',(0.00299999999999999,0.0315703953103049,0.00830157584542515));
#2597=CARTESIAN_POINT('',(0.00300000000000004,0.0303164479031022,0.0115563844163967));
#2598=CARTESIAN_POINT('',(0.00300000000000004,0.0294999999999999,0.0130785801298823));
#2599=CARTESIAN_POINT('',(0.003,0.0319914349479845,0.00316455576383338));
#2600=CARTESIAN_POINT('',(0.003,0.0295,0.0130785801298823));
#2601=CARTESIAN_POINT('',(0.,0.,0.00316455576383338));
#2602=CARTESIAN_POINT('',(0.0110729858854398,1.43626876080519E-18,0.0031645557638334));
#2603=CARTESIAN_POINT('',(0.0265,0.,0.0174991451919287));
#2604=CARTESIAN_POINT('',(0.,0.,0.0174991451919287));
#2605=CARTESIAN_POINT('',(2.2308397358514E-17,0.0265,0.0174991451919287));
#2606=CARTESIAN_POINT('',(0.00057209673811082,0.0265,0.0174991451919287));
#2607=CARTESIAN_POINT('',(0.00164233892309655,0.0268513085040079,0.0170836083598182));
#2608=CARTESIAN_POINT('',(0.00252005594279579,0.0277556190706038,0.0159038014690688));
#2609=CARTESIAN_POINT('',(0.00293204325642984,0.028674300344548,0.0145363812890393));
#2610=CARTESIAN_POINT('',(0.003,0.0292346026147005,0.0135733903446407));
#2611=CARTESIAN_POINT('',(0.003,0.0295,0.0130785801298823));
#2612=CARTESIAN_POINT('',(0.0321317897109875,4.1677905370887E-18,0.));
#2613=CARTESIAN_POINT('',(0.0321317897109875,4.1677905370887E-18,0.00316455576383338));
#2614=CARTESIAN_POINT('',(0.0321317897109875,0.064263579421975,0.));
#2615=CARTESIAN_POINT('',(0.0321317897109875,0.064263579421975,0.00316455576383338));
#2616=CARTESIAN_POINT('',(-0.0321317897109875,0.064263579421975,0.));
#2617=CARTESIAN_POINT('',(-0.0321317897109875,0.064263579421975,0.00316455576383338));
#2618=CARTESIAN_POINT('',(-0.0321317897109875,3.93500934204367E-18,0.));
#2619=CARTESIAN_POINT('',(-0.0321317897109875,3.93500934204367E-18,0.00316455576383338));
#2620=CARTESIAN_POINT('',(0.003,0.0319914349479845,0.));
#2621=CARTESIAN_POINT('',(0.003,0.0319914349479845,0.0031));
#2622=CARTESIAN_POINT('',(0.,0.,0.0031));
#2623=CARTESIAN_POINT('',(-0.003,0.0319914349479845,0.0031));
#2624=CARTESIAN_POINT('',(-0.003,0.0319914349479845,0.));
#2625=CARTESIAN_POINT('',(0.,0.,0.));
#2626=CARTESIAN_POINT('',(0.035,4.53982395970378E-18,-2.71050543121376E-20));
#2627=CARTESIAN_POINT('',(0.035,4.53982395970378E-18,0.005));
#2628=CARTESIAN_POINT('',(0.035,0.07,-4.06575814682064E-20));
#2629=CARTESIAN_POINT('',(0.035,0.07,0.005));
#2630=CARTESIAN_POINT('',(-0.035,0.07,-4.06575814682064E-20));
#2631=CARTESIAN_POINT('',(-0.035,0.07,0.005));
#2632=CARTESIAN_POINT('',(-0.035,4.28626379701574E-18,-2.71050543121376E-20));
#2633=CARTESIAN_POINT('',(-0.035,4.28626379701574E-18,0.005));
#2634=CARTESIAN_POINT('',(0.,0.,0.005));
#2635=CARTESIAN_POINT('',(0.035,4.53982395970378E-18,0.0025));
#2636=CARTESIAN_POINT('',(0.035,6.93889390390723E-18,0.));
#2637=CARTESIAN_POINT('',(0.,0.,0.));
#2638=CARTESIAN_POINT('',(0.0273843178331641,3.55199949197548E-18,0.0209765364066557));
#2639=CARTESIAN_POINT('',(0.0273843178331641,0.0547686356663282,0.0209765364066557));
#2640=CARTESIAN_POINT('',(-0.0273843178331641,0.0547686356663282,0.0209765364066557));
#2641=CARTESIAN_POINT('',(-0.0273843178331641,-1.98387773853662E-19,0.0209765364066557));
#2642=CARTESIAN_POINT('',(0.0331303138495848,4.29730836019574E-18,0.0163189243111823));
#2643=CARTESIAN_POINT('',(0.0331303138495848,0.0662606276991695,0.0163189243111823));
#2644=CARTESIAN_POINT('',(-0.0331303138495848,0.0662606276991695,0.0163189243111823));
#2645=CARTESIAN_POINT('',(-0.0331303138495848,-2.40015079131618E-19,0.0163189243111823));
#2646=CARTESIAN_POINT('',(0.0358350444422863,4.6481369530326E-18,0.00943457589804063));
#2647=CARTESIAN_POINT('',(0.0358350444422862,0.0716700888845725,0.00943457589804063));
#2648=CARTESIAN_POINT('',(-0.0358350444422863,0.0716700888845725,0.00943457589804063));
#2649=CARTESIAN_POINT('',(-0.0358350444422863,-2.59609705677696E-19,0.00943457589804063));
#2650=CARTESIAN_POINT('',(0.0347961153214858,4.51337822974562E-18,0.00211129473898529));
#2651=CARTESIAN_POINT('',(0.0347961153214858,0.0695922306429715,0.00211129473898529));
#2652=CARTESIAN_POINT('',(-0.0347961153214858,0.0695922306429715,0.00211129473898529));
#2653=CARTESIAN_POINT('',(-0.0347961153214858,-2.52083104623652E-19,0.00211129473898529));
#2654=CARTESIAN_POINT('',(0.,0.,0.0189991451919287));
#2655=CARTESIAN_POINT('',(-0.0324500015833571,-0.0349124024403842,0.0189991451919287));
#2656=CARTESIAN_POINT('',(-0.0324500015833571,0.0329504466951786,0.0189991451919287));
#2657=CARTESIAN_POINT('',(0.0324500015833575,-0.0349124024403842,0.0189991451919287));
#2658=CARTESIAN_POINT('',(0.0324500015833575,0.0329504466951786,0.0189991451919287));
#2659=CARTESIAN_POINT('',(0.0265,-0.0355,0.0189991451919287));
#2660=CARTESIAN_POINT('',(0.0265,-0.0314619556633449,0.0189991451919287));
#2661=CARTESIAN_POINT('',(0.026499989871285,-0.0314619323215561,0.0189991451919287));
#2662=CARTESIAN_POINT('',(0.0270282343274582,-0.0312326661478406,0.0189991451919287));
#2663=CARTESIAN_POINT('',(0.0277199986824669,-0.0307861153432381,0.0189991451919288));
#2664=CARTESIAN_POINT('',(0.0284362373466783,-0.0299968550727681,0.0189991451919287));
#2665=CARTESIAN_POINT('',(0.0288801777415328,-0.0292850924902984,0.0189991451919288));
#2666=CARTESIAN_POINT('',(0.0291397015636161,-0.0286684017911724,0.0189991451919288));
#2667=CARTESIAN_POINT('',(0.0292970393605643,-0.0281451097724874,0.0189991451919287));
#2668=CARTESIAN_POINT('',(0.0293900517333493,-0.0277234709409102,0.0189991451919287));
#2669=CARTESIAN_POINT('',(0.0294373210072464,-0.0274078564567967,0.0189991451919288));
#2670=CARTESIAN_POINT('',(0.0294660188311894,-0.0271428282717236,0.0189991451919287));
#2671=CARTESIAN_POINT('',(0.0294829197408643,-0.0269170025410464,0.0189991451919287));
#2672=CARTESIAN_POINT('',(0.0294894560373493,-0.0267768543701502,0.0189991451919288));
#2673=CARTESIAN_POINT('',(0.029497850827905,-0.0265098572094232,0.0189991451919287));
#2674=CARTESIAN_POINT('',(0.0294999899618614,-0.0262741262616907,0.0189991451919287));
#2675=CARTESIAN_POINT('',(0.0294999903642508,-0.0260951279875318,0.0189991451919287));
#2676=CARTESIAN_POINT('',(-0.0294999903642512,-0.0260951279875357,0.0189991451919288));
#2677=CARTESIAN_POINT('',(-0.0294999899640654,-0.0262730697846104,0.0189991451919288));
#2678=CARTESIAN_POINT('',(-0.0294978858245882,-0.0265073995158545,0.0189991451919288));
#2679=CARTESIAN_POINT('',(-0.0294896249891124,-0.0267728207487263,0.0189991451919287));
#2680=CARTESIAN_POINT('',(-0.0294831981799716,-0.0269120824290895,0.0189991451919288));
#2681=CARTESIAN_POINT('',(-0.0294665542860863,-0.0271367200247506,0.0189991451919287));
#2682=CARTESIAN_POINT('',(-0.0294382495770463,-0.0274004428697506,0.0189991451919287));
#2683=CARTESIAN_POINT('',(-0.029391759987998,-0.0277140025770779,0.0189991451919288));
#2684=CARTESIAN_POINT('',(-0.0292994661778546,-0.028135885208775,0.0189991451919288));
#2685=CARTESIAN_POINT('',(-0.0291430584671404,-0.0286590172864746,0.0189991451919287));
#2686=CARTESIAN_POINT('',(-0.0288851194543716,-0.029275598453496,0.0189991451919287));
#2687=CARTESIAN_POINT('',(-0.0284406997480241,-0.0299913952167822,0.0189991451919287));
#2688=CARTESIAN_POINT('',(-0.0277235171021693,-0.0307836302549309,0.0189991451919287));
#2689=CARTESIAN_POINT('',(-0.0270298945958449,-0.0312319457493561,0.0189991451919287));
#2690=CARTESIAN_POINT('',(-0.0264999898713102,-0.031461932403465,0.0189991451919287));
#2691=CARTESIAN_POINT('',(-0.00132500000123361,-0.0337547408588859,0.0190003775066982));
#2692=CARTESIAN_POINT('',(-0.00132500000123361,0.00160736861232794,0.0190003775066982));
#2693=CARTESIAN_POINT('',(0.0278250000000588,-0.0337547408588859,0.0189990865102731));
#2694=CARTESIAN_POINT('',(0.0278250000000588,0.00160736861232794,0.0189990865102731));
#2695=CARTESIAN_POINT('',(-0.05,-0.031954704167065,0.0190002578057878));
#2696=CARTESIAN_POINT('',(0.0236480919228841,-0.031954728948357,0.0189997514567408));
#2697=CARTESIAN_POINT('',(0.0236480918834546,-0.0319554817582184,0.0189992714973553));
#2698=CARTESIAN_POINT('',(0.0240043752093564,-0.0319554898871295,0.0189992557182644));
#2699=CARTESIAN_POINT('',(0.0244652769919387,-0.0319413881717079,0.0189992353058268));
#2700=CARTESIAN_POINT('',(0.0247880531843519,-0.0319098296519125,0.0189992210107013));
#2701=CARTESIAN_POINT('',(0.0249738916020335,-0.0318864621751271,0.0189992127802816));
#2702=CARTESIAN_POINT('',(0.0250813686218495,-0.0318710915599702,0.0189992080203349));
#2703=CARTESIAN_POINT('',(0.0252858956161165,-0.0318358703826441,0.0189991989622347));
#2704=CARTESIAN_POINT('',(0.0255207405530727,-0.0317869099680084,0.0189991885614123));
#2705=CARTESIAN_POINT('',(0.0259396663554556,-0.0316802816079969,0.0189991700080087));
#2706=CARTESIAN_POINT('',(0.026278917784543,-0.0315578693547176,0.0189991549832272));
#2707=CARTESIAN_POINT('',(0.0264999898725133,-0.031461932321556,0.0189991451923773));
#2708=CARTESIAN_POINT('',(0.02915,-0.0327954745922548,0.0174991451919287));
#2709=CARTESIAN_POINT('',(0.02915,0.0296784587446862,0.0174991451919287));
#2710=CARTESIAN_POINT('',(-0.02915,-0.0327954745922548,0.0174991451919287));
#2711=CARTESIAN_POINT('',(-0.02915,0.0296784587446862,0.0174991451919287));
#2712=CARTESIAN_POINT('',(0.01325,-0.022,0.0174991451919287));
#2713=CARTESIAN_POINT('',(0.026,-0.022,0.0174991451919287));
#2714=CARTESIAN_POINT('',(0.0265,-0.022,0.0174991451919287));
#2715=CARTESIAN_POINT('',(0.026,-0.026,0.0174991451919287));
#2716=CARTESIAN_POINT('',(0.022,-0.026,0.0174991451919287));
#2717=CARTESIAN_POINT('',(0.022,-0.0355,0.0174991451919287));
#2718=CARTESIAN_POINT('',(-0.0206484999237317,-0.029955743052864,0.0174991451919287));
#2719=CARTESIAN_POINT('',(-0.0211944721572157,-0.0299534464248143,0.0174991451919287));
#2720=CARTESIAN_POINT('',(-0.021644973064375,-0.0299290761446773,0.0174991451919287));
#2721=CARTESIAN_POINT('',(-0.0220000026452095,-0.0298826322124532,0.0174991451919287));
#2722=CARTESIAN_POINT('',(-0.0220000009631834,-0.029882615580516,0.0174991779561283));
#2723=CARTESIAN_POINT('',(-0.022,-0.0355,0.0174991451919287));
#2724=CARTESIAN_POINT('',(-0.022,-0.026,0.0174991451919287));
#2725=CARTESIAN_POINT('',(-0.026,-0.026,0.0174991451919287));
#2726=CARTESIAN_POINT('',(-0.026,-0.022,0.0174991451919287));
#2727=CARTESIAN_POINT('',(0.01325,-0.022,0.0174991451919287));
#2728=CARTESIAN_POINT('',(0.0265,-0.0355,0.0174991451919287));
#2729=CARTESIAN_POINT('',(0.,1.59204083889156E-18,0.0174991451919287));
#2730=CARTESIAN_POINT('',(0.0235407109559007,-0.0231,0.0201359743884005));
#2731=CARTESIAN_POINT('',(0.0235407109559007,0.00110000000000001,0.0201359743884005));
#2732=CARTESIAN_POINT('',(0.0302700503795193,-0.0231,0.0151923950863119));
#2733=CARTESIAN_POINT('',(0.0302700503795193,0.00110000000000001,0.0151923950863119));
#2734=CARTESIAN_POINT('',(0.0333234198219899,-0.0231,0.00742065651363119));
#2735=CARTESIAN_POINT('',(0.0333234198219899,0.00110000000000001,0.00742065651363119));
#2736=CARTESIAN_POINT('',(0.0317587803988718,-0.0231,-0.000781470580600603));
#2737=CARTESIAN_POINT('',(0.0317587803988718,0.00110000000000001,-0.000781470580600603));
#2738=CARTESIAN_POINT('',(0.0110729858854398,-0.022,0.0031645557638334));
#2739=CARTESIAN_POINT('',(0.0385,-0.03904615,0.));
#2740=CARTESIAN_POINT('',(0.0385,0.03896915,0.));
#2741=CARTESIAN_POINT('',(-0.0385000000000001,-0.03904615,0.));
#2742=CARTESIAN_POINT('',(-0.0385000000000001,0.03896915,0.));
#2743=CARTESIAN_POINT('',(0.00475,-0.0355,0.));
#2744=CARTESIAN_POINT('',(0.00475,-0.0335,-2.97071395261029E-17));
#2745=CARTESIAN_POINT('',(0.00475,-0.0355,0.));
#2746=CARTESIAN_POINT('',(0.035002,-0.0335,-2.99239799605999E-17));
#2747=CARTESIAN_POINT('',(-0.0321317897109875,-0.0255,-5.0821976835258E-20));
#2748=CARTESIAN_POINT('',(-0.0321317897109875,-0.0260422069551697,-5.0821976835258E-20));
#2749=CARTESIAN_POINT('',(-0.0321179322144532,-0.0271233429674833,-2.8390234302108E-19));
#2750=CARTESIAN_POINT('',(-0.0317061059435013,-0.0292500510829388,-1.86462752888753E-19));
#2751=CARTESIAN_POINT('',(-0.0303575768701007,-0.0317230862172822,-1.04108049517074E-19));
#2752=CARTESIAN_POINT('',(-0.0278885988232949,-0.0330721999137755,-5.68474612100443E-19));
#2753=CARTESIAN_POINT('',(-0.0257562455286462,-0.0334862892360736,4.03719003559961E-19));
#2754=CARTESIAN_POINT('',(-0.024674437836395,-0.0335,-3.3881317890172E-20));
#2755=CARTESIAN_POINT('',(-0.0241317897109875,-0.0335,-3.3881317890172E-20));
#2756=CARTESIAN_POINT('',(-0.0241317897109875,-0.0335,-2.99239799605999E-17));
#2757=CARTESIAN_POINT('',(0.035002,-0.0335,-2.99239799605999E-17));
#2758=CARTESIAN_POINT('',(-0.00475,-0.0335,-2.97071395261029E-17));
#2759=CARTESIAN_POINT('',(-0.00475,-0.0355,0.));
#2760=CARTESIAN_POINT('',(-0.00475,-0.0355,0.));
#2761=CARTESIAN_POINT('',(0.0335658948554938,-0.0355,0.));
#2762=CARTESIAN_POINT('',(-0.027,-0.0355,0.));
#2763=CARTESIAN_POINT('',(-0.027,-0.0355,0.));
#2764=CARTESIAN_POINT('',(-0.027165300990167,-0.0355,0.));
#2765=CARTESIAN_POINT('',(-0.0273149784078988,-0.0354996554692215,0.));
#2766=CARTESIAN_POINT('',(-0.0274683305074711,-0.0354982808604824,0.));
#2767=CARTESIAN_POINT('',(-0.0276108743963086,-0.035496301363688,0.));
#2768=CARTESIAN_POINT('',(-0.0278186001845345,-0.0354918013378662,0.));
#2769=CARTESIAN_POINT('',(-0.0281570797634156,-0.0354779553748631,0.));
#2770=CARTESIAN_POINT('',(-0.0285399915537795,-0.0354484346853329,0.));
#2771=CARTESIAN_POINT('',(-0.0289266833467878,-0.0354039415604618,0.));
#2772=CARTESIAN_POINT('',(-0.0294890369925273,-0.0353124966742441,0.));
#2773=CARTESIAN_POINT('',(-0.0300205585158683,-0.0351833331437983,0.));
#2774=CARTESIAN_POINT('',(-0.0305209002323069,-0.0350226832883016,0.));
#2775=CARTESIAN_POINT('',(-0.0310689336958179,-0.0348132931952756,0.));
#2776=CARTESIAN_POINT('',(-0.0319477644979128,-0.0343839863114355,0.));
#2777=CARTESIAN_POINT('',(-0.0330561541361052,-0.0335534117716792,0.));
#2778=CARTESIAN_POINT('',(-0.0338824990382009,-0.0324546745457685,0.));
#2779=CARTESIAN_POINT('',(-0.0343832359451794,-0.031418708305071,0.));
#2780=CARTESIAN_POINT('',(-0.0346083797225557,-0.0307801296380463,0.));
#2781=CARTESIAN_POINT('',(-0.0347569025002026,-0.0302180303716769,0.));
#2782=CARTESIAN_POINT('',(-0.0348626662139325,-0.029713430549805,0.));
#2783=CARTESIAN_POINT('',(-0.0349283460061645,-0.0292551478815545,0.));
#2784=CARTESIAN_POINT('',(-0.0349648554462322,-0.0288280443417096,0.));
#2785=CARTESIAN_POINT('',(-0.0349803768967761,-0.0285899056063717,0.));
#2786=CARTESIAN_POINT('',(-0.0349899722996684,-0.0283746209985687,0.));
#2787=CARTESIAN_POINT('',(-0.0349953727788054,-0.0281524000274254,0.));
#2788=CARTESIAN_POINT('',(-0.0349968860847594,-0.0280679111246159,0.));
#2789=CARTESIAN_POINT('',(-0.0349992686533844,-0.0278757591688604,0.));
#2790=CARTESIAN_POINT('',(-0.035,-0.0276646480074974,0.));
#2791=CARTESIAN_POINT('',(-0.035,-0.0275,0.));
#2792=CARTESIAN_POINT('',(0.035,-0.0355,0.));
#2793=CARTESIAN_POINT('',(0.035,-0.0275,0.));
#2794=CARTESIAN_POINT('',(0.035,-0.0275,0.));
#2795=CARTESIAN_POINT('',(0.035,-0.0278393421777159,0.));
#2796=CARTESIAN_POINT('',(0.0349913083695488,-0.0283040374530032,0.));
#2797=CARTESIAN_POINT('',(0.0349636144522464,-0.0288254782616954,0.));
#2798=CARTESIAN_POINT('',(0.0349374649983048,-0.0291263432441193,0.));
#2799=CARTESIAN_POINT('',(0.0349163537185802,-0.0293139462797832,0.));
#2800=CARTESIAN_POINT('',(0.0348776461103899,-0.0295962211065361,0.));
#2801=CARTESIAN_POINT('',(0.0347955843592516,-0.030065994360817,0.));
#2802=CARTESIAN_POINT('',(0.0346617849647363,-0.030596892071773,0.));
#2803=CARTESIAN_POINT('',(0.034498623296047,-0.0310881186128897,0.));
#2804=CARTESIAN_POINT('',(0.0342852294062137,-0.0316322843392159,0.));
#2805=CARTESIAN_POINT('',(0.0338503292098292,-0.0325015466268162,0.));
#2806=CARTESIAN_POINT('',(0.0330403531026904,-0.0335624575544559,0.));
#2807=CARTESIAN_POINT('',(0.0317637768229252,-0.0345207755499156,0.));
#2808=CARTESIAN_POINT('',(0.0306607708367503,-0.0349996207574031,0.));
#2809=CARTESIAN_POINT('',(0.0298148036731165,-0.0352333178767362,0.));
#2810=CARTESIAN_POINT('',(0.0294349906236577,-0.0353180594521131,0.));
#2811=CARTESIAN_POINT('',(0.029034721632419,-0.035387888607112,0.));
#2812=CARTESIAN_POINT('',(0.0287064896101967,-0.0354305190936337,0.));
#2813=CARTESIAN_POINT('',(0.0284076544794433,-0.035458554077094,0.));
#2814=CARTESIAN_POINT('',(0.0282158606694891,-0.0354724443060726,0.));
#2815=CARTESIAN_POINT('',(0.0277962547016325,-0.0354933763917084,0.));
#2816=CARTESIAN_POINT('',(0.0273461804792593,-0.0355,0.));
#2817=CARTESIAN_POINT('',(0.027,-0.0355,0.));
#2818=CARTESIAN_POINT('',(0.027,-0.0355,0.));
#2819=CARTESIAN_POINT('',(0.0335658948554938,-0.0355,0.));
#2820=CARTESIAN_POINT('',(0.035,-0.028875,-0.00025));
#2821=CARTESIAN_POINT('',(0.035,-0.028875,0.00525));
#2822=CARTESIAN_POINT('',(0.035,0.00137500000000001,-0.00025));
#2823=CARTESIAN_POINT('',(0.035,0.00137500000000001,0.00525));
#2824=CARTESIAN_POINT('',(0.035,-0.0275,0.005));
#2825=CARTESIAN_POINT('',(0.035,-0.0275,0.00333333333333333));
#2826=CARTESIAN_POINT('',(0.035,-0.0275,0.00166666666666667));
#2827=CARTESIAN_POINT('',(0.035,-0.0275,0.));
#2828=CARTESIAN_POINT('',(-0.0297,-0.0355,-0.0005));
#2829=CARTESIAN_POINT('',(-0.0297,-0.0355,0.0105));
#2830=CARTESIAN_POINT('',(0.0297,-0.0355,-0.0005));
#2831=CARTESIAN_POINT('',(0.0297,-0.0355,0.0105));
#2832=CARTESIAN_POINT('',(0.00475,-0.0355,0.00950094696697144));
#2833=CARTESIAN_POINT('',(0.00475,-0.0355,0.0065));
#2834=CARTESIAN_POINT('',(0.027,-0.0355,0.));
#2835=CARTESIAN_POINT('',(0.027,-0.0355,0.00166666666666667));
#2836=CARTESIAN_POINT('',(0.027,-0.0355,0.00333333333333333));
#2837=CARTESIAN_POINT('',(0.027,-0.0355,0.005));
#2838=CARTESIAN_POINT('',(0.027,-0.0355,0.005));
#2839=CARTESIAN_POINT('',(0.027,-0.0355,0.005));
#2840=CARTESIAN_POINT('',(0.027,-0.0355,0.00673843874578505));
#2841=CARTESIAN_POINT('',(0.0266541385654922,-0.0355,0.00840510541245172));
#2842=CARTESIAN_POINT('',(0.0259624156964764,-0.0355,0.01));
#2843=CARTESIAN_POINT('',(0.0259624156964764,-0.0355,0.01));
#2844=CARTESIAN_POINT('',(-0.05,-0.0355,0.01));
#2845=CARTESIAN_POINT('',(-0.0259624156964764,-0.0355,0.01));
#2846=CARTESIAN_POINT('',(-0.0259624156964764,-0.0355,0.01));
#2847=CARTESIAN_POINT('',(-0.0266541385654922,-0.0355,0.00840510541244275));
#2848=CARTESIAN_POINT('',(-0.027,-0.0355,0.00673843874577609));
#2849=CARTESIAN_POINT('',(-0.027,-0.0355,0.005));
#2850=CARTESIAN_POINT('',(-0.027,-0.0355,0.005));
#2851=CARTESIAN_POINT('',(-0.027,-0.0355,0.005));
#2852=CARTESIAN_POINT('',(-0.027,-0.0355,0.00333333333333333));
#2853=CARTESIAN_POINT('',(-0.027,-0.0355,0.00166666666666667));
#2854=CARTESIAN_POINT('',(-0.027,-0.0355,0.));
#2855=CARTESIAN_POINT('',(-0.00475,-0.0355,0.00950094696697144));
#2856=CARTESIAN_POINT('',(-0.00475,-0.0355,0.0065));
#2857=CARTESIAN_POINT('',(-0.00375,-0.0355,0.0065));
#2858=CARTESIAN_POINT('',(-0.00375,-0.0355,0.0075));
#2859=CARTESIAN_POINT('',(0.,-0.0355,0.0075));
#2860=CARTESIAN_POINT('',(0.00375,-0.0355,0.0075));
#2861=CARTESIAN_POINT('',(0.00375,-0.0355,0.0065));
#2862=CARTESIAN_POINT('',(-0.00575,-0.0355,0.00950094696697144));
#2863=CARTESIAN_POINT('',(-0.00575,-0.0355,0.0065));
#2864=CARTESIAN_POINT('',(-0.00575,-0.0355,0.0075));
#2865=CARTESIAN_POINT('',(0.,-0.0355,0.0065));
#2866=CARTESIAN_POINT('',(-0.00725,-0.0355,0.0065));
#2867=CARTESIAN_POINT('',(-0.00725,-0.0355,0.00950094696697144));
#2868=CARTESIAN_POINT('',(-0.00725,-0.0355,0.0075));
#2869=CARTESIAN_POINT('',(0.,-0.0355,0.0075));
#2870=CARTESIAN_POINT('',(-0.0265449686820863,-0.0335,0.008925));
#2871=CARTESIAN_POINT('',(0.0265449686820863,-0.0335,0.008925));
#2872=CARTESIAN_POINT('',(-0.0265449686820863,-0.0335,-0.000425000000000033));
#2873=CARTESIAN_POINT('',(0.0265449686820863,-0.0335,-0.000425000000000033));
#2874=CARTESIAN_POINT('',(0.035002,-0.0335,0.0065));
#2875=CARTESIAN_POINT('',(-0.00725,-0.0335,0.0065));
#2876=CARTESIAN_POINT('',(-0.00575,-0.0335,0.0065));
#2877=CARTESIAN_POINT('',(-0.00575,-0.0335,0.00425));
#2878=CARTESIAN_POINT('',(-0.00575,-0.0335,0.0075));
#2879=CARTESIAN_POINT('',(0.035002,-0.0335,0.0075));
#2880=CARTESIAN_POINT('',(-0.00725,-0.0335,0.0075));
#2881=CARTESIAN_POINT('',(-0.00725,-0.0335,0.00425));
#2882=CARTESIAN_POINT('',(0.00475,-0.0335,0.00425));
#2883=CARTESIAN_POINT('',(0.00475,-0.0335,0.0065));
#2884=CARTESIAN_POINT('',(0.00375,-0.0335,0.0065));
#2885=CARTESIAN_POINT('',(0.00375,-0.0335,0.0075));
#2886=CARTESIAN_POINT('',(0.035002,-0.0335,0.0075));
#2887=CARTESIAN_POINT('',(-0.00375,-0.0335,0.0075));
#2888=CARTESIAN_POINT('',(-0.00375,-0.0335,0.0065));
#2889=CARTESIAN_POINT('',(-0.00475,-0.0335,0.0065));
#2890=CARTESIAN_POINT('',(-0.00475,-0.0335,0.00425));
#2891=CARTESIAN_POINT('',(-0.0241317897109875,-0.0335,3.79470760369927E-19));
#2892=CARTESIAN_POINT('',(-0.0241317897109875,-0.0335,0.0010548519212778));
#2893=CARTESIAN_POINT('',(-0.0241317897109875,-0.0335,0.0021097038425556));
#2894=CARTESIAN_POINT('',(-0.0241317897109875,-0.0335,0.0031645557638334));
#2895=CARTESIAN_POINT('',(-0.0241317897109875,-0.0335,0.00316455576383338));
#2896=CARTESIAN_POINT('',(-0.0241317897109875,-0.0335,0.00316455576383338));
#2897=CARTESIAN_POINT('',(-0.0241317897109875,-0.0335,0.00500343325542332));
#2898=CARTESIAN_POINT('',(-0.0237434241067623,-0.0335,0.00682158946409181));
#2899=CARTESIAN_POINT('',(-0.0229921046513929,-0.0335,0.0085));
#2900=CARTESIAN_POINT('',(-0.0262739646848342,-0.0319150136099063,0.0190426334430129));
#2901=CARTESIAN_POINT('',(0.0262739646848342,-0.0319150136099063,0.0190426334430129));
#2902=CARTESIAN_POINT('',(-0.0262739646848342,-0.0342458229310203,0.0165650901180753));
#2903=CARTESIAN_POINT('',(0.0262739646848342,-0.0342458229310203,0.0165650901180753));
#2904=CARTESIAN_POINT('',(-0.0262739646848342,-0.0355,0.0134026013855721));
#2905=CARTESIAN_POINT('',(0.0262739646848342,-0.0355,0.0134026013855721));
#2906=CARTESIAN_POINT('',(-0.0262739646848342,-0.0355,0.01));
#2907=CARTESIAN_POINT('',(0.0262739646848342,-0.0355,0.01));
#2908=CARTESIAN_POINT('',(0.0259624156964764,-0.0355,0.01));
#2909=CARTESIAN_POINT('',(0.0258909947705175,-0.0355,0.01041817047009));
#2910=CARTESIAN_POINT('',(0.0257748051289442,-0.035469327977428,0.0110599403589276));
#2911=CARTESIAN_POINT('',(0.0256064072345467,-0.0353662903062081,0.0119151555754696));
#2912=CARTESIAN_POINT('',(0.0254640933616583,-0.0352472705881292,0.0125958423143203));
#2913=CARTESIAN_POINT('',(0.0253428691004417,-0.035123900538812,0.013145366338101));
#2914=CARTESIAN_POINT('',(0.025204356956224,-0.0349626575584579,0.0137460587957463));
#2915=CARTESIAN_POINT('',(0.0250815073560491,-0.0347992331258538,0.0142519089470606));
#2916=CARTESIAN_POINT('',(0.0249812017212315,-0.0346550640602316,0.014650689373117));
#2917=CARTESIAN_POINT('',(0.0248951405610253,-0.0345241801749514,0.0149832398934643));
#2918=CARTESIAN_POINT('',(0.0248391777904488,-0.0344354838045684,0.0151943954706984));
#2919=CARTESIAN_POINT('',(0.0247474518607244,-0.0342859550546935,0.0155347956707047));
#2920=CARTESIAN_POINT('',(0.0246272520280136,-0.034079080687448,0.0159669779484229));
#2921=CARTESIAN_POINT('',(0.0244919947917365,-0.0338292662938935,0.0164334069146376));
#2922=CARTESIAN_POINT('',(0.0243917857186662,-0.0336339672543431,0.0167670930127925));
#2923=CARTESIAN_POINT('',(0.0243385412934988,-0.0335273849286564,0.0169410589667659));
#2924=CARTESIAN_POINT('',(0.0243098924411315,-0.0334693921126981,0.0170338897322228));
#2925=CARTESIAN_POINT('',(0.024281775317054,-0.0334118658414712,0.0171242654201086));
#2926=CARTESIAN_POINT('',(0.0242778265351218,-0.0334037072752483,0.0171368452957197));
#2927=CARTESIAN_POINT('',(0.0242617794395393,-0.0333706724898234,0.0171881153789929));
#2928=CARTESIAN_POINT('',(0.0242329267070797,-0.0333108532481268,0.0172797590709716));
#2929=CARTESIAN_POINT('',(0.0241757596162979,-0.0331907757205551,0.0174597488765373));
#2930=CARTESIAN_POINT('',(0.0240998763294827,-0.0330263690219625,0.0176939131563581));
#2931=CARTESIAN_POINT('',(0.0240296644363319,-0.0328701061115227,0.0179065809945604));
#2932=CARTESIAN_POINT('',(0.0239452632993809,-0.0326781935357952,0.0181580082305985));
#2933=CARTESIAN_POINT('',(0.0238740837170399,-0.0325113814902628,0.0183653607936031));
#2934=CARTESIAN_POINT('',(0.0237575334769333,-0.0322312685193453,0.0186988277400993));
#2935=CARTESIAN_POINT('',(0.0236884670712325,-0.0320577583756843,0.0188897397112559));
#2936=CARTESIAN_POINT('',(0.0236482053620131,-0.0319549475949993,0.0189999967542101));
#2937=CARTESIAN_POINT('',(-0.0236481987455354,-0.0319549306993993,0.0190000148734714));
#2938=CARTESIAN_POINT('',(-0.0236884594846922,-0.0320577392303183,0.0188897606581975));
#2939=CARTESIAN_POINT('',(-0.02375752522184,-0.032231248174947,0.0186988510112615));
#2940=CARTESIAN_POINT('',(-0.0238740763969294,-0.0325113641125146,0.0183653820262433));
#2941=CARTESIAN_POINT('',(-0.023945256902454,-0.0326781787705586,0.0181580271112007));
#2942=CARTESIAN_POINT('',(-0.0240296599944637,-0.0328700961965642,0.0179065942937484));
#2943=CARTESIAN_POINT('',(-0.0240998730741949,-0.0330263619918148,0.0176939230042239));
#2944=CARTESIAN_POINT('',(-0.0241757571398029,-0.0331907705443121,0.0174597564415126));
#2945=CARTESIAN_POINT('',(-0.0242329238403251,-0.0333108473205684,0.0172797680106133));
#2946=CARTESIAN_POINT('',(-0.0242617757845497,-0.0333706649652793,0.0171881269526566));
#2947=CARTESIAN_POINT('',(-0.0242778221791624,-0.033403698329958,0.0171368592095233));
#2948=CARTESIAN_POINT('',(-0.0242817705920676,-0.033411856137756,0.017124280538192));
#2949=CARTESIAN_POINT('',(-0.0243098863508536,-0.0334693796661396,0.0170339094661573));
#2950=CARTESIAN_POINT('',(-0.0243385338602496,-0.0335273698643758,0.0169410832947676));
#2951=CARTESIAN_POINT('',(-0.024391776028897,-0.0336339479514112,0.0167671251879305));
#2952=CARTESIAN_POINT('',(-0.0244919818172358,-0.0338292414745333,0.0164334509901354));
#2953=CARTESIAN_POINT('',(-0.0246272371799579,-0.0340790544009336,0.0159670299991304));
#2954=CARTESIAN_POINT('',(-0.0247474400339269,-0.0342859355844526,0.0155348380238825));
#2955=CARTESIAN_POINT('',(-0.0248391691860693,-0.0344354704345691,0.0151944271880641));
#2956=CARTESIAN_POINT('',(-0.0248951401264103,-0.0345241794949036,0.014983241450603));
#2957=CARTESIAN_POINT('',(-0.0249811934459206,-0.0346550512686731,0.014650722587374));
#2958=CARTESIAN_POINT('',(-0.0250814962942417,-0.0347992174994492,0.0142519547283824));
#2959=CARTESIAN_POINT('',(-0.0252043439115002,-0.0349626411557825,0.0137461134944548));
#2960=CARTESIAN_POINT('',(-0.0253428577523388,-0.0351238892805176,0.0131454153692184));
#2961=CARTESIAN_POINT('',(-0.0254640953770306,-0.0352472726295939,0.0125958328127897));
#2962=CARTESIAN_POINT('',(-0.0256064022415193,-0.0353662857269658,0.0119151831279579));
#2963=CARTESIAN_POINT('',(-0.0257748009568318,-0.0354693263835725,0.011059965531788));
#2964=CARTESIAN_POINT('',(-0.0258909921517352,-0.0355,0.0104181858030955));
#2965=CARTESIAN_POINT('',(-0.0259624156964764,-0.0355,0.01));
#2966=CARTESIAN_POINT('',(-0.0220077488144702,-0.0326798922167044,0.0130795177156006));
#2967=CARTESIAN_POINT('',(-0.0219864480393881,-0.0326492390120473,0.0131623738067554));
#2968=CARTESIAN_POINT('',(-0.0219650514043158,-0.0326178054969431,0.0132447979831272));
#2969=CARTESIAN_POINT('',(-0.0218783359360571,-0.0324878405751724,0.0135756429850317));
#2970=CARTESIAN_POINT('',(-0.0218124396362129,-0.0323832019181394,0.0138197318783074));
#2971=CARTESIAN_POINT('',(-0.0216131961828331,-0.0320498597782964,0.014537367276512));
#2972=CARTESIAN_POINT('',(-0.0214782717803381,-0.0318019112967753,0.0149964970451378));
#2973=CARTESIAN_POINT('',(-0.0212052914721817,-0.0312566015709477,0.0158788581572392));
#2974=CARTESIAN_POINT('',(-0.021067128844017,-0.0309590970742077,0.016302395236863));
#2975=CARTESIAN_POINT('',(-0.0208583295283245,-0.0304746103996427,0.0169122487348966));
#2976=CARTESIAN_POINT('',(-0.0207884179000792,-0.0303065467537047,0.0171114104443443));
#2977=CARTESIAN_POINT('',(-0.0206925781146812,-0.0300676853178327,0.0173780992078897));
#2978=CARTESIAN_POINT('',(-0.0206663839036547,-0.0300015219988506,0.0174503315404072));
#2979=CARTESIAN_POINT('',(-0.0206402566261296,-0.0299346280680495,0.0175217482773237));
#2980=CARTESIAN_POINT('',(-0.022153740306957,-0.0326574287520209,0.0131402247809503));
#2981=CARTESIAN_POINT('',(-0.0221314795706786,-0.032626076293199,0.013223722124892));
#2982=CARTESIAN_POINT('',(-0.0221091294894384,-0.032593939720351,0.013306751617401));
#2983=CARTESIAN_POINT('',(-0.0220185970997572,-0.0324611360151294,0.0136398775431388));
#2984=CARTESIAN_POINT('',(-0.0219499077394883,-0.032354362645263,0.0138852995952783));
#2985=CARTESIAN_POINT('',(-0.0217426144186124,-0.0320149397157755,0.0146055993085574));
#2986=CARTESIAN_POINT('',(-0.0216027813050384,-0.0317634125987436,0.0150646278776488));
#2987=CARTESIAN_POINT('',(-0.0213210849010336,-0.03121301098465,0.0159435598176353));
#2988=CARTESIAN_POINT('',(-0.0211791239500622,-0.0309140343576926,0.0163637826219333));
#2989=CARTESIAN_POINT('',(-0.0209649109224269,-0.0304283000229469,0.0169682089727595));
#2990=CARTESIAN_POINT('',(-0.0208932327885326,-0.030259956803,0.0171654919676284));
#2991=CARTESIAN_POINT('',(-0.020795010612856,-0.0300208698702056,0.0174295838480531));
#2992=CARTESIAN_POINT('',(-0.0207681703815969,-0.029954663186905,0.017501101508325));
#2993=CARTESIAN_POINT('',(-0.0207414033927874,-0.0298877438690262,0.0175718015005858));
#2994=CARTESIAN_POINT('',(-0.0224439925650834,-0.032611742687597,0.0132607302536131));
#2995=CARTESIAN_POINT('',(-0.0224197668270573,-0.0325789873350623,0.0133454620505028));
#2996=CARTESIAN_POINT('',(-0.0223954661312126,-0.0325454417601778,0.0134296531895772));
#2997=CARTESIAN_POINT('',(-0.0222971309764447,-0.0324069556720435,0.0137671415495648));
#2998=CARTESIAN_POINT('',(-0.0222227474803308,-0.0322959258779355,0.0140150759287742));
#2999=CARTESIAN_POINT('',(-0.0219990981662156,-0.0319444256013961,0.0147402822155927));
#3000=CARTESIAN_POINT('',(-0.0218493736736725,-0.0316858614952827,0.0151988924014593));
#3001=CARTESIAN_POINT('',(-0.0215502199490028,-0.0311255442952579,0.0160707878173532));
#3002=CARTESIAN_POINT('',(-0.021400707874179,-0.0308237663042384,0.0164844216716004));
#3003=CARTESIAN_POINT('',(-0.0211757586096487,-0.0303357165618649,0.017078111617791));
#3004=CARTESIAN_POINT('',(-0.021100581678502,-0.0301668702599759,0.017271684717306));
#3005=CARTESIAN_POINT('',(-0.020997645257786,-0.0299274026363996,0.0175306539272378));
#3006=CARTESIAN_POINT('',(-0.0209695272642341,-0.0298611277310174,0.0176007625211562));
#3007=CARTESIAN_POINT('',(-0.0209414955532186,-0.0297941753593289,0.0176700500061445));
#3008=CARTESIAN_POINT('',(-0.0227355883093898,-0.0325561474827256,0.0133800118329797));
#3009=CARTESIAN_POINT('',(-0.0227093065810346,-0.0325220461007124,0.0134658351894101));
#3010=CARTESIAN_POINT('',(-0.0226829666630516,-0.0324871515494716,0.0135510449125339));
#3011=CARTESIAN_POINT('',(-0.0225764848978508,-0.0323432381929409,0.0138923219193912));
#3012=CARTESIAN_POINT('',(-0.0224961833954851,-0.0322281745504301,0.0141423459300704));
#3013=CARTESIAN_POINT('',(-0.0222556402546175,-0.0318653220716799,0.0148713136910249));
#3014=CARTESIAN_POINT('',(-0.0220958582455997,-0.0316002818649606,0.0153289309951896));
#3015=CARTESIAN_POINT('',(-0.0217791963359092,-0.0310310898239493,0.016193200438121));
#3016=CARTESIAN_POINT('',(-0.0216222429151634,-0.0307269803205512,0.0166002320386271));
#3017=CARTESIAN_POINT('',(-0.0213867720729769,-0.0302372453227972,0.0171832853683862));
#3018=CARTESIAN_POINT('',(-0.0213081758982425,-0.0300680979373101,0.0173731992448887));
#3019=CARTESIAN_POINT('',(-0.0212006412250995,-0.029828516165115,0.0176271277164639));
#3020=CARTESIAN_POINT('',(-0.0211712781156942,-0.0297622446123032,0.0176958514102978));
#3021=CARTESIAN_POINT('',(-0.0211420151705708,-0.0296953293130958,0.0177637520597412));
#3022=CARTESIAN_POINT('',(-0.0231223334346133,-0.0324723035439626,0.0135363593190138));
#3023=CARTESIAN_POINT('',(-0.0230932960844109,-0.0324365015531442,0.0136235040278337));
#3024=CARTESIAN_POINT('',(-0.023064223780972,-0.0323999045765537,0.0137099399747839));
#3025=CARTESIAN_POINT('',(-0.0229468314429634,-0.0322491504932133,0.0140557482088412));
#3026=CARTESIAN_POINT('',(-0.0228586174281184,-0.0321290229897099,0.0143081957141807));
#3027=CARTESIAN_POINT('',(-0.0225955443222334,-0.0317519846996577,0.0150412361460287));
#3028=CARTESIAN_POINT('',(-0.0224224376551956,-0.0314789478985406,0.0154971135158432));
#3029=CARTESIAN_POINT('',(-0.0220827314579302,-0.0308990120013693,0.0163508612573213));
#3030=CARTESIAN_POINT('',(-0.0219160678325984,-0.0305922374634116,0.0167491517467394));
#3031=CARTESIAN_POINT('',(-0.0216669039850543,-0.0301008396004053,0.017318206103042));
#3032=CARTESIAN_POINT('',(-0.0215838638338199,-0.0299314757748901,0.0175033156049592));
#3033=CARTESIAN_POINT('',(-0.0214703580046423,-0.0296919849937857,0.0177506340521476));
#3034=CARTESIAN_POINT('',(-0.0214393787595805,-0.0296257830399721,0.0178175428362021));
#3035=CARTESIAN_POINT('',(-0.0214085184123555,-0.0295589808502224,0.0178836270396351));
#3036=CARTESIAN_POINT('',(-0.0233650676861305,-0.0324092693519461,0.0136325762215813));
#3037=CARTESIAN_POINT('',(-0.0233342716368685,-0.032372488103682,0.0137204204362507));
#3038=CARTESIAN_POINT('',(-0.0233034562317219,-0.0323349128563576,0.0138074979279932));
#3039=CARTESIAN_POINT('',(-0.0231791088335792,-0.032180236987085,0.0141556433518355));
#3040=CARTESIAN_POINT('',(-0.0230858643670862,-0.0320572283179035,0.014409255078563));
#3041=CARTESIAN_POINT('',(-0.0228085260561904,-0.0316721884972501,0.0151439128524511));
#3042=CARTESIAN_POINT('',(-0.0226270726358229,-0.0313947444086774,0.0155982656788571));
#3043=CARTESIAN_POINT('',(-0.0222730878472296,-0.0308091213993194,0.0164449939607738));
#3044=CARTESIAN_POINT('',(-0.0221004953334026,-0.0305011115637771,0.0168378147384688));
#3045=CARTESIAN_POINT('',(-0.0218430092320363,-0.0300092553155753,0.0173981944067216));
#3046=CARTESIAN_POINT('',(-0.0217572743554501,-0.0298399425943021,0.0175803386836946));
#3047=CARTESIAN_POINT('',(-0.021640153186381,-0.029600756674101,0.0178235858910147));
#3048=CARTESIAN_POINT('',(-0.021608196198252,-0.0295346649911513,0.0178893780082882));
#3049=CARTESIAN_POINT('',(-0.0215763701946913,-0.0294679991374069,0.0179543456280111));
#3050=CARTESIAN_POINT('',(-0.0236097663123487,-0.0323315839212105,0.0137269751951277));
#3051=CARTESIAN_POINT('',(-0.0235772139264897,-0.0322939440052811,0.0138153747957711));
#3052=CARTESIAN_POINT('',(-0.0235446578861054,-0.0322555129625644,0.0139029527759336));
#3053=CARTESIAN_POINT('',(-0.0234133672461854,-0.0320974154228665,0.0142528810502319));
#3054=CARTESIAN_POINT('',(-0.0233151061921803,-0.0319719147230513,0.0145072758202507));
#3055=CARTESIAN_POINT('',(-0.0230235736974202,-0.0315800311793643,0.0152425552618579));
#3056=CARTESIAN_POINT('',(-0.0228338655555822,-0.0312989320159104,0.0156949314093782));
#3057=CARTESIAN_POINT('',(-0.0224658623947073,-0.0307089151251585,0.0165341571777737));
#3058=CARTESIAN_POINT('',(-0.0222875075123399,-0.030400205155548,0.0169214759307688));
#3059=CARTESIAN_POINT('',(-0.0220219566759341,-0.0299086297340956,0.0174732109494046));
#3060=CARTESIAN_POINT('',(-0.0219336141991811,-0.0297396074833588,0.0176524120771288));
#3061=CARTESIAN_POINT('',(-0.0218129976192251,-0.029501048598224,0.0178916265318916));
#3062=CARTESIAN_POINT('',(-0.0217800957860013,-0.0294351543435182,0.0179563136846341));
#3063=CARTESIAN_POINT('',(-0.0217473370721599,-0.0293687109467658,0.0180201774228539));
#3064=CARTESIAN_POINT('',(-0.0220000000000174,-0.0326687128674263,0.0131096237301697));
#3065=CARTESIAN_POINT('',(-0.0220000000000174,-0.0320540269082317,0.0147588203740817));
#3066=CARTESIAN_POINT('',(-0.022,-0.0311249352926832,0.0162580825695015));
#3067=CARTESIAN_POINT('',(-0.022,-0.0298826171718762,0.0174991795490543));
#3068=CARTESIAN_POINT('',(-0.0258637849204362,-0.0332366780785691,0.0089016324808792));
#3069=CARTESIAN_POINT('',(-0.0259140904537695,-0.0332366780708313,0.00877193949903639));
#3070=CARTESIAN_POINT('',(-0.0259616242962113,-0.0332369626898906,0.00864147380225897));
#3071=CARTESIAN_POINT('',(-0.0260523069860921,-0.0332372768356006,0.00838423116894579));
#3072=CARTESIAN_POINT('',(-0.0260955234997602,-0.0332372746360764,0.00825754951760222));
#3073=CARTESIAN_POINT('',(-0.0261765645995394,-0.0332372060362139,0.00801006003911723));
#3074=CARTESIAN_POINT('',(-0.0262142911696338,-0.0332371545226713,0.00788936044287721));
#3075=CARTESIAN_POINT('',(-0.026283636673938,-0.0332371969884937,0.00765519896226357));
#3076=CARTESIAN_POINT('',(-0.0263154419735773,-0.0332372657265777,0.00754150700391685));
#3077=CARTESIAN_POINT('',(-0.0264042714819564,-0.0332375057173305,0.00720886750395274));
#3078=CARTESIAN_POINT('',(-0.0264550850252979,-0.0332376627897857,0.00699909636218402));
#3079=CARTESIAN_POINT('',(-0.0265472701518928,-0.0332378227609386,0.00658764439448503));
#3080=CARTESIAN_POINT('',(-0.0266295123515452,-0.03323789250062,0.00618329604292769));
#3081=CARTESIAN_POINT('',(-0.0267029355358518,-0.0332379540254611,0.00575414565805784));
#3082=CARTESIAN_POINT('',(-0.0267536813366398,-0.0332379846146469,0.00541290775394069));
#3083=CARTESIAN_POINT('',(-0.0267698933872889,-0.0332379920180856,0.00529584971505714));
#3084=CARTESIAN_POINT('',(-0.0268006226418584,-0.0332380005639136,0.00505401063130822));
#3085=CARTESIAN_POINT('',(-0.0268151057491923,-0.0332380021074014,0.00492939535631025));
#3086=CARTESIAN_POINT('',(-0.026841679543923,-0.0332380030713715,0.00467333217444854));
#3087=CARTESIAN_POINT('',(-0.0268537696271894,-0.0332380025557804,0.0045418312011217));
#3088=CARTESIAN_POINT('',(-0.0268749307123373,-0.0332380024497705,0.00427279425606748));
#3089=CARTESIAN_POINT('',(-0.0268840006983684,-0.0332380025971389,0.00413548118833857));
#3090=CARTESIAN_POINT('',(-0.0268985495858072,-0.0332380026740975,0.00385907424865039));
#3091=CARTESIAN_POINT('',(-0.0269040503942901,-0.0332380026464962,0.0037199179444877));
#3092=CARTESIAN_POINT('',(-0.0269113611448566,-0.0332380026409463,0.00344215298879396));
#3093=CARTESIAN_POINT('',(-0.0269131767337338,-0.0332380026557459,0.00330345031682046));
#3094=CARTESIAN_POINT('',(-0.0269131767337347,-0.0332380026557459,0.00316455576383338));
#3095=CARTESIAN_POINT('',(-0.0256941811074451,-0.0332778167483028,0.00887006749643888));
#3096=CARTESIAN_POINT('',(-0.0257442098640232,-0.0332778167408185,0.00874186168471888));
#3097=CARTESIAN_POINT('',(-0.0257914577864982,-0.0332780921132793,0.0086128837708363));
#3098=CARTESIAN_POINT('',(-0.0258817324924086,-0.0332783951459349,0.00835838535932371));
#3099=CARTESIAN_POINT('',(-0.025924832775959,-0.0332783920920858,0.00823295640919942));
#3100=CARTESIAN_POINT('',(-0.0260058007295112,-0.0332783226493687,0.00798762802559838));
#3101=CARTESIAN_POINT('',(-0.0260435711333043,-0.0332782706336112,0.00786783088483784));
#3102=CARTESIAN_POINT('',(-0.0261131381835397,-0.0332783060404523,0.00763505771921046));
#3103=CARTESIAN_POINT('',(-0.0261451188623832,-0.0332783691045506,0.00752186403069611));
#3104=CARTESIAN_POINT('',(-0.0262345929290322,-0.033278590042105,0.00719022721405905));
#3105=CARTESIAN_POINT('',(-0.0262859884369331,-0.0332787333615391,0.00698043270345777));
#3106=CARTESIAN_POINT('',(-0.0263792906042305,-0.03327887228661,0.00656838078440551));
#3107=CARTESIAN_POINT('',(-0.0264626104697208,-0.0332789252302591,0.00616292680934962));
#3108=CARTESIAN_POINT('',(-0.026536384856496,-0.0332789793766327,0.0057336689648311));
#3109=CARTESIAN_POINT('',(-0.0265871791934991,-0.0332790066933453,0.0053932549233763));
#3110=CARTESIAN_POINT('',(-0.0266033708189744,-0.0332790133859311,0.00527662642073607));
#3111=CARTESIAN_POINT('',(-0.0266340011592025,-0.0332790210367674,0.00503601539065232));
#3112=CARTESIAN_POINT('',(-0.026648407363314,-0.0332790223899654,0.00491219028816411));
#3113=CARTESIAN_POINT('',(-0.0266748034627814,-0.033279023193031,0.00465803544402205));
#3114=CARTESIAN_POINT('',(-0.0266867927756511,-0.0332790227017406,0.00452765530068553));
#3115=CARTESIAN_POINT('',(-0.0267077593370724,-0.03327902259215,0.00426115171814594));
#3116=CARTESIAN_POINT('',(-0.0267167356566431,-0.0332790227322295,0.00412523998960259));
#3117=CARTESIAN_POINT('',(-0.0267311329584436,-0.033279022805059,0.00385171756638762));
#3118=CARTESIAN_POINT('',(-0.0267365747402697,-0.0332790227789386,0.00371404757456508));
#3119=CARTESIAN_POINT('',(-0.0267438079833607,-0.0332790227736865,0.00343922392214907));
#3120=CARTESIAN_POINT('',(-0.0267456048125321,-0.033279022787692,0.00330198096412696));
#3121=CARTESIAN_POINT('',(-0.026745604812533,-0.033279022787692,0.00316455576383338));
#3122=CARTESIAN_POINT('',(-0.025523747690499,-0.0333133538802141,0.00884012709858068));
#3123=CARTESIAN_POINT('',(-0.0255735139151943,-0.0333133538730837,0.00871341573133067));
#3124=CARTESIAN_POINT('',(-0.0256205008861641,-0.0333136162922594,0.00858593458212787));
#3125=CARTESIAN_POINT('',(-0.0257104122708642,-0.0333139043015598,0.00833418519051487));
#3126=CARTESIAN_POINT('',(-0.0257534149458846,-0.0333139006066109,0.00821000435041746));
#3127=CARTESIAN_POINT('',(-0.02583434932761,-0.0333138318283507,0.00796681117370351));
#3128=CARTESIAN_POINT('',(-0.0258721851598195,-0.0333137804165674,0.00784789503669681));
#3129=CARTESIAN_POINT('',(-0.0259420268249609,-0.033313809349944,0.00761644900902695));
#3130=CARTESIAN_POINT('',(-0.025974213226699,-0.0333138665356297,0.00750371423309943));
#3131=CARTESIAN_POINT('',(-0.0260644267485539,-0.033314067560942,0.00717293935553801));
#3132=CARTESIAN_POINT('',(-0.0261164704295223,-0.0333141968350519,0.00696299547476683));
#3133=CARTESIAN_POINT('',(-0.0262110075084262,-0.0333143158617566,0.00655006411398455));
#3134=CARTESIAN_POINT('',(-0.026295511312016,-0.0333143540786422,0.0061432001264403));
#3135=CARTESIAN_POINT('',(-0.0263697007232538,-0.0333144011563564,0.00571357333465146));
#3136=CARTESIAN_POINT('',(-0.0264205768475293,-0.03331442527402,0.00537382680204398));
#3137=CARTESIAN_POINT('',(-0.0264367566501676,-0.0333144312570052,0.00525758252905118));
#3138=CARTESIAN_POINT('',(-0.0264673008533634,-0.0333144380295248,0.00501812521726129));
#3139=CARTESIAN_POINT('',(-0.0264816344201106,-0.0333144392013241,0.00489506088978955));
#3140=CARTESIAN_POINT('',(-0.0265078585546255,-0.0333144398576716,0.00464277009672233));
#3141=CARTESIAN_POINT('',(-0.0265197485638848,-0.0333144393957714,0.00451349601386783));
#3142=CARTESIAN_POINT('',(-0.0265405221674339,-0.0333144392854073,0.00424950919273047));
#3143=CARTESIAN_POINT('',(-0.026549404917785,-0.0333144394168137,0.00411499646921313));
#3144=CARTESIAN_POINT('',(-0.0265636507080393,-0.0333144394848575,0.00384435746847482));
#3145=CARTESIAN_POINT('',(-0.026569033392167,-0.0333144394604535,0.00370817516993258));
#3146=CARTESIAN_POINT('',(-0.0265761890877567,-0.0333144394555465,0.00343629413473953));
#3147=CARTESIAN_POINT('',(-0.0265779671755454,-0.0333144394686317,0.00330051103520526));
#3148=CARTESIAN_POINT('',(-0.0265779671755462,-0.0333144394686317,0.00316455576383338));
#3149=CARTESIAN_POINT('',(-0.0250855880555425,-0.0333911348402529,0.00876731792098497));
#3150=CARTESIAN_POINT('',(-0.0251347158531874,-0.033391134834249,0.00864444855395956));
#3151=CARTESIAN_POINT('',(-0.0251811050216208,-0.0333913559241975,0.00852082016747658));
#3152=CARTESIAN_POINT('',(-0.0252702032927284,-0.0333915970285656,0.00827611855898632));
#3153=CARTESIAN_POINT('',(-0.0253129990376546,-0.0333915923382996,0.00815512106855529));
#3154=CARTESIAN_POINT('',(-0.0253939351023467,-0.0333915291647468,0.00791733104511911));
#3155=CARTESIAN_POINT('',(-0.0254319851856329,-0.033391482148577,0.00780061880338905));
#3156=CARTESIAN_POINT('',(-0.0255026511279137,-0.033391496871664,0.00757242505582782));
#3157=CARTESIAN_POINT('',(-0.025535435082403,-0.0333915392059273,0.00746077214864982));
#3158=CARTESIAN_POINT('',(-0.0256277638390806,-0.0333916894732947,0.0071318721006057));
#3159=CARTESIAN_POINT('',(-0.0256816206771464,-0.0333917837536647,0.00692124944838501));
#3160=CARTESIAN_POINT('',(-0.0257795877666962,-0.0333918572886914,0.00650540936013147));
#3161=CARTESIAN_POINT('',(-0.0258673614127738,-0.033391865021087,0.00609422006785832));
#3162=CARTESIAN_POINT('',(-0.0259427607137567,-0.0333918956575646,0.00566303419916535));
#3163=CARTESIAN_POINT('',(-0.0259939234982146,-0.0333919121575422,0.00532462863781706));
#3164=CARTESIAN_POINT('',(-0.0260100931309161,-0.0333919164109661,0.00520926131872044));
#3165=CARTESIAN_POINT('',(-0.0260404466817708,-0.0333919210826444,0.0049725822466846));
#3166=CARTESIAN_POINT('',(-0.0260546042937329,-0.0333919218349093,0.00485139603776356));
#3167=CARTESIAN_POINT('',(-0.0260804016718379,-0.0333919221703618,0.00460377221108215));
#3168=CARTESIAN_POINT('',(-0.0260920409462119,-0.0333919217936402,0.00447729438378001));
#3169=CARTESIAN_POINT('',(-0.0261123243432113,-0.0333919216887835,0.00421971020024133));
#3170=CARTESIAN_POINT('',(-0.0261209678355067,-0.0333919217953636,0.00408877274283444));
#3171=CARTESIAN_POINT('',(-0.0261348260079798,-0.0333919218499909,0.00382551128589448));
#3172=CARTESIAN_POINT('',(-0.0261400572641431,-0.0333919218303987,0.00369313998033226));
#3173=CARTESIAN_POINT('',(-0.0261470143828816,-0.0333919218264593,0.00342879365578749));
#3174=CARTESIAN_POINT('',(-0.0261487445455062,-0.0333919218369645,0.00329674740092191));
#3175=CARTESIAN_POINT('',(-0.0261487445455069,-0.0333919218369645,0.00316455576383338));
#3176=CARTESIAN_POINT('',(-0.0248180344998645,-0.0334255590642396,0.00872686573341999));
#3177=CARTESIAN_POINT('',(-0.024866807591623,-0.0334255590591333,0.00860634240810179));
#3178=CARTESIAN_POINT('',(-0.0249129022018231,-0.0334257471489723,0.00848507127673389));
#3179=CARTESIAN_POINT('',(-0.0250016205086408,-0.0334259516005272,0.00824465446406144));
#3180=CARTESIAN_POINT('',(-0.0250443322334108,-0.0334259469312224,0.00812557640894519));
#3181=CARTESIAN_POINT('',(-0.0251253539180221,-0.0334258909391367,0.00789100277291313));
#3182=CARTESIAN_POINT('',(-0.0251635790741845,-0.033425849349794,0.00777557753587335));
#3183=CARTESIAN_POINT('',(-0.0252348620936505,-0.0334258577305365,0.00754921610256518));
#3184=CARTESIAN_POINT('',(-0.0252680769888616,-0.0334258912381766,0.00743812955766072));
#3185=CARTESIAN_POINT('',(-0.0253619034286839,-0.0334260108952686,0.00711004602688337));
#3186=CARTESIAN_POINT('',(-0.0254170086268904,-0.0334260848563191,0.00689872517219567));
#3187=CARTESIAN_POINT('',(-0.0255173155933201,-0.0334261360335059,0.00648048535557038));
#3188=CARTESIAN_POINT('',(-0.0256073032638914,-0.0334261322292096,0.00606598072869632));
#3189=CARTESIAN_POINT('',(-0.0256835788463953,-0.0334261544786569,0.00563325511484424));
#3190=CARTESIAN_POINT('',(-0.0257349901771404,-0.0334261669042611,0.00529530733258177));
#3191=CARTESIAN_POINT('',(-0.025751173060941,-0.0334261701911722,0.00518036881313382));
#3192=CARTESIAN_POINT('',(-0.025781439824775,-0.0334261737294455,0.00494520545022848));
#3193=CARTESIAN_POINT('',(-0.0257955003723266,-0.0334261742702281,0.00482509126686755));
#3194=CARTESIAN_POINT('',(-0.0258210519230079,-0.0334261744636533,0.00458019669067191));
#3195=CARTESIAN_POINT('',(-0.0258325424799938,-0.0334261741482891,0.00445538085171676));
#3196=CARTESIAN_POINT('',(-0.0258525321815004,-0.0334261740540196,0.00420164126621739));
#3197=CARTESIAN_POINT('',(-0.0258610308214257,-0.0334261741429813,0.00407286640984273));
#3198=CARTESIAN_POINT('',(-0.0258746541273045,-0.0334261741883317,0.00381407592622116));
#3199=CARTESIAN_POINT('',(-0.0258797934014134,-0.0334261741720667,0.00368401859740449));
#3200=CARTESIAN_POINT('',(-0.0258866300197442,-0.0334261741687962,0.00342424401651455));
#3201=CARTESIAN_POINT('',(-0.0258883311643259,-0.0334261741775174,0.0032944639688271));
#3202=CARTESIAN_POINT('',(-0.0258883311643266,-0.0334261741775174,0.00316455576383338));
#3203=CARTESIAN_POINT('',(-0.0242879236740934,-0.0334731744142548,0.00865302922656525));
#3204=CARTESIAN_POINT('',(-0.0243360493261294,-0.0334731744110527,0.00853715417456223));
#3205=CARTESIAN_POINT('',(-0.024381707374143,-0.0334732924219104,0.00842056163286209));
#3206=CARTESIAN_POINT('',(-0.0244698939625056,-0.0334734199502764,0.00818860502846537));
#3207=CARTESIAN_POINT('',(-0.0245125033361905,-0.0334734162570138,0.00807329086611418));
#3208=CARTESIAN_POINT('',(-0.0245938116095242,-0.033473378600343,0.00784495766776089));
#3209=CARTESIAN_POINT('',(-0.024632441413514,-0.0334733507190174,0.00773198897181298));
#3210=CARTESIAN_POINT('',(-0.0247051175083522,-0.0334733513225016,0.00750901500742783));
#3211=CARTESIAN_POINT('',(-0.0247392904428989,-0.0334733695303992,0.0073989019302614));
#3212=CARTESIAN_POINT('',(-0.0248364112917168,-0.0334734354270493,0.00707191871448278));
#3213=CARTESIAN_POINT('',(-0.0248942107458253,-0.0334734748345993,0.00685876750676137));
#3214=CARTESIAN_POINT('',(-0.0249995213588026,-0.0334734942139859,0.00643479033047429));
#3215=CARTESIAN_POINT('',(-0.0250942110169942,-0.0334734802298719,0.00601265450644946));
#3216=CARTESIAN_POINT('',(-0.0251724337855429,-0.0334734899377572,0.00557595295018418));
#3217=CARTESIAN_POINT('',(-0.0252244515228315,-0.0334734959385082,0.0052383440166707));
#3218=CARTESIAN_POINT('',(-0.0252406910670532,-0.0334734976316136,0.00512408723937103));
#3219=CARTESIAN_POINT('',(-0.0252708320583079,-0.0334734993659151,0.00489164268525988));
#3220=CARTESIAN_POINT('',(-0.0252847164620489,-0.0334734995946801,0.00477353491860056));
#3221=CARTESIAN_POINT('',(-0.0253098039587316,-0.0334734996135075,0.00453385844034133));
#3222=CARTESIAN_POINT('',(-0.0253210067044151,-0.0334734994212925,0.00441226409787883));
#3223=CARTESIAN_POINT('',(-0.0253404233206185,-0.0334734993564772,0.00416603984116177));
#3224=CARTESIAN_POINT('',(-0.0253486369242568,-0.0334734994104054,0.00404151758816118));
#3225=CARTESIAN_POINT('',(-0.0253617977442218,-0.0334734994376161,0.00379153238837066));
#3226=CARTESIAN_POINT('',(-0.025366755526183,-0.0334734994278569,0.00366603928903343));
#3227=CARTESIAN_POINT('',(-0.0253733545762654,-0.0334734994258946,0.0034152772058592));
#3228=CARTESIAN_POINT('',(-0.0253749986137392,-0.0334734994311274,0.0032899628175575));
#3229=CARTESIAN_POINT('',(-0.0253749986137397,-0.0334734994311274,0.00316455576383338));
#3230=CARTESIAN_POINT('',(-0.0240254159973613,-0.0334863408706632,0.00861965801232988));
#3231=CARTESIAN_POINT('',(-0.0240732490304676,-0.0334863408684687,0.00850608475707488));
#3232=CARTESIAN_POINT('',(-0.0241187653765714,-0.0334864217600103,0.00839181314309136));
#3233=CARTESIAN_POINT('',(-0.0242068005888558,-0.0334865089742272,0.00816403115309775));
#3234=CARTESIAN_POINT('',(-0.0242493916851973,-0.03348650623725,0.00805056105429373));
#3235=CARTESIAN_POINT('',(-0.0243309009268856,-0.0334864797469769,0.00782525117949491));
#3236=CARTESIAN_POINT('',(-0.0243697602606647,-0.0334864601560024,0.0077134516900665));
#3237=CARTESIAN_POINT('',(-0.0244432122957666,-0.0334864593229607,0.00749203232035585));
#3238=CARTESIAN_POINT('',(-0.0244779123016301,-0.0334864710504868,0.00738232611305422));
#3239=CARTESIAN_POINT('',(-0.024576829764781,-0.0334865137699799,0.00705562608832591));
#3240=CARTESIAN_POINT('',(-0.0246360749731222,-0.0334865389245325,0.00684134245965443));
#3241=CARTESIAN_POINT('',(-0.0247440490028332,-0.0334865488445097,0.00641402719781466));
#3242=CARTESIAN_POINT('',(-0.0248412262382484,-0.0334865362077978,0.00598757514270661));
#3243=CARTESIAN_POINT('',(-0.024920519859121,-0.0334865417511083,0.00554843682315471));
#3244=CARTESIAN_POINT('',(-0.0249728954810823,-0.0334865453962838,0.0052107083576661));
#3245=CARTESIAN_POINT('',(-0.0249891784532914,-0.0334865464608411,0.00509670429199801));
#3246=CARTESIAN_POINT('',(-0.0250192805075842,-0.0334865475231336,0.00486546230361612));
#3247=CARTESIAN_POINT('',(-0.0250330858619927,-0.0334865476511019,0.00474828862663787));
#3248=CARTESIAN_POINT('',(-0.025057955195347,-0.0334865476371943,0.00451110032842706));
#3249=CARTESIAN_POINT('',(-0.0250690188802599,-0.0334865475068574,0.00439106512763951));
#3250=CARTESIAN_POINT('',(-0.0250881561677831,-0.0334865474609263,0.00414851081112788));
#3251=CARTESIAN_POINT('',(-0.0250962296155942,-0.0334865474974148,0.00402607813862288));
#3252=CARTESIAN_POINT('',(-0.0251091628614744,-0.03348654751575,0.00378042638939752));
#3253=CARTESIAN_POINT('',(-0.0251140311507267,-0.033486547509174,0.00365718310407681));
#3254=CARTESIAN_POINT('',(-0.0251205131559182,-0.0334865475078518,0.00341086090357089));
#3255=CARTESIAN_POINT('',(-0.0251221291099463,-0.0334865475113778,0.00328774553387514));
#3256=CARTESIAN_POINT('',(-0.0251221291099466,-0.0334865475113778,0.00316455576383338));
#3257=CARTESIAN_POINT('',(-0.0235058788221235,-0.0334997659983459,0.00855748496736857));
#3258=CARTESIAN_POINT('',(-0.0235531666812928,-0.0334997659977519,0.00844846727012824));
#3259=CARTESIAN_POINT('',(-0.0235985378019944,-0.0334997879040867,0.00833879260188936));
#3260=CARTESIAN_POINT('',(-0.023686456534774,-0.0334998113760075,0.00811925253582894));
#3261=CARTESIAN_POINT('',(-0.0237290481884918,-0.0334998104850594,0.00800940746826017));
#3262=CARTESIAN_POINT('',(-0.0238110086231408,-0.0334998028168967,0.00778999924786553));
#3263=CARTESIAN_POINT('',(-0.0238503442618865,-0.0334997971620044,0.00768045627087712));
#3264=CARTESIAN_POINT('',(-0.0239254295848642,-0.0334997960280267,0.00746196425073254));
#3265=CARTESIAN_POINT('',(-0.0239612392618048,-0.0334997986552301,0.00735297195157963));
#3266=CARTESIAN_POINT('',(-0.0240639240335754,-0.0334998084398933,0.00702651484804973));
#3267=CARTESIAN_POINT('',(-0.0241261702629285,-0.0334998139000792,0.0068097162340588));
#3268=CARTESIAN_POINT('',(-0.0242396286469772,-0.0334998141400876,0.0063751932075964));
#3269=CARTESIAN_POINT('',(-0.0243418990982693,-0.0334998085001687,0.0059395491873771));
#3270=CARTESIAN_POINT('',(-0.0244234383826486,-0.0334998091945582,0.00549502233054039));
#3271=CARTESIAN_POINT('',(-0.0244765915837066,-0.033499809841906,0.00515670967052721));
#3272=CARTESIAN_POINT('',(-0.0244929791949367,-0.0334998100605382,0.00504310302978518));
#3273=CARTESIAN_POINT('',(-0.024523032377973,-0.0334998102564011,0.00481406700609703));
#3274=CARTESIAN_POINT('',(-0.024536691107282,-0.0334998102701175,0.00469866995883096));
#3275=CARTESIAN_POINT('',(-0.0245611426219982,-0.0334998102468785,0.00446628991619319));
#3276=CARTESIAN_POINT('',(-0.0245719352272141,-0.033499810212606,0.0043492965680592));
#3277=CARTESIAN_POINT('',(-0.0245905250851215,-0.0334998101990739,0.0041139426338543));
#3278=CARTESIAN_POINT('',(-0.0245983223836301,-0.0334998102086106,0.00399562553321099));
#3279=CARTESIAN_POINT('',(-0.0246108070196005,-0.0334998102133468,0.00375851715068379));
#3280=CARTESIAN_POINT('',(-0.0246154986613085,-0.0334998102116482,0.00363971369490772));
#3281=CARTESIAN_POINT('',(-0.024621749757508,-0.0334998102113066,0.00340215010995384));
#3282=CARTESIAN_POINT('',(-0.0246233103728652,-0.0334998102122174,0.00328337164683225));
#3283=CARTESIAN_POINT('',(-0.0246233103728652,-0.0334998102122174,0.00316455576383338));
#3284=CARTESIAN_POINT('',(-0.0232488989169786,-0.0335,0.00852869624169701));
#3285=CARTESIAN_POINT('',(-0.0232959343360471,-0.0335,0.00842193187086338));
#3286=CARTESIAN_POINT('',(-0.0233413022352999,-0.0335,0.00831453281381646));
#3287=CARTESIAN_POINT('',(-0.0234292562427399,-0.0335,0.00809905925923132));
#3288=CARTESIAN_POINT('',(-0.0234718667847627,-0.0335,0.00799099476544752));
#3289=CARTESIAN_POINT('',(-0.0235540774435695,-0.0335,0.00777446414918243));
#3290=CARTESIAN_POINT('',(-0.0235936598123304,-0.0335,0.00766600814823239));
#3291=CARTESIAN_POINT('',(-0.023669602424997,-0.0335,0.00744888832298393));
#3292=CARTESIAN_POINT('',(-0.0237059946744008,-0.0335,0.00734020282651525));
#3293=CARTESIAN_POINT('',(-0.0238106500289402,-0.0335,0.0070137048464518));
#3294=CARTESIAN_POINT('',(-0.023874451383544,-0.0335,0.00679552339770813));
#3295=CARTESIAN_POINT('',(-0.0239907303522626,-0.0335,0.00635713023791314));
#3296=CARTESIAN_POINT('',(-0.024095606056305,-0.0335,0.00591661011513245));
#3297=CARTESIAN_POINT('',(-0.0241783200996673,-0.0335,0.00546913091826501));
#3298=CARTESIAN_POINT('',(-0.0242318930195657,-0.0335,0.00513035299406411));
#3299=CARTESIAN_POINT('',(-0.0242483418604947,-0.0335,0.00501689083574853));
#3300=CARTESIAN_POINT('',(-0.0242783851578333,-0.0335,0.00478885767709043));
#3301=CARTESIAN_POINT('',(-0.0242919763414427,-0.0335,0.00467430286839503));
#3302=CARTESIAN_POINT('',(-0.0243162282640959,-0.0335,0.00444424223387964));
#3303=CARTESIAN_POINT('',(-0.024326888883529,-0.0335,0.00432873123025357));
#3304=CARTESIAN_POINT('',(-0.024345210701631,-0.0335,0.00409690694761242));
#3305=CARTESIAN_POINT('',(-0.0243528720347538,-0.0335,0.00398061541648893));
#3306=CARTESIAN_POINT('',(-0.0243651356801341,-0.0335,0.00374771609014725));
#3307=CARTESIAN_POINT('',(-0.024369740184391,-0.0335,0.00363110221118192));
#3308=CARTESIAN_POINT('',(-0.0243758774394392,-0.0335,0.0033978564877192));
#3309=CARTESIAN_POINT('',(-0.0243774108051905,-0.0335,0.00328121547896414));
#3310=CARTESIAN_POINT('',(-0.0243774108051902,-0.0335,0.00316455576383338));
#3311=CARTESIAN_POINT('',(-0.0229921046513929,-0.0335,0.0085));
#3312=CARTESIAN_POINT('',(-0.0230388884401279,-0.0335,0.00839548732784543));
#3313=CARTESIAN_POINT('',(-0.0230842975492337,-0.0335,0.0082903592954708));
#3314=CARTESIAN_POINT('',(-0.0231723348988693,-0.0335,0.00807894522227503));
#3315=CARTESIAN_POINT('',(-0.023214963064756,-0.0335,0.00797265915119218));
#3316=CARTESIAN_POINT('',(-0.0232974094072115,-0.0335,0.00775900268094862));
#3317=CARTESIAN_POINT('',(-0.0233372274628993,-0.0335,0.00765163223597712));
#3318=CARTESIAN_POINT('',(-0.0234140252879785,-0.0335,0.00743588101631129));
#3319=CARTESIAN_POINT('',(-0.0234510053097949,-0.0335,0.00732750033756164));
#3320=CARTESIAN_POINT('',(-0.0235576504066263,-0.0335,0.00700095566869774));
#3321=CARTESIAN_POINT('',(-0.0236230172472011,-0.0335,0.00678138809134877));
#3322=CARTESIAN_POINT('',(-0.023742116291731,-0.0335,0.00633911966073683));
#3323=CARTESIAN_POINT('',(-0.0238495850540706,-0.0335,0.00589371922703722));
#3324=CARTESIAN_POINT('',(-0.0239334754738566,-0.0335,0.00544328209515279));
#3325=CARTESIAN_POINT('',(-0.0239874698008201,-0.0335,0.00510403405825378));
#3326=CARTESIAN_POINT('',(-0.0240039804771589,-0.0335,0.00499071465652659));
#3327=CARTESIAN_POINT('',(-0.0240340146556562,-0.0335,0.00476368067653208));
#3328=CARTESIAN_POINT('',(-0.0240475385271539,-0.0335,0.00464996614779123));
#3329=CARTESIAN_POINT('',(-0.0240715912191565,-0.0335,0.00442222077706854));
#3330=CARTESIAN_POINT('',(-0.0240821199856589,-0.0335,0.00430818993005455));
#3331=CARTESIAN_POINT('',(-0.0241001740951921,-0.0335,0.00407989070967652));
#3332=CARTESIAN_POINT('',(-0.0241076996401451,-0.0335,0.00396562235582315));
#3333=CARTESIAN_POINT('',(-0.0241197425589598,-0.0335,0.00373692724344155));
#3334=CARTESIAN_POINT('',(-0.0241242600195111,-0.0335,0.00362250048877519));
#3335=CARTESIAN_POINT('',(-0.0241302835613371,-0.0335,0.00339356774241433));
#3336=CARTESIAN_POINT('',(-0.0241317897109879,-0.0335,0.00327906175288786));
#3337=CARTESIAN_POINT('',(-0.0241317897109875,-0.0335,0.00316455576383338));
#3338=CARTESIAN_POINT('',(-0.0241317897109875,-0.0335,0.00316455576383338));
#3339=CARTESIAN_POINT('',(-0.0250195622103288,-0.0335,0.00316455576383338));
#3340=CARTESIAN_POINT('',(-0.0259438302089319,-0.0334730966434959,0.00316455576383338));
#3341=CARTESIAN_POINT('',(-0.026896037165524,-0.0332421786956269,0.00316455576383338));
#3342=CARTESIAN_POINT('',(-0.0268960399550718,-0.0332421901985313,0.00316455576383338));
#3343=CARTESIAN_POINT('',(-0.0268960399617313,-0.0332421901977237,0.00316455576383338));
#3344=CARTESIAN_POINT('',(-0.0268960399617193,-0.0332421901977237,0.0051219795388657));
#3345=CARTESIAN_POINT('',(-0.0265491866936566,-0.0332421901985313,0.0070729995758392));
#3346=CARTESIAN_POINT('',(-0.0258409688315741,-0.0332421901985313,0.00889739294867025));
#3347=CARTESIAN_POINT('',(-0.0321317897109875,-0.0255,-3.0140820395097E-17));
#3348=CARTESIAN_POINT('',(-0.0321317897109875,-0.0255,0.0031645557638334));
#3349=CARTESIAN_POINT('',(-0.0321317897109875,-0.0267,-3.0140820395097E-17));
#3350=CARTESIAN_POINT('',(-0.0321317897109875,-0.0267,0.0031645557638334));
#3351=CARTESIAN_POINT('',(-0.0321317897109875,-0.0279,-3.0140820395097E-17));
#3352=CARTESIAN_POINT('',(-0.0321317897109875,-0.0279,0.0031645557638334));
#3353=CARTESIAN_POINT('',(-0.0313317897109875,-0.0308333333333334,-3.0140820395097E-17));
#3354=CARTESIAN_POINT('',(-0.0313317897109875,-0.0308333333333334,0.0031645557638334));
#3355=CARTESIAN_POINT('',(-0.0294651230443209,-0.0327,-3.0140820395097E-17));
#3356=CARTESIAN_POINT('',(-0.0294651230443208,-0.0327,0.0031645557638334));
#3357=CARTESIAN_POINT('',(-0.0265317897109875,-0.0335,-3.0140820395097E-17));
#3358=CARTESIAN_POINT('',(-0.0265317897109875,-0.0335,0.0031645557638334));
#3359=CARTESIAN_POINT('',(-0.0253317897109875,-0.0335,-3.0140820395097E-17));
#3360=CARTESIAN_POINT('',(-0.0253317897109875,-0.0335,0.0031645557638334));
#3361=CARTESIAN_POINT('',(-0.0241317897109875,-0.0335,-3.0140820395097E-17));
#3362=CARTESIAN_POINT('',(-0.0241317897109875,-0.0335,0.0031645557638334));
#3363=CARTESIAN_POINT('',(-0.0268960399550712,-0.0332421901985314,0.0031));
#3364=CARTESIAN_POINT('',(-0.0277302962904061,-0.0330398489439926,0.0031));
#3365=CARTESIAN_POINT('',(-0.0293238639295138,-0.0323929375053154,0.0031));
#3366=CARTESIAN_POINT('',(-0.0311410406859771,-0.0305016022235656,0.0031));
#3367=CARTESIAN_POINT('',(-0.0320600226020623,-0.0280605737479512,0.0031));
#3368=CARTESIAN_POINT('',(-0.0321317897109875,-0.0263558148265323,0.0031));
#3369=CARTESIAN_POINT('',(-0.0321317897109875,-0.0255,0.0031));
#3370=CARTESIAN_POINT('',(-0.0268960399550712,-0.0332421901985314,0.0031));
#3371=CARTESIAN_POINT('',(-0.0268960399550713,-0.0332421901985313,0.00158227788191647));
#3372=CARTESIAN_POINT('',(0.0259624156964764,-0.0355,0.01));
#3373=CARTESIAN_POINT('',(0.025922345229326,-0.0355,0.0102346131173751));
#3374=CARTESIAN_POINT('',(0.0258813608768925,-0.0354937466384032,0.0104668510142923));
#3375=CARTESIAN_POINT('',(0.0257976101858175,-0.035469430776367,0.0109267458128378));
#3376=CARTESIAN_POINT('',(0.0257548439964248,-0.0354513697946258,0.0111544026121931));
#3377=CARTESIAN_POINT('',(0.025667556332118,-0.0354039420886169,0.0116053177383661));
#3378=CARTESIAN_POINT('',(0.0256230323610038,-0.0353745800663726,0.0118285881056356));
#3379=CARTESIAN_POINT('',(0.0255322697446313,-0.0353050234735831,0.0122708444197434));
#3380=CARTESIAN_POINT('',(0.025486034023629,-0.0352648233606201,0.0124898162497039));
#3381=CARTESIAN_POINT('',(0.0253448686332233,-0.0351285838781687,0.0131402210022232));
#3382=CARTESIAN_POINT('',(0.0252474947844821,-0.0350169490024228,0.0135650985767686));
#3383=CARTESIAN_POINT('',(0.0250458396985464,-0.034752481692595,0.014400165737065));
#3384=CARTESIAN_POINT('',(0.0249415081326403,-0.0345995653217091,0.0148104975106044));
#3385=CARTESIAN_POINT('',(0.0247829498794352,-0.0343445331187586,0.0154045621660543));
#3386=CARTESIAN_POINT('',(0.024729691709736,-0.0342551685853862,0.0155992885638192));
#3387=CARTESIAN_POINT('',(0.0246224421663857,-0.0340680558645139,0.0159824095248672));
#3388=CARTESIAN_POINT('',(0.0245684519564995,-0.0339703195924687,0.016170806041144));
#3389=CARTESIAN_POINT('',(0.0244054700667434,-0.0336647355087041,0.0167268387208409));
#3390=CARTESIAN_POINT('',(0.0242954408448338,-0.0334445287543719,0.0170854045658597));
#3391=CARTESIAN_POINT('',(0.0241288591643985,-0.0330898928195758,0.0176057383288014));
#3392=CARTESIAN_POINT('',(0.0240730864153132,-0.0329676506683226,0.0177762324076676));
#3393=CARTESIAN_POINT('',(0.0239610383257355,-0.0327147685341538,0.0181116874985144));
#3394=CARTESIAN_POINT('',(0.0239047256294429,-0.0325840439747191,0.0182767549046691));
#3395=CARTESIAN_POINT('',(0.0237919864171468,-0.03231471857521,0.0186005783641772));
#3396=CARTESIAN_POINT('',(0.0237355661692946,-0.032176124744665,0.0187593075442746));
#3397=CARTESIAN_POINT('',(0.0236609789438413,-0.0319876435263658,0.0189650773658745));
#3398=CARTESIAN_POINT('',(0.0236425253397825,-0.0319405794709928,0.0190156531733846));
#3399=CARTESIAN_POINT('',(0.023624100626881,-0.0318931498888173,0.0190658254759263));
#3400=CARTESIAN_POINT('',(0.0262232186463388,-0.0355,0.0100279567750659));
#3401=CARTESIAN_POINT('',(0.0261811318899172,-0.0354995029862883,0.010264733160078));
#3402=CARTESIAN_POINT('',(0.0261383587357192,-0.0354926455259275,0.0104990735789094));
#3403=CARTESIAN_POINT('',(0.0260503860031928,-0.0354668907284865,0.0109633797795137));
#3404=CARTESIAN_POINT('',(0.0260051758766449,-0.0354479952770368,0.0111933470204337));
#3405=CARTESIAN_POINT('',(0.0259126243168204,-0.035398604408224,0.0116492175869687));
#3406=CARTESIAN_POINT('',(0.0258652969268459,-0.0353681112545438,0.0118751529553117));
#3407=CARTESIAN_POINT('',(0.0257687492685019,-0.0352959477868956,0.012323084433824));
#3408=CARTESIAN_POINT('',(0.0257195127324636,-0.0352542747827967,0.0125450429425829));
#3409=CARTESIAN_POINT('',(0.0255690268801894,-0.0351130757024228,0.013204516946258));
#3410=CARTESIAN_POINT('',(0.0254650014771237,-0.034997401385124,0.0136355885753062));
#3411=CARTESIAN_POINT('',(0.0252501338117821,-0.0347240059233874,0.0144813847904185));
#3412=CARTESIAN_POINT('',(0.0251392536593021,-0.0345661878161152,0.0148962284603846));
#3413=CARTESIAN_POINT('',(0.0249713832108947,-0.0343041044674176,0.0154947267546343));
#3414=CARTESIAN_POINT('',(0.0249151020284087,-0.0342124388544886,0.0156905558550013));
#3415=CARTESIAN_POINT('',(0.0248020102311877,-0.0340209746543643,0.0160750559489349));
#3416=CARTESIAN_POINT('',(0.0247452019875218,-0.033921190526104,0.0162637220660065));
#3417=CARTESIAN_POINT('',(0.0245741052066,-0.0336100060199853,0.0168193740159622));
#3418=CARTESIAN_POINT('',(0.0244591463164501,-0.0333868481154642,0.0171760314233727));
#3419=CARTESIAN_POINT('',(0.0242857867373413,-0.03302913132339,0.017691893787002));
#3420=CARTESIAN_POINT('',(0.0242278579566401,-0.0329060876095306,0.0178606323622597));
#3421=CARTESIAN_POINT('',(0.0241116150360793,-0.0326519313009408,0.0181923116963911));
#3422=CARTESIAN_POINT('',(0.0240532589906038,-0.0325207296184974,0.0183553667368272));
#3423=CARTESIAN_POINT('',(0.0239364946904168,-0.0322506690668477,0.0186751026686496));
#3424=CARTESIAN_POINT('',(0.0238780911513917,-0.032111813328271,0.0188317612394119));
#3425=CARTESIAN_POINT('',(0.0238009256451756,-0.0319231395625745,0.019034754314333));
#3426=CARTESIAN_POINT('',(0.023781837651968,-0.0318760403300025,0.019084640061198));
#3427=CARTESIAN_POINT('',(0.0237627828327513,-0.0318285879053997,0.019134120790584));
#3428=CARTESIAN_POINT('',(0.0264842428913157,-0.0354997602488166,0.0100560090905447));
#3429=CARTESIAN_POINT('',(0.0264401099993075,-0.0354987525346838,0.0102949472376656));
#3430=CARTESIAN_POINT('',(0.0263954634496354,-0.0354912501888731,0.01053138704852));
#3431=CARTESIAN_POINT('',(0.0263031453645001,-0.0354639992980349,0.011000092621566));
#3432=CARTESIAN_POINT('',(0.0262554542434913,-0.0354442538327655,0.0112323614102006));
#3433=CARTESIAN_POINT('',(0.0261575536470673,-0.035392865974495,0.0116931605871388));
#3434=CARTESIAN_POINT('',(0.0261073701908652,-0.0353612210206108,0.0119217433800296));
#3435=CARTESIAN_POINT('',(0.026004886616054,-0.0352863912252747,0.0123753004905268));
#3436=CARTESIAN_POINT('',(0.0259525563577545,-0.0352432093284412,0.012600213300427));
#3437=CARTESIAN_POINT('',(0.025792447366563,-0.0350969427436173,0.0132686222239632));
#3438=CARTESIAN_POINT('',(0.0256815379644509,-0.0349771580083538,0.0137057475356881));
#3439=CARTESIAN_POINT('',(0.025452997562618,-0.0346947397208602,0.0145618954673252));
#3440=CARTESIAN_POINT('',(0.0253353413517854,-0.0345319971034906,0.0149810113714199));
#3441=CARTESIAN_POINT('',(0.0251579054432469,-0.0342628937117843,0.0155835986679029));
#3442=CARTESIAN_POINT('',(0.0250985299041001,-0.0341689472837675,0.0157804183475486));
#3443=CARTESIAN_POINT('',(0.0249794818091071,-0.0339731895559408,0.0161660959576714));
#3444=CARTESIAN_POINT('',(0.0249198132364435,-0.0338713954887707,0.0163549426678769));
#3445=CARTESIAN_POINT('',(0.0247405116706287,-0.0335547413691792,0.0169099948422194));
#3446=CARTESIAN_POINT('',(0.0246206125343532,-0.0333287419372212,0.0172646688820231));
#3447=CARTESIAN_POINT('',(0.0244404996549149,-0.0329681031073664,0.0177760454163066));
#3448=CARTESIAN_POINT('',(0.02438042974045,-0.0328443095720623,0.0179430397053504));
#3449=CARTESIAN_POINT('',(0.0242600295788498,-0.032588977830301,0.0182709839017105));
#3450=CARTESIAN_POINT('',(0.024199652749586,-0.0324573459746398,0.0184320554768134));
#3451=CARTESIAN_POINT('',(0.0240789122039704,-0.0321866390236876,0.0187477688479491));
#3452=CARTESIAN_POINT('',(0.0240185515281997,-0.0320475632665707,0.0189023925937693));
#3453=CARTESIAN_POINT('',(0.0239388450806328,-0.0318587481987512,0.0191026610766866));
#3454=CARTESIAN_POINT('',(0.0239191321589325,-0.0318116261317434,0.0191518700526336));
#3455=CARTESIAN_POINT('',(0.0238994568991528,-0.0317641628417964,0.0192006728347809));
#3456=CARTESIAN_POINT('',(0.0270122413801785,-0.0354856620166949,0.0101168310911362));
#3457=CARTESIAN_POINT('',(0.026963948293182,-0.0354836415009114,0.0103598896084764));
#3458=CARTESIAN_POINT('',(0.0269153658843371,-0.0354748488735166,0.0106003157245173));
#3459=CARTESIAN_POINT('',(0.0268140930828279,-0.0354446392741457,0.011077393248893));
#3460=CARTESIAN_POINT('',(0.0267613688105355,-0.0354232283048203,0.0113140510991313));
#3461=CARTESIAN_POINT('',(0.0266526149538558,-0.0353679343725021,0.0117842584940853));
#3462=CARTESIAN_POINT('',(0.0265966252659041,-0.0353340375186918,0.0120179003462599));
#3463=CARTESIAN_POINT('',(0.0264819908913958,-0.0352539900868087,0.012482201166032));
#3464=CARTESIAN_POINT('',(0.0264233000631508,-0.0352078556836634,0.0127127517705509));
#3465=CARTESIAN_POINT('',(0.0262433848418731,-0.0350516919644112,0.0133981589048321));
#3466=CARTESIAN_POINT('',(0.026118283488588,-0.0349239018454363,0.0138467299260339));
#3467=CARTESIAN_POINT('',(0.0258615393731021,-0.0346240275527646,0.0147221625635766));
#3468=CARTESIAN_POINT('',(0.0257298959597512,-0.0344518130457642,0.015149062057213));
#3469=CARTESIAN_POINT('',(0.0255328339741497,-0.0341693272366073,0.0157588009482943));
#3470=CARTESIAN_POINT('',(0.0254671282594189,-0.0340710523799264,0.0159572785099626));
#3471=CARTESIAN_POINT('',(0.0253359401359786,-0.0338671870082272,0.0163447320174274));
#3472=CARTESIAN_POINT('',(0.0252704657321098,-0.0337616193370049,0.0165336850995944));
#3473=CARTESIAN_POINT('',(0.0250745756613634,-0.0334347603728525,0.0170868939164724));
#3474=CARTESIAN_POINT('',(0.0249447810928574,-0.0332035559013341,0.0174373464316132));
#3475=CARTESIAN_POINT('',(0.0247512337201104,-0.0328377177655342,0.0179395826775192));
#3476=CARTESIAN_POINT('',(0.0246869211487056,-0.0327126271652408,0.018103067148633));
#3477=CARTESIAN_POINT('',(0.0245583028907218,-0.0324553328885337,0.0184235375107075));
#3478=CARTESIAN_POINT('',(0.0244939408871488,-0.0323230268487583,0.0185806587208908));
#3479=CARTESIAN_POINT('',(0.0243653674782532,-0.0320513904609966,0.0188883756466798));
#3480=CARTESIAN_POINT('',(0.0243011554616832,-0.0319120522456412,0.0190389612953065));
#3481=CARTESIAN_POINT('',(0.0242164556425348,-0.0317231819824281,0.0192338325226689));
#3482=CARTESIAN_POINT('',(0.0241955151880707,-0.0316760699220657,0.019281701619275));
#3483=CARTESIAN_POINT('',(0.0241746217564073,-0.0316286399112733,0.0193291628945698));
#3484=CARTESIAN_POINT('',(0.0272791613189379,-0.0354718305033943,0.010149586876718));
#3485=CARTESIAN_POINT('',(0.0272287548037387,-0.0354693079231618,0.010394604077898));
#3486=CARTESIAN_POINT('',(0.0271781108095826,-0.0354598698803888,0.0106369172431206));
#3487=CARTESIAN_POINT('',(0.0270722302048123,-0.0354281976719792,0.0111179675621433));
#3488=CARTESIAN_POINT('',(0.0270169544503423,-0.0354059712393959,0.0113567130042639));
#3489=CARTESIAN_POINT('',(0.0269026977876645,-0.0353487682682593,0.0118314001531245));
#3490=CARTESIAN_POINT('',(0.0268437586997463,-0.0353137713299099,0.0120674537098901));
#3491=CARTESIAN_POINT('',(0.0267229111941056,-0.0352311725755434,0.012536872778569));
#3492=CARTESIAN_POINT('',(0.0266609544784264,-0.0351835945342169,0.0127701069765373));
#3493=CARTESIAN_POINT('',(0.0264708591315121,-0.0350226010675386,0.0134635777794423));
#3494=CARTESIAN_POINT('',(0.0263384519071417,-0.0348909158489027,0.013917541184337));
#3495=CARTESIAN_POINT('',(0.0260671808935292,-0.0345826078779302,0.0148019078365575));
#3496=CARTESIAN_POINT('',(0.0259283283351743,-0.0344058456197568,0.0152323193616482));
#3497=CARTESIAN_POINT('',(0.0257212082834968,-0.034116996781037,0.0158451219109446));
#3498=CARTESIAN_POINT('',(0.0256522675304485,-0.0340166740780291,0.0160442671393337));
#3499=CARTESIAN_POINT('',(0.0255148970699482,-0.0338089941236967,0.0164323197419374));
#3500=CARTESIAN_POINT('',(0.0254464777751709,-0.0337016625540583,0.0166211989519387));
#3501=CARTESIAN_POINT('',(0.0252422055655384,-0.0333700676887295,0.0171731651900337));
#3502=CARTESIAN_POINT('',(0.0251074565120315,-0.0331364993123494,0.0175213801481045));
#3503=CARTESIAN_POINT('',(0.0249072286230002,-0.0327683834071402,0.0180189627391761));
#3504=CARTESIAN_POINT('',(0.0248408146919622,-0.0326427454103197,0.0181806819315349));
#3505=CARTESIAN_POINT('',(0.0247081358391715,-0.0323846637301772,0.0184974140858559));
#3506=CARTESIAN_POINT('',(0.0246418095441336,-0.0322521135297406,0.0186525686329333));
#3507=CARTESIAN_POINT('',(0.024509379690307,-0.0319801937919311,0.0189563121372813));
#3508=CARTESIAN_POINT('',(0.0244432735446752,-0.0318408129736522,0.019104894740495));
#3509=CARTESIAN_POINT('',(0.024356121375413,-0.0316520285933815,0.0192970935982489));
#3510=CARTESIAN_POINT('',(0.0243345783349816,-0.0316049493180556,0.0193442996586777));
#3511=CARTESIAN_POINT('',(0.0243130871888164,-0.0315575633950779,0.0193910974460609));
#3512=CARTESIAN_POINT('',(0.0278183573528886,-0.0354218685923206,0.010222352344849));
#3513=CARTESIAN_POINT('',(0.0277637064016461,-0.035418381018273,0.0104709192947101));
#3514=CARTESIAN_POINT('',(0.0277088132341442,-0.0354077140181668,0.0107166301437126));
#3515=CARTESIAN_POINT('',(0.0275935814831748,-0.0353732687913359,0.0112048732807623));
#3516=CARTESIAN_POINT('',(0.0275331967271697,-0.0353495015408644,0.0114474178854753));
#3517=CARTESIAN_POINT('',(0.027407924658032,-0.0352886999624116,0.0119302873066928));
#3518=CARTESIAN_POINT('',(0.0273430741617598,-0.0352516326838704,0.0121707610794304));
#3519=CARTESIAN_POINT('',(0.0272097059961246,-0.0351642388134962,0.012649570360876));
#3520=CARTESIAN_POINT('',(0.0271411460289808,-0.0351139506521613,0.0128877309680725));
#3521=CARTESIAN_POINT('',(0.0269304516229831,-0.0349439040547363,0.013595966716651));
#3522=CARTESIAN_POINT('',(0.0267832444006182,-0.0348049331840347,0.0140597523396456));
#3523=CARTESIAN_POINT('',(0.0264825122603165,-0.0344809629813502,0.0149600805505196));
#3524=CARTESIAN_POINT('',(0.0263290206040492,-0.0342958090837216,0.0153965705276261));
#3525=CARTESIAN_POINT('',(0.026101553546925,-0.0339953427271259,0.0160142784746731));
#3526=CARTESIAN_POINT('',(0.0260260807195835,-0.0338913019555312,0.0162143834264306));
#3527=CARTESIAN_POINT('',(0.0258762595594218,-0.0336767429749886,0.0166029694513954));
#3528=CARTESIAN_POINT('',(0.0258019270698077,-0.0335662558902293,0.0167914127891834));
#3529=CARTESIAN_POINT('',(0.0255808746294847,-0.0332262720028882,0.0173401690584293));
#3530=CARTESIAN_POINT('',(0.0254362807890999,-0.032988643601441,0.0176836238985082));
#3531=CARTESIAN_POINT('',(0.0252228570667268,-0.0326168574311209,0.0181716937197865));
#3532=CARTESIAN_POINT('',(0.0251523067695158,-0.0324904001695167,0.0183298502949539));
#3533=CARTESIAN_POINT('',(0.0250116512928643,-0.0322312718898569,0.0186390818551104));
#3534=CARTESIAN_POINT('',(0.0249414743415023,-0.032098486789834,0.0187903097881001));
#3535=CARTESIAN_POINT('',(0.0248014912009573,-0.0318264979465923,0.019086135715843));
#3536=CARTESIAN_POINT('',(0.0247316782348815,-0.0316872766085693,0.0192307342356213));
#3537=CARTESIAN_POINT('',(0.0246397322058577,-0.0314989800100909,0.0194176276587164));
#3538=CARTESIAN_POINT('',(0.0246170116697215,-0.0314520438993577,0.0194635181861387));
#3539=CARTESIAN_POINT('',(0.0245943529806279,-0.0314048230643619,0.0195090002624573));
#3540=CARTESIAN_POINT('',(0.0280905791429535,-0.0353857651621852,0.0102623481278674));
#3541=CARTESIAN_POINT('',(0.0280337978150693,-0.0353818146955521,0.010512506218299));
#3542=CARTESIAN_POINT('',(0.0279767179379202,-0.0353705641342468,0.0107597278379181));
#3543=CARTESIAN_POINT('',(0.0278567444045169,-0.0353348085041304,0.0112511912141067));
#3544=CARTESIAN_POINT('',(0.0277938028037994,-0.0353103159260067,0.0114954474675229));
#3545=CARTESIAN_POINT('',(0.0276630195518581,-0.035247824824828,0.0119820195534846));
#3546=CARTESIAN_POINT('',(0.0275952078127536,-0.035209787305817,0.0122245019074583));
#3547=CARTESIAN_POINT('',(0.0274555338703539,-0.035120149628294,0.0127075833243806));
#3548=CARTESIAN_POINT('',(0.0273836374994297,-0.0350685949605281,0.0129479868473279));
#3549=CARTESIAN_POINT('',(0.0271625271255176,-0.0348943248623345,0.0136629242506959));
#3550=CARTESIAN_POINT('',(0.0270078278572847,-0.0347519633053141,0.0141311400649903));
#3551=CARTESIAN_POINT('',(0.0266921655674557,-0.0344207640503385,0.015038496845137));
#3552=CARTESIAN_POINT('',(0.0265312459574416,-0.0342317658927883,0.0154775539188462));
#3553=CARTESIAN_POINT('',(0.0262934925118026,-0.0339260443927585,0.0160971046712789));
#3554=CARTESIAN_POINT('',(0.0262147234290911,-0.0338203331661534,0.0162975020436609));
#3555=CARTESIAN_POINT('',(0.0260586352999431,-0.0336027092755706,0.0166860231098339));
#3556=CARTESIAN_POINT('',(0.0259813351177,-0.0334908303408327,0.0168741047965809));
#3557=CARTESIAN_POINT('',(0.025751886166725,-0.0331471926625673,0.0174208946788289));
#3558=CARTESIAN_POINT('',(0.0256024027255671,-0.0329078677481767,0.0177618275579721));
#3559=CARTESIAN_POINT('',(0.0253824643628315,-0.0325346885809101,0.0182450390684888));
#3560=CARTESIAN_POINT('',(0.0253098792226238,-0.0324079592980669,0.018401398558181));
#3561=CARTESIAN_POINT('',(0.0251653079774557,-0.0321485715206641,0.0187068682206872));
#3562=CARTESIAN_POINT('',(0.0250932447602904,-0.0320157955319513,0.0188561364391756));
#3563=CARTESIAN_POINT('',(0.0249495649508784,-0.0317440206207845,0.0191480186749735));
#3564=CARTESIAN_POINT('',(0.0248779393684123,-0.0316050012027156,0.0192906363835679));
#3565=CARTESIAN_POINT('',(0.0247836519098576,-0.0314171062793001,0.0194748970355552));
#3566=CARTESIAN_POINT('',(0.0247603564822876,-0.0313702804920784,0.0195201351383938));
#3567=CARTESIAN_POINT('',(0.0247371279815864,-0.0313231806005656,0.0195649650632619));
#3568=CARTESIAN_POINT('',(0.0286354215499244,-0.0352861753709859,0.0103505851417231));
#3569=CARTESIAN_POINT('',(0.0285744506102929,-0.0352813621764652,0.0106034266838995));
#3570=CARTESIAN_POINT('',(0.0285129892145351,-0.0352690506875139,0.0108531674252135));
#3571=CARTESIAN_POINT('',(0.0283836209722643,-0.0352309159039291,0.0113500623830187));
#3572=CARTESIAN_POINT('',(0.0283156653544086,-0.0352051074741071,0.0115972356883173));
#3573=CARTESIAN_POINT('',(0.0281740802674174,-0.0351395629058277,0.0120901700644479));
#3574=CARTESIAN_POINT('',(0.0281004607227607,-0.035099777467704,0.0123361299822835));
#3575=CARTESIAN_POINT('',(0.0279483711178148,-0.0350061112365907,0.0128266349225276));
#3576=CARTESIAN_POINT('',(0.0278698903433595,-0.0349522879716809,0.0130709464125376));
#3577=CARTESIAN_POINT('',(0.0276282112158107,-0.0347704642861294,0.0137975340874258));
#3578=CARTESIAN_POINT('',(0.0274587034648492,-0.0346220509740168,0.0142734154398747));
#3579=CARTESIAN_POINT('',(0.0271134827633671,-0.0342780666665778,0.0151925786418046));
#3580=CARTESIAN_POINT('',(0.0269378311628627,-0.0340823265312072,0.0156357147542731));
#3581=CARTESIAN_POINT('',(0.0266797096334595,-0.0337675305317062,0.0162576412107074));
#3582=CARTESIAN_POINT('',(0.0265944187666901,-0.0336589596397161,0.0164582305298166));
#3583=CARTESIAN_POINT('',(0.026425948238171,-0.0334361489415398,0.0168459386988216));
#3584=CARTESIAN_POINT('',(0.0263427937992308,-0.0333219476300385,0.0170330079592194));
#3585=CARTESIAN_POINT('',(0.0260968103893,-0.0329723306243921,0.0175751518624106));
#3586=CARTESIAN_POINT('',(0.0259377415248065,-0.0327304138052645,0.0179107811169214));
#3587=CARTESIAN_POINT('',(0.0257050806994228,-0.0323555038352114,0.0183841109202181));
#3588=CARTESIAN_POINT('',(0.0256285306630733,-0.0322285577387577,0.0185368581364529));
#3589=CARTESIAN_POINT('',(0.0254763392637347,-0.031969277729393,0.0188348077414617));
#3590=CARTESIAN_POINT('',(0.0254006100759731,-0.0318368204336031,0.0189801772034734));
#3591=CARTESIAN_POINT('',(0.0252497490070053,-0.0315660635921721,0.0192642289371191));
#3592=CARTESIAN_POINT('',(0.0251746036158314,-0.0314277383379799,0.019402920697407));
#3593=CARTESIAN_POINT('',(0.0250757724013379,-0.0312410222375904,0.0195819728386804));
#3594=CARTESIAN_POINT('',(0.0250513615825166,-0.0311945093333534,0.0196259209905006));
#3595=CARTESIAN_POINT('',(0.0250270277823946,-0.0311477428043971,0.0196694622012321));
#3596=CARTESIAN_POINT('',(0.0289079878617041,-0.0352227159775597,0.0103988124730294));
#3597=CARTESIAN_POINT('',(0.0288449583181657,-0.0352175029845174,0.0106527464021095));
#3598=CARTESIAN_POINT('',(0.0287813029918338,-0.0352047141098752,0.0109034956305201));
#3599=CARTESIAN_POINT('',(0.0286472833836336,-0.0351655105822045,0.0114026021465619));
#3600=CARTESIAN_POINT('',(0.0285768712679971,-0.0351391116553144,0.011650980933033));
#3601=CARTESIAN_POINT('',(0.0284299969464178,-0.0350722031884322,0.0121465750808821));
#3602=CARTESIAN_POINT('',(0.0283535316045965,-0.0350316400868486,0.0123940040511986));
#3603=CARTESIAN_POINT('',(0.0281953338659665,-0.0349361890956693,0.0128876605509046));
#3604=CARTESIAN_POINT('',(0.0281136060520105,-0.0348813637154428,0.0131336371921984));
#3605=CARTESIAN_POINT('',(0.0278617771042718,-0.0346962098258541,0.0138651738615572));
#3606=CARTESIAN_POINT('',(0.0276849549974909,-0.0345451353110538,0.0143442909177535));
#3607=CARTESIAN_POINT('',(0.0273251101129184,-0.0341955945045628,0.0152682329974909));
#3608=CARTESIAN_POINT('',(0.0271421564748319,-0.0339969562796538,0.0157128817281573));
#3609=CARTESIAN_POINT('',(0.0268739558010353,-0.0336783402689947,0.0163353421490576));
#3610=CARTESIAN_POINT('',(0.0267854401861839,-0.0335685799338793,0.0165358313582465));
#3611=CARTESIAN_POINT('',(0.0266108556208949,-0.0333436468716866,0.0169227923028613));
#3612=CARTESIAN_POINT('',(0.0265248152291857,-0.0332285148001269,0.0171092111369575));
#3613=CARTESIAN_POINT('',(0.0262706954521037,-0.0328765715879351,0.017648676451158));
#3614=CARTESIAN_POINT('',(0.0261069314661516,-0.0326337589842761,0.0179815246419582));
#3615=CARTESIAN_POINT('',(0.0258680634951774,-0.0322585107071379,0.0184498318529938));
#3616=CARTESIAN_POINT('',(0.0257895835692257,-0.0321316196653305,0.0186007641342078));
#3617=CARTESIAN_POINT('',(0.0256336880447707,-0.0318727066200857,0.0188949560681301));
#3618=CARTESIAN_POINT('',(0.0255561792512719,-0.0317405587561437,0.0190383867246469));
#3619=CARTESIAN_POINT('',(0.0254018337645355,-0.0314706057398329,0.0193185521113045));
#3620=CARTESIAN_POINT('',(0.0253249812560362,-0.0313327725663382,0.0194552989613082));
#3621=CARTESIAN_POINT('',(0.0252239477952516,-0.0311468333901246,0.019631775656918));
#3622=CARTESIAN_POINT('',(0.0251989964949167,-0.0311005229893162,0.0196750863545492));
#3623=CARTESIAN_POINT('',(0.0251741272238004,-0.0310539688227492,0.0197179910742969));
#3624=CARTESIAN_POINT('',(0.0297147475429328,-0.0349878179498971,0.0105556579791268));
#3625=CARTESIAN_POINT('',(0.0296458111432863,-0.0349815244548639,0.0108119704833103));
#3626=CARTESIAN_POINT('',(0.029575781460799,-0.0349675029690712,0.0110648533116019));
#3627=CARTESIAN_POINT('',(0.0294283512959522,-0.0349255456926901,0.0115687920385958));
#3628=CARTESIAN_POINT('',(0.0293509082769912,-0.0348976269733541,0.0118198766985707));
#3629=CARTESIAN_POINT('',(0.0291889061390453,-0.0348272340943688,0.012321573956776));
#3630=CARTESIAN_POINT('',(0.029104300605199,-0.0347846971681338,0.0125724394320357));
#3631=CARTESIAN_POINT('',(0.0289285874701838,-0.0346847469309566,0.0130735464736998));
#3632=CARTESIAN_POINT('',(0.028837535101156,-0.0346274068978296,0.0133234909681519));
#3633=CARTESIAN_POINT('',(0.0285565422705247,-0.034433916218327,0.0140667922699774));
#3634=CARTESIAN_POINT('',(0.028358684911555,-0.0342762001162275,0.0145535625652163));
#3635=CARTESIAN_POINT('',(0.0279566880403829,-0.03391300240421,0.0154881179420211));
#3636=CARTESIAN_POINT('',(0.02775263696065,-0.0337073443864019,0.0159356398413639));
#3637=CARTESIAN_POINT('',(0.0274553013794674,-0.0333797569332258,0.0165577186311994));
#3638=CARTESIAN_POINT('',(0.0273574614592529,-0.0332672548373514,0.0167573284368476));
#3639=CARTESIAN_POINT('',(0.0271651999602665,-0.0330375627216831,0.0171410649238662));
#3640=CARTESIAN_POINT('',(0.0270708168790837,-0.0329204189645777,0.0173251300685574));
#3641=CARTESIAN_POINT('',(0.0267931837646693,-0.0325637334938891,0.0178556009963569));
#3642=CARTESIAN_POINT('',(0.0266158636325812,-0.0323195682470376,0.0181798106673851));
#3643=CARTESIAN_POINT('',(0.0263590892194119,-0.0319450593873827,0.0186329426531556));
#3644=CARTESIAN_POINT('',(0.0262750446465178,-0.0318188769132549,0.0187784496850837));
#3645=CARTESIAN_POINT('',(0.0261084702780656,-0.0315621043349832,0.0190614668974745));
#3646=CARTESIAN_POINT('',(0.0260258316545539,-0.0314313824680373,0.0191991581663123));
#3647=CARTESIAN_POINT('',(0.025861440712127,-0.0311648167832689,0.0194678409507572));
#3648=CARTESIAN_POINT('',(0.0257796658148165,-0.0310289389356538,0.0195988516912428));
#3649=CARTESIAN_POINT('',(0.0256722819585381,-0.0308459492721311,0.0197677464863667));
#3650=CARTESIAN_POINT('',(0.0256457720955669,-0.03080039830338,0.0198091816787215));
#3651=CARTESIAN_POINT('',(0.0256193586882079,-0.0307546318241086,0.0198502147383796));
#3652=CARTESIAN_POINT('',(0.0302375767557646,-0.0347713558607589,0.0106765449768484));
#3653=CARTESIAN_POINT('',(0.0301650721685755,-0.034764505628133,0.0109332320913316));
#3654=CARTESIAN_POINT('',(0.0300910842397188,-0.0347499365704914,0.0111863357344916));
#3655=CARTESIAN_POINT('',(0.0299354653673815,-0.0347067616996523,0.0116910680807138));
#3656=CARTESIAN_POINT('',(0.0298537986237255,-0.0346781721236835,0.011942730425182));
#3657=CARTESIAN_POINT('',(0.0296827233727717,-0.0346062809406648,0.0124459706249336));
#3658=CARTESIAN_POINT('',(0.0295932344913601,-0.0345629154454741,0.0126978207542032));
#3659=CARTESIAN_POINT('',(0.029406954339159,-0.034461125591793,0.013201198745657));
#3660=CARTESIAN_POINT('',(0.0293102579940922,-0.0344027758420613,0.0134524066983271));
#3661=CARTESIAN_POINT('',(0.0290115886012077,-0.0342059674811583,0.0141994093606655));
#3662=CARTESIAN_POINT('',(0.0288009539673257,-0.0340456385997066,0.0146885261507215));
#3663=CARTESIAN_POINT('',(0.0283732164952121,-0.0336774029022733,0.0156251700759415));
#3664=CARTESIAN_POINT('',(0.0281562094187639,-0.0334693218447226,0.0160723826955112));
#3665=CARTESIAN_POINT('',(0.027840957399949,-0.0331391019186056,0.0166915597657976));
#3666=CARTESIAN_POINT('',(0.0277373787005412,-0.0330258833026634,0.0168898111503904));
#3667=CARTESIAN_POINT('',(0.0275342382963698,-0.0327951790729307,0.0172700881804958));
#3668=CARTESIAN_POINT('',(0.0274347215989823,-0.0326777422710705,0.0174520482453155));
#3669=CARTESIAN_POINT('',(0.0271426274073062,-0.0323208964072273,0.0179752465979168));
#3670=CARTESIAN_POINT('',(0.0269569838857815,-0.0320776183771169,0.0182933045258306));
#3671=CARTESIAN_POINT('',(0.0266892333884576,-0.03170595281436,0.0187361764291521));
#3672=CARTESIAN_POINT('',(0.0266017810830183,-0.0315809705387426,0.018878092459054));
#3673=CARTESIAN_POINT('',(0.0264286687143084,-0.0313270172180966,0.0191537901050521));
#3674=CARTESIAN_POINT('',(0.0263428900578773,-0.0311979125344601,0.0192877572645639));
#3675=CARTESIAN_POINT('',(0.0261723479255766,-0.0309349120213094,0.0195490189544492));
#3676=CARTESIAN_POINT('',(0.026087557578861,-0.0308009794025572,0.0196763363992855));
#3677=CARTESIAN_POINT('',(0.0259762827957113,-0.0306207849009642,0.0198403681099203));
#3678=CARTESIAN_POINT('',(0.0259488179304123,-0.0305759437312533,0.0198806018352985));
#3679=CARTESIAN_POINT('',(0.0259214583114174,-0.0305309041258069,0.0199204372569847));
#3680=CARTESIAN_POINT('',(0.030948258496488,-0.0343583802766847,0.0108764354405093));
#3681=CARTESIAN_POINT('',(0.0308715510201102,-0.0343509547586791,0.0111315177994838));
#3682=CARTESIAN_POINT('',(0.0307928785683476,-0.0343359862281158,0.0113828526363089));
#3683=CARTESIAN_POINT('',(0.0306276206776116,-0.0342920050673986,0.0118844692496541));
#3684=CARTESIAN_POINT('',(0.0305410081976502,-0.0342630055995773,0.0121347904644511));
#3685=CARTESIAN_POINT('',(0.0303593448045867,-0.0341903214908671,0.0126357790503648));
#3686=CARTESIAN_POINT('',(0.0302641743721148,-0.034146577235518,0.0128867363820696));
#3687=CARTESIAN_POINT('',(0.030065611636807,-0.0340440733695825,0.0133886543975102));
#3688=CARTESIAN_POINT('',(0.0299623599961627,-0.0339853834145924,0.013639274322401));
#3689=CARTESIAN_POINT('',(0.0296431384450372,-0.0337875549916343,0.0143844671940042));
#3690=CARTESIAN_POINT('',(0.0294176210547672,-0.0336265282821104,0.0148723152785516));
#3691=CARTESIAN_POINT('',(0.0289596274317405,-0.0332578354167939,0.0158038649715342));
#3692=CARTESIAN_POINT('',(0.028727249542979,-0.0330500024526865,0.0162471975296609));
#3693=CARTESIAN_POINT('',(0.0283904919178102,-0.0327214982424693,0.0168582694185003));
#3694=CARTESIAN_POINT('',(0.0282799817958585,-0.0326090707471912,0.0170534510599382));
#3695=CARTESIAN_POINT('',(0.0280636163373905,-0.0323804578923781,0.0174268957545187));
#3696=CARTESIAN_POINT('',(0.0279578134649464,-0.0322643230451209,0.0176050893061218));
#3697=CARTESIAN_POINT('',(0.0276478839890671,-0.0319122120297415,0.018116107631412));
#3698=CARTESIAN_POINT('',(0.0274517910980729,-0.0316732211152723,0.0184248455999813));
#3699=CARTESIAN_POINT('',(0.0271700462551457,-0.0313097142418214,0.018852858988379));
#3700=CARTESIAN_POINT('',(0.027078208473,-0.0311877398256539,0.0189896769173677));
#3701=CARTESIAN_POINT('',(0.0268966295890221,-0.0309403206016338,0.0192550887676869));
#3702=CARTESIAN_POINT('',(0.0268067584536851,-0.0308147423584755,0.0193838717010237));
#3703=CARTESIAN_POINT('',(0.0266281699656035,-0.0305592354606688,0.0196348471831994));
#3704=CARTESIAN_POINT('',(0.0265394208303945,-0.0304292676908852,0.0197570666107036));
#3705=CARTESIAN_POINT('',(0.026423017102759,-0.0302546105922954,0.0199144136172088));
#3706=CARTESIAN_POINT('',(0.0263942916551666,-0.0302111636371454,0.0199529980931999));
#3707=CARTESIAN_POINT('',(0.0263656814032021,-0.0301675403405449,0.0199911916142418));
#3708=CARTESIAN_POINT('',(0.031172916831579,-0.0342061743602681,0.0109461117459248));
#3709=CARTESIAN_POINT('',(0.0310949981270291,-0.0341985991710658,0.0112003014362371));
#3710=CARTESIAN_POINT('',(0.0310149706070759,-0.034183565741216,0.0114506999793319));
#3711=CARTESIAN_POINT('',(0.0308469359892478,-0.0341394821116648,0.0119505667875024));
#3712=CARTESIAN_POINT('',(0.0307589045615676,-0.0341104437675459,0.0122000761677863));
#3713=CARTESIAN_POINT('',(0.0305742111068451,-0.0340377341092158,0.0126995594789084));
#3714=CARTESIAN_POINT('',(0.0304774184221108,-0.0339940055321739,0.0129498273895991));
#3715=CARTESIAN_POINT('',(0.0302753509674806,-0.0338915995849939,0.0134504539110807));
#3716=CARTESIAN_POINT('',(0.0301702298694069,-0.0338329891376375,0.0137004670182261));
#3717=CARTESIAN_POINT('',(0.0298451428473296,-0.0336354711572604,0.014443838202578));
#3718=CARTESIAN_POINT('',(0.0296153725676086,-0.0334747421315433,0.0149304701380754));
#3719=CARTESIAN_POINT('',(0.0291486754779396,-0.033107066972962,0.0158589577494033));
#3720=CARTESIAN_POINT('',(0.0289118464968802,-0.0328999572110773,0.0163004298968974));
#3721=CARTESIAN_POINT('',(0.0285688098043351,-0.0325729604024985,0.0169081768735645));
#3722=CARTESIAN_POINT('',(0.0284562671270173,-0.0324611049412058,0.0171021638080681));
#3723=CARTESIAN_POINT('',(0.0282360062543371,-0.0322337859684688,0.0174730581299137));
#3724=CARTESIAN_POINT('',(0.028128342627448,-0.0321183731882658,0.0176498950699534));
#3725=CARTESIAN_POINT('',(0.0278131081183118,-0.0317686638658595,0.0181566425695799));
#3726=CARTESIAN_POINT('',(0.0276138703373476,-0.0315315917746686,0.0184622591338379));
#3727=CARTESIAN_POINT('',(0.0273278713032316,-0.031171449861381,0.0188854094919226));
#3728=CARTESIAN_POINT('',(0.0272346924604505,-0.0310506782754034,0.0190205765612877));
#3729=CARTESIAN_POINT('',(0.0270505144128915,-0.0308058192877583,0.0192826763404253));
#3730=CARTESIAN_POINT('',(0.026959381893876,-0.0306815990151873,0.0194097986817139));
#3731=CARTESIAN_POINT('',(0.0267783077721443,-0.0304289457110835,0.019657487348025));
#3732=CARTESIAN_POINT('',(0.0266883330027991,-0.0303004730887573,0.0197780816104703));
#3733=CARTESIAN_POINT('',(0.0265703374350758,-0.0301278846071931,0.0199333027434899));
#3734=CARTESIAN_POINT('',(0.0265412204251517,-0.0300849569883368,0.0199713631381951));
#3735=CARTESIAN_POINT('',(0.0265122213906218,-0.0300418598054788,0.0200090352963932));
#3736=CARTESIAN_POINT('',(0.0315917512149009,-0.0338738239106339,0.0110905659617694));
#3737=CARTESIAN_POINT('',(0.0315118411308964,-0.0338660199199993,0.0113422337521895));
#3738=CARTESIAN_POINT('',(0.0314295883354714,-0.0338509710901163,0.0115900509651854));
#3739=CARTESIAN_POINT('',(0.0312570096418553,-0.0338069856522447,0.012084953832586));
#3740=CARTESIAN_POINT('',(0.0311666638845685,-0.0337780580514667,0.0123320832349493));
#3741=CARTESIAN_POINT('',(0.0309770508666165,-0.0337057652670153,0.0128269862533734));
#3742=CARTESIAN_POINT('',(0.0308776361549993,-0.0336623484758503,0.0130750581687274));
#3743=CARTESIAN_POINT('',(0.0306699222457531,-0.0335608019445998,0.0135714228119381));
#3744=CARTESIAN_POINT('',(0.0305617963273275,-0.0335027325496915,0.0138193649212604));
#3745=CARTESIAN_POINT('',(0.0302272786417465,-0.033307133142125,0.0145565516242618));
#3746=CARTESIAN_POINT('',(0.0299906667025175,-0.0331480694837102,0.0150390990834962));
#3747=CARTESIAN_POINT('',(0.0295098370931213,-0.0327847983143084,0.0159586546272452));
#3748=CARTESIAN_POINT('',(0.0292657137172312,-0.0325804346671638,0.0163952588863409));
#3749=CARTESIAN_POINT('',(0.028912248166316,-0.0322583542410796,0.0169951298766776));
#3750=CARTESIAN_POINT('',(0.0287963062362673,-0.0321482702053536,0.0171863974697803));
#3751=CARTESIAN_POINT('',(0.0285694817291336,-0.0319247548398698,0.0175516810404663));
#3752=CARTESIAN_POINT('',(0.0284586569226175,-0.0318113739823786,0.0177256254153777));
#3753=CARTESIAN_POINT('',(0.0281343356093068,-0.0314681510118177,0.0182234887552484));
#3754=CARTESIAN_POINT('',(0.0279296042643829,-0.0312359223486213,0.018522899175745));
#3755=CARTESIAN_POINT('',(0.027636049394099,-0.0308838400963673,0.0189366094155022));
#3756=CARTESIAN_POINT('',(0.0275404657837379,-0.0307658874936759,0.0190686084286154));
#3757=CARTESIAN_POINT('',(0.0273515981083803,-0.0305269377657976,0.0193243915763859));
#3758=CARTESIAN_POINT('',(0.0272581754976592,-0.0304058098494327,0.0194483654996507));
#3759=CARTESIAN_POINT('',(0.0270725733295371,-0.0301595956870433,0.019689840198431));
#3760=CARTESIAN_POINT('',(0.0269803584803941,-0.0300344694761615,0.019807370488267));
#3761=CARTESIAN_POINT('',(0.0268594426492658,-0.0298664743011352,0.0199585949563771));
#3762=CARTESIAN_POINT('',(0.0268296064193795,-0.0298246970077462,0.0199956709939189));
#3763=CARTESIAN_POINT('',(0.0267998924118038,-0.0297827623987623,0.020032364758585));
#3764=CARTESIAN_POINT('',(0.0317858729580053,-0.0336937063450539,0.0111653299726676));
#3765=CARTESIAN_POINT('',(0.0317051833539172,-0.0336858232609642,0.011415368607587));
#3766=CARTESIAN_POINT('',(0.0316220612295985,-0.0336708239110906,0.0116615409202327));
#3767=CARTESIAN_POINT('',(0.0314477167477906,-0.0336270391398295,0.0121532298677969));
#3768=CARTESIAN_POINT('',(0.031356476283261,-0.0335982611856682,0.0123987912047459));
#3769=CARTESIAN_POINT('',(0.0311649751813967,-0.0335264108704874,0.0128906193515575));
#3770=CARTESIAN_POINT('',(0.0310645614607143,-0.0334832902020748,0.0131371847624439));
#3771=CARTESIAN_POINT('',(0.0308547075682723,-0.0333825051543742,0.0136305791929594));
#3772=CARTESIAN_POINT('',(0.030745447247174,-0.0333248972796764,0.0138770572221762));
#3773=CARTESIAN_POINT('',(0.0304073673345735,-0.0331309058848913,0.0146098815088184));
#3774=CARTESIAN_POINT('',(0.0301681687063288,-0.0329732097760582,0.0150895609977325));
#3775=CARTESIAN_POINT('',(0.0296819141228832,-0.0326133243902207,0.0160032475808541));
#3776=CARTESIAN_POINT('',(0.0294349494436216,-0.032410983283954,0.0164368450382252));
#3777=CARTESIAN_POINT('',(0.0290773366525686,-0.0320923111836049,0.017032166020254));
#3778=CARTESIAN_POINT('',(0.0289600288057609,-0.0319834263067093,0.0172219093428671));
#3779=CARTESIAN_POINT('',(0.0287305374720009,-0.0317624201999395,0.0175841332491142));
#3780=CARTESIAN_POINT('',(0.028618412851602,-0.0316503489648324,0.0177565420194676));
#3781=CARTESIAN_POINT('',(0.0282903113485261,-0.0313112099830551,0.0182497930283144));
#3782=CARTESIAN_POINT('',(0.0280832320307166,-0.0310819055318369,0.0185461193093471));
#3783=CARTESIAN_POINT('',(0.0277863761921485,-0.0307345174792085,0.018955253265287));
#3784=CARTESIAN_POINT('',(0.0276897290383857,-0.0306181808766311,0.0190857353347333));
#3785=CARTESIAN_POINT('',(0.0274987711593481,-0.0303825798704835,0.0193385144110787));
#3786=CARTESIAN_POINT('',(0.0274043199396558,-0.0302631861899725,0.0194610007448485));
#3787=CARTESIAN_POINT('',(0.0272166755317135,-0.0300205572630538,0.0196995487551816));
#3788=CARTESIAN_POINT('',(0.027123446311901,-0.0298972821529338,0.0198156404643055));
#3789=CARTESIAN_POINT('',(0.0270012021375723,-0.0297318114436328,0.0199649944349345));
#3790=CARTESIAN_POINT('',(0.0269710382683594,-0.0296906650833729,0.0200016102688446));
#3791=CARTESIAN_POINT('',(0.0269409980871222,-0.0296493668778362,0.0200378470745246));
#3792=CARTESIAN_POINT('',(0.032141296699044,-0.0333062936549461,0.0113194810568763));
#3793=CARTESIAN_POINT('',(0.0320594756983526,-0.0332982972274914,0.0115655258026357));
#3794=CARTESIAN_POINT('',(0.0319750965957369,-0.0332834739033069,0.0118077020126056));
#3795=CARTESIAN_POINT('',(0.0317982317058885,-0.0332403339647752,0.0122914948347476));
#3796=CARTESIAN_POINT('',(0.0317057304332199,-0.0332120219042382,0.0125331572256601));
#3797=CARTESIAN_POINT('',(0.0315116107646546,-0.0331414827242866,0.013017246394008));
#3798=CARTESIAN_POINT('',(0.0314098332804129,-0.0330992136539967,0.013259968792432));
#3799=CARTESIAN_POINT('',(0.0311970928487692,-0.0330005679225569,0.0137457135559144));
#3800=CARTESIAN_POINT('',(0.0310863167439415,-0.0329442403674109,0.0139883884046081));
#3801=CARTESIAN_POINT('',(0.0307434843839513,-0.0327546953896905,0.014709886702781));
#3802=CARTESIAN_POINT('',(0.0305008447312583,-0.0326007695876133,0.0151821281672959));
#3803=CARTESIAN_POINT('',(0.0300071798032053,-0.0322499790111573,0.0160811807826381));
#3804=CARTESIAN_POINT('',(0.029756237644226,-0.03205297234787,0.0165075797504589));
#3805=CARTESIAN_POINT('',(0.0293926037458622,-0.0317430223961185,0.0170925445368514));
#3806=CARTESIAN_POINT('',(0.0292732776740053,-0.0316371675430324,0.017278903562368));
#3807=CARTESIAN_POINT('',(0.0290397711022523,-0.0314224093081224,0.0176344957347714));
#3808=CARTESIAN_POINT('',(0.0289256505472405,-0.0313135542886323,0.0178036574905006));
#3809=CARTESIAN_POINT('',(0.0285916325888348,-0.0309842986452133,0.0182873646107363));
#3810=CARTESIAN_POINT('',(0.0283807199994298,-0.0307618763037416,0.0185775921625033));
#3811=CARTESIAN_POINT('',(0.0280782945114676,-0.0304252489352075,0.0189779240030812));
#3812=CARTESIAN_POINT('',(0.0279798209383254,-0.0303125719495319,0.0191055298295828));
#3813=CARTESIAN_POINT('',(0.0277852341118176,-0.0300844848786059,0.0193526589301099));
#3814=CARTESIAN_POINT('',(0.0276889779143405,-0.0299689494733679,0.0194723694652569));
#3815=CARTESIAN_POINT('',(0.0274977294059761,-0.0297342481162589,0.0197054780557928));
#3816=CARTESIAN_POINT('',(0.0274027002803,-0.0296150430663691,0.019818906610317));
#3817=CARTESIAN_POINT('',(0.0272780847129856,-0.0294550917718674,0.0199648118749841));
#3818=CARTESIAN_POINT('',(0.0272473347654139,-0.0294153224044517,0.0200005803650102));
#3819=CARTESIAN_POINT('',(0.0272167100025047,-0.0293754107269997,0.0200359768772262));
#3820=CARTESIAN_POINT('',(0.0323028183448492,-0.0330987850591616,0.0113989556217381));
#3821=CARTESIAN_POINT('',(0.0322206429081784,-0.0330907520787124,0.0116426341003692));
#3822=CARTESIAN_POINT('',(0.0321358724506132,-0.0330760527986892,0.0118824573462));
#3823=CARTESIAN_POINT('',(0.0319582467340151,-0.0330333528596234,0.0123615641510897));
#3824=CARTESIAN_POINT('',(0.0318653768961115,-0.0330053553938097,0.0126008936135293));
#3825=CARTESIAN_POINT('',(0.0316705217835321,-0.0329356820017146,0.0130803142038745));
#3826=CARTESIAN_POINT('',(0.0315683769405659,-0.0328939671319984,0.0133206976697352));
#3827=CARTESIAN_POINT('',(0.0313548840053836,-0.0327966969511276,0.0138017576696635));
#3828=CARTESIAN_POINT('',(0.0312437233013688,-0.0327411872451681,0.0140420905347406));
#3829=CARTESIAN_POINT('',(0.0308996911626536,-0.0325544790183266,0.0147566158204241));
#3830=CARTESIAN_POINT('',(0.0306561909886162,-0.032402956507705,0.0152242798509797));
#3831=CARTESIAN_POINT('',(0.0301605292122692,-0.0320578799196476,0.0161145521031497));
#3832=CARTESIAN_POINT('',(0.0299084455858541,-0.0318641896437262,0.016536751399398));
#3833=CARTESIAN_POINT('',(0.0295429313453796,-0.031559562203617,0.0171158996205551));
#3834=CARTESIAN_POINT('',(0.029422951032806,-0.031455541419962,0.0173003954063014));
#3835=CARTESIAN_POINT('',(0.0291880926389564,-0.031244528516436,0.0176524097704045));
#3836=CARTESIAN_POINT('',(0.0290732744877828,-0.0311375836005322,0.0178198576015604));
#3837=CARTESIAN_POINT('',(0.0287371164533722,-0.0308141379234794,0.0182986266754242));
#3838=CARTESIAN_POINT('',(0.028524716866541,-0.0305956805621453,0.0185858367911678));
#3839=CARTESIAN_POINT('',(0.0282200209301395,-0.0302651296988214,0.0189819400328232));
#3840=CARTESIAN_POINT('',(0.028120784023451,-0.0301544995721844,0.0191081858807478));
#3841=CARTESIAN_POINT('',(0.0279246576500147,-0.0299305841179885,0.0193526680070567));
#3842=CARTESIAN_POINT('',(0.0278276247335037,-0.0298171759203156,0.0194710899351324));
#3843=CARTESIAN_POINT('',(0.0276348136593431,-0.0295868232385019,0.0197016851623565));
#3844=CARTESIAN_POINT('',(0.0275389986398587,-0.0294698403240688,0.019813888907101));
#3845=CARTESIAN_POINT('',(0.0274133395508167,-0.029312888170193,0.019958215753892));
#3846=CARTESIAN_POINT('',(0.0273823310475048,-0.0292738658990864,0.0199935970601632));
#3847=CARTESIAN_POINT('',(0.02735144775991,-0.0292347053810486,0.020028610202281));
#3848=CARTESIAN_POINT('',(0.032593426195816,-0.0326585329436555,0.0115619870832509));
#3849=CARTESIAN_POINT('',(0.0325109216525799,-0.032650456796606,0.0118002349000894));
#3850=CARTESIAN_POINT('',(0.0324257880968626,-0.0326360562944182,0.0120346814457614));
#3851=CARTESIAN_POINT('',(0.0322475437181007,-0.0325944326777632,0.0125030168160943));
#3852=CARTESIAN_POINT('',(0.0321544197240402,-0.0325672105054705,0.0127369509739621));
#3853=CARTESIAN_POINT('',(0.0319591593355437,-0.032499649175645,0.0132055098686099));
#3854=CARTESIAN_POINT('',(0.0318568661066588,-0.0324592759441994,0.0134404170080288));
#3855=CARTESIAN_POINT('',(0.0316431562121131,-0.0323653104415299,0.0139104581698697));
#3856=CARTESIAN_POINT('',(0.0315319237022539,-0.0323117581080474,0.0141452601843979));
#3857=CARTESIAN_POINT('',(0.0311877026674312,-0.0321318414355439,0.0148433117536917));
#3858=CARTESIAN_POINT('',(0.0309441144812474,-0.0319860787499431,0.0153001527745525));
#3859=CARTESIAN_POINT('',(0.0304477360585289,-0.0316545937862744,0.0161700063047044));
#3860=CARTESIAN_POINT('',(0.0301950118772166,-0.0314687482473975,0.01658262494489));
#3861=CARTESIAN_POINT('',(0.0298279523586446,-0.0311765738085351,0.0171488851881608));
#3862=CARTESIAN_POINT('',(0.0297073634658886,-0.0310768231225138,0.0173293185194556));
#3863=CARTESIAN_POINT('',(0.0294711020813815,-0.0308744763046186,0.0176736663250344));
#3864=CARTESIAN_POINT('',(0.029355488419626,-0.0307719244479315,0.0178375122933985));
#3865=CARTESIAN_POINT('',(0.029016693202814,-0.0304617485527037,0.0183060964752481));
#3866=CARTESIAN_POINT('',(0.0288021960985826,-0.0302522203435738,0.0185873559809531));
#3867=CARTESIAN_POINT('',(0.0284940218115346,-0.0299351488714619,0.0189753847331419));
#3868=CARTESIAN_POINT('',(0.0283935705946392,-0.0298290257524889,0.0190990806388988));
#3869=CARTESIAN_POINT('',(0.0281949416838395,-0.0296142417537864,0.019338653398354));
#3870=CARTESIAN_POINT('',(0.0280966209448972,-0.0295054637816964,0.0194547114841048));
#3871=CARTESIAN_POINT('',(0.0279011925980531,-0.02928453690795,0.0196807223721464));
#3872=CARTESIAN_POINT('',(0.0278040487097259,-0.0291723514471484,0.0197907049164956));
#3873=CARTESIAN_POINT('',(0.0276766069875178,-0.0290218482175868,0.0199321865537742));
#3874=CARTESIAN_POINT('',(0.0276451553429449,-0.0289844303200916,0.0199668713622945));
#3875=CARTESIAN_POINT('',(0.0276138275731412,-0.0289468808640341,0.0200011962065017));
#3876=CARTESIAN_POINT('',(0.0327224913339737,-0.0324258398947401,0.0116455266028387));
#3877=CARTESIAN_POINT('',(0.0326400120095939,-0.0324177575900411,0.0118807106013459));
#3878=CARTESIAN_POINT('',(0.0325549066198481,-0.0324035322908626,0.0121121339894411));
#3879=CARTESIAN_POINT('',(0.0323768041831664,-0.0323625457310327,0.0125743851922721));
#3880=CARTESIAN_POINT('',(0.0322837944658132,-0.0323357845196808,0.0128052576461933));
#3881=CARTESIAN_POINT('',(0.0320888639478311,-0.0322694698593229,0.0132676248476551));
#3882=CARTESIAN_POINT('',(0.0319867895269579,-0.03222988420724,0.0134993953457961));
#3883=CARTESIAN_POINT('',(0.0317736148213243,-0.0321378480172475,0.013963104002637));
#3884=CARTESIAN_POINT('',(0.0316626949138624,-0.032085435240215,0.0141947179668632));
#3885=CARTESIAN_POINT('',(0.0313194841524123,-0.0319094731847838,0.0148832713494173));
#3886=CARTESIAN_POINT('',(0.031076668018516,-0.0317670665180151,0.0153338685662833));
#3887=CARTESIAN_POINT('',(0.0305815689486488,-0.0314434574290274,0.0161920870534917));
#3888=CARTESIAN_POINT('',(0.0303293452891954,-0.0312621389863809,0.0165993262472706));
#3889=CARTESIAN_POINT('',(0.0299626204186147,-0.0309770928531298,0.0171585169726513));
#3890=CARTESIAN_POINT('',(0.0298420770745179,-0.0308797774178392,0.0173367516566641));
#3891=CARTESIAN_POINT('',(0.0296057643600387,-0.0306823497509677,0.017677011712512));
#3892=CARTESIAN_POINT('',(0.0294900527350665,-0.03058228002494,0.0178389701745087));
#3893=CARTESIAN_POINT('',(0.0291507603543584,-0.0302795614551323,0.0183023086257242));
#3894=CARTESIAN_POINT('',(0.0289356528136671,-0.0300749957539103,0.0185806354557193));
#3895=CARTESIAN_POINT('',(0.0286262708717604,-0.0297653247560794,0.0189648188422464));
#3896=CARTESIAN_POINT('',(0.0285253687804628,-0.0296616609957068,0.0190873249228839));
#3897=CARTESIAN_POINT('',(0.0283257771124363,-0.0294518352643179,0.0193246355206006));
#3898=CARTESIAN_POINT('',(0.0282269454006436,-0.0293455595275657,0.0194396184644994));
#3899=CARTESIAN_POINT('',(0.0280304626307631,-0.0291297082164637,0.0196635585331383));
#3900=CARTESIAN_POINT('',(0.0279327759206571,-0.0290200972858446,0.0197725447501326));
#3901=CARTESIAN_POINT('',(0.0278045953053645,-0.0288730427966044,0.0199127596602245));
#3902=CARTESIAN_POINT('',(0.0277729591305811,-0.0288364819181141,0.0199471351691312));
#3903=CARTESIAN_POINT('',(0.0277414454597739,-0.0287997921065211,0.0199811550983837));
#3904=CARTESIAN_POINT('',(0.0330606890465551,-0.0316985347119308,0.0118996476594555));
#3905=CARTESIAN_POINT('',(0.0329787841852857,-0.0316905161752953,0.0121247259590232));
#3906=CARTESIAN_POINT('',(0.0328943072087917,-0.0316769170056081,0.0123462044593471));
#3907=CARTESIAN_POINT('',(0.0327178208684633,-0.0316381647854748,0.0127883764550959));
#3908=CARTESIAN_POINT('',(0.0326258001465787,-0.0316130098826203,0.0130091114018243));
#3909=CARTESIAN_POINT('',(0.0324332904533686,-0.0315509904393225,0.0134509107213483));
#3910=CARTESIAN_POINT('',(0.0323326613658553,-0.031514097605606,0.0136722263062639));
#3911=CARTESIAN_POINT('',(0.0321228237603107,-0.0314286120892806,0.0141147759224906));
#3912=CARTESIAN_POINT('',(0.0320137797596711,-0.0313800526188608,0.0143357145938765));
#3913=CARTESIAN_POINT('',(0.0316765851442958,-0.0312174393787261,0.0149924548222396));
#3914=CARTESIAN_POINT('',(0.0314383057739231,-0.0310863369092518,0.0154221275814283));
#3915=CARTESIAN_POINT('',(0.0309515440619314,-0.0307891146451944,0.0162416871970876));
#3916=CARTESIAN_POINT('',(0.0307030990280603,-0.0306229020671425,0.0166312383147117));
#3917=CARTESIAN_POINT('',(0.0303404908763152,-0.0303614997430284,0.0171675921636792));
#3918=CARTESIAN_POINT('',(0.0302210746958572,-0.0302722395129708,0.0173387991625478));
#3919=CARTESIAN_POINT('',(0.029986462265701,-0.030091028769724,0.017666152763327));
#3920=CARTESIAN_POINT('',(0.0298713190942129,-0.0299991147662765,0.0178222386009775));
#3921=CARTESIAN_POINT('',(0.0295329170806453,-0.0297208048614851,0.0182695047484339));
#3922=CARTESIAN_POINT('',(0.0293172769270286,-0.029532351779199,0.0185392131328783));
#3923=CARTESIAN_POINT('',(0.0290058764812802,-0.0292464904253857,0.0189124913492869));
#3924=CARTESIAN_POINT('',(0.0289040995558619,-0.0291507023742535,0.0190316981131073));
#3925=CARTESIAN_POINT('',(0.0287025101213402,-0.0289566934006657,0.0192628245383209));
#3926=CARTESIAN_POINT('',(0.0286025601925986,-0.028858369747046,0.0193749125076819));
#3927=CARTESIAN_POINT('',(0.0284037130249839,-0.0286586015611351,0.0195933210426482));
#3928=CARTESIAN_POINT('',(0.02830478298459,-0.0285571259580529,0.0196996678610827));
#3929=CARTESIAN_POINT('',(0.0281748728565721,-0.0284209381334761,0.0198365571071723));
#3930=CARTESIAN_POINT('',(0.0281428018580568,-0.0283870751439668,0.0198701230998748));
#3931=CARTESIAN_POINT('',(0.0281108473840318,-0.0283530890271168,0.0199033473563095));
#3932=CARTESIAN_POINT('',(0.0332201949923275,-0.0311747218882016,0.0120736566839363));
#3933=CARTESIAN_POINT('',(0.0331393366571119,-0.0311668534278379,0.0122907743972642));
#3934=CARTESIAN_POINT('',(0.0330560019275903,-0.031153802813865,0.0125044513653484));
#3935=CARTESIAN_POINT('',(0.0328821793038089,-0.0311169670150541,0.0129307915662377));
#3936=CARTESIAN_POINT('',(0.0327916807124554,-0.0310931797792395,0.0131434926404993));
#3937=CARTESIAN_POINT('',(0.0326026977706265,-0.031034762720806,0.0135689102187199));
#3938=CARTESIAN_POINT('',(0.0325040873534839,-0.0310001048318522,0.0137818554255344));
#3939=CARTESIAN_POINT('',(0.0322987912173908,-0.0309200031430933,0.0142074014722581));
#3940=CARTESIAN_POINT('',(0.0321922535286392,-0.0308745922931257,0.0144197334152908));
#3941=CARTESIAN_POINT('',(0.0318630685053174,-0.0307228614003494,0.0150508141905253));
#3942=CARTESIAN_POINT('',(0.0316307917553243,-0.0306009488063135,0.01546359478473));
#3943=CARTESIAN_POINT('',(0.0311556274390223,-0.0303250141391314,0.0162523462009315));
#3944=CARTESIAN_POINT('',(0.0309127603733206,-0.0301709168925776,0.0166280269395729));
#3945=CARTESIAN_POINT('',(0.0305570805254988,-0.0299283082850432,0.0171469759233903));
#3946=CARTESIAN_POINT('',(0.0304397475308158,-0.0298454241120497,0.017312920463413));
#3947=CARTESIAN_POINT('',(0.0302087622664365,-0.0296769836395935,0.0176308115711618));
#3948=CARTESIAN_POINT('',(0.030095158058587,-0.0295914589223883,0.0177827033072208));
#3949=CARTESIAN_POINT('',(0.0297605543449001,-0.0293321550402914,0.0182188146867258));
#3950=CARTESIAN_POINT('',(0.0295463074910193,-0.0291560874844391,0.0184830262981612));
#3951=CARTESIAN_POINT('',(0.0292357224165962,-0.0288882556669323,0.0188498934236441));
#3952=CARTESIAN_POINT('',(0.0291340060150389,-0.028798385100221,0.0189672673815709));
#3953=CARTESIAN_POINT('',(0.0289322848001393,-0.0286161827313085,0.0191950877562231));
#3954=CARTESIAN_POINT('',(0.0288321483794092,-0.0285237569729687,0.0193056934488061));
#3955=CARTESIAN_POINT('',(0.0286328018434419,-0.0283358574905247,0.0195213365799611));
#3956=CARTESIAN_POINT('',(0.0285335621215797,-0.0282403564617631,0.0196263971853728));
#3957=CARTESIAN_POINT('',(0.0284031558111609,-0.0281121092593548,0.0197617117221054));
#3958=CARTESIAN_POINT('',(0.028370955064395,-0.0280802144934642,0.0197948982905472));
#3959=CARTESIAN_POINT('',(0.02833886434403,-0.028048197673446,0.0198277532732922));
#3960=CARTESIAN_POINT('',(0.0333655911571699,-0.0303762965233393,0.0123284147870752));
#3961=CARTESIAN_POINT('',(0.0332870164772977,-0.0303691068055244,0.0125325016733054));
#3962=CARTESIAN_POINT('',(0.0332061515671461,-0.0303573341325553,0.0127334544899661));
#3963=CARTESIAN_POINT('',(0.0330380084713308,-0.0303243700742063,0.0131339377123745));
#3964=CARTESIAN_POINT('',(0.0329507210783436,-0.0303031770758084,0.0133334991776351));
#3965=CARTESIAN_POINT('',(0.0327690774944861,-0.0302513258127209,0.0137320740070778));
#3966=CARTESIAN_POINT('',(0.0326746190931854,-0.0302206403041628,0.0139312757556075));
#3967=CARTESIAN_POINT('',(0.0324785815981278,-0.0301499164930451,0.0143288616089684));
#3968=CARTESIAN_POINT('',(0.0323771225321823,-0.0301099101675943,0.0145270242234175));
#3969=CARTESIAN_POINT('',(0.0320641556580591,-0.0299766086560953,0.0151158790808387));
#3970=CARTESIAN_POINT('',(0.0318440172580439,-0.0298699676870971,0.0155008859586643));
#3971=CARTESIAN_POINT('',(0.0313927248872739,-0.02962884301787,0.0162393219310779));
#3972=CARTESIAN_POINT('',(0.031161566333733,-0.029494307114267,0.0165925400574099));
#3973=CARTESIAN_POINT('',(0.0308210149926002,-0.0292817712728393,0.0170837301153628));
#3974=CARTESIAN_POINT('',(0.0307083422551731,-0.0292090468379711,0.0172413651078124));
#3975=CARTESIAN_POINT('',(0.0304857311031944,-0.0290608807572879,0.0175445096062098));
#3976=CARTESIAN_POINT('',(0.0303758316743964,-0.0289854632711362,0.0176899748909437));
#3977=CARTESIAN_POINT('',(0.0300508684481734,-0.0287561173554985,0.0181093396789241));
#3978=CARTESIAN_POINT('',(0.0298409872838667,-0.0285994288051147,0.0183658378051272));
#3979=CARTESIAN_POINT('',(0.0295345748579503,-0.0283595748278263,0.0187244053730146));
#3980=CARTESIAN_POINT('',(0.0294338549978942,-0.0282788462994887,0.0188395552704282));
#3981=CARTESIAN_POINT('',(0.0292336637345427,-0.0281148116231934,0.0190635511096571));
#3982=CARTESIAN_POINT('',(0.0291340724146053,-0.0280314252476683,0.0191725402073412));
#3983=CARTESIAN_POINT('',(0.0289355948434771,-0.0278616563892187,0.0193852652317435));
#3984=CARTESIAN_POINT('',(0.0288366853812355,-0.0277752528617386,0.0194890180847373));
#3985=CARTESIAN_POINT('',(0.0287065618076498,-0.0276590571855328,0.0196228025798289));
#3986=CARTESIAN_POINT('',(0.0286744186521904,-0.0276301463865713,0.0196556266515337));
#3987=CARTESIAN_POINT('',(0.0286423736387803,-0.0276011119936215,0.019688134672311));
#3988=CARTESIAN_POINT('',(0.0333985383843322,-0.0301081064164927,0.01241228426953));
#3989=CARTESIAN_POINT('',(0.033320844115967,-0.0301012197574322,0.0126118478686923));
#3990=CARTESIAN_POINT('',(0.0332409288964297,-0.030089950342847,0.0128083909571167));
#3991=CARTESIAN_POINT('',(0.0330749594786616,-0.0300584451579112,0.0131999080263787));
#3992=CARTESIAN_POINT('',(0.0329888966420629,-0.0300382080312244,0.0133949105819514));
#3993=CARTESIAN_POINT('',(0.0328100394569985,-0.0299887400050218,0.0137841647966368));
#3994=CARTESIAN_POINT('',(0.0327171513399102,-0.0299594822565993,0.0139785903186407));
#3995=CARTESIAN_POINT('',(0.0325246052588825,-0.0298921017722428,0.0143664531990645));
#3996=CARTESIAN_POINT('',(0.0324250574129918,-0.0298540105454197,0.0145596861422259));
#3997=CARTESIAN_POINT('',(0.0321181917032386,-0.0297272020618759,0.0151338531526899));
#3998=CARTESIAN_POINT('',(0.031902616812131,-0.029625897275393,0.0155092034875848));
#3999=CARTESIAN_POINT('',(0.0314603497687616,-0.0293968487025261,0.0162301964188559));
#4000=CARTESIAN_POINT('',(0.0312336446921292,-0.029269059760544,0.0165756561439794));
#4001=CARTESIAN_POINT('',(0.030898916539773,-0.0290668537668471,0.0170573230933997));
#4002=CARTESIAN_POINT('',(0.0307880502034339,-0.0289976123581878,0.0172121201972944));
#4003=CARTESIAN_POINT('',(0.0305687137547839,-0.0288563852439496,0.0175102586604676));
#4004=CARTESIAN_POINT('',(0.0304602793504562,-0.0287844212233778,0.0176535596123055));
#4005=CARTESIAN_POINT('',(0.0301391794792417,-0.0285652945516525,0.0180673397397662));
#4006=CARTESIAN_POINT('',(0.0299311287651225,-0.0284151940461078,0.0183213537102502));
#4007=CARTESIAN_POINT('',(0.0296265937517574,-0.0281848149509219,0.0186773706127287));
#4008=CARTESIAN_POINT('',(0.0295263555112505,-0.0281071760105433,0.0187918652572503));
#4009=CARTESIAN_POINT('',(0.0293269593376536,-0.0279492696326309,0.0190147722758808));
#4010=CARTESIAN_POINT('',(0.0292276858743033,-0.0278689266330818,0.0191233220091898));
#4011=CARTESIAN_POINT('',(0.0290297651197166,-0.0277052523796557,0.0193352759693898));
#4012=CARTESIAN_POINT('',(0.0289310970145379,-0.0276219022672538,0.0194386947756523));
#4013=CARTESIAN_POINT('',(0.0288012373648218,-0.0275097450700246,0.0195721055964619));
#4014=CARTESIAN_POINT('',(0.0287691550804512,-0.027481833680758,0.0196048426950135));
#4015=CARTESIAN_POINT('',(0.0287371666278625,-0.0274537976686809,0.0196372689694841));
#4016=CARTESIAN_POINT('',(0.0334366033109676,-0.0295740359211084,0.0125763481601033));
#4017=CARTESIAN_POINT('',(0.0333608684035585,-0.0295679537280072,0.0127666304520728));
#4018=CARTESIAN_POINT('',(0.0332830584393688,-0.0295578865671677,0.0129541401341332));
#4019=CARTESIAN_POINT('',(0.0331218885908237,-0.0295296907649489,0.0133272924745189));
#4020=CARTESIAN_POINT('',(0.0330385213869824,-0.0295115613113128,0.013512958445713));
#4021=CARTESIAN_POINT('',(0.0328657731571307,-0.0294672532374858,0.0138831206651627));
#4022=CARTESIAN_POINT('',(0.0327763157234539,-0.0294410496061724,0.0140677601304872));
#4023=CARTESIAN_POINT('',(0.0325913753453064,-0.0293807499988669,0.0144356977041531));
#4024=CARTESIAN_POINT('',(0.0324959821361958,-0.0293466833666707,0.0146188274326134));
#4025=CARTESIAN_POINT('',(0.0322023684321374,-0.02923341057172,0.0151629045873591));
#4026=CARTESIAN_POINT('',(0.0319966915917763,-0.0291430987109013,0.0155184898142651));
#4027=CARTESIAN_POINT('',(0.031574079577116,-0.0289386908224589,0.0162038465339239));
#4028=CARTESIAN_POINT('',(0.0313571153158522,-0.0288245612747262,0.0165334925671862));
#4029=CARTESIAN_POINT('',(0.0310352466189409,-0.0286431732430578,0.0169958277514495));
#4030=CARTESIAN_POINT('',(0.0309283913838351,-0.0285809361204017,0.0171448802900541));
#4031=CARTESIAN_POINT('',(0.0307163762901549,-0.028453642350878,0.0174329273220274));
#4032=CARTESIAN_POINT('',(0.0306112453411203,-0.0283886026917644,0.017571889366473));
#4033=CARTESIAN_POINT('',(0.0302989424544906,-0.0281899411547869,0.0179745569755224));
#4034=CARTESIAN_POINT('',(0.0300951930593315,-0.0280530024821309,0.0182237635870315));
#4035=CARTESIAN_POINT('',(0.0297952664248901,-0.0278415053286283,0.0185750504539362));
#4036=CARTESIAN_POINT('',(0.029696257939922,-0.0277700148714279,0.0186883799365677));
#4037=CARTESIAN_POINT('',(0.0294989666603742,-0.0276242875473429,0.0189094201327201));
#4038=CARTESIAN_POINT('',(0.0294005778606499,-0.0275499843590408,0.0190172559324079));
#4039=CARTESIAN_POINT('',(0.0292042639161365,-0.0273983905997287,0.0192279987905018));
#4040=CARTESIAN_POINT('',(0.02910632320419,-0.0273210856076557,0.0193309152453977));
#4041=CARTESIAN_POINT('',(0.0289773109955208,-0.0272169140762982,0.0194637988874275));
#4042=CARTESIAN_POINT('',(0.0289454292237542,-0.0271909781253591,0.019496416581815));
#4043=CARTESIAN_POINT('',(0.028913632277004,-0.027164914742293,0.0195287338510762));
#4044=CARTESIAN_POINT('',(0.0334416999434369,-0.0293082060033769,0.0126565251911584));
#4045=CARTESIAN_POINT('',(0.0333670438749191,-0.0293026256734369,0.0128420500393362));
#4046=CARTESIAN_POINT('',(0.0332903893846368,-0.0292932579772944,0.0130249366217118));
#4047=CARTESIAN_POINT('',(0.0331318452047616,-0.0292669134182596,0.01338869163617));
#4048=CARTESIAN_POINT('',(0.0330499489449183,-0.0292499360281063,0.013569580604826));
#4049=CARTESIAN_POINT('',(0.0328805229739038,-0.0292084050648244,0.0139299728683058));
#4050=CARTESIAN_POINT('',(0.0327929257746319,-0.0291838279321502,0.0141096032560773));
#4051=CARTESIAN_POINT('',(0.0326120993300717,-0.0291272660601795,0.0144673400654558));
#4052=CARTESIAN_POINT('',(0.0325189493467411,-0.0290953089571419,0.0146452970671331));
#4053=CARTESIAN_POINT('',(0.0322324858747625,-0.0289890786364423,0.0151739747302783));
#4054=CARTESIAN_POINT('',(0.0320321431193297,-0.0289044230040393,0.0155194531638666));
#4055=CARTESIAN_POINT('',(0.0316201599569067,-0.0287125779423521,0.0161866200289581));
#4056=CARTESIAN_POINT('',(0.0314084826434234,-0.0286053595737998,0.0165082123096514));
#4057=CARTESIAN_POINT('',(0.0310936497971585,-0.0284344574724359,0.0169607407320508));
#4058=CARTESIAN_POINT('',(0.0309889991503228,-0.0283757408321023,0.0171068871613194));
#4059=CARTESIAN_POINT('',(0.0307810305468727,-0.028255439837625,0.0173898497978103));
#4060=CARTESIAN_POINT('',(0.0306777379798644,-0.0281938702494186,0.0175266376996107));
#4061=CARTESIAN_POINT('',(0.0303703686653111,-0.028005452113238,0.0179237785657765));
#4062=CARTESIAN_POINT('',(0.030169090222439,-0.0278750855644725,0.0181706624723351));
#4063=CARTESIAN_POINT('',(0.0298718948017184,-0.0276729930588299,0.0185197704939574));
#4064=CARTESIAN_POINT('',(0.0297736345549981,-0.027604560706824,0.0186325902060621));
#4065=CARTESIAN_POINT('',(0.0295776533129529,-0.0274648825667336,0.0188528526312319));
#4066=CARTESIAN_POINT('',(0.0294798314508146,-0.0273935750310224,0.0189604139550751));
#4067=CARTESIAN_POINT('',(0.029284567783684,-0.0272479655906731,0.0191707169317331));
#4068=CARTESIAN_POINT('',(0.0291871132611625,-0.0271736515158589,0.0192734651452546));
#4069=CARTESIAN_POINT('',(0.0290586847880243,-0.0270734261280292,0.0194061953472362));
#4070=CARTESIAN_POINT('',(0.0290269427130835,-0.0270484659474257,0.0194387806249953));
#4071=CARTESIAN_POINT('',(0.0289952807678699,-0.0270233765543961,0.0194710706482114));
#4072=CARTESIAN_POINT('',(0.0334296238129472,-0.0287825870672663,0.0128126825032021));
#4073=CARTESIAN_POINT('',(0.0333572929104681,-0.0287782340092487,0.0129885613078134));
#4074=CARTESIAN_POINT('',(0.0332831168354938,-0.0287704835373946,0.013162089174866));
#4075=CARTESIAN_POINT('',(0.0331301804010821,-0.028748258049763,0.0135068341246191));
#4076=CARTESIAN_POINT('',(0.0330514151457647,-0.0287337829749555,0.0136780660340397));
#4077=CARTESIAN_POINT('',(0.0328890324219039,-0.0286981861130402,0.0140187143437023));
#4078=CARTESIAN_POINT('',(0.0328053654614533,-0.0286770452870784,0.0141882246149261));
#4079=CARTESIAN_POINT('',(0.0326332046568448,-0.0286283035135205,0.0145253563917512));
#4080=CARTESIAN_POINT('',(0.0325447689403363,-0.0286007248922874,0.0146928675421072));
#4081=CARTESIAN_POINT('',(0.0322733099510981,-0.0285089823057368,0.0151904638715436));
#4082=CARTESIAN_POINT('',(0.032084131801274,-0.0284358046235189,0.0155155667498957));
#4083=CARTESIAN_POINT('',(0.0316944430357111,-0.0282691733679408,0.0161460849296267));
#4084=CARTESIAN_POINT('',(0.0314938807683107,-0.0281756964766664,0.0164514616980916));
#4085=CARTESIAN_POINT('',(0.0311939397893937,-0.0280255465104616,0.0168842656072755));
#4086=CARTESIAN_POINT('',(0.0310939726644482,-0.027973781537775,0.0170245721708562));
#4087=CARTESIAN_POINT('',(0.0308946401119226,-0.0278672725576642,0.0172973374304105));
#4088=CARTESIAN_POINT('',(0.0307952930552432,-0.0278125393657967,0.0174297762291143));
#4089=CARTESIAN_POINT('',(0.0304985768855601,-0.0276442883081894,0.0178159103269655));
#4090=CARTESIAN_POINT('',(0.0303027328415357,-0.0275268466367992,0.0180582519741185));
#4091=CARTESIAN_POINT('',(0.0300116775152069,-0.0273432310298001,0.0184032503208739));
#4092=CARTESIAN_POINT('',(0.0299151291933506,-0.0272808030996419,0.018515148723464));
#4093=CARTESIAN_POINT('',(0.0297221896693406,-0.0271529928387219,0.0187340658933856));
#4094=CARTESIAN_POINT('',(0.029625708381175,-0.027087557588666,0.0188411897879573));
#4095=CARTESIAN_POINT('',(0.0294329590694052,-0.0269536694663026,0.0190508348700577));
#4096=CARTESIAN_POINT('',(0.0293366843896247,-0.026885208872693,0.0191533565046213));
#4097=CARTESIAN_POINT('',(0.0292096973218247,-0.0267927003274282,0.0192859247157001));
#4098=CARTESIAN_POINT('',(0.0291783024005242,-0.0267696478053736,0.0193184809590326));
#4099=CARTESIAN_POINT('',(0.029146978125252,-0.0267464621008,0.0193507521567556));
#4100=CARTESIAN_POINT('',(0.0334124299829846,-0.0285228485196935,0.0128886454071274));
#4101=CARTESIAN_POINT('',(0.0333413452970949,-0.0285192213263935,0.0130596361882969));
#4102=CARTESIAN_POINT('',(0.0332684920726955,-0.0285123890834659,0.0132284290181542));
#4103=CARTESIAN_POINT('',(0.0331185374925713,-0.0284924321579337,0.0135635624789322));
#4104=CARTESIAN_POINT('',(0.033041432165411,-0.0284793075971324,0.013729915003808));
#4105=CARTESIAN_POINT('',(0.0328827701322843,-0.0284468681210931,0.0140605907401319));
#4106=CARTESIAN_POINT('',(0.0328011730114559,-0.02842753724487,0.0142249907249615));
#4107=CARTESIAN_POINT('',(0.0326335635579487,-0.0283828780194351,0.0145517198030541));
#4108=CARTESIAN_POINT('',(0.0325475986915369,-0.0283575683840073,0.0147139586455021));
#4109=CARTESIAN_POINT('',(0.0322839933437145,-0.0282732708709678,0.0151958756499909));
#4110=CARTESIAN_POINT('',(0.0321006452576601,-0.0282059143957863,0.0155107115381648));
#4111=CARTESIAN_POINT('',(0.0317226211876489,-0.0280519323582528,0.0161227742030053));
#4112=CARTESIAN_POINT('',(0.0315278866278712,-0.0279652845116278,0.0164199907498944));
#4113=CARTESIAN_POINT('',(0.0312358012496339,-0.0278253985662845,0.0168428788024873));
#4114=CARTESIAN_POINT('',(0.0311383129464334,-0.0277770640014504,0.0169802521771155));
#4115=CARTESIAN_POINT('',(0.030943569793191,-0.0276773526574366,0.0172479054557088));
#4116=CARTESIAN_POINT('',(0.0308463298160177,-0.0276259849660298,0.0173781697258122));
#4117=CARTESIAN_POINT('',(0.0305553331616285,-0.0274676550961604,0.0177588249132404));
#4118=CARTESIAN_POINT('',(0.0303624526476792,-0.027356564514096,0.0179989475042437));
#4119=CARTESIAN_POINT('',(0.0300748064493698,-0.0271820187461597,0.018342015546297));
#4120=CARTESIAN_POINT('',(0.0299792219163878,-0.0271225363426299,0.0184535025483706));
#4121=CARTESIAN_POINT('',(0.0297880143061186,-0.0270005432054355,0.0186718524649237));
#4122=CARTESIAN_POINT('',(0.0296923067848868,-0.0269379838057642,0.01877881349947));
#4123=CARTESIAN_POINT('',(0.0295010218349459,-0.0268098311122962,0.0189882407249167));
#4124=CARTESIAN_POINT('',(0.029405440961737,-0.0267442322946402,0.0190907040851576));
#4125=CARTESIAN_POINT('',(0.029279311782098,-0.0266554934050455,0.0192232638098314));
#4126=CARTESIAN_POINT('',(0.0292481243729228,-0.0266333725129071,0.0192558234497481));
#4127=CARTESIAN_POINT('',(0.0292170028225749,-0.0266111162486513,0.0192881030808807));
#4128=CARTESIAN_POINT('',(0.0333643605417256,-0.0280088532647598,0.0130374624832938));
#4129=CARTESIAN_POINT('',(0.0332959170639242,-0.0280068924242156,0.013198610150077));
#4130=CARTESIAN_POINT('',(0.0332258500622092,-0.0280021038502654,0.0133578820083248));
#4131=CARTESIAN_POINT('',(0.0330821398999499,-0.0279870719987189,0.0136737092060366));
#4132=CARTESIAN_POINT('',(0.0330084947684834,-0.0279768291054117,0.0138302705054289));
#4133=CARTESIAN_POINT('',(0.0328575512472937,-0.0279510402412668,0.0141409496186728));
#4134=CARTESIAN_POINT('',(0.0327802306020618,-0.0279354861356852,0.0142951097265213));
#4135=CARTESIAN_POINT('',(0.0326219903137496,-0.0278992720327962,0.0146010049358363));
#4136=CARTESIAN_POINT('',(0.032541096805129,-0.0278786215671353,0.0147526903298841));
#4137=CARTESIAN_POINT('',(0.032293571490128,-0.0278094794261147,0.0152032384871886));
#4138=CARTESIAN_POINT('',(0.03212210914571,-0.0277538079162937,0.0154975565849485));
#4139=CARTESIAN_POINT('',(0.0317678746169632,-0.0276249251868476,0.0160727031173402));
#4140=CARTESIAN_POINT('',(0.0315850311201331,-0.0275516895115333,0.0163535749219188));
#4141=CARTESIAN_POINT('',(0.0313090522268701,-0.0274318787043674,0.0167565540383089));
#4142=CARTESIAN_POINT('',(0.0312166592500487,-0.0273902401362553,0.0168880302230257));
#4143=CARTESIAN_POINT('',(0.0310313800920428,-0.0273037901966327,0.0171453988507048));
#4144=CARTESIAN_POINT('',(0.0309385020513813,-0.0272589851550212,0.0172712841508486));
#4145=CARTESIAN_POINT('',(0.030659393164394,-0.0271200047422163,0.0176409106549496));
#4146=CARTESIAN_POINT('',(0.0304727437058637,-0.0270213110037372,0.0178765797940299));
#4147=CARTESIAN_POINT('',(0.0301923532472645,-0.0268644862360554,0.0182158322993854));
#4148=CARTESIAN_POINT('',(0.0300988386936498,-0.0268107613628409,0.0183265229335085));
#4149=CARTESIAN_POINT('',(0.0299113784454786,-0.0267001387235429,0.0185438014076955));
#4150=CARTESIAN_POINT('',(0.0298173598383042,-0.0266432003306769,0.0186504729163918));
#4151=CARTESIAN_POINT('',(0.0296292907227929,-0.0265262550544477,0.0188595352236972));
#4152=CARTESIAN_POINT('',(0.029535243453946,-0.0264662469032954,0.0189619162375127));
#4153=CARTESIAN_POINT('',(0.0294110254427296,-0.0263848708627082,0.0190945037644158));
#4154=CARTESIAN_POINT('',(0.0293803016045291,-0.0263645695008376,0.0191270812255143));
#4155=CARTESIAN_POINT('',(0.0293496341937585,-0.0263441283768601,0.0191593886649688));
#4156=CARTESIAN_POINT('',(0.0333334638634255,-0.0277546470282053,0.0131102992784716));
#4157=CARTESIAN_POINT('',(0.0332664152665652,-0.0277536271316556,0.0132664924306432));
#4158=CARTESIAN_POINT('',(0.0331978115461338,-0.0277499644670913,0.0134209789329198));
#4159=CARTESIAN_POINT('',(0.0330573637249458,-0.0277375898613112,0.0137271126063429));
#4160=CARTESIAN_POINT('',(0.0329855187286454,-0.0277288783836353,0.0138787627369492));
#4161=CARTESIAN_POINT('',(0.0328385727310762,-0.0277065831405632,0.0141794192249603));
#4162=CARTESIAN_POINT('',(0.0327634585570245,-0.02769299599755,0.0143284504948226));
#4163=CARTESIAN_POINT('',(0.0326100357275427,-0.0276611446541289,0.0146239161036256));
#4164=CARTESIAN_POINT('',(0.0325317425356714,-0.0276428844055889,0.0147703211738117));
#4165=CARTESIAN_POINT('',(0.0322924430028311,-0.0275814523766895,0.0152051823260403));
#4166=CARTESIAN_POINT('',(0.0321270358793692,-0.0275316441104596,0.0154892513953047));
#4167=CARTESIAN_POINT('',(0.0317849253472637,-0.027415209709747,0.0160459406260406));
#4168=CARTESIAN_POINT('',(0.0316081448150787,-0.0273485559076458,0.0163186294479682));
#4169=CARTESIAN_POINT('',(0.0313404163900888,-0.0272385540338026,0.0167116173795071));
#4170=CARTESIAN_POINT('',(0.0312506398060262,-0.0272001802770881,0.0168401301306642));
#4171=CARTESIAN_POINT('',(0.0310702350825624,-0.0271201925025365,0.0170923270888834));
#4172=CARTESIAN_POINT('',(0.03097961185011,-0.0270785837852886,0.0172160083795191));
#4173=CARTESIAN_POINT('',(0.030706671157731,-0.0269490291517719,0.0175800862257239));
#4174=CARTESIAN_POINT('',(0.0305232893080589,-0.0268563795033933,0.0178135214673363));
#4175=CARTESIAN_POINT('',(0.0302467457084988,-0.0267082034851824,0.0181508892655785));
#4176=CARTESIAN_POINT('',(0.0301543374476354,-0.0266572898256299,0.0182611950707389));
#4177=CARTESIAN_POINT('',(0.0299688928810297,-0.0265522189890528,0.0184779695868253));
#4178=CARTESIAN_POINT('',(0.0298757895515259,-0.0264980249699277,0.0185845145230985));
#4179=CARTESIAN_POINT('',(0.0296894721924661,-0.0263865501119141,0.0187934299253844));
#4180=CARTESIAN_POINT('',(0.0295962648746653,-0.0263292700633197,0.0188957869303582));
#4181=CARTESIAN_POINT('',(0.0294731003620643,-0.0262514861727028,0.019028410810345));
#4182=CARTESIAN_POINT('',(0.0294426326380239,-0.0262320724528868,0.0190610027104235));
#4183=CARTESIAN_POINT('',(0.0294122166984259,-0.026212516770768,0.0190933295376478));
#4184=CARTESIAN_POINT('',(0.0333018498474787,-0.0275,0.0131831912200027));
#4185=CARTESIAN_POINT('',(0.0332362689888779,-0.0274999999989055,0.0133343999787608));
#4186=CARTESIAN_POINT('',(0.0331691924302402,-0.0274975374465344,0.0134840779015774));
#4187=CARTESIAN_POINT('',(0.0330321228460252,-0.027487961943391,0.0137804812839845));
#4188=CARTESIAN_POINT('',(0.0329621300647175,-0.0274808495906647,0.0139272066776639));
#4189=CARTESIAN_POINT('',(0.0328192717348034,-0.0274621727219496,0.0142178226381663));
#4190=CARTESIAN_POINT('',(0.032746402100849,-0.0274506100575357,0.0143617209650911));
#4191=CARTESIAN_POINT('',(0.0325978565318771,-0.0274232189075079,0.0146467562989409));
#4192=CARTESIAN_POINT('',(0.0325221853827747,-0.0274073882393864,0.0147878842075024));
#4193=CARTESIAN_POINT('',(0.032291148706359,-0.027353737593777,0.0152070717461726));
#4194=CARTESIAN_POINT('',(0.0321317829414952,-0.027309776159351,0.0154809064375851));
#4195=CARTESIAN_POINT('',(0.0318017465157163,-0.0272056298319626,0.0160191093738009));
#4196=CARTESIAN_POINT('',(0.0316309934849179,-0.0271454118849426,0.0162835692589991));
#4197=CARTESIAN_POINT('',(0.031371490983814,-0.027044981070459,0.0166664454599293));
#4198=CARTESIAN_POINT('',(0.0312843266264752,-0.0270097896210359,0.016791947124964));
#4199=CARTESIAN_POINT('',(0.0311087979221859,-0.0269361052677004,0.0170388695714182));
#4200=CARTESIAN_POINT('',(0.0310204354799014,-0.0268976170560541,0.017160291611552));
#4201=CARTESIAN_POINT('',(0.0307536930860558,-0.026777279082779,0.0175186561061491));
#4202=CARTESIAN_POINT('',(0.0305736150533128,-0.0266905624114981,0.0177497527167675));
#4203=CARTESIAN_POINT('',(0.0303009811045588,-0.0265509079861177,0.0180851091677953));
#4204=CARTESIAN_POINT('',(0.0302097012906688,-0.0265027694426291,0.0181949930411884));
#4205=CARTESIAN_POINT('',(0.030026319102155,-0.0264031853179501,0.0184111947115571));
#4206=CARTESIAN_POINT('',(0.0299341555894267,-0.0263517064307569,0.0185175810796236));
#4207=CARTESIAN_POINT('',(0.0297496422828129,-0.0262456470039874,0.0187262861332964));
#4208=CARTESIAN_POINT('',(0.0296573027477686,-0.026191069224785,0.0188285874992076));
#4209=CARTESIAN_POINT('',(0.0295352304418663,-0.0261168459618386,0.0189612066791952));
#4210=CARTESIAN_POINT('',(0.0295050285676441,-0.0260983122968422,0.0189938029173641));
#4211=CARTESIAN_POINT('',(0.0294748739778134,-0.0260796346886308,0.0190261390955554));
#4212=CARTESIAN_POINT('',(0.0259624156964764,-0.0355,0.01));
#4213=CARTESIAN_POINT('',(0.0264840215962011,-0.0355,0.0100559135501319));
#4214=CARTESIAN_POINT('',(0.0275358851062821,-0.0354932187766015,0.0101706994204069));
#4215=CARTESIAN_POINT('',(0.0291909257491905,-0.0352048315690396,0.010434499368079));
#4216=CARTESIAN_POINT('',(0.0307618584296379,-0.0345539547572733,0.0107978689576483));
#4217=CARTESIAN_POINT('',(0.032029828029739,-0.0335555822301238,0.0112328565170617));
#4218=CARTESIAN_POINT('',(0.0329003384225542,-0.0322237163222315,0.0117251380627364));
#4219=CARTESIAN_POINT('',(0.0333801617090491,-0.030649981483772,0.0122479929622583));
#4220=CARTESIAN_POINT('',(0.0334817693545841,-0.0290309876124405,0.0127438626044036));
#4221=CARTESIAN_POINT('',(0.0333650778793724,-0.0280092940564105,0.0130374073369404));
#4222=CARTESIAN_POINT('',(0.0333018498474787,-0.0275,0.0131831912200027));
#4223=CARTESIAN_POINT('',(0.027,-0.0355,0.005));
#4224=CARTESIAN_POINT('',(0.027,-0.0355,0.00510713187831087));
#4225=CARTESIAN_POINT('',(0.0269986298945643,-0.0355,0.00521426375698173));
#4226=CARTESIAN_POINT('',(0.0269931503816038,-0.0355,0.00542845743509679));
#4227=CARTESIAN_POINT('',(0.0269890409152761,-0.0355,0.00553551923272724));
#4228=CARTESIAN_POINT('',(0.0269780854710124,-0.0355,0.00574950272685467));
#4229=CARTESIAN_POINT('',(0.0269712394185245,-0.0355,0.00585642442012918));
#4230=CARTESIAN_POINT('',(0.0269548150830177,-0.0355,0.0060700577453047));
#4231=CARTESIAN_POINT('',(0.0269452366263068,-0.0355,0.00617676936088498));
#4232=CARTESIAN_POINT('',(0.0269233542428806,-0.0355,0.00638991278319843));
#4233=CARTESIAN_POINT('',(0.0269110503626172,-0.0355,0.00649634459414071));
#4234=CARTESIAN_POINT('',(0.0268837246348378,-0.0355,0.00670885872812338));
#4235=CARTESIAN_POINT('',(0.0268687024695536,-0.0355,0.00681494100974843));
#4236=CARTESIAN_POINT('',(0.0268195739508122,-0.0355,0.00713255958854551));
#4237=CARTESIAN_POINT('',(0.0267241545987884,-0.0355,0.00765982987335717));
#4238=CARTESIAN_POINT('',(0.026595181521092,-0.0355,0.00818013691606633));
#4239=CARTESIAN_POINT('',(0.0264762048887137,-0.0355,0.0085918167963489));
#4240=CARTESIAN_POINT('',(0.0264451439036681,-0.0355,0.00869435619817635));
#4241=CARTESIAN_POINT('',(0.0263804097482927,-0.0355,0.00889860714134643));
#4242=CARTESIAN_POINT('',(0.0263467366561545,-0.0355,0.00900031870487726));
#4243=CARTESIAN_POINT('',(0.0262768004198396,-0.0355,0.00920284743605533));
#4244=CARTESIAN_POINT('',(0.0262405370577757,-0.0355,0.00930366452338147));
#4245=CARTESIAN_POINT('',(0.0261654440015701,-0.0355,0.00950433836494382));
#4246=CARTESIAN_POINT('',(0.0261266144117675,-0.0355,0.00960419515753068));
#4247=CARTESIAN_POINT('',(0.0260464140553891,-0.0355,0.00980288300199346));
#4248=CARTESIAN_POINT('',(0.0260050433532789,-0.0355,0.00990171407920794));
#4249=CARTESIAN_POINT('',(0.0259624156964764,-0.0355,0.01));
#4250=CARTESIAN_POINT('',(0.02725,-0.0355,0.005));
#4251=CARTESIAN_POINT('',(0.02725,-0.0355,0.005109263261151));
#4252=CARTESIAN_POINT('',(0.0272486037121997,-0.0355,0.00521850789597595));
#4253=CARTESIAN_POINT('',(0.0272430147811953,-0.0355,0.00543696993072806));
#4254=CARTESIAN_POINT('',(0.0272388215508674,-0.0355,0.00554619645600651));
#4255=CARTESIAN_POINT('',(0.0272276537429662,-0.0355,0.00576434027817933));
#4256=CARTESIAN_POINT('',(0.0272206770478153,-0.0355,0.0058732636371298));
#4257=CARTESIAN_POINT('',(0.027203995545919,-0.0355,0.00609038143911821));
#4258=CARTESIAN_POINT('',(0.0271942906476932,-0.0355,0.00619855425715302));
#4259=CARTESIAN_POINT('',(0.0271722180551063,-0.0355,0.00641397768983869));
#4260=CARTESIAN_POINT('',(0.0271598504666736,-0.0355,0.00652123345251467));
#4261=CARTESIAN_POINT('',(0.0271325188924841,-0.0355,0.00673471649523107));
#4262=CARTESIAN_POINT('',(0.027117558068393,-0.0355,0.0068409275701906));
#4263=CARTESIAN_POINT('',(0.0270688423405759,-0.0355,0.00715803766913381));
#4264=CARTESIAN_POINT('',(0.0269748561340717,-0.0355,0.00768155843965903));
#4265=CARTESIAN_POINT('',(0.0268494742222021,-0.0355,0.00819514388982262));
#4266=CARTESIAN_POINT('',(0.0267333164188456,-0.0355,0.00860441614688646));
#4267=CARTESIAN_POINT('',(0.0267029615512887,-0.0355,0.00870660925934367));
#4268=CARTESIAN_POINT('',(0.0266394990342125,-0.0355,0.00891080905520189));
#4269=CARTESIAN_POINT('',(0.0266063899831672,-0.0355,0.00901281372440787));
#4270=CARTESIAN_POINT('',(0.0265372852376164,-0.0355,0.00921668298766708));
#4271=CARTESIAN_POINT('',(0.0265012622917167,-0.0355,0.00931856943818383));
#4272=CARTESIAN_POINT('',(0.0264264167091647,-0.0355,0.00952207779465001));
#4273=CARTESIAN_POINT('',(0.0263876090544996,-0.0355,0.00962368943813573));
#4274=CARTESIAN_POINT('',(0.0263074525222692,-0.0355,0.0098263788859305));
#4275=CARTESIAN_POINT('',(0.0262660846566394,-0.0355,0.00992744736948689));
#4276=CARTESIAN_POINT('',(0.0262232186463388,-0.0355,0.0100279567750659));
#4277=CARTESIAN_POINT('',(0.0275002983940972,-0.0354997965494792,0.005));
#4278=CARTESIAN_POINT('',(0.0275002983940972,-0.0354997965494792,0.00511139718795936));
#4279=CARTESIAN_POINT('',(0.0274988758903459,-0.0354997965487352,0.00522275711591694));
#4280=CARTESIAN_POINT('',(0.0274931774115747,-0.0354997965490142,0.00544549259619969));
#4281=CARTESIAN_POINT('',(0.0274889003216242,-0.0354997965504016,0.0055568864044661));
#4282=CARTESIAN_POINT('',(0.0274775198844672,-0.0354997965465332,0.00577919559961805));
#4283=CARTESIAN_POINT('',(0.0274704123708258,-0.0354997965387461,0.00589012311642399));
#4284=CARTESIAN_POINT('',(0.0274534733618794,-0.0354997965497678,0.00611073017619758));
#4285=CARTESIAN_POINT('',(0.0274436418744334,-0.0354997965777491,0.00622036647616094));
#4286=CARTESIAN_POINT('',(0.0274213786978686,-0.0354997965963674,0.00643807423495118));
#4287=CARTESIAN_POINT('',(0.0274089471700955,-0.0354997965848075,0.00654615598784006));
#4288=CARTESIAN_POINT('',(0.0273816090485882,-0.0354997964233858,0.00676061177071865));
#4289=CARTESIAN_POINT('',(0.0273667090367054,-0.0354997962437786,0.00686695342908328));
#4290=CARTESIAN_POINT('',(0.0273184046394274,-0.0354997957095999,0.0071835600744995));
#4291=CARTESIAN_POINT('',(0.0272258498626074,-0.0354997949835028,0.0077033385760597));
#4292=CARTESIAN_POINT('',(0.027104075416349,-0.0354998022927975,0.0082102076519197));
#4293=CARTESIAN_POINT('',(0.0269907236143553,-0.0354997954046495,0.00861707883983869));
#4294=CARTESIAN_POINT('',(0.0269610688502832,-0.0354997922948117,0.00871892753603955));
#4295=CARTESIAN_POINT('',(0.026898867532334,-0.0354997869487549,0.0089230800779778));
#4296=CARTESIAN_POINT('',(0.0268663182600797,-0.0354997847941615,0.00902537986406058));
#4297=CARTESIAN_POINT('',(0.0267980466569021,-0.0354997857016307,0.00923059342979263));
#4298=CARTESIAN_POINT('',(0.0267622731251353,-0.0354997903092012,0.00933355085324417));
#4299=CARTESIAN_POINT('',(0.0266876867775714,-0.0354997965567225,0.00953989750663488));
#4300=CARTESIAN_POINT('',(0.0266489019924927,-0.0354997972807396,0.00964326626515924));
#4301=CARTESIAN_POINT('',(0.0265687496500556,-0.0354997781242513,0.00984996412203008));
#4302=CARTESIAN_POINT('',(0.0265273480685451,-0.0354997602482636,0.009953274313568));
#4303=CARTESIAN_POINT('',(0.0264842428913157,-0.0354997602488166,0.0100560090905447));
#4304=CARTESIAN_POINT('',(0.0280082465277778,-0.03548583984375,0.005));
#4305=CARTESIAN_POINT('',(0.0280082465277777,-0.03548583984375,0.00511572771570257));
#4306=CARTESIAN_POINT('',(0.0280067707613483,-0.0354858398408485,0.00523138136588048));
#4307=CARTESIAN_POINT('',(0.028000849992392,-0.0354858398419366,0.00546278887129076));
#4308=CARTESIAN_POINT('',(0.0279964028336139,-0.0354858398473478,0.00557857901734433));
#4309=CARTESIAN_POINT('',(0.0279845905767615,-0.0354858398322601,0.00580934654433126));
#4310=CARTESIAN_POINT('',(0.0279772172548992,-0.0354858398023308,0.005924348040417));
#4311=CARTESIAN_POINT('',(0.0279597519580281,-0.0354858398386812,0.00615207758270836));
#4312=CARTESIAN_POINT('',(0.0279496602033881,-0.0354858399454089,0.00626471968374917));
#4313=CARTESIAN_POINT('',(0.0279269973047097,-0.0354858399398236,0.00648716942213661));
#4314=CARTESIAN_POINT('',(0.0279144264278024,-0.0354858398177575,0.00659699751856851));
#4315=CARTESIAN_POINT('',(0.0278870463782149,-0.0354858388755371,0.00681360402647853));
#4316=CARTESIAN_POINT('',(0.0278722504021974,-0.0354858379506637,0.00692031812840396));
#4317=CARTESIAN_POINT('',(0.0278247075095763,-0.035485834696229,0.00723627341223662));
#4318=CARTESIAN_POINT('',(0.0277348868233318,-0.0354858281963848,0.00774923035990907));
#4319=CARTESIAN_POINT('',(0.0276201699177776,-0.0354858428612515,0.00824340031573898));
#4320=CARTESIAN_POINT('',(0.0275122331594348,-0.0354858078847702,0.00864597575525077));
#4321=CARTESIAN_POINT('',(0.027483921926163,-0.0354857940400029,0.00874725523520116));
#4322=CARTESIAN_POINT('',(0.0274241328193791,-0.0354857699058253,0.00895153598771807));
#4323=CARTESIAN_POINT('',(0.0273926499727489,-0.0354857599184855,0.00905452917765917));
#4324=CARTESIAN_POINT('',(0.0273259628148768,-0.0354857598234132,0.00926261920031254));
#4325=CARTESIAN_POINT('',(0.0272906665216952,-0.0354857754318813,0.00936780304394738));
#4326=CARTESIAN_POINT('',(0.0272165434481026,-0.035485796518929,0.00957997630201358));
#4327=CARTESIAN_POINT('',(0.0271777665922802,-0.0354857986142338,0.00968692488789267));
#4328=CARTESIAN_POINT('',(0.0270974549569777,-0.0354857276858781,0.00990175289742445));
#4329=CARTESIAN_POINT('',(0.0270558651068371,-0.0354856620146619,0.0100095948443511));
#4330=CARTESIAN_POINT('',(0.0270122413801785,-0.0354856620166949,0.0101168310911362));
#4331=CARTESIAN_POINT('',(0.0282658420138889,-0.0354721137152778,0.005));
#4332=CARTESIAN_POINT('',(0.0282658420138888,-0.0354721137152778,0.00511792385409774));
#4333=CARTESIAN_POINT('',(0.0282643392065326,-0.0354721137109604,0.00523575547284392));
#4334=CARTESIAN_POINT('',(0.028258305718859,-0.0354721137125794,0.00547156063231669));
#4335=CARTESIAN_POINT('',(0.0282537723688329,-0.0354721137206313,0.00558957936716455));
#4336=CARTESIAN_POINT('',(0.0282417409682428,-0.0354721136981809,0.00582463893964364));
#4337=CARTESIAN_POINT('',(0.0282342326856384,-0.0354721136538741,0.00594170980913512));
#4338=CARTESIAN_POINT('',(0.0282164986709953,-0.0354721137045445,0.00617307173688529));
#4339=CARTESIAN_POINT('',(0.0282062732726277,-0.0354721138621155,0.00628725576819311));
#4340=CARTESIAN_POINT('',(0.0281834013009223,-0.0354721138135225,0.00651216245231369));
#4341=CARTESIAN_POINT('',(0.0281707550450412,-0.0354721135922352,0.00662291058263294));
#4342=CARTESIAN_POINT('',(0.0281433396638116,-0.0354721120291716,0.00684069451022111));
#4343=CARTESIAN_POINT('',(0.0281285869298355,-0.035472110537383,0.00694765022826705));
#4344=CARTESIAN_POINT('',(0.0280813942331225,-0.0354721050916693,0.00726345696915244));
#4345=CARTESIAN_POINT('',(0.0279928761324563,-0.0354720935310483,0.00777333388923471));
#4346=CARTESIAN_POINT('',(0.027881608692994,-0.0354721082257979,0.00826152068770865));
#4347=CARTESIAN_POINT('',(0.0277762806736647,-0.0354720520177438,0.00866220082696808));
#4348=CARTESIAN_POINT('',(0.0277486128098007,-0.0354720305379395,0.00876325532714568));
#4349=CARTESIAN_POINT('',(0.0276899746233366,-0.0354719929447441,0.00896771111364449));
#4350=CARTESIAN_POINT('',(0.0276589983890827,-0.035471977272387,0.00907110233988502));
#4351=CARTESIAN_POINT('',(0.0275930624721091,-0.03547197526487,0.00928072392324204));
#4352=CARTESIAN_POINT('',(0.0275579939636586,-0.0354719972741137,0.00938706286589396));
#4353=CARTESIAN_POINT('',(0.0274840749377151,-0.035472026963285,0.00960222366268394));
#4354=CARTESIAN_POINT('',(0.0274452831974158,-0.0354720297067446,0.00971099454281413));
#4355=CARTESIAN_POINT('',(0.0273648084336581,-0.0354719261254558,0.00992994344004259));
#4356=CARTESIAN_POINT('',(0.027323064309601,-0.0354718305004332,0.0100400749945032));
#4357=CARTESIAN_POINT('',(0.0272791613189379,-0.0354718305033943,0.010149586876718));
#4358=CARTESIAN_POINT('',(0.0287888454861111,-0.0354224175347222,0.005));
#4359=CARTESIAN_POINT('',(0.0287888454861109,-0.0354224175347222,0.00512238273660185));
#4360=CARTESIAN_POINT('',(0.0287872876809602,-0.0354224175274786,0.00524463797327705));
#4361=CARTESIAN_POINT('',(0.0287810253731918,-0.035422417530195,0.00548937120556992));
#4362=CARTESIAN_POINT('',(0.0287763172053351,-0.0354224175437044,0.00561191167511237));
#4363=CARTESIAN_POINT('',(0.028763840372635,-0.0354224175060371,0.00585569396634214));
#4364=CARTESIAN_POINT('',(0.0287560575687669,-0.0354224174326263,0.00597697730251931));
#4365=CARTESIAN_POINT('',(0.0287377719408907,-0.0354224175037357,0.00621578102797479));
#4366=CARTESIAN_POINT('',(0.0287272696822748,-0.0354224177630647,0.0063331534741622));
#4367=CARTESIAN_POINT('',(0.0287039521070266,-0.0354224175177093,0.00656321976485896));
#4368=CARTESIAN_POINT('',(0.0286911372029244,-0.035422416985168,0.00667594882679822));
#4369=CARTESIAN_POINT('',(0.0286636036745476,-0.0354224137077276,0.00689640792855561));
#4370=CARTESIAN_POINT('',(0.0286489075147957,-0.0354224107345239,0.00700402726876418));
#4371=CARTESIAN_POINT('',(0.0286023066501873,-0.0354223991470836,0.00732012886856834));
#4372=CARTESIAN_POINT('',(0.028516151602052,-0.0354223720834408,0.00782499696355119));
#4373=CARTESIAN_POINT('',(0.0284114102460273,-0.0354223678786848,0.00830253503245619));
#4374=CARTESIAN_POINT('',(0.0283109309050636,-0.0354222570789658,0.00870029499395443));
#4375=CARTESIAN_POINT('',(0.0282844502402366,-0.0354222176100961,0.00880110123887045));
#4376=CARTESIAN_POINT('',(0.0282279201874266,-0.035422147979504,0.00900627242713551));
#4377=CARTESIAN_POINT('',(0.0281978633765037,-0.0354221185217684,0.00911062350489864));
#4378=CARTESIAN_POINT('',(0.028133270872529,-0.0354221077423593,0.00932359269072781));
#4379=CARTESIAN_POINT('',(0.0280985994964786,-0.0354221397429522,0.00943236188936448));
#4380=CARTESIAN_POINT('',(0.0280249680131448,-0.0354221827230098,0.00965369465541749));
#4381=CARTESIAN_POINT('',(0.0279860803933785,-0.0354221858307031,0.00976618718672538));
#4382=CARTESIAN_POINT('',(0.0279050692652121,-0.0354220202885403,0.00999349318701319));
#4383=CARTESIAN_POINT('',(0.0278628807125625,-0.0354218685876196,0.0101082435275174));
#4384=CARTESIAN_POINT('',(0.0278183573528886,-0.0354218685923206,0.010222352344849));
#4385=CARTESIAN_POINT('',(0.02905419921875,-0.035386474609375,0.005));
#4386=CARTESIAN_POINT('',(0.0290541992187497,-0.035386474609375,0.0051246450181711));
#4387=CARTESIAN_POINT('',(0.0290526134625316,-0.0353864746006187,0.00524914544368764));
#4388=CARTESIAN_POINT('',(0.0290462350770866,-0.0353864746039023,0.00549840816920371));
#4389=CARTESIAN_POINT('',(0.0290414383006043,-0.0353864746202329,0.00562324131864155));
#4390=CARTESIAN_POINT('',(0.029028735226234,-0.0353864745746997,0.00587145336976618));
#4391=CARTESIAN_POINT('',(0.0290208128908327,-0.0353864744865398,0.00599487935120467));
#4392=CARTESIAN_POINT('',(0.0290022444305978,-0.0353864745637813,0.00623749164963289));
#4393=CARTESIAN_POINT('',(0.0289915989897073,-0.0353864748741033,0.00635651019155098));
#4394=CARTESIAN_POINT('',(0.028968044949052,-0.0353864744748071,0.00658927843533129));
#4395=CARTESIAN_POINT('',(0.0289551368065226,-0.0353864737299584,0.00670306807556044));
#4396=CARTESIAN_POINT('',(0.0289275205117612,-0.035386469357518,0.00692502436661781));
#4397=CARTESIAN_POINT('',(0.0289128377025763,-0.0353864654685584,0.00703306546883331));
#4398=CARTESIAN_POINT('',(0.0288664784959546,-0.0353864499254685,0.00734960983561283));
#4399=CARTESIAN_POINT('',(0.028781383839459,-0.0353864124064539,0.00785254839041897));
#4400=CARTESIAN_POINT('',(0.0286797184917791,-0.0353863892559151,0.00832542047548153));
#4401=CARTESIAN_POINT('',(0.0285814787868926,-0.0353862450647166,0.00872215493848093));
#4402=CARTESIAN_POINT('',(0.0285555418937873,-0.0353861952318731,0.0088229377281295));
#4403=CARTESIAN_POINT('',(0.0284999689625932,-0.0353861070059484,0.00902864885366218));
#4404=CARTESIAN_POINT('',(0.0284703249281681,-0.0353860694409872,0.00913356149596638));
#4405=CARTESIAN_POINT('',(0.02840632453426,-0.0353860517996969,0.00934834612981923));
#4406=CARTESIAN_POINT('',(0.0283718224661572,-0.0353860873983119,0.00945839013719211));
#4407=CARTESIAN_POINT('',(0.02829827448645,-0.0353861350772507,0.0096829065647572));
#4408=CARTESIAN_POINT('',(0.0282593059275468,-0.035386137901907,0.00979729803492672));
#4409=CARTESIAN_POINT('',(0.0281779219176305,-0.0353859430142493,0.010028839394689));
#4410=CARTESIAN_POINT('',(0.0281354434891378,-0.0353857651566714,0.0101459184738296));
#4411=CARTESIAN_POINT('',(0.0280905791429535,-0.0353857651621853,0.0102623481278674));
#4412=CARTESIAN_POINT('',(0.029588623046875,-0.0352872314453125,0.005));
#4413=CARTESIAN_POINT('',(0.0295886230468746,-0.0352872314453125,0.00512920126527761));
#4414=CARTESIAN_POINT('',(0.0295869808802399,-0.0352872314338417,0.00525822551356776));
#4415=CARTESIAN_POINT('',(0.0295803687575448,-0.0352872314381433,0.00551660991230499));
#4416=CARTESIAN_POINT('',(0.0295753937406864,-0.0352872314595364,0.00564605680025523));
#4417=CARTESIAN_POINT('',(0.0295622344069218,-0.0352872313998875,0.00590320081434332));
#4418=CARTESIAN_POINT('',(0.0295540304435514,-0.0352872312860319,0.00603095557617539));
#4419=CARTESIAN_POINT('',(0.0295348849064074,-0.0352872313627017,0.00628132061877491));
#4420=CARTESIAN_POINT('',(0.0295239442575583,-0.0352872317603317,0.00640372550669906));
#4421=CARTESIAN_POINT('',(0.029499887742981,-0.035287230948423,0.00664214609957996));
#4422=CARTESIAN_POINT('',(0.0294867724155583,-0.0352872296883547,0.00675821069770022));
#4423=CARTESIAN_POINT('',(0.0294589316631054,-0.0352872228057885,0.00698353238664702));
#4424=CARTESIAN_POINT('',(0.0294442369448605,-0.0352872168816976,0.00709263574165621));
#4425=CARTESIAN_POINT('',(0.0293982152262822,-0.0352871922035957,0.00741080520957129));
#4426=CARTESIAN_POINT('',(0.0293149002819128,-0.0352871295619606,0.00791138767814152));
#4427=CARTESIAN_POINT('',(0.0292187926638443,-0.0352870485742966,0.00837670327384449));
#4428=CARTESIAN_POINT('',(0.0291245007588216,-0.0352868313787965,0.00877251181825721));
#4429=CARTESIAN_POINT('',(0.0290995126433648,-0.0352867603053708,0.00887350346058092));
#4430=CARTESIAN_POINT('',(0.0290455854523581,-0.0352866336691266,0.0090807438701199));
#4431=CARTESIAN_POINT('',(0.029016637540555,-0.0352865791248339,0.00918697351219358));
#4432=CARTESIAN_POINT('',(0.0289535949670123,-0.0352865432640341,0.00940570546997947));
#4433=CARTESIAN_POINT('',(0.028919340239671,-0.0352865812476061,0.0095184202086293));
#4434=CARTESIAN_POINT('',(0.0288457864425288,-0.0352866317220279,0.00974947677509686));
#4435=CARTESIAN_POINT('',(0.0288065711851586,-0.0352866328343594,0.00986771842554292));
#4436=CARTESIAN_POINT('',(0.0287242235033793,-0.0352863925561174,0.0101077774836356));
#4437=CARTESIAN_POINT('',(0.0286810381641502,-0.035286175364246,0.0102295104139225));
#4438=CARTESIAN_POINT('',(0.0286354215499244,-0.0352861753709859,0.0103505851417231));
#4439=CARTESIAN_POINT('',(0.0298576388888889,-0.0352239583333333,0.005));
#4440=CARTESIAN_POINT('',(0.0298576388888884,-0.0352239583333333,0.00513149476827519));
#4441=CARTESIAN_POINT('',(0.0298559682687051,-0.0352239583206584,0.0052627971899782));
#4442=CARTESIAN_POINT('',(0.0298492385101372,-0.0352239583254115,0.00552577284317898));
#4443=CARTESIAN_POINT('',(0.0298441738794854,-0.0352239583490504,0.00565754032374129));
#4444=CARTESIAN_POINT('',(0.0298307845746986,-0.0352239582831399,0.00591918562753434));
#4445=CARTESIAN_POINT('',(0.0298224385438808,-0.0352239581583151,0.00604912607648002));
#4446=CARTESIAN_POINT('',(0.0298029988252887,-0.0352239582282941,0.00630343445100435));
#4447=CARTESIAN_POINT('',(0.0297919061850018,-0.0352239586623175,0.00642757920032198));
#4448=CARTESIAN_POINT('',(0.0297675837270184,-0.035223957591551,0.00666894948146043));
#4449=CARTESIAN_POINT('',(0.0297543544839496,-0.0352239560282959,0.00678622813973916));
#4450=CARTESIAN_POINT('',(0.0297263720893102,-0.0352239477291376,0.00701341747208431));
#4451=CARTESIAN_POINT('',(0.0297116521298226,-0.0352239406844152,0.00712316107384507));
#4452=CARTESIAN_POINT('',(0.0296657262630912,-0.035223910821749,0.00744251224102966));
#4453=CARTESIAN_POINT('',(0.0295831305638954,-0.0352238334997382,0.00794266742087323));
#4454=CARTESIAN_POINT('',(0.0294895040580924,-0.0352237136043377,0.00840509209942959));
#4455=CARTESIAN_POINT('',(0.0293969200135817,-0.0352234567646281,0.00880099960276443));
#4456=CARTESIAN_POINT('',(0.0293723368461442,-0.0352233748046485,0.00890222337325208));
#4457=CARTESIAN_POINT('',(0.0293190981819906,-0.0352232283364636,0.00911045269901301));
#4458=CARTESIAN_POINT('',(0.0292904335818547,-0.0352231649132008,0.009217437525633));
#4459=CARTESIAN_POINT('',(0.0292277566565769,-0.0352231176923388,0.00943830076558343));
#4460=CARTESIAN_POINT('',(0.0291935799223283,-0.0352231544702943,0.00955241107854254));
#4461=CARTESIAN_POINT('',(0.0291199368127903,-0.0352232030514363,0.00978682335337333));
#4462=CARTESIAN_POINT('',(0.0290805558519433,-0.0352232027353641,0.00990701582716933));
#4463=CARTESIAN_POINT('',(0.0289976177342544,-0.0352229463744785,0.0101513563682297));
#4464=CARTESIAN_POINT('',(0.028954015638965,-0.0352227159704055,0.0102754139711533));
#4465=CARTESIAN_POINT('',(0.0289079878617041,-0.0352227159775598,0.0103988124730294));
#4466=CARTESIAN_POINT('',(0.0306597222222222,-0.0349895833333333,0.005));
#4467=CARTESIAN_POINT('',(0.0306597222222216,-0.0349895833333333,0.00513833295488732));
#4468=CARTESIAN_POINT('',(0.0306579665686757,-0.0349895833179679,0.00527643126347857));
#4469=CARTESIAN_POINT('',(0.0306508861474098,-0.03498958332373,0.00555309467957614));
#4470=CARTESIAN_POINT('',(0.0306455546978867,-0.0349895833523866,0.00569177476318292));
#4471=CARTESIAN_POINT('',(0.030631478695277,-0.0349895832724855,0.00596685858560423));
#4472=CARTESIAN_POINT('',(0.0306227080577234,-0.0349895831245942,0.00610333871706727));
#4473=CARTESIAN_POINT('',(0.0306023784891808,-0.0349895831579828,0.00636954437657802));
#4474=CARTESIAN_POINT('',(0.0305908209825971,-0.0349895836654676,0.00649899766648848));
#4475=CARTESIAN_POINT('',(0.0305656605479803,-0.0349895817614101,0.00674952112786407));
#4476=CARTESIAN_POINT('',(0.0305520582854511,-0.0349895792698086,0.00687065610481631));
#4477=CARTESIAN_POINT('',(0.0305235540189028,-0.034989566786468,0.00710400974816041));
#4478=CARTESIAN_POINT('',(0.0305086919740507,-0.0349895565051358,0.00721602451174658));
#4479=CARTESIAN_POINT('',(0.0304627932406828,-0.0349895112545598,0.00754014696569875));
#4480=CARTESIAN_POINT('',(0.0303817202265305,-0.0349893892629662,0.00804163111362614));
#4481=CARTESIAN_POINT('',(0.0302943319043034,-0.0349891380492725,0.00849856252625531));
#4482=CARTESIAN_POINT('',(0.0302058576232453,-0.0349887688036101,0.00889670038623386));
#4483=CARTESIAN_POINT('',(0.0301822303743764,-0.0349886577872368,0.00899905132081351));
#4484=CARTESIAN_POINT('',(0.0301305595552136,-0.0349884579908184,0.00921097918663029));
#4485=CARTESIAN_POINT('',(0.0301025064124194,-0.0349883703812898,0.0093205310156769));
#4486=CARTESIAN_POINT('',(0.0300405034749362,-0.0349882869941936,0.00954824035929564));
#4487=CARTESIAN_POINT('',(0.0300063823515732,-0.0349883134947692,0.00966668452840983));
#4488=CARTESIAN_POINT('',(0.0299321528968758,-0.0349883473573363,0.00991131520907624));
#4489=CARTESIAN_POINT('',(0.0298921314037727,-0.0349883416373536,0.0100373659412124));
#4490=CARTESIAN_POINT('',(0.0298071194266236,-0.034988063329497,0.0102944518806269));
#4491=CARTESIAN_POINT('',(0.029762112508057,-0.0349878179422617,0.0104253814179354));
#4492=CARTESIAN_POINT('',(0.0297147475429328,-0.0349878179498971,0.0105556579791268));
#4493=CARTESIAN_POINT('',(0.0311875,-0.0347734375,0.005));
#4494=CARTESIAN_POINT('',(0.0311874999999992,-0.0347734374999999,0.00514283254088318));
#4495=CARTESIAN_POINT('',(0.0311856881259319,-0.0347734374840457,0.00528540721493667));
#4496=CARTESIAN_POINT('',(0.0311783770660134,-0.0347734374900286,0.00557107556759664));
#4497=CARTESIAN_POINT('',(0.0311728705468738,-0.0347734375197835,0.00571429560044763));
#4498=CARTESIAN_POINT('',(0.0311583412983904,-0.03477343743682,0.00599824607309083));
#4499=CARTESIAN_POINT('',(0.0311492898768914,-0.0347734372866266,0.00613906045939448));
#4500=CARTESIAN_POINT('',(0.0311283575284734,-0.0347734372708008,0.00641328432023938));
#4501=CARTESIAN_POINT('',(0.0311164782921546,-0.0347734377794101,0.00654639463789312));
#4502=CARTESIAN_POINT('',(0.0310907053942591,-0.034773435207611,0.00680342656420716));
#4503=CARTESIAN_POINT('',(0.0310768124337231,-0.0347734320350621,0.0069274193862503));
#4504=CARTESIAN_POINT('',(0.0310478297452007,-0.0347734166956901,0.00716563615164131));
#4505=CARTESIAN_POINT('',(0.0310327835665573,-0.0347734043106274,0.00727963592534008));
#4506=CARTESIAN_POINT('',(0.030986551670926,-0.0347733484514413,0.00760858806948142));
#4507=CARTESIAN_POINT('',(0.0309056362324894,-0.0347731940973373,0.00811447190144597));
#4508=CARTESIAN_POINT('',(0.0308207735863496,-0.0347728297360998,0.00857202372428385));
#4509=CARTESIAN_POINT('',(0.0307336682489868,-0.0347723908869416,0.00897425134293794));
#4510=CARTESIAN_POINT('',(0.0307103284468208,-0.0347722646215693,0.00907793347821816));
#4511=CARTESIAN_POINT('',(0.0306590304458237,-0.0347720362211359,0.00929331136431292));
#4512=CARTESIAN_POINT('',(0.0306310627968561,-0.034771935154342,0.0094049796858146));
#4513=CARTESIAN_POINT('',(0.0305689373150814,-0.0347718234678134,0.00963785994949399));
#4514=CARTESIAN_POINT('',(0.0305346115298506,-0.0347718332960865,0.00975939008246434));
#4515=CARTESIAN_POINT('',(0.030459560508038,-0.0347718439958426,0.0100110333065073));
#4516=CARTESIAN_POINT('',(0.0304189186498225,-0.0347718329035213,0.010140995307565));
#4517=CARTESIAN_POINT('',(0.0303321203820729,-0.0347715766539325,0.010406440199905));
#4518=CARTESIAN_POINT('',(0.0302859723423772,-0.0347713558538705,0.0105418110158468));
#4519=CARTESIAN_POINT('',(0.0302375767557646,-0.034771355860759,0.0106765449768484));
#4520=CARTESIAN_POINT('',(0.031919921875,-0.0343603515625,0.005));
#4521=CARTESIAN_POINT('',(0.0319199218749991,-0.0343603515624998,0.00514907682654765));
#4522=CARTESIAN_POINT('',(0.0319180314952985,-0.0343603515492067,0.0052978719900967));
#4523=CARTESIAN_POINT('',(0.0319104005495226,-0.0343603515541918,0.00559603375326073));
#4524=CARTESIAN_POINT('',(0.0319046519841011,-0.0343603515789838,0.00574553836730263));
#4525=CARTESIAN_POINT('',(0.0318894912189853,-0.0343603515098576,0.00604183733185388));
#4526=CARTESIAN_POINT('',(0.0318800476453062,-0.0343603513880076,0.00618872336465417));
#4527=CARTESIAN_POINT('',(0.0318582471383867,-0.0343603513254323,0.0064744209766795));
#4528=CARTESIAN_POINT('',(0.0318458923146281,-0.0343603517312811,0.00661290584526364));
#4529=CARTESIAN_POINT('',(0.0318191568220942,-0.0343603490067268,0.00687985686307573));
#4530=CARTESIAN_POINT('',(0.0318047768546163,-0.0343603457907367,0.00700840078456143));
#4531=CARTESIAN_POINT('',(0.0317748803312534,-0.03436033068449,0.00725484012786841));
#4532=CARTESIAN_POINT('',(0.0317594110026198,-0.0343603186922353,0.0073724905891333));
#4533=CARTESIAN_POINT('',(0.0317120631881142,-0.0343602634777891,0.00771123076287221));
#4534=CARTESIAN_POINT('',(0.0316297812656662,-0.0343601078380968,0.00822965182169972));
#4535=CARTESIAN_POINT('',(0.0315453342505821,-0.0343597034127507,0.00869574920420044));
#4536=CARTESIAN_POINT('',(0.0314576340267402,-0.0343592849750171,0.0091084078832103));
#4537=CARTESIAN_POINT('',(0.0314340669327148,-0.0343591694942161,0.00921500653366908));
#4538=CARTESIAN_POINT('',(0.0313820761895233,-0.0343589596375283,0.00943701230893534));
#4539=CARTESIAN_POINT('',(0.0313536434121284,-0.034358866002453,0.00955238970467061));
#4540=CARTESIAN_POINT('',(0.0312902712332408,-0.0343587489817639,0.00979364078631208));
#4541=CARTESIAN_POINT('',(0.0312551712560032,-0.0343587399356717,0.00991986648522289));
#4542=CARTESIAN_POINT('',(0.0311781174708914,-0.0343587250396996,0.0101817453431452));
#4543=CARTESIAN_POINT('',(0.0311362412466697,-0.0343587108476299,0.0103172308359207));
#4544=CARTESIAN_POINT('',(0.0310463427065905,-0.034358530256769,0.0105942378144403));
#4545=CARTESIAN_POINT('',(0.030998358249812,-0.0343583802719847,0.0107356425364557));
#4546=CARTESIAN_POINT('',(0.030948258496488,-0.0343583802766847,0.0108764354405093));
#4547=CARTESIAN_POINT('',(0.0321541883680556,-0.0342080078125,0.005));
#4548=CARTESIAN_POINT('',(0.0321541883680547,-0.0342080078124998,0.00515107407288092));
#4549=CARTESIAN_POINT('',(0.0321522727913662,-0.0342080078006872,0.00530186037769877));
#4550=CARTESIAN_POINT('',(0.0321445395620628,-0.0342080078051171,0.00560401761651686));
#4551=CARTESIAN_POINT('',(0.0321387137396019,-0.034208007827148,0.00575552955643489));
#4552=CARTESIAN_POINT('',(0.0321233505312705,-0.0342080077657203,0.00605578604139289));
#4553=CARTESIAN_POINT('',(0.0321137810810362,-0.0342080076585952,0.00620462425213832));
#4554=CARTESIAN_POINT('',(0.0320916972359301,-0.0342080075856675,0.00649405369074455));
#4555=CARTESIAN_POINT('',(0.0320791850929779,-0.0342080079400285,0.00663431114650232));
#4556=CARTESIAN_POINT('',(0.0320521215875166,-0.0342080053149007,0.00690459331781603));
#4557=CARTESIAN_POINT('',(0.0320375709177171,-0.0342080022562652,0.00703469748649169));
#4558=CARTESIAN_POINT('',(0.0320073374678335,-0.0342079880168983,0.00728403022204768));
#4559=CARTESIAN_POINT('',(0.0319917028572374,-0.0342079767733555,0.00740300849014772));
#4560=CARTESIAN_POINT('',(0.0319438814119467,-0.034207924668391,0.00774543082536904));
#4561=CARTESIAN_POINT('',(0.0318608794440138,-0.0342077768930537,0.00826901131437684));
#4562=CARTESIAN_POINT('',(0.0317760144724346,-0.0342073822334237,0.00873921493834344));
#4563=CARTESIAN_POINT('',(0.0316876788998081,-0.0342069921973021,0.00915605955610811));
#4564=CARTESIAN_POINT('',(0.031663927360905,-0.0342068860767253,0.00926378204801996));
#4565=CARTESIAN_POINT('',(0.0316114990955983,-0.0342066929363112,0.00948823646576387));
#4566=CARTESIAN_POINT('',(0.0315828133723945,-0.0342066065212685,0.00960493809303225));
#4567=CARTESIAN_POINT('',(0.0315188503696779,-0.0342064942565096,0.00984908000267679));
#4568=CARTESIAN_POINT('',(0.0314834153801392,-0.0342064801874853,0.00997688133405087));
#4569=CARTESIAN_POINT('',(0.0314055671497502,-0.0342064586242246,0.0102421240782384));
#4570=CARTESIAN_POINT('',(0.0313632294462102,-0.0342064442962248,0.0103793933611347));
#4571=CARTESIAN_POINT('',(0.0312722279527512,-0.0342062955584207,0.0106600918386584));
#4572=CARTESIAN_POINT('',(0.0312236106106671,-0.0342061743564611,0.0108034035091399));
#4573=CARTESIAN_POINT('',(0.031172916831579,-0.0342061743602681,0.0109461117459248));
#4574=CARTESIAN_POINT('',(0.0325970323350695,-0.0338750406901042,0.005));
#4575=CARTESIAN_POINT('',(0.0325970323350685,-0.0338750406901039,0.00515484955300952));
#4576=CARTESIAN_POINT('',(0.0325950689347431,-0.0338750406828536,0.00530940314891385));
#4577=CARTESIAN_POINT('',(0.0325871424267761,-0.0338750406855727,0.00561911194928628));
#4578=CARTESIAN_POINT('',(0.0325811709214065,-0.033875040699095,0.00577441217229848));
#4579=CARTESIAN_POINT('',(0.0325654240239805,-0.0338750406613909,0.0060821671562501));
#4580=CARTESIAN_POINT('',(0.0325556156363517,-0.033875040596945,0.00623471824083172));
#4581=CARTESIAN_POINT('',(0.0325329835968585,-0.0338750405325841,0.00653133989681331));
#4582=CARTESIAN_POINT('',(0.0325201624761402,-0.0338750407429719,0.00667506724214256));
#4583=CARTESIAN_POINT('',(0.0324924341711189,-0.0338750389008748,0.00695199913138903));
#4584=CARTESIAN_POINT('',(0.0324775276461606,-0.033875036796313,0.00708528537866587));
#4585=CARTESIAN_POINT('',(0.0324465582754473,-0.0338750271336534,0.00734067371427532));
#4586=CARTESIAN_POINT('',(0.0324305448684473,-0.0338750195683568,0.00746251835823472));
#4587=CARTESIAN_POINT('',(0.03238156953734,-0.0338749841487848,0.00781312823779805));
#4588=CARTESIAN_POINT('',(0.0322965797580283,-0.0338748827398841,0.00834901841788694));
#4589=CARTESIAN_POINT('',(0.0322097044326936,-0.033874600657142,0.00883002791969372));
#4590=CARTESIAN_POINT('',(0.032119189644062,-0.0338743409006817,0.00925666693811435));
#4591=CARTESIAN_POINT('',(0.0320948446659776,-0.0338742718815355,0.00936693668808369));
#4592=CARTESIAN_POINT('',(0.0320411159385982,-0.0338741459557044,0.0095967470158206));
#4593=CARTESIAN_POINT('',(0.0320117234568607,-0.0338740893588134,0.00971625658260077));
#4594=CARTESIAN_POINT('',(0.0319462192870555,-0.0338740111832643,0.00996633378763641));
#4595=CARTESIAN_POINT('',(0.0319099555712593,-0.0338739957353836,0.0100972753821821));
#4596=CARTESIAN_POINT('',(0.031830262184931,-0.0338739730978201,0.0103690742580785));
#4597=CARTESIAN_POINT('',(0.0317869042611296,-0.0338739623759927,0.0105097529670675));
#4598=CARTESIAN_POINT('',(0.0316935815687474,-0.0338738845141507,0.0107974181473335));
#4599=CARTESIAN_POINT('',(0.0316436765400394,-0.0338738239087188,0.0109442869376421));
#4600=CARTESIAN_POINT('',(0.0315917512149009,-0.0338738239106339,0.0110905659617694));
#4601=CARTESIAN_POINT('',(0.0328055555555556,-0.0336944444444445,0.005));
#4602=CARTESIAN_POINT('',(0.0328055555555546,-0.0336944444444442,0.00515662732426517));
#4603=CARTESIAN_POINT('',(0.0328035695343804,-0.0336944444402733,0.00531295660946776));
#4604=CARTESIAN_POINT('',(0.0327955520549782,-0.0336944444418377,0.00562622057020607));
#4605=CARTESIAN_POINT('',(0.0327895121416963,-0.0336944444496167,0.00578330128443138));
#4606=CARTESIAN_POINT('',(0.0327735840450934,-0.0336944444279261,0.00609459633360621));
#4607=CARTESIAN_POINT('',(0.0327636626256136,-0.0336944443914117,0.00624890766606025));
#4608=CARTESIAN_POINT('',(0.0327407657930223,-0.0336944443459833,0.00654898887356254));
#4609=CARTESIAN_POINT('',(0.0327277930479779,-0.0336944444639637,0.00669441313240773));
#4610=CARTESIAN_POINT('',(0.0326997280214327,-0.0336944433052848,0.00697466287832588));
#4611=CARTESIAN_POINT('',(0.0326846363744571,-0.0336944419971674,0.00710957063757117));
#4612=CARTESIAN_POINT('',(0.032653268058555,-0.0336944360428689,0.00736812061579397));
#4613=CARTESIAN_POINT('',(0.032637041155498,-0.0336944314058507,0.0074915035847424));
#4614=CARTESIAN_POINT('',(0.0325873855911497,-0.0336944095569876,0.00784661821227464));
#4615=CARTESIAN_POINT('',(0.032501127970631,-0.0336943466370419,0.00838965791059686));
#4616=CARTESIAN_POINT('',(0.0324126596390348,-0.0336941673490772,0.00887736663714846));
#4617=CARTESIAN_POINT('',(0.0323206006799081,-0.0336940094392787,0.00930961349648024));
#4618=CARTESIAN_POINT('',(0.0322958466496124,-0.0336939681513937,0.00942130648327534));
#4619=CARTESIAN_POINT('',(0.0322412548905573,-0.0336938927069181,0.00965402364801086));
#4620=CARTESIAN_POINT('',(0.0322114085616379,-0.0336938587012817,0.00977501667208763));
#4621=CARTESIAN_POINT('',(0.0321449539865394,-0.0336938098565784,0.0100281377507665));
#4622=CARTESIAN_POINT('',(0.0321081965170655,-0.033693798060222,0.0101606436277891));
#4623=CARTESIAN_POINT('',(0.0320274524287412,-0.0336937810257626,0.0104356339801021));
#4624=CARTESIAN_POINT('',(0.0319835358198498,-0.0336937740469219,0.010577937906998));
#4625=CARTESIAN_POINT('',(0.0318889952361276,-0.0336937351704311,0.0108688774351138));
#4626=CARTESIAN_POINT('',(0.0318384356849344,-0.033693706344137,0.0110173959569102));
#4627=CARTESIAN_POINT('',(0.0317858729580053,-0.0336937063450539,0.0111653299726676));
#4628=CARTESIAN_POINT('',(0.0331944444444445,-0.0333055555555556,0.005));
#4629=CARTESIAN_POINT('',(0.0331944444444435,-0.0333055555555553,0.00515994280868314));
#4630=CARTESIAN_POINT('',(0.0331924160134958,-0.0333055555597269,0.00531958757637515));
#4631=CARTESIAN_POINT('',(0.0331842289588764,-0.0333055555581628,0.00563948033790876));
#4632=CARTESIAN_POINT('',(0.0331780618823352,-0.0333055555503832,0.00579987437133429));
#4633=CARTESIAN_POINT('',(0.0331617946975189,-0.0333055555720732,0.00611779170578114));
#4634=CARTESIAN_POINT('',(0.0331516613372222,-0.0333055556085879,0.00627541199876037));
#4635=CARTESIAN_POINT('',(0.0331282561166555,-0.0333055556540168,0.00658210467613749));
#4636=CARTESIAN_POINT('',(0.0331149871692764,-0.0333055555360365,0.0067308314896654));
#4637=CARTESIAN_POINT('',(0.0330862426299866,-0.0333055566947153,0.00701767727995206));
#4638=CARTESIAN_POINT('',(0.0330707676119994,-0.0333055580028327,0.00715587851776075));
#4639=CARTESIAN_POINT('',(0.0330385418395021,-0.0333055639571309,0.00742100358908552));
#4640=CARTESIAN_POINT('',(0.0330218408433793,-0.033305568594149,0.00754766825332356));
#4641=CARTESIAN_POINT('',(0.0329706217898227,-0.0333055904430119,0.00791260503650035));
#4642=CARTESIAN_POINT('',(0.0328812876913305,-0.0333056533629579,0.00847193815639407));
#4643=CARTESIAN_POINT('',(0.0327884816181054,-0.0333058326509243,0.00897565153687567));
#4644=CARTESIAN_POINT('',(0.0326924454403071,-0.0333059905607212,0.00942052381637673));
#4645=CARTESIAN_POINT('',(0.0326666537764893,-0.0333060318486055,0.00953535766581778));
#4646=CARTESIAN_POINT('',(0.0326099206326653,-0.0333061072930797,0.00977433223921412));
#4647=CARTESIAN_POINT('',(0.0325789708216841,-0.0333061412987156,0.00989844196775954));
#4648=CARTESIAN_POINT('',(0.032510265992794,-0.0333061901434188,0.0101577801537634));
#4649=CARTESIAN_POINT('',(0.0324723673972846,-0.033306201939776,0.0102933887150651));
#4650=CARTESIAN_POINT('',(0.0323892748913526,-0.0333062189742373,0.0105745575810543));
#4651=CARTESIAN_POINT('',(0.0323441477616503,-0.0333062259530789,0.0107199360311338));
#4652=CARTESIAN_POINT('',(0.0322470620815104,-0.0333062648295697,0.0110169730538713));
#4653=CARTESIAN_POINT('',(0.0321951736441932,-0.033306293655863,0.0111685168641391));
#4654=CARTESIAN_POINT('',(0.032141296699044,-0.0333062936549461,0.0113194810568763));
#4655=CARTESIAN_POINT('',(0.0333750406901042,-0.0330970323350695,0.005));
#4656=CARTESIAN_POINT('',(0.0333750406901032,-0.0330970323350691,0.0051614824876391));
#4657=CARTESIAN_POINT('',(0.0333729924450872,-0.0330970323445736,0.00532266901433892));
#4658=CARTESIAN_POINT('',(0.0333647266861418,-0.0330970323410097,0.00564563934659472));
#4659=CARTESIAN_POINT('',(0.0333585007788535,-0.0330970323232844,0.00580756817247213));
#4660=CARTESIAN_POINT('',(0.0333420755039605,-0.0330970323727051,0.00612857165353206));
#4661=CARTESIAN_POINT('',(0.03333184310896,-0.0330970324548573,0.00628774262133597));
#4662=CARTESIAN_POINT('',(0.0333081939934705,-0.033097032574052,0.00659759113683254));
#4663=CARTESIAN_POINT('',(0.0332947802929012,-0.0330970323109332,0.00674792554880518));
#4664=CARTESIAN_POINT('',(0.0332656925761136,-0.0330970351356845,0.00703805343797006));
#4665=CARTESIAN_POINT('',(0.0332500190982586,-0.0330970382980307,0.00717792859635324));
#4666=CARTESIAN_POINT('',(0.033217334372987,-0.0330970526031793,0.00744647102523309));
#4667=CARTESIAN_POINT('',(0.0332003725467396,-0.0330970637002902,0.00757488101577332));
#4668=CARTESIAN_POINT('',(0.0331482695636676,-0.0330971162313785,0.0079451410418096));
#4669=CARTESIAN_POINT('',(0.0330571258049366,-0.0330972681441687,0.00851362766637091));
#4670=CARTESIAN_POINT('',(0.0329615755016367,-0.0330977083931732,0.00902665484195121));
#4671=CARTESIAN_POINT('',(0.0328631058598001,-0.0330980839745071,0.00947855105884664));
#4672=CARTESIAN_POINT('',(0.0328366854295762,-0.0330981809899996,0.00959510409107401));
#4673=CARTESIAN_POINT('',(0.0327786734929198,-0.03309835846827,0.00983743236487532));
#4674=CARTESIAN_POINT('',(0.0327470737956119,-0.0330984386381359,0.00996317691354068));
#4675=CARTESIAN_POINT('',(0.0326770686656672,-0.0330985571423681,0.0102256915838347));
#4676=CARTESIAN_POINT('',(0.0326385225599668,-0.0330985894497398,0.0103628402324789));
#4677=CARTESIAN_POINT('',(0.0325541317203768,-0.0330986357479797,0.0106469996360401));
#4678=CARTESIAN_POINT('',(0.0325083522363357,-0.0330986531603387,0.0107938292025291));
#4679=CARTESIAN_POINT('',(0.0324099371955207,-0.0330987306727558,0.0110936930955861));
#4680=CARTESIAN_POINT('',(0.032357372852315,-0.0330987850609054,0.0112466143710362));
#4681=CARTESIAN_POINT('',(0.0323028183448492,-0.0330987850591616,0.0113989556217381));
#4682=CARTESIAN_POINT('',(0.0337080078125,-0.0326541883680556,0.005));
#4683=CARTESIAN_POINT('',(0.033708007812499,-0.0326541883680552,0.0051643212092831));
#4684=CARTESIAN_POINT('',(0.0337059227869557,-0.0326541883904917,0.00532835464367096));
#4685=CARTESIAN_POINT('',(0.0336975120134744,-0.0326541883820784,0.00565699749248203));
#4686=CARTESIAN_POINT('',(0.0336911781039727,-0.0326541883402347,0.00582174791596834));
#4687=CARTESIAN_POINT('',(0.0336744600613057,-0.0326541884569021,0.00614846398278283));
#4688=CARTESIAN_POINT('',(0.033664043799332,-0.0326541886476611,0.00631052327232168));
#4689=CARTESIAN_POINT('',(0.0336399287208253,-0.032654188976692,0.00662636906657405));
#4690=CARTESIAN_POINT('',(0.0336262330792776,-0.0326541883728637,0.00677982196591335));
#4691=CARTESIAN_POINT('',(0.03359645526863,-0.0326541956022881,0.00707645890423794));
#4692=CARTESIAN_POINT('',(0.0335803735639292,-0.0326542036198556,0.0072197223554019));
#4693=CARTESIAN_POINT('',(0.0335467172514037,-0.0326542396325169,0.00749532653611436));
#4694=CARTESIAN_POINT('',(0.033529190708112,-0.0326542674454755,0.00762741735928858));
#4695=CARTESIAN_POINT('',(0.0334751339926006,-0.0326543997939848,0.00800908559445124));
#4696=CARTESIAN_POINT('',(0.0333798755252961,-0.0326547843176209,0.00859776807039373));
#4697=CARTESIAN_POINT('',(0.0332778028152384,-0.0326559194642057,0.00913189868386501));
#4698=CARTESIAN_POINT('',(0.0331736637285467,-0.0326568520530294,0.00959917062630066));
#4699=CARTESIAN_POINT('',(0.0331457870270953,-0.0326570893557267,0.00971943785029246));
#4700=CARTESIAN_POINT('',(0.0330848418163292,-0.0326575239882927,0.0099688852615968));
#4701=CARTESIAN_POINT('',(0.0330517654369872,-0.0326577207891128,0.0100980357945565));
#4702=CARTESIAN_POINT('',(0.0329788460269023,-0.032658021637199,0.0103670122483525));
#4703=CARTESIAN_POINT('',(0.032938868852508,-0.0326581143079269,0.0105072082543271));
#4704=CARTESIAN_POINT('',(0.0328516618980467,-0.0326582461855063,0.0107971367063079));
#4705=CARTESIAN_POINT('',(0.0328044941137365,-0.0326582917568867,0.0109466918726969));
#4706=CARTESIAN_POINT('',(0.0327033129483357,-0.0326584398712983,0.0112517619834615));
#4707=CARTESIAN_POINT('',(0.0326493706322133,-0.0326585329466913,0.0114071682465096));
#4708=CARTESIAN_POINT('',(0.032593426195816,-0.0326585329436555,0.0115619870832509));
#4709=CARTESIAN_POINT('',(0.0338603515625,-0.032419921875,0.005));
#4710=CARTESIAN_POINT('',(0.033860351562499,-0.0324199218749997,0.00516562002070129));
#4711=CARTESIAN_POINT('',(0.0338582495735734,-0.0324199219050213,0.005330958370476));
#4712=CARTESIAN_POINT('',(0.0338497725016665,-0.0324199218937635,0.00566219570349061));
#4713=CARTESIAN_POINT('',(0.0338433894293475,-0.0324199218377736,0.00582823270478934));
#4714=CARTESIAN_POINT('',(0.0338265367332528,-0.0324199219938836,0.00615757473828779));
#4715=CARTESIAN_POINT('',(0.0338160356544097,-0.0324199222475045,0.00632097143027309));
#4716=CARTESIAN_POINT('',(0.0337916985508852,-0.0324199227122059,0.00663965812094114));
#4717=CARTESIAN_POINT('',(0.033777865749134,-0.0324199219131168,0.00679462160710794));
#4718=CARTESIAN_POINT('',(0.0337477410971168,-0.0324199318743196,0.00709448482321055));
#4719=CARTESIAN_POINT('',(0.0337314496728772,-0.0324199428855974,0.00723946227672845));
#4720=CARTESIAN_POINT('',(0.0336972808485713,-0.0324199922231744,0.00751871004008469));
#4721=CARTESIAN_POINT('',(0.0336794504939788,-0.0324200302678662,0.0076527359255189));
#4722=CARTESIAN_POINT('',(0.0336243242517274,-0.0324202116342652,0.00804048770723225));
#4723=CARTESIAN_POINT('',(0.0335267613590259,-0.0324207394273796,0.00864020988347745));
#4724=CARTESIAN_POINT('',(0.0334209115790662,-0.0324223073941622,0.00918612744759669));
#4725=CARTESIAN_POINT('',(0.0333135374328717,-0.032423578497427,0.00966174941549437));
#4726=CARTESIAN_POINT('',(0.0332848334603823,-0.0324239001608848,0.00978401124184546));
#4727=CARTESIAN_POINT('',(0.0332222342254097,-0.032424489545717,0.0100372233475314));
#4728=CARTESIAN_POINT('',(0.033188331273532,-0.0324247566437192,0.0101681447082014));
#4729=CARTESIAN_POINT('',(0.0331137983018174,-0.0324251698816106,0.0104404058581033));
#4730=CARTESIAN_POINT('',(0.0330730377606423,-0.0324253022777473,0.0105821088698914));
#4731=CARTESIAN_POINT('',(0.0329843133818617,-0.032425490292642,0.0108748153544894));
#4732=CARTESIAN_POINT('',(0.0329364098181291,-0.0324255535397372,0.011025644788967));
#4733=CARTESIAN_POINT('',(0.0328337922140443,-0.0324257336377645,0.011333093831157));
#4734=CARTESIAN_POINT('',(0.0327791479888377,-0.0324258398982428,0.0114896074176294));
#4735=CARTESIAN_POINT('',(0.0327224913339737,-0.0324258398947401,0.0116455266028387));
#4736=CARTESIAN_POINT('',(0.0342734375,-0.0316875,0.005));
#4737=CARTESIAN_POINT('',(0.0342734374999991,-0.0316874999999997,0.00516914179781602));
#4738=CARTESIAN_POINT('',(0.0342712891001484,-0.0316875000542325,0.00533802571920791));
#4739=CARTESIAN_POINT('',(0.0342626324127859,-0.0316875000338955,0.00567629537960929));
#4740=CARTESIAN_POINT('',(0.0342561168058264,-0.0316874999327517,0.0058458074771625));
#4741=CARTESIAN_POINT('',(0.0342388968386147,-0.0316875002147599,0.00618230758695345));
#4742=CARTESIAN_POINT('',(0.0342281636563522,-0.0316875006672894,0.00634937951902197));
#4743=CARTESIAN_POINT('',(0.0342031974311092,-0.0316875015911995,0.00667606711107055));
#4744=CARTESIAN_POINT('',(0.0341889676356108,-0.0316875001783654,0.00683538387695284));
#4745=CARTESIAN_POINT('',(0.0341578074315926,-0.0316875191671043,0.00714475745361116));
#4746=CARTESIAN_POINT('',(0.0341408773398496,-0.0316875400371355,0.00729488541308696));
#4747=CARTESIAN_POINT('',(0.0341051119886776,-0.0316876331374862,0.00758528024605818));
#4748=CARTESIAN_POINT('',(0.0340863197564764,-0.031687704730381,0.00772532399944905));
#4749=CARTESIAN_POINT('',(0.034027761199283,-0.0316880471120411,0.00813222592949513));
#4750=CARTESIAN_POINT('',(0.0339226755991896,-0.0316890462785179,0.00876741364633958));
#4751=CARTESIAN_POINT('',(0.0338042185923428,-0.0316920471258956,0.00935186327521286));
#4752=CARTESIAN_POINT('',(0.0336861493180452,-0.0316944195422021,0.00985419102502073));
#4753=CARTESIAN_POINT('',(0.0336547182678387,-0.0316950135665784,0.00998277485128343));
#4754=CARTESIAN_POINT('',(0.0335866952559658,-0.0316961026516274,0.0102477671330706));
#4755=CARTESIAN_POINT('',(0.033550096234107,-0.0316965968934419,0.0103841494506989));
#4756=CARTESIAN_POINT('',(0.0334703438190981,-0.0316973786487704,0.0106663373947395));
#4757=CARTESIAN_POINT('',(0.0334270722585081,-0.0316976466494197,0.0108124783596679));
#4758=CARTESIAN_POINT('',(0.0333335407661097,-0.0316980258984534,0.0111131518454956));
#4759=CARTESIAN_POINT('',(0.0332833353565706,-0.0316981477408771,0.0112675236039862));
#4760=CARTESIAN_POINT('',(0.033176289152145,-0.031698408013029,0.0115814186096819));
#4761=CARTESIAN_POINT('',(0.033119512217568,-0.0316985347162596,0.0117408451609982));
#4762=CARTESIAN_POINT('',(0.0330606890465551,-0.0316985347119308,0.0118996476594555));
#4763=CARTESIAN_POINT('',(0.0344895833333333,-0.0311597222222222,0.005));
#4764=CARTESIAN_POINT('',(0.0344895833333325,-0.031159722222222,0.00517098455589655));
#4765=CARTESIAN_POINT('',(0.0344874100334895,-0.0311597222946764,0.0053417344570902));
#4766=CARTESIAN_POINT('',(0.0344786595938068,-0.0311597222675062,0.00568367971990741));
#4767=CARTESIAN_POINT('',(0.0344720757866991,-0.0311597221323792,0.00585499006125175));
#4768=CARTESIAN_POINT('',(0.0344546604447517,-0.0311597225091396,0.00619529162314081));
#4769=CARTESIAN_POINT('',(0.0344438026643974,-0.0311597231091625,0.00636435921376278));
#4770=CARTESIAN_POINT('',(0.0344184669703765,-0.0311597244117777,0.00669567594803053));
#4771=CARTESIAN_POINT('',(0.0344039921545509,-0.0311597225490817,0.00685765311778596));
#4772=CARTESIAN_POINT('',(0.0343721487866452,-0.0311597487215675,0.00717313637162765));
#4773=CARTESIAN_POINT('',(0.0343547804878646,-0.0311597773947792,0.00732670719599748));
#4774=CARTESIAN_POINT('',(0.0343178725084694,-0.0311599049882188,0.00762481936056605));
#4775=CARTESIAN_POINT('',(0.0342983718786607,-0.0311600029554314,0.00776915831003528));
#4776=CARTESIAN_POINT('',(0.0342372270785463,-0.031160472273396,0.00819002780233673));
#4777=CARTESIAN_POINT('',(0.0341263141220322,-0.0311618439561695,0.008851997722799));
#4778=CARTESIAN_POINT('',(0.0339977553232796,-0.0311659878240056,0.00946637945430608));
#4779=CARTESIAN_POINT('',(0.0338712396765876,-0.0311692141900035,0.00998872345643548));
#4780=CARTESIAN_POINT('',(0.033837664469831,-0.0311700166988038,0.0101219733918284));
#4781=CARTESIAN_POINT('',(0.0337654118548259,-0.0311714883381947,0.0103954667055663));
#4782=CARTESIAN_POINT('',(0.0337267279243547,-0.0311721566409544,0.0105356865713821));
#4783=CARTESIAN_POINT('',(0.0336429928117032,-0.0311732276188902,0.0108245854626981));
#4784=CARTESIAN_POINT('',(0.0335978337365123,-0.0311736087617801,0.010973571454267));
#4785=CARTESIAN_POINT('',(0.0335007594727338,-0.031174147084553,0.0112790596103313));
#4786=CARTESIAN_POINT('',(0.0334488941554009,-0.0311743157031927,0.0114354146265092));
#4787=CARTESIAN_POINT('',(0.0333387367334004,-0.0311746078153585,0.0117526763217604));
#4788=CARTESIAN_POINT('',(0.0332805016822405,-0.0311747218922924,0.0119134943147977));
#4789=CARTESIAN_POINT('',(0.0332201949923275,-0.0311747218882016,0.0120736566839363));
#4790=CARTESIAN_POINT('',(0.0347239583333333,-0.0303576388888889,0.005));
#4791=CARTESIAN_POINT('',(0.0347239583333326,-0.0303576388888887,0.00517298272730916));
#4792=CARTESIAN_POINT('',(0.0347217570564969,-0.0303576389782499,0.00534577310324064));
#4793=CARTESIAN_POINT('',(0.034712905324053,-0.0303576389447397,0.00569169753771693));
#4794=CARTESIAN_POINT('',(0.0347062493870948,-0.0303576387780814,0.00586492584704692));
#4795=CARTESIAN_POINT('',(0.0346886171125052,-0.0303576392427573,0.00620943850856354));
#4796=CARTESIAN_POINT('',(0.0346776192300131,-0.0303576399786554,0.00638078547497409));
#4797=CARTESIAN_POINT('',(0.0346518189118459,-0.0303576416472963,0.00671782560080204));
#4798=CARTESIAN_POINT('',(0.0346370190815496,-0.0303576393725774,0.00688329580117704));
#4799=CARTESIAN_POINT('',(0.0346042110754207,-0.0303576723823381,0.00720720616886549));
#4800=CARTESIAN_POINT('',(0.0345862030919506,-0.0303577084647817,0.00736569940876943));
#4801=CARTESIAN_POINT('',(0.0345475714114441,-0.0303578687488389,0.00767517666455141));
#4802=CARTESIAN_POINT('',(0.034526979476997,-0.0303579916925985,0.00782599563254874));
#4803=CARTESIAN_POINT('',(0.0344617873231034,-0.0303585812429465,0.00826829127085219));
#4804=CARTESIAN_POINT('',(0.0343415870851608,-0.0303603058463604,0.00897240502179962));
#4805=CARTESIAN_POINT('',(0.0341966065341904,-0.0303655341253574,0.00963497491328644));
#4806=CARTESIAN_POINT('',(0.0340564493998445,-0.0303695474858652,0.0101888242018016));
#4807=CARTESIAN_POINT('',(0.034019417712023,-0.030370539577198,0.0103293450125164));
#4808=CARTESIAN_POINT('',(0.0339403795922954,-0.0303723584374238,0.0106158733992311));
#4809=CARTESIAN_POINT('',(0.0338983676636653,-0.0303731844922092,0.0107618620484039));
#4810=CARTESIAN_POINT('',(0.033808332404552,-0.0303745223845749,0.0110605350221167));
#4811=CARTESIAN_POINT('',(0.0337602196784656,-0.0303750126660153,0.0112134731780647));
#4812=CARTESIAN_POINT('',(0.0336576723249458,-0.0303757039942593,0.0115252612778009));
#4813=CARTESIAN_POINT('',(0.0336032791224545,-0.0303759161742116,0.0116839895854083));
#4814=CARTESIAN_POINT('',(0.0334884549470421,-0.0303762149259162,0.0120049023244757));
#4815=CARTESIAN_POINT('',(0.0334280697941543,-0.0303762965265659,0.012167012842614));
#4816=CARTESIAN_POINT('',(0.0333655911571699,-0.0303762965233393,0.0123284147870752));
#4817=CARTESIAN_POINT('',(0.0347872314453125,-0.030088623046875,0.005));
#4818=CARTESIAN_POINT('',(0.0347872314453118,-0.0300886230468749,0.00517352216420962));
#4819=CARTESIAN_POINT('',(0.0347850223925108,-0.030088623140078,0.00534686730809076));
#4820=CARTESIAN_POINT('',(0.0347761433982206,-0.030088623105127,0.0056938645142342));
#4821=CARTESIAN_POINT('',(0.0347694684048818,-0.0300886229313034,0.0058676033149594));
#4822=CARTESIAN_POINT('',(0.0347517764056124,-0.0300886234159576,0.00621327316301677));
#4823=CARTESIAN_POINT('',(0.0347407395593571,-0.030088624182478,0.00638526183894434));
#4824=CARTESIAN_POINT('',(0.034714799192279,-0.0300886259381132,0.00672400782738639));
#4825=CARTESIAN_POINT('',(0.034699898069618,-0.0300886235711672,0.00689055994102318));
#4826=CARTESIAN_POINT('',(0.0346667785041792,-0.0300886581794483,0.00721715692078796));
#4827=CARTESIAN_POINT('',(0.0346485602388291,-0.0300886959896607,0.00737725063185844));
#4828=CARTESIAN_POINT('',(0.0346093524542749,-0.0300888638813338,0.00769048050216153));
#4829=CARTESIAN_POINT('',(0.0345883920522369,-0.0300889926325436,0.00784346508699433));
#4830=CARTESIAN_POINT('',(0.0345218231264593,-0.0300896101447129,0.00829297941521247));
#4831=CARTESIAN_POINT('',(0.0343984369321206,-0.0300914168447164,0.00901146307997418));
#4832=CARTESIAN_POINT('',(0.034247771517624,-0.0300968977646479,0.00969063604364657));
#4833=CARTESIAN_POINT('',(0.0341029057030705,-0.0301010885573772,0.0102552300706611));
#4834=CARTESIAN_POINT('',(0.0340646819358463,-0.030102122719209,0.01039821905214));
#4835=CARTESIAN_POINT('',(0.0339833086866863,-0.0301040184581734,0.0106891387389622));
#4836=CARTESIAN_POINT('',(0.0339401540855854,-0.0301048793789101,0.0108370521517924));
#4837=CARTESIAN_POINT('',(0.0338479645682289,-0.0301062775443207,0.0111389344893706));
#4838=CARTESIAN_POINT('',(0.0337988469186517,-0.0301067937103639,0.0112931377886829));
#4839=CARTESIAN_POINT('',(0.0336944488088026,-0.0301075212168601,0.0116068732757888));
#4840=CARTESIAN_POINT('',(0.0336392067239102,-0.0301077433366263,0.0117662931710823));
#4841=CARTESIAN_POINT('',(0.033522827406933,-0.0301080376178611,0.0120881915136631));
#4842=CARTESIAN_POINT('',(0.0334617320527878,-0.0301081064193551,0.0122506014340023));
#4843=CARTESIAN_POINT('',(0.0333985383843322,-0.0301081064164927,0.01241228426953));
#4844=CARTESIAN_POINT('',(0.034886474609375,-0.02955419921875,0.005));
#4845=CARTESIAN_POINT('',(0.0348864746093743,-0.0295541992187499,0.00517436826491715));
#4846=CARTESIAN_POINT('',(0.0348842528818359,-0.029554199313691,0.00534859193668717));
#4847=CARTESIAN_POINT('',(0.0348753313069832,-0.0295541992780882,0.00569726863032168));
#4848=CARTESIAN_POINT('',(0.0348686273158178,-0.0295541991010234,0.0058717925011059));
#4849=CARTESIAN_POINT('',(0.0348508391522422,-0.0295541995947148,0.00621932096372621));
#4850=CARTESIAN_POINT('',(0.0348397387468354,-0.0295542003742282,0.00639237263648168));
#4851=CARTESIAN_POINT('',(0.0348135473839706,-0.0295542021821011,0.00673413876165669));
#4852=CARTESIAN_POINT('',(0.0347984583439062,-0.0295541997781712,0.00690268557958174));
#4853=CARTESIAN_POINT('',(0.0347647404390456,-0.0295542352607383,0.00723437860200543));
#4854=CARTESIAN_POINT('',(0.0347461117306311,-0.0295542740012526,0.00739756470968322));
#4855=CARTESIAN_POINT('',(0.0347057627108481,-0.0295544459380139,0.00771814736453362));
#4856=CARTESIAN_POINT('',(0.0346840659379895,-0.0295545777609163,0.00787542065139858));
#4857=CARTESIAN_POINT('',(0.0346147276163839,-0.0295552100792652,0.00833933216477191));
#4858=CARTESIAN_POINT('',(0.0344848860443926,-0.0295570603087089,0.0090867731645272));
#4859=CARTESIAN_POINT('',(0.0343226036940227,-0.0295626763875677,0.00979973354252075));
#4860=CARTESIAN_POINT('',(0.0341681329003436,-0.0295669423291527,0.0103860220071704));
#4861=CARTESIAN_POINT('',(0.0341274786170424,-0.0295679919899094,0.0105339764388223));
#4862=CARTESIAN_POINT('',(0.0340413525956395,-0.0295699154359444,0.0108336749755886));
#4863=CARTESIAN_POINT('',(0.0339958765680627,-0.0295707886998514,0.0109854051718778));
#4864=CARTESIAN_POINT('',(0.0338993263125331,-0.0295722126943313,0.0112935620553864));
#4865=CARTESIAN_POINT('',(0.0338481835634381,-0.0295727442105855,0.0114501815045844));
#4866=CARTESIAN_POINT('',(0.0337400758673834,-0.0295734928091958,0.0117675094332021));
#4867=CARTESIAN_POINT('',(0.0336831427635718,-0.0295737195403418,0.0119281255925136));
#4868=CARTESIAN_POINT('',(0.0335636857630566,-0.029573991388774,0.0122515697041403));
#4869=CARTESIAN_POINT('',(0.0335011957102745,-0.0295740359232332,0.012414340804122));
#4870=CARTESIAN_POINT('',(0.0334366033109676,-0.0295740359211084,0.0125763481601033));
#4871=CARTESIAN_POINT('',(0.0349224175347222,-0.0292888454861111,0.005));
#4872=CARTESIAN_POINT('',(0.0349224175347216,-0.0292888454861111,0.00517467469745439));
#4873=CARTESIAN_POINT('',(0.0349201909114878,-0.0292888455789339,0.00534922189587022));
#4874=CARTESIAN_POINT('',(0.034911254029703,-0.0292888455441255,0.00569850484369909));
#4875=CARTESIAN_POINT('',(0.0349045401057408,-0.0292888453710111,0.00587330306580255));
#4876=CARTESIAN_POINT('',(0.0348867155268083,-0.029288845853688,0.00622153248398753));
#4877=CARTESIAN_POINT('',(0.0348755905414131,-0.0292888466154649,0.0063950051995901));
#4878=CARTESIAN_POINT('',(0.034849288274749,-0.0292888483881812,0.00673808505466329));
#4879=CARTESIAN_POINT('',(0.0348341126372307,-0.0292888460398045,0.00690754436152035));
#4880=CARTESIAN_POINT('',(0.0348001080272507,-0.0292888807913153,0.00724164614202317));
#4881=CARTESIAN_POINT('',(0.0347812792050912,-0.0292889187270803,0.00740632380528939));
#4882=CARTESIAN_POINT('',(0.0347403651768263,-0.0292890870695675,0.00773050581853223));
#4883=CARTESIAN_POINT('',(0.0347183005763567,-0.0292892161326906,0.00788990174652205));
#4884=CARTESIAN_POINT('',(0.0346475699069912,-0.0292898351780918,0.00836099033541967));
#4885=CARTESIAN_POINT('',(0.0345144595366812,-0.0292916464918626,0.00912301610994339));
#4886=CARTESIAN_POINT('',(0.0343462462207454,-0.02929714397237,0.00985315813792824));
#4887=CARTESIAN_POINT('',(0.0341868800494621,-0.0293013068090775,0.0104503945390297));
#4888=CARTESIAN_POINT('',(0.03414498756327,-0.0293023296994242,0.0106008458434717));
#4889=CARTESIAN_POINT('',(0.0340564443561275,-0.0293042036055577,0.0109049311873584));
#4890=CARTESIAN_POINT('',(0.0340097897977172,-0.0293050541771417,0.0110585530669847));
#4891=CARTESIAN_POINT('',(0.0339110334797136,-0.0293064434331261,0.0113697745294528));
#4892=CARTESIAN_POINT('',(0.0338588707463138,-0.0293069642880553,0.0115275447209978));
#4893=CARTESIAN_POINT('',(0.0337489045772765,-0.0293076976222824,0.0118465172255271));
#4894=CARTESIAN_POINT('',(0.0336911295034549,-0.029307918975205,0.0120076378457686));
#4895=CARTESIAN_POINT('',(0.0335701502861935,-0.0293081728788518,0.0123316417069648));
#4896=CARTESIAN_POINT('',(0.0335069758939756,-0.0293082060051302,0.0124944743853969));
#4897=CARTESIAN_POINT('',(0.0334416999434369,-0.0293082060033769,0.0126565251911584));
#4898=CARTESIAN_POINT('',(0.0349721137152778,-0.0287658420138889,0.005));
#4899=CARTESIAN_POINT('',(0.0349721137152773,-0.0287658420138889,0.00517509838380021));
#4900=CARTESIAN_POINT('',(0.0349698796589883,-0.0287658420946255,0.00535010453510663));
#4901=CARTESIAN_POINT('',(0.0349609218622316,-0.0287658420643494,0.00570022135323293));
#4902=CARTESIAN_POINT('',(0.0349541954432575,-0.0287658419137757,0.00587537721189993));
#4903=CARTESIAN_POINT('',(0.0349363170617337,-0.0287658423336048,0.00622463628614027));
#4904=CARTESIAN_POINT('',(0.0349251546958693,-0.0287658429960669,0.00639876954362198));
#4905=CARTESIAN_POINT('',(0.0348986555849111,-0.028765844539856,0.00674414399987974));
#4906=CARTESIAN_POINT('',(0.0348833199084365,-0.0287658424980139,0.00691527822609228));
#4907=CARTESIAN_POINT('',(0.0348487664242054,-0.0287658727462052,0.00725393484732368));
#4908=CARTESIAN_POINT('',(0.0348295487567801,-0.0287659057635988,0.00742148270587198));
#4909=CARTESIAN_POINT('',(0.0347875225941713,-0.028766052272172,0.00775267720441417));
#4910=CARTESIAN_POINT('',(0.0347647287089629,-0.0287661646048978,0.00791624580338149));
#4911=CARTESIAN_POINT('',(0.0346912220262924,-0.0287667032459848,0.00840152579314125));
#4912=CARTESIAN_POINT('',(0.0345515544151476,-0.0287682789164309,0.00919262995739973));
#4913=CARTESIAN_POINT('',(0.0343713403255571,-0.0287730575830385,0.00995732556094969));
#4914=CARTESIAN_POINT('',(0.0342020759970225,-0.0287766565332442,0.0105764638823481));
#4915=CARTESIAN_POINT('',(0.0341576802424029,-0.028777538774194,0.0107318981650362));
#4916=CARTESIAN_POINT('',(0.0340642567506998,-0.0287791540449835,0.0110446967777629));
#4917=CARTESIAN_POINT('',(0.0340152261597199,-0.0287798867826594,0.0112020524705202));
#4918=CARTESIAN_POINT('',(0.033912036099684,-0.028781086345602,0.0115192511291673));
#4919=CARTESIAN_POINT('',(0.0338578315552221,-0.0287815389605374,0.0116792184710834));
#4920=CARTESIAN_POINT('',(0.0337441630036513,-0.0287821758436776,0.0120012199201834));
#4921=CARTESIAN_POINT('',(0.0336847199989247,-0.0287823670771023,0.0121631944953591));
#4922=CARTESIAN_POINT('',(0.0335607432930077,-0.0287825717098278,0.0124879704554946));
#4923=CARTESIAN_POINT('',(0.0334962310863095,-0.0287825870683695,0.0126507346563858));
#4924=CARTESIAN_POINT('',(0.0334296238129472,-0.0287825870672663,0.0128126825032021));
#4925=CARTESIAN_POINT('',(0.03498583984375,-0.0285082465277778,0.005));
#4926=CARTESIAN_POINT('',(0.0349858398437496,-0.0285082465277778,0.00517521540633896));
#4927=CARTESIAN_POINT('',(0.0349836032531777,-0.0285082465985323,0.00535035675059676));
#4928=CARTESIAN_POINT('',(0.0349746398601653,-0.0285082465719994,0.00570070072319657));
#4929=CARTESIAN_POINT('',(0.0349679108876253,-0.0285082464400424,0.0058759396397633));
#4930=CARTESIAN_POINT('',(0.0349500151431366,-0.0285082468079647,0.00622552694203681));
#4931=CARTESIAN_POINT('',(0.0349388399921912,-0.0285082473887412,0.00639989945408675));
#4932=CARTESIAN_POINT('',(0.0349122549838147,-0.0285082487383599,0.00674625423741024));
#4933=CARTESIAN_POINT('',(0.0348968458934225,-0.0285082469478091,0.0069181505919518));
#4934=CARTESIAN_POINT('',(0.0348620303150523,-0.0285082734169154,0.00725895262332918));
#4935=CARTESIAN_POINT('',(0.0348426239635455,-0.0285083023134045,0.00742787875171879));
#4936=CARTESIAN_POINT('',(0.0348000507977739,-0.0285084305505913,0.00776248556553414));
#4937=CARTESIAN_POINT('',(0.0347768955310566,-0.0285085288886773,0.00792810375028227));
#4938=CARTESIAN_POINT('',(0.034702005459025,-0.0285090002810919,0.00842039664566368));
#4939=CARTESIAN_POINT('',(0.0345590500283018,-0.0285103788753628,0.00922599177847761));
#4940=CARTESIAN_POINT('',(0.0343727672374034,-0.0285145562100778,0.0100080566154571));
#4941=CARTESIAN_POINT('',(0.0341985010505357,-0.0285176935571474,0.0106381471580168));
#4942=CARTESIAN_POINT('',(0.034152840464163,-0.0285184617202743,0.0107960671395421));
#4943=CARTESIAN_POINT('',(0.0340569543307099,-0.0285198675273879,0.011113191471272));
#4944=CARTESIAN_POINT('',(0.0340067264611653,-0.0285205049539367,0.0112723889573588));
#4945=CARTESIAN_POINT('',(0.0339013091390272,-0.028521549267813,0.0115924996301198));
#4946=CARTESIAN_POINT('',(0.03384608295953,-0.0285219441771467,0.0117535131158856));
#4947=CARTESIAN_POINT('',(0.0337305708553022,-0.0285224996953378,0.0120768984554143));
#4948=CARTESIAN_POINT('',(0.0336703020561886,-0.0285226661376987,0.0122392223091923));
#4949=CARTESIAN_POINT('',(0.0335448504035891,-0.0285228394618359,0.0125642102027345));
#4950=CARTESIAN_POINT('',(0.0334796848797902,-0.0285228485205199,0.0127268441486433));
#4951=CARTESIAN_POINT('',(0.0334124299829846,-0.0285228485196935,0.0128886454071274));
#4952=CARTESIAN_POINT('',(0.0349997965494792,-0.0280002983940972,0.005));
#4953=CARTESIAN_POINT('',(0.0349997965494789,-0.0280002983940972,0.00517533439467134));
#4954=CARTESIAN_POINT('',(0.0349975563347089,-0.0280002984360405,0.00535063153245646));
#4955=CARTESIAN_POINT('',(0.0349885876441925,-0.0280002984203118,0.00570119960163286));
#4956=CARTESIAN_POINT('',(0.0349818580284969,-0.0280002983420876,0.0058764887864616));
#4957=CARTESIAN_POINT('',(0.0349639391830662,-0.0280002985601923,0.0062265051471055));
#4958=CARTESIAN_POINT('',(0.0349527456764527,-0.0280002989049168,0.0064012444614818));
#4959=CARTESIAN_POINT('',(0.034926004730209,-0.0280002996983764,0.00674934963450343));
#4960=CARTESIAN_POINT('',(0.0349104574867275,-0.0280002986345907,0.00692267224334911));
#4961=CARTESIAN_POINT('',(0.0348751345642182,-0.0280003142473306,0.0072675852815765));
#4962=CARTESIAN_POINT('',(0.0348553590037802,-0.0280003313001815,0.00743918600639357));
#4963=CARTESIAN_POINT('',(0.0348117055605453,-0.0280004070063016,0.00778047056363056));
#4964=CARTESIAN_POINT('',(0.034787833130617,-0.0280004650847826,0.00795012311265686));
#4965=CARTESIAN_POINT('',(0.0347101857368806,-0.028000743279497,0.00845627286615787));
#4966=CARTESIAN_POINT('',(0.0345606458031389,-0.0280015563422009,0.00929065256036822));
#4967=CARTESIAN_POINT('',(0.0343620933992919,-0.0280040145944764,0.0101074497341059));
#4968=CARTESIAN_POINT('',(0.0341777116283984,-0.0280058513416063,0.0107593903378843));
#4969=CARTESIAN_POINT('',(0.0341294925432337,-0.0280063000649693,0.0109222641922631));
#4970=CARTESIAN_POINT('',(0.0340286297118499,-0.0280071204897194,0.0112479864950979));
#4971=CARTESIAN_POINT('',(0.0339759847960782,-0.0280074921016554,0.0114108315773784));
#4972=CARTESIAN_POINT('',(0.0338660829861123,-0.02800810144808,0.0117366649107345));
#4973=CARTESIAN_POINT('',(0.0338088068853015,-0.0280083325231937,0.0118997040558158));
#4974=CARTESIAN_POINT('',(0.0336896113799268,-0.0280086573944041,0.0122256936697944));
#4975=CARTESIAN_POINT('',(0.0336277009454453,-0.0280087544022336,0.0123886197880098));
#4976=CARTESIAN_POINT('',(0.0334993329137711,-0.0280088515119138,0.0127138161503366));
#4977=CARTESIAN_POINT('',(0.0334328841817412,-0.0280088532651319,0.0128760710459512));
#4978=CARTESIAN_POINT('',(0.0333643605417256,-0.0280088532647598,0.0130374624832938));
#4979=CARTESIAN_POINT('',(0.035,-0.02775,0.005));
#4980=CARTESIAN_POINT('',(0.0349999999999999,-0.02775,0.00517533612919514));
#4981=CARTESIAN_POINT('',(0.0349977586983914,-0.0277500000231001,0.00535065363426279));
#4982=CARTESIAN_POINT('',(0.0349887903184109,-0.0277500000144376,0.00570121818391271));
#4983=CARTESIAN_POINT('',(0.0349820626217748,-0.0277499999713559,0.00587647435175916));
#4984=CARTESIAN_POINT('',(0.0349641380626365,-0.0277500000914763,0.00622659107028277));
#4985=CARTESIAN_POINT('',(0.0349529390008358,-0.0277500002817272,0.00640145768795339));
#4986=CARTESIAN_POINT('',(0.0349261280572196,-0.0277500007127982,0.00675033237938675));
#4987=CARTESIAN_POINT('',(0.0349105161021513,-0.0277500001247963,0.00692431881211311));
#4988=CARTESIAN_POINT('',(0.0348749480046344,-0.0277500086534329,0.00727119677454106));
#4989=CARTESIAN_POINT('',(0.034854991966786,-0.0277500179762677,0.00744409345609193));
#4990=CARTESIAN_POINT('',(0.0348108053719499,-0.0277500593909611,0.00778864262984364));
#4991=CARTESIAN_POINT('',(0.0347865772359383,-0.027750091180455,0.00796027951329548));
#4992=CARTESIAN_POINT('',(0.0347075561860424,-0.0277502433088357,0.00847327179957825));
#4993=CARTESIAN_POINT('',(0.0345547201917983,-0.0277506875676245,0.00932194244021867));
#4994=CARTESIAN_POINT('',(0.0343499679830914,-0.0277520269530087,0.0101561000251407));
#4995=CARTESIAN_POINT('',(0.0341604734078191,-0.0277530238818233,0.0108189367062927));
#4996=CARTESIAN_POINT('',(0.034110960889399,-0.0277532670444092,0.0109842783280689));
#4997=CARTESIAN_POINT('',(0.0340075844589056,-0.0277537111822383,0.0113142721402891));
#4998=CARTESIAN_POINT('',(0.033953719998643,-0.0277539121211465,0.0114789226889696));
#4999=CARTESIAN_POINT('',(0.0338415613804075,-0.0277542414546659,0.011807566065701));
#5000=CARTESIAN_POINT('',(0.0337832571850404,-0.0277543662742282,0.0119715844620738));
#5001=CARTESIAN_POINT('',(0.0336622221880697,-0.0277545416851618,0.0122987939818431));
#5002=CARTESIAN_POINT('',(0.0335994960791154,-0.0277545939997345,0.0124619728704916));
#5003=CARTESIAN_POINT('',(0.0334696869402757,-0.0277546462210936,0.0127871653522333));
#5004=CARTESIAN_POINT('',(0.0334026084750594,-0.0277546470284014,0.0129491712535452));
#5005=CARTESIAN_POINT('',(0.0333334638634255,-0.0277546470282053,0.0131102992784716));
#5006=CARTESIAN_POINT('',(0.035,-0.0275,0.005));
#5007=CARTESIAN_POINT('',(0.035,-0.0275,0.00517533612919514));
#5008=CARTESIAN_POINT('',(0.0349977576330454,-0.0275,0.00535067225897953));
#5009=CARTESIAN_POINT('',(0.0349887896525759,-0.0275,0.0057012298242058));
#5010=CARTESIAN_POINT('',(0.0349820639428216,-0.0275,0.00587645125667923));
#5011=CARTESIAN_POINT('',(0.0349641338437598,-0.0275,0.00622666482675303));
#5012=CARTESIAN_POINT('',(0.0349529293324377,-0.0275,0.00640165695907938));
#5013=CARTESIAN_POINT('',(0.0349260486368148,-0.0275,0.00675129742925466));
#5014=CARTESIAN_POINT('',(0.0349103721682432,-0.0275,0.00692594574039244));
#5015=CARTESIAN_POINT('',(0.034874558622658,-0.0275,0.0072747844168078));
#5016=CARTESIAN_POINT('',(0.0348544216216694,-0.0275,0.00744897478897416));
#5017=CARTESIAN_POINT('',(0.0348096992905405,-0.0275,0.00779678354804085));
#5018=CARTESIAN_POINT('',(0.0347851134403286,-0.0275,0.00797040186715925));
#5019=CARTESIAN_POINT('',(0.0347047078276854,-0.0275,0.00849022858022366));
#5020=CARTESIAN_POINT('',(0.0345485408669455,-0.0275,0.00935317929327149));
#5021=CARTESIAN_POINT('',(0.0343374585955407,-0.0275,0.010204733697992));
#5022=CARTESIAN_POINT('',(0.0341427368888483,-0.0275,0.0108785047343481));
#5023=CARTESIAN_POINT('',(0.0340919012928265,-0.0275,0.0110463246408959));
#5024=CARTESIAN_POINT('',(0.0339859548984464,-0.0275,0.0113806095458614));
#5025=CARTESIAN_POINT('',(0.0339308442280594,-0.0275,0.011547074580593));
#5026=CARTESIAN_POINT('',(0.0338163839090649,-0.0275,0.011878540847548));
#5027=CARTESIAN_POINT('',(0.0337570339038549,-0.0275,0.0120435419483146));
#5028=CARTESIAN_POINT('',(0.0336341337362096,-0.0275,0.0123719724319859));
#5029=CARTESIAN_POINT('',(0.0335705837445396,-0.0275,0.0125354018776568));
#5030=CARTESIAN_POINT('',(0.0334393247741084,-0.0275,0.0128605820025228));
#5031=CARTESIAN_POINT('',(0.033371615900854,-0.0275,0.0130223327231879));
#5032=CARTESIAN_POINT('',(0.0333018498474787,-0.0275,0.0131831912200027));
#5033=CARTESIAN_POINT('',(0.027,-0.0355,0.005));
#5034=CARTESIAN_POINT('',(0.0275,-0.0355,0.005));
#5035=CARTESIAN_POINT('',(0.0285094616777123,-0.0354935145127639,0.005));
#5036=CARTESIAN_POINT('',(0.0301309466280069,-0.0352062929553265,0.005));
#5037=CARTESIAN_POINT('',(0.0317167518102602,-0.0345563136659303,0.005));
#5038=CARTESIAN_POINT('',(0.0330567336309524,-0.0335567336309524,0.005));
#5039=CARTESIAN_POINT('',(0.0340563136659303,-0.0322167518102602,0.005));
#5040=CARTESIAN_POINT('',(0.0347062929553265,-0.0306309466280069,0.005));
#5041=CARTESIAN_POINT('',(0.0349935145127639,-0.0290094616777123,0.005));
#5042=CARTESIAN_POINT('',(0.035,-0.028,0.005));
#5043=CARTESIAN_POINT('',(0.035,-0.0275,0.005));
#5044=CARTESIAN_POINT('',(0.035,-0.0275,0.005));
#5045=CARTESIAN_POINT('',(0.035,-0.0275,8.13151629364128E-20));
#5046=CARTESIAN_POINT('',(0.0350000000000091,-0.0287000000000091,0.005));
#5047=CARTESIAN_POINT('',(0.0350000000000091,-0.0287000000000091,8.13151629364128E-20));
#5048=CARTESIAN_POINT('',(0.0350000000000091,-0.0299000000000182,0.005));
#5049=CARTESIAN_POINT('',(0.0350000000000091,-0.0299000000000182,8.13151629364128E-20));
#5050=CARTESIAN_POINT('',(0.0342,-0.0328333333333607,0.005));
#5051=CARTESIAN_POINT('',(0.0342,-0.0328333333333607,8.13151629364128E-20));
#5052=CARTESIAN_POINT('',(0.0323333333333516,-0.0347000000000182,0.005));
#5053=CARTESIAN_POINT('',(0.0323333333333516,-0.0347000000000182,8.13151629364128E-20));
#5054=CARTESIAN_POINT('',(0.0294000000000182,-0.0355000000000091,0.005));
#5055=CARTESIAN_POINT('',(0.0294000000000182,-0.0355000000000091,8.13151629364128E-20));
#5056=CARTESIAN_POINT('',(0.0282000000000091,-0.0355000000000091,0.005));
#5057=CARTESIAN_POINT('',(0.0282000000000091,-0.0355000000000091,8.13151629364128E-20));
#5058=CARTESIAN_POINT('',(0.027,-0.0355,0.005));
#5059=CARTESIAN_POINT('',(0.027,-0.0355,8.13151629364128E-20));
#5060=CARTESIAN_POINT('',(-0.0333018498474787,-0.0275,0.0131831912200027));
#5061=CARTESIAN_POINT('',(-0.0332362689888779,-0.0274999999989055,0.0133343999787608));
#5062=CARTESIAN_POINT('',(-0.0331691924302402,-0.0274975374465344,0.0134840779015774));
#5063=CARTESIAN_POINT('',(-0.0330321228460252,-0.0274879619433911,0.0137804812839845));
#5064=CARTESIAN_POINT('',(-0.0329621300647175,-0.0274808495906647,0.0139272066776639));
#5065=CARTESIAN_POINT('',(-0.0328192717348034,-0.0274621727219496,0.0142178226381663));
#5066=CARTESIAN_POINT('',(-0.032746402100849,-0.0274506100575357,0.0143617209650911));
#5067=CARTESIAN_POINT('',(-0.0325978565318771,-0.0274232189075079,0.0146467562989409));
#5068=CARTESIAN_POINT('',(-0.0325221853827747,-0.0274073882393865,0.0147878842075024));
#5069=CARTESIAN_POINT('',(-0.032291148706359,-0.027353737593777,0.0152070717461726));
#5070=CARTESIAN_POINT('',(-0.0321317829414952,-0.027309776159351,0.015480906437585));
#5071=CARTESIAN_POINT('',(-0.0318017465157164,-0.0272056298319626,0.0160191093738008));
#5072=CARTESIAN_POINT('',(-0.0316309934849179,-0.0271454118849426,0.016283569258999));
#5073=CARTESIAN_POINT('',(-0.031371490983814,-0.027044981070459,0.0166664454599292));
#5074=CARTESIAN_POINT('',(-0.0312843266264752,-0.027009789621036,0.016791947124964));
#5075=CARTESIAN_POINT('',(-0.0311087979221858,-0.0269361052677005,0.0170388695714181));
#5076=CARTESIAN_POINT('',(-0.0310204354799014,-0.0268976170560541,0.017160291611552));
#5077=CARTESIAN_POINT('',(-0.0307536930860558,-0.0267772790827791,0.0175186561061491));
#5078=CARTESIAN_POINT('',(-0.0305736150533129,-0.0266905624114981,0.0177497527167674));
#5079=CARTESIAN_POINT('',(-0.0303009811045588,-0.0265509079861177,0.0180851091677953));
#5080=CARTESIAN_POINT('',(-0.0302097012906687,-0.0265027694426291,0.0181949930411885));
#5081=CARTESIAN_POINT('',(-0.0300263191021549,-0.0264031853179502,0.0184111947115573));
#5082=CARTESIAN_POINT('',(-0.0299341555894267,-0.0263517064307569,0.0185175810796236));
#5083=CARTESIAN_POINT('',(-0.0297496422828131,-0.0262456470039874,0.0187262861332962));
#5084=CARTESIAN_POINT('',(-0.0296573027477687,-0.026191069224785,0.0188285874992074));
#5085=CARTESIAN_POINT('',(-0.0295352304418663,-0.0261168459618387,0.0189612066791951));
#5086=CARTESIAN_POINT('',(-0.0295050285676443,-0.0260983122968425,0.0189938029173639));
#5087=CARTESIAN_POINT('',(-0.0294748739778137,-0.0260796346886312,0.0190261390955551));
#5088=CARTESIAN_POINT('',(-0.0333333784071432,-0.0277546258950345,0.0131104963136837));
#5089=CARTESIAN_POINT('',(-0.033266329570153,-0.0277536036762469,0.0132666856938533));
#5090=CARTESIAN_POINT('',(-0.0331977257289844,-0.0277499389329939,0.0134211683507414));
#5091=CARTESIAN_POINT('',(-0.0330572786569262,-0.0277375610029095,0.0137272927110391));
#5092=CARTESIAN_POINT('',(-0.0329854345350057,-0.0277288482807374,0.0138789373626658));
#5093=CARTESIAN_POINT('',(-0.0328384914515828,-0.0277065515845956,0.0141795812323295));
#5094=CARTESIAN_POINT('',(-0.0327633793535025,-0.0276929642633462,0.0143286053005208));
#5095=CARTESIAN_POINT('',(-0.0326099617995332,-0.0276611136266449,0.0146240551880096));
#5096=CARTESIAN_POINT('',(-0.0325316717646629,-0.0276428542274655,0.0147704518118231));
#5097=CARTESIAN_POINT('',(-0.0322923825567087,-0.0275814257389647,0.0152052874855091));
#5098=CARTESIAN_POINT('',(-0.0321269834425561,-0.0275316211618475,0.0154893394468161));
#5099=CARTESIAN_POINT('',(-0.0317848882611977,-0.0274151937680182,0.0160459985856066));
#5100=CARTESIAN_POINT('',(-0.0316081150317095,-0.0273485432216074,0.0163186745088389));
#5101=CARTESIAN_POINT('',(-0.0313403960192614,-0.0272385453222291,0.016711646874639));
#5102=CARTESIAN_POINT('',(-0.0312506223213832,-0.0272001727537156,0.016840155055645));
#5103=CARTESIAN_POINT('',(-0.0310702227425961,-0.0271201870981892,0.0170923441213351));
#5104=CARTESIAN_POINT('',(-0.0309796017653283,-0.0270785793132413,0.0172160220942213));
#5105=CARTESIAN_POINT('',(-0.0307066667887304,-0.0269490270789765,0.0175800917642369));
#5106=CARTESIAN_POINT('',(-0.0305232872450791,-0.0268563784860713,0.0178135240357708));
#5107=CARTESIAN_POINT('',(-0.0302467452779816,-0.0267082032579597,0.0181508897788752));
#5108=CARTESIAN_POINT('',(-0.0301543372542528,-0.0266572897218197,0.0182611952991354));
#5109=CARTESIAN_POINT('',(-0.0299688928978438,-0.0265522189974393,0.0184779695660452));
#5110=CARTESIAN_POINT('',(-0.0298757895539068,-0.0264980249712195,0.0185845145203064));
#5111=CARTESIAN_POINT('',(-0.029689472181639,-0.0263865501060392,0.0187934299380815));
#5112=CARTESIAN_POINT('',(-0.0295962648738668,-0.0263292700628864,0.0188957869312945));
#5113=CARTESIAN_POINT('',(-0.0294731003639154,-0.0262514861737074,0.0190284108081743));
#5114=CARTESIAN_POINT('',(-0.0294426326399695,-0.0262320724539427,0.0190610027081421));
#5115=CARTESIAN_POINT('',(-0.0294122167002029,-0.0262125167717325,0.0190933295355641));
#5116=CARTESIAN_POINT('',(-0.0333641926986585,-0.0280088141989663,0.0130378550829341));
#5117=CARTESIAN_POINT('',(-0.0332957484831364,-0.0280068486207124,0.0131989954038143));
#5118=CARTESIAN_POINT('',(-0.0332256809944185,-0.0280020557139262,0.0133582597671475));
#5119=CARTESIAN_POINT('',(-0.0330819718281619,-0.0279870168524326,0.0136740686911939));
#5120=CARTESIAN_POINT('',(-0.0330083281882534,-0.0279767712857979,0.0138306191891238));
#5121=CARTESIAN_POINT('',(-0.0328573899952125,-0.0279509790929104,0.0141412733338307));
#5122=CARTESIAN_POINT('',(-0.0327800732583114,-0.0279354243848746,0.0142954191507946));
#5123=CARTESIAN_POINT('',(-0.0326218430783988,-0.0278992111465971,0.0146012830878245));
#5124=CARTESIAN_POINT('',(-0.0325409556855618,-0.0278785620858275,0.0147529516460836));
#5125=CARTESIAN_POINT('',(-0.0322934505524329,-0.0278094262174762,0.015203448903903));
#5126=CARTESIAN_POINT('',(-0.0321220040903349,-0.0277537616521968,0.0154977326661922));
#5127=CARTESIAN_POINT('',(-0.0317678002046263,-0.0276248924957342,0.0160728187707738));
#5128=CARTESIAN_POINT('',(-0.0315849713909958,-0.0275516633358533,0.0163536646604698));
#5129=CARTESIAN_POINT('',(-0.0313090114119471,-0.0274318606303531,0.0167566126204837));
#5130=CARTESIAN_POINT('',(-0.0312166242353747,-0.0273902245123893,0.0168880796767987));
#5131=CARTESIAN_POINT('',(-0.0310313554076821,-0.0273037789611711,0.0171454325714017));
#5132=CARTESIAN_POINT('',(-0.0309384818895761,-0.0272589758593866,0.017271311276756));
#5133=CARTESIAN_POINT('',(-0.0306593844532041,-0.027120000443949,0.0176409215594878));
#5134=CARTESIAN_POINT('',(-0.0304727395960913,-0.0270213089009041,0.0178765848472137));
#5135=CARTESIAN_POINT('',(-0.0301923523910107,-0.0268644857682779,0.0182158333072851));
#5136=CARTESIAN_POINT('',(-0.0300988383091643,-0.0268107611493473,0.0183265233818429));
#5137=CARTESIAN_POINT('',(-0.0299113784789655,-0.0267001387408662,0.0185438013668267));
#5138=CARTESIAN_POINT('',(-0.0298173598430367,-0.0266432003333321,0.0186504729109127));
#5139=CARTESIAN_POINT('',(-0.0296292907012715,-0.0265262550423729,0.0188595352486136));
#5140=CARTESIAN_POINT('',(-0.0295352434523588,-0.0264662469024048,0.0189619162393502));
#5141=CARTESIAN_POINT('',(-0.029411025446409,-0.0263848708647727,0.0190945037601561));
#5142=CARTESIAN_POINT('',(-0.0293803016083962,-0.0263645695030075,0.0191270812210374));
#5143=CARTESIAN_POINT('',(-0.0293496341972903,-0.026344128378842,0.0191593886608801));
#5144=CARTESIAN_POINT('',(-0.0334121019851858,-0.0285227840837681,0.0128894200130132));
#5145=CARTESIAN_POINT('',(-0.0333410153036463,-0.0285191470703613,0.0130603968519094));
#5146=CARTESIAN_POINT('',(-0.0332681608656347,-0.0285123044964027,0.0132291757422616));
#5147=CARTESIAN_POINT('',(-0.0331182074670138,-0.0284923313569847,0.0135642743153167));
#5148=CARTESIAN_POINT('',(-0.0330411045427604,-0.0284792009594967,0.0137306058359756));
#5149=CARTESIAN_POINT('',(-0.0328824519725463,-0.0284467538249925,0.014061232701202));
#5150=CARTESIAN_POINT('',(-0.0328008620733195,-0.0284274211239135,0.0142256046025728));
#5151=CARTESIAN_POINT('',(-0.0326332718291746,-0.0283827617453889,0.0145522721572592));
#5152=CARTESIAN_POINT('',(-0.0325473187608863,-0.0283574537844621,0.014714477814783));
#5153=CARTESIAN_POINT('',(-0.0322837526927161,-0.0282731658140987,0.0151962940961727));
#5154=CARTESIAN_POINT('',(-0.0321004359387975,-0.0282058218430807,0.0155110614796106));
#5155=CARTESIAN_POINT('',(-0.0317224727717015,-0.028051865365425,0.0161230034588333));
#5156=CARTESIAN_POINT('',(-0.0315277676320555,-0.0279652303627264,0.0164201682005905));
#5157=CARTESIAN_POINT('',(-0.0312357200788997,-0.0278253608573147,0.0168429942477787));
#5158=CARTESIAN_POINT('',(-0.031138243368989,-0.0277770313491853,0.0169803495013633));
#5159=CARTESIAN_POINT('',(-0.0309435208323611,-0.0276773291224266,0.017247971627311));
#5160=CARTESIAN_POINT('',(-0.0308462898613826,-0.0276259654906834,0.0173782228874045));
#5161=CARTESIAN_POINT('',(-0.0305553159716246,-0.0274676461024275,0.0177588461531267));
#5162=CARTESIAN_POINT('',(-0.0303624445479175,-0.0273565601309828,0.0179989573365787));
#5163=CARTESIAN_POINT('',(-0.0300748047659234,-0.0271820177759251,0.0183420175020332));
#5164=CARTESIAN_POINT('',(-0.0299792211608412,-0.0271225359004088,0.0184535034179187));
#5165=CARTESIAN_POINT('',(-0.0297880143720885,-0.0270005432415146,0.0186718523854415));
#5166=CARTESIAN_POINT('',(-0.0296923067941829,-0.0269379838112598,0.018778813488848));
#5167=CARTESIAN_POINT('',(-0.0295010217926707,-0.0268098310873043,0.0189882407732212));
#5168=CARTESIAN_POINT('',(-0.0294054409586191,-0.0267442322927969,0.01909070408872));
#5169=CARTESIAN_POINT('',(-0.0292793117893255,-0.0266554934093184,0.0192232638015734));
#5170=CARTESIAN_POINT('',(-0.0292481243805187,-0.0266333725173978,0.0192558234410691));
#5171=CARTESIAN_POINT('',(-0.0292170028295123,-0.0266111162527527,0.0192881030729543));
#5172=CARTESIAN_POINT('',(-0.0334292180529778,-0.0287825151481084,0.0128136435461695));
#5173=CARTESIAN_POINT('',(-0.0333568843944481,-0.0287781496043561,0.0129895053848492));
#5174=CARTESIAN_POINT('',(-0.033282706747834,-0.0287703850713186,0.0131630165133468));
#5175=CARTESIAN_POINT('',(-0.0331297714354667,-0.0287481378657919,0.0135077189177494));
#5176=CARTESIAN_POINT('',(-0.0330510088767485,-0.0287336552197658,0.0136789249426554));
#5177=CARTESIAN_POINT('',(-0.0328886373351945,-0.0286980482436881,0.01401951282957));
#5178=CARTESIAN_POINT('',(-0.0328049790765604,-0.0286769047940469,0.0141889883144639));
#5179=CARTESIAN_POINT('',(-0.0326328417489717,-0.028628161695902,0.014526043867647));
#5180=CARTESIAN_POINT('',(-0.0325444205541986,-0.0286005844668145,0.0146935138730842));
#5181=CARTESIAN_POINT('',(-0.032273010085062,-0.028508851968795,0.0151909850769985));
#5182=CARTESIAN_POINT('',(-0.0320838708431408,-0.0284356890962255,0.0155160025106487));
#5183=CARTESIAN_POINT('',(-0.0316942579461756,-0.0282690888233209,0.0161463700863931));
#5184=CARTESIAN_POINT('',(-0.0314937324545108,-0.0281756278456128,0.0164516821773847));
#5185=CARTESIAN_POINT('',(-0.0311938387087986,-0.0280254985306037,0.0168844088249135));
#5186=CARTESIAN_POINT('',(-0.0310938860557947,-0.0279737399591548,0.0170246928337004));
#5187=CARTESIAN_POINT('',(-0.030894579220004,-0.0278672425555214,0.0172974193626639));
#5188=CARTESIAN_POINT('',(-0.0307952433855704,-0.02781251453546,0.017429842013609));
#5189=CARTESIAN_POINT('',(-0.03049855555919,-0.0276442768450888,0.0178159365356185));
#5190=CARTESIAN_POINT('',(-0.0303027227986887,-0.0275268410592189,0.0180582641006084));
#5191=CARTESIAN_POINT('',(-0.030011675430323,-0.0273432297977284,0.0184032527297992));
#5192=CARTESIAN_POINT('',(-0.0299151282578536,-0.0272808025384058,0.0185151497942689));
#5193=CARTESIAN_POINT('',(-0.0297221897511197,-0.0271529928846176,0.0187340657953808));
#5194=CARTESIAN_POINT('',(-0.0296257083926831,-0.0270875575956384,0.0188411897748796));
#5195=CARTESIAN_POINT('',(-0.0294329590170707,-0.026953669434595,0.0190508349295298));
#5196=CARTESIAN_POINT('',(-0.0293366843857648,-0.0268852088703544,0.0191533565090074));
#5197=CARTESIAN_POINT('',(-0.0292096973307719,-0.0267927003328491,0.0192859247055328));
#5198=CARTESIAN_POINT('',(-0.0291783024099275,-0.026769647811071,0.0193184809483471));
#5199=CARTESIAN_POINT('',(-0.02914697813384,-0.0267464621060035,0.0193507521469967));
#5200=CARTESIAN_POINT('',(-0.0334411433444951,-0.0293081292963433,0.0126578440004223));
#5201=CARTESIAN_POINT('',(-0.033366482936546,-0.0293025309687093,0.0128433464286826));
#5202=CARTESIAN_POINT('',(-0.0332898265178719,-0.0292931403942636,0.0130262115866523));
#5203=CARTESIAN_POINT('',(-0.0331312835343617,-0.0292667614905479,0.0133899102222645));
#5204=CARTESIAN_POINT('',(-0.0330493903785215,-0.0292497728334905,0.0135707641050764));
#5205=CARTESIAN_POINT('',(-0.0328799785534074,-0.0292082264158221,0.0139310739477195));
#5206=CARTESIAN_POINT('',(-0.0327923927526416,-0.0291836447631651,0.0141106567221339));
#5207=CARTESIAN_POINT('',(-0.0326115979391814,-0.0291270780520646,0.0144682892167257));
#5208=CARTESIAN_POINT('',(-0.0325184677706727,-0.0290951210159986,0.014646189845876));
#5209=CARTESIAN_POINT('',(-0.0322320707858358,-0.0289888998688177,0.0151746954398958));
#5210=CARTESIAN_POINT('',(-0.0320317816612696,-0.028904262753035,0.015520055470541));
#5211=CARTESIAN_POINT('',(-0.0316199035763548,-0.0287124583148864,0.0161870134381668));
#5212=CARTESIAN_POINT('',(-0.0314082774636129,-0.0286052616988252,0.0165085159261001));
#5213=CARTESIAN_POINT('',(-0.0310935102162589,-0.0284343885629251,0.0169609374315147));
#5214=CARTESIAN_POINT('',(-0.0309888796491625,-0.0283756810271887,0.0171070527060026));
#5215=CARTESIAN_POINT('',(-0.030780946673873,-0.0282553965899928,0.0173899619488737));
#5216=CARTESIAN_POINT('',(-0.0306776696213604,-0.0281938344439197,0.0175267276534985));
#5217=CARTESIAN_POINT('',(-0.0303703394294864,-0.028005435583058,0.0179238142243279));
#5218=CARTESIAN_POINT('',(-0.0301690764699168,-0.0278750775426813,0.0181706789564296));
#5219=CARTESIAN_POINT('',(-0.0298718919528704,-0.0276729912929154,0.0185197737608064));
#5220=CARTESIAN_POINT('',(-0.0297736332772544,-0.0276045599032116,0.0186325916576323));
#5221=CARTESIAN_POINT('',(-0.0295776534248975,-0.0274648826327057,0.018852852498065));
#5222=CARTESIAN_POINT('',(-0.0294798314665274,-0.0273935750410004,0.0189604139373539));
#5223=CARTESIAN_POINT('',(-0.0292845677122274,-0.0272479655452973,0.0191707170123222));
#5224=CARTESIAN_POINT('',(-0.0291871132558924,-0.0271736515125122,0.0192734651511981));
#5225=CARTESIAN_POINT('',(-0.0290586848002406,-0.0270734261357868,0.0194061953334588));
#5226=CARTESIAN_POINT('',(-0.0290269427259225,-0.0270484659555788,0.0194387806105157));
#5227=CARTESIAN_POINT('',(-0.0289952807795956,-0.0270233765618423,0.0194710706349875));
#5228=CARTESIAN_POINT('',(-0.0334359736410006,-0.0295739618637082,0.0125778382938464));
#5229=CARTESIAN_POINT('',(-0.0333602335711172,-0.029567858827879,0.0127680957343818));
#5230=CARTESIAN_POINT('',(-0.0332824216821277,-0.0295577637156644,0.0129555821012497));
#5231=CARTESIAN_POINT('',(-0.0331212531656407,-0.0295295264602749,0.0133286718828117));
#5232=CARTESIAN_POINT('',(-0.0330378891790351,-0.0295113837785769,0.0135142984471035));
#5233=CARTESIAN_POINT('',(-0.0328651563379163,-0.0294670573641889,0.0138843677999989));
#5234=CARTESIAN_POINT('',(-0.0327757115185238,-0.0294408481147728,0.0140689535282996));
#5235=CARTESIAN_POINT('',(-0.0325908066574807,-0.0293805413293876,0.0144367733961846));
#5236=CARTESIAN_POINT('',(-0.0324954358327213,-0.0293464737249101,0.014619839484229));
#5237=CARTESIAN_POINT('',(-0.0322018973420507,-0.0292332086507293,0.0151637220289173));
#5238=CARTESIAN_POINT('',(-0.0319962812787146,-0.02914291670931,0.0155191728363908));
#5239=CARTESIAN_POINT('',(-0.0315737885828875,-0.0289385536644771,0.0162042922870481));
#5240=CARTESIAN_POINT('',(-0.0313568825909415,-0.0288244486394104,0.0165338362863257));
#5241=CARTESIAN_POINT('',(-0.0310350884494523,-0.028643093676409,0.0169960501566658));
#5242=CARTESIAN_POINT('',(-0.0309282560229076,-0.0285808670171003,0.017145067374894));
#5243=CARTESIAN_POINT('',(-0.0307162813681491,-0.0284535923261907,0.0174330539292407));
#5244=CARTESIAN_POINT('',(-0.0306111680095918,-0.0283885612672279,0.0175719908652744));
#5245=CARTESIAN_POINT('',(-0.0302989094458359,-0.0281899220275212,0.0179745971146495));
#5246=CARTESIAN_POINT('',(-0.030095177540331,-0.0280529932108978,0.0182237821343288));
#5247=CARTESIAN_POINT('',(-0.0297952632135341,-0.0278415032907735,0.0185750541254755));
#5248=CARTESIAN_POINT('',(-0.0296962564998898,-0.0277700139444836,0.0186883815676273));
#5249=CARTESIAN_POINT('',(-0.0294989667866742,-0.0276242876235722,0.0189094199829158));
#5250=CARTESIAN_POINT('',(-0.0294005778783555,-0.0275499843705472,0.0190172559124992));
#5251=CARTESIAN_POINT('',(-0.0292042638356175,-0.0273983905474019,0.0192279988810391));
#5252=CARTESIAN_POINT('',(-0.0291063231982515,-0.0273210856037964,0.0193309152520749));
#5253=CARTESIAN_POINT('',(-0.0289773110092864,-0.0272169140852441,0.0194637988719494));
#5254=CARTESIAN_POINT('',(-0.0289454292382215,-0.0271909781347612,0.019496416565548));
#5255=CARTESIAN_POINT('',(-0.0289136322902167,-0.0271649147508799,0.01952873383622));
#5256=CARTESIAN_POINT('',(-0.0333977687260599,-0.0301080445730325,0.0124140963064342));
#5257=CARTESIAN_POINT('',(-0.0333200677367268,-0.0301011313654386,0.0126136307510796));
#5258=CARTESIAN_POINT('',(-0.0332401510945444,-0.0300898234570206,0.0128101474353597));
#5259=CARTESIAN_POINT('',(-0.0330741837189146,-0.0300582620637408,0.0132015909467428));
#5260=CARTESIAN_POINT('',(-0.0329881242560158,-0.030038007655364,0.0133965461182952));
#5261=CARTESIAN_POINT('',(-0.0328092846429529,-0.029988515172423,0.0137856880104319));
#5262=CARTESIAN_POINT('',(-0.0327164113698874,-0.0299592493640984,0.0139800483359175));
#5263=CARTESIAN_POINT('',(-0.0325239082568313,-0.0298918562808602,0.0143677684475154));
#5264=CARTESIAN_POINT('',(-0.0324243877794317,-0.029853761544455,0.0145609241252518));
#5265=CARTESIAN_POINT('',(-0.0321176141177884,-0.0297269565635646,0.0151348540799641));
#5266=CARTESIAN_POINT('',(-0.031902113659547,-0.0296256737350444,0.0155100395739624));
#5267=CARTESIAN_POINT('',(-0.0314599931683999,-0.0293966773220489,0.0162307412789616));
#5268=CARTESIAN_POINT('',(-0.0312333598938785,-0.0292689180946266,0.0165760756594206));
#5269=CARTESIAN_POINT('',(-0.0308987233483357,-0.0290667530987292,0.0170575939575075));
#5270=CARTESIAN_POINT('',(-0.0307878850010821,-0.0289975248157412,0.0172123478440983));
#5271=CARTESIAN_POINT('',(-0.0305685981006839,-0.0288563217482654,0.017510412425132));
#5272=CARTESIAN_POINT('',(-0.030460185203874,-0.0287843686234566,0.0176536827753555));
#5273=CARTESIAN_POINT('',(-0.0301391394434184,-0.0285652702533641,0.0180673882400651));
#5274=CARTESIAN_POINT('',(-0.0299311099606728,-0.0284151822918918,0.0183213761034104));
#5275=CARTESIAN_POINT('',(-0.0296265898682447,-0.0281848123739688,0.0186773750364256));
#5276=CARTESIAN_POINT('',(-0.0295263537704767,-0.0281071748392955,0.018791867221729));
#5277=CARTESIAN_POINT('',(-0.0293269594906383,-0.0279492697292363,0.0190147720950796));
#5278=CARTESIAN_POINT('',(-0.0292276858956999,-0.0278689266476147,0.0191233219852194));
#5279=CARTESIAN_POINT('',(-0.0290297650224119,-0.0277052523135659,0.019335276078398));
#5280=CARTESIAN_POINT('',(-0.0289310970073615,-0.0276219022623794,0.0194386947836918));
#5281=CARTESIAN_POINT('',(-0.028801237381457,-0.0275097450813235,0.0195721055778261));
#5282=CARTESIAN_POINT('',(-0.0287691550979342,-0.0274818336926328,0.0196048426754278));
#5283=CARTESIAN_POINT('',(-0.0287371666438294,-0.0274537976795261,0.019637268951597));
#5284=CARTESIAN_POINT('',(-0.0333647545873937,-0.0303762441984621,0.0123303773979256));
#5285=CARTESIAN_POINT('',(-0.0332861724510403,-0.0303690250726398,0.0125344332568838));
#5286=CARTESIAN_POINT('',(-0.0332053066191224,-0.0303572084503477,0.0127353584672495));
#5287=CARTESIAN_POINT('',(-0.0330371661417464,-0.0303241805512578,0.0131357633085915));
#5288=CARTESIAN_POINT('',(-0.0329498821652117,-0.0303029681786954,0.0133352737337458));
#5289=CARTESIAN_POINT('',(-0.0327682570924248,-0.0302510892272188,0.0137337272310835));
#5290=CARTESIAN_POINT('',(-0.0326738145484106,-0.0302203943144394,0.0139328584477564));
#5291=CARTESIAN_POINT('',(-0.0324778235857693,-0.0301496548266832,0.0143302898601553));
#5292=CARTESIAN_POINT('',(-0.0323763943029802,-0.0301096434971681,0.0145283688517841));
#5293=CARTESIAN_POINT('',(-0.0320635275850981,-0.0299763427310735,0.0151169667489394));
#5294=CARTESIAN_POINT('',(-0.0318434701265939,-0.029869724357114,0.0155017943826799));
#5295=CARTESIAN_POINT('',(-0.0313923372982072,-0.0296286549459511,0.0162399135466612));
#5296=CARTESIAN_POINT('',(-0.0311612570101687,-0.0294941511795168,0.0165929952605944));
#5297=CARTESIAN_POINT('',(-0.0308208053696576,-0.029281660162017,0.0170840237288827));
#5298=CARTESIAN_POINT('',(-0.0307081630726946,-0.0292089501563177,0.0172416117733374));
#5299=CARTESIAN_POINT('',(-0.0304856057669926,-0.0290608105689634,0.0175446760701664));
#5300=CARTESIAN_POINT('',(-0.0303757296865539,-0.0289854051160022,0.0176901081717515));
#5301=CARTESIAN_POINT('',(-0.0300508251582699,-0.0287560904838992,0.0181093920592628));
#5302=CARTESIAN_POINT('',(-0.0298409669605576,-0.0285994158176596,0.0183658619807005));
#5303=CARTESIAN_POINT('',(-0.0295345706648075,-0.0283595719837806,0.0187244101441344));
#5304=CARTESIAN_POINT('',(-0.0294338531186753,-0.0282788450072987,0.0188395573888174));
#5305=CARTESIAN_POINT('',(-0.0292336638998559,-0.0281148117299154,0.0190635509144984));
#5306=CARTESIAN_POINT('',(-0.0291340724377001,-0.0280314252636988,0.019172540181497));
#5307=CARTESIAN_POINT('',(-0.0289355947384495,-0.0278616563163183,0.0193852653492733));
#5308=CARTESIAN_POINT('',(-0.0288366853734896,-0.027775252856362,0.0194890180934052));
#5309=CARTESIAN_POINT('',(-0.0287065618256052,-0.0276590571979959,0.0196228025597362));
#5310=CARTESIAN_POINT('',(-0.0286744186710609,-0.0276301463996698,0.019655626630417));
#5311=CARTESIAN_POINT('',(-0.0286423736560144,-0.0276011120055842,0.0196881346530256));
#5312=CARTESIAN_POINT('',(-0.0332191709640515,-0.0311747012316761,0.0120760321751207));
#5313=CARTESIAN_POINT('',(-0.033138303250294,-0.0311667950916619,0.0122931139733603));
#5314=CARTESIAN_POINT('',(-0.0330549696168019,-0.0311536856240063,0.0125067602014118));
#5315=CARTESIAN_POINT('',(-0.0328811518964252,-0.0311167645579621,0.0129330091532809));
#5316=CARTESIAN_POINT('',(-0.0327906568817295,-0.031092951641093,0.0131456493594747));
#5317=CARTESIAN_POINT('',(-0.0326016950674318,-0.0310344967884188,0.0135709212272579));
#5318=CARTESIAN_POINT('',(-0.032503103330181,-0.0309998251690692,0.0137837813940122));
#5319=CARTESIAN_POINT('',(-0.0322978638618561,-0.0309196983147831,0.0142091411067216));
#5320=CARTESIAN_POINT('',(-0.0321913628414458,-0.0308742779121795,0.0144213719944141));
#5321=CARTESIAN_POINT('',(-0.0318623009223815,-0.0307225389593847,0.0150521410992453));
#5322=CARTESIAN_POINT('',(-0.0316301233066641,-0.0306006500031303,0.0154647026922706));
#5323=CARTESIAN_POINT('',(-0.0311551547311826,-0.0303247784443717,0.0162530666050477));
#5324=CARTESIAN_POINT('',(-0.0309123838904784,-0.0301707200598268,0.0166285803045289));
#5325=CARTESIAN_POINT('',(-0.0305568260843066,-0.0299281671108783,0.0171473319825431));
#5326=CARTESIAN_POINT('',(-0.0304395302719174,-0.02984530109235,0.017313219289834));
#5327=CARTESIAN_POINT('',(-0.0302086106397306,-0.0296768941333282,0.0176310127994175));
#5328=CARTESIAN_POINT('',(-0.0300950348080687,-0.029591384727192,0.0177828642609417));
#5329=CARTESIAN_POINT('',(-0.0297605022879313,-0.0293321207355251,0.0182188776316));
#5330=CARTESIAN_POINT('',(-0.0295462830810639,-0.0291560709400879,0.0184830553222931));
#5331=CARTESIAN_POINT('',(-0.0292357173929177,-0.0288882520539265,0.0188498991375173));
#5332=CARTESIAN_POINT('',(-0.0291340037646648,-0.0287983834600275,0.0189672699174127));
#5333=CARTESIAN_POINT('',(-0.0289322849986055,-0.0286161828672005,0.0191950875220252));
#5334=CARTESIAN_POINT('',(-0.0288321484070545,-0.0285237569933072,0.0193056934178815));
#5335=CARTESIAN_POINT('',(-0.0286328017177202,-0.0283358573980334,0.0195213367205947));
#5336=CARTESIAN_POINT('',(-0.0285335621123076,-0.0282403564549416,0.0196263971957447));
#5337=CARTESIAN_POINT('',(-0.028403155832654,-0.0281121092751671,0.0197617116980629));
#5338=CARTESIAN_POINT('',(-0.0283709550869834,-0.0280802145100825,0.0197948982652795));
#5339=CARTESIAN_POINT('',(-0.0283388643646595,-0.0280481976886233,0.0198277532502158));
#5340=CARTESIAN_POINT('',(-0.0330595573236385,-0.031698538596747,0.0119022462145538));
#5341=CARTESIAN_POINT('',(-0.0329776422037409,-0.031690477290243,0.0121272862949822));
#5342=CARTESIAN_POINT('',(-0.0328931685753852,-0.031676811533387,0.012348732543806));
#5343=CARTESIAN_POINT('',(-0.0327166896230655,-0.0316379619750417,0.0127908067979014));
#5344=CARTESIAN_POINT('',(-0.0326246726207753,-0.0316127771389337,0.0130114758493819));
#5345=CARTESIAN_POINT('',(-0.032432185488741,-0.0315507125694638,0.0134531167631941));
#5346=CARTESIAN_POINT('',(-0.0323315766527427,-0.0315138027106705,0.0136743396483581));
#5347=CARTESIAN_POINT('',(-0.0321218017695635,-0.0314282854252967,0.0141166858533486));
#5348=CARTESIAN_POINT('',(-0.0320127985925288,-0.0313797133438375,0.0143375140428817));
#5349=CARTESIAN_POINT('',(-0.0316757406314949,-0.0312170855983856,0.0149939128445628));
#5350=CARTESIAN_POINT('',(-0.0314375707342928,-0.0310860063210098,0.0154233447599293));
#5351=CARTESIAN_POINT('',(-0.0309510251725318,-0.0307888504992657,0.0162424779257764));
#5352=CARTESIAN_POINT('',(-0.0307026864174794,-0.0306226805545497,0.0166318450766923));
#5353=CARTESIAN_POINT('',(-0.0303402125892774,-0.0303613402518278,0.0171679820064852));
#5354=CARTESIAN_POINT('',(-0.0302208372602988,-0.0302721004097345,0.0173391261451149));
#5355=CARTESIAN_POINT('',(-0.0299862968257062,-0.0300909274264795,0.0176663726643062));
#5356=CARTESIAN_POINT('',(-0.0298711847154284,-0.029999030735994,0.0178224143835231));
#5357=CARTESIAN_POINT('',(-0.0295328605195238,-0.0297207659960185,0.0182695732862363));
#5358=CARTESIAN_POINT('',(-0.0293172504255122,-0.0295323330599107,0.0185392447173643));
#5359=CARTESIAN_POINT('',(-0.0290058710362816,-0.0292464863440802,0.0189124975576872));
#5360=CARTESIAN_POINT('',(-0.0289040971174989,-0.0291507005223802,0.019031700867651));
#5361=CARTESIAN_POINT('',(-0.0287025103367474,-0.0289566935543829,0.0192628242835314));
#5362=CARTESIAN_POINT('',(-0.0286025602225456,-0.0288583697700032,0.0193749124740987));
#5363=CARTESIAN_POINT('',(-0.0284037128887953,-0.0286586014567352,0.019593321195372));
#5364=CARTESIAN_POINT('',(-0.028304782974546,-0.0285571259503532,0.0196996678723463));
#5365=CARTESIAN_POINT('',(-0.0281748728798545,-0.0284209381513243,0.0198365570810629));
#5366=CARTESIAN_POINT('',(-0.0281428018825257,-0.0283870751627247,0.0198701230724348));
#5367=CARTESIAN_POINT('',(-0.0281108474063785,-0.028353089044248,0.0199033473312493));
#5368=CARTESIAN_POINT('',(-0.0327212491273628,-0.0324258591140083,0.0116483567016417));
#5369=CARTESIAN_POINT('',(-0.032638759028347,-0.0324177283886007,0.0118835000939784));
#5370=CARTESIAN_POINT('',(-0.032553657390511,-0.0324034350834213,0.0121148875911117));
#5371=CARTESIAN_POINT('',(-0.0323755635870802,-0.032362344267588,0.0125770326245443));
#5372=CARTESIAN_POINT('',(-0.0322825584114435,-0.0323355474920255,0.0128078344155914));
#5373=CARTESIAN_POINT('',(-0.0320876536086941,-0.0322691766971962,0.0132700312419995));
#5374=CARTESIAN_POINT('',(-0.0319856018824818,-0.0322295689678111,0.0135017016702821));
#5375=CARTESIAN_POINT('',(-0.0317724967758959,-0.0321374939299681,0.0139651893711898));
#5376=CARTESIAN_POINT('',(-0.0316616219955344,-0.032085066136582,0.01419668287604));
#5377=CARTESIAN_POINT('',(-0.0313185621537724,-0.0319090842038709,0.0148848637002543));
#5378=CARTESIAN_POINT('',(-0.0310758667803547,-0.0317666994674627,0.0153351977976229));
#5379=CARTESIAN_POINT('',(-0.0305810053410309,-0.0314431599339071,0.0161929499384276));
#5380=CARTESIAN_POINT('',(-0.0303288980840218,-0.0312618886205988,0.0165999876915585));
#5381=CARTESIAN_POINT('',(-0.0299623196510005,-0.0309769119331618,0.0171589413445003));
#5382=CARTESIAN_POINT('',(-0.0298418207239997,-0.0308796194895954,0.0173371073965993));
#5383=CARTESIAN_POINT('',(-0.029605586118557,-0.0306822345464274,0.0176772506547753));
#5384=CARTESIAN_POINT('',(-0.0294899080934198,-0.030582184482271,0.0178391610657509));
#5385=CARTESIAN_POINT('',(-0.0291506997314823,-0.030279517270487,0.0183023828345664));
#5386=CARTESIAN_POINT('',(-0.0289356244312518,-0.0300749745061717,0.0185806696322015));
#5387=CARTESIAN_POINT('',(-0.0286262650517253,-0.0297653201320037,0.0189648255496812));
#5388=CARTESIAN_POINT('',(-0.0285253661750724,-0.0296616588986348,0.0190873278979813));
#5389=CARTESIAN_POINT('',(-0.0283257773430508,-0.0294518354387465,0.0193246352449762));
#5390=CARTESIAN_POINT('',(-0.0282269454326321,-0.0293455595535548,0.0194396184282367));
#5391=CARTESIAN_POINT('',(-0.02803046248529,-0.0291297080982757,0.019663558698048));
#5392=CARTESIAN_POINT('',(-0.0279327759099285,-0.029020097277128,0.0197725447622949));
#5393=CARTESIAN_POINT('',(-0.027804595330234,-0.0288730428168097,0.0199127596320319));
#5394=CARTESIAN_POINT('',(-0.0277729591567179,-0.0288364819393493,0.0199471351395018));
#5395=CARTESIAN_POINT('',(-0.0277414454836439,-0.0287997921259147,0.0199811550713239));
#5396=CARTESIAN_POINT('',(-0.0325921557855966,-0.0326585538064863,0.0115648772810669));
#5397=CARTESIAN_POINT('',(-0.0325096404241527,-0.032650427684016,0.0118030838773081));
#5398=CARTESIAN_POINT('',(-0.0324245102076696,-0.0326359603573078,0.0120374930973246));
#5399=CARTESIAN_POINT('',(-0.0322462744115302,-0.0325942320018238,0.0125057197137488));
#5400=CARTESIAN_POINT('',(-0.0321531553354107,-0.0325669725149647,0.0127395820805854));
#5401=CARTESIAN_POINT('',(-0.0319579218894638,-0.0324993513887367,0.0132079677846167));
#5402=CARTESIAN_POINT('',(-0.0318556521879952,-0.032458954381489,0.0134427730809402));
#5403=CARTESIAN_POINT('',(-0.031642013806144,-0.0323649481327842,0.0139125887785921));
#5404=CARTESIAN_POINT('',(-0.0315308275255101,-0.0323113803350373,0.0141472676989617));
#5405=CARTESIAN_POINT('',(-0.0311867611333669,-0.0321314426886376,0.0148449385720441));
#5406=CARTESIAN_POINT('',(-0.0309432967680487,-0.0319857014116033,0.0153015107842119));
#5407=CARTESIAN_POINT('',(-0.0304471616175277,-0.0316542867229706,0.0161708877328837));
#5408=CARTESIAN_POINT('',(-0.0301945563886802,-0.0314684896169154,0.01658330041616));
#5409=CARTESIAN_POINT('',(-0.0298276462988273,-0.0311763867461741,0.0171493184005187));
#5410=CARTESIAN_POINT('',(-0.029707102690433,-0.0310766597960442,0.0173296816170995));
#5411=CARTESIAN_POINT('',(-0.0294709208841298,-0.0308743571235419,0.0176739101314218));
#5412=CARTESIAN_POINT('',(-0.029355341421757,-0.0307718256034955,0.0178377070409093));
#5413=CARTESIAN_POINT('',(-0.0290166316720723,-0.0304617028464855,0.0183061721245398));
#5414=CARTESIAN_POINT('',(-0.0288021672972018,-0.0302521983743226,0.0185873908147521));
#5415=CARTESIAN_POINT('',(-0.0284940159090313,-0.0299351440928615,0.0189753915667176));
#5416=CARTESIAN_POINT('',(-0.0283935679526088,-0.0298290235856418,0.0190990836697092));
#5417=CARTESIAN_POINT('',(-0.0281949419178338,-0.0296142419341227,0.0193386531174489));
#5418=CARTESIAN_POINT('',(-0.0280966209773327,-0.029505463808548,0.0194547114471655));
#5419=CARTESIAN_POINT('',(-0.0279011924505476,-0.0292845367858398,0.0196807225401326));
#5420=CARTESIAN_POINT('',(-0.0278040486988474,-0.0291723514381426,0.0197907049288847));
#5421=CARTESIAN_POINT('',(-0.0276766070127348,-0.0290218482384627,0.0199321865250556));
#5422=CARTESIAN_POINT('',(-0.0276451553694468,-0.0289844303420314,0.0199668713321123));
#5423=CARTESIAN_POINT('',(-0.0276138275973446,-0.0289468808840713,0.0200011961789372));
#5424=CARTESIAN_POINT('',(-0.0323015141072794,-0.0330988010282691,0.0114019290346424));
#5425=CARTESIAN_POINT('',(-0.0322193279912894,-0.0330907157707631,0.0116455654509475));
#5426=CARTESIAN_POINT('',(-0.0321345575184002,-0.0330759554117765,0.0118853479329828));
#5427=CARTESIAN_POINT('',(-0.0319569379951239,-0.0330331536471757,0.0123643412023483));
#5428=CARTESIAN_POINT('',(-0.0318640741543967,-0.0330051157808457,0.0126035976079355));
#5429=CARTESIAN_POINT('',(-0.0316692491956245,-0.0329353756080046,0.0130828419289578));
#5430=CARTESIAN_POINT('',(-0.0315671297514092,-0.032893633694137,0.013323121498544));
#5431=CARTESIAN_POINT('',(-0.0313537110914863,-0.0327963201523357,0.0138039499376217));
#5432=CARTESIAN_POINT('',(-0.0312425978114551,-0.0327407949015693,0.0140441559453605));
#5433=CARTESIAN_POINT('',(-0.0308987248723661,-0.0325540651631036,0.0147582891655526));
#5434=CARTESIAN_POINT('',(-0.0306553530392904,-0.032402562920898,0.0152256768470413));
#5435=CARTESIAN_POINT('',(-0.0301599423132465,-0.0320575574483182,0.0161154587911351));
#5436=CARTESIAN_POINT('',(-0.0299079807972885,-0.0318639177500259,0.0165374459578885));
#5437=CARTESIAN_POINT('',(-0.0295426195746267,-0.031559365280934,0.017116344859951));
#5438=CARTESIAN_POINT('',(-0.0294226855558858,-0.0314553694231171,0.0173007685132307));
#5439=CARTESIAN_POINT('',(-0.0291879084041373,-0.0312444029443936,0.0176526601916528));
#5440=CARTESIAN_POINT('',(-0.0290731251033766,-0.0311374794513377,0.0178200575909375));
#5441=CARTESIAN_POINT('',(-0.0287370540661572,-0.0308140897807941,0.018298704275745));
#5442=CARTESIAN_POINT('',(-0.0285246876730307,-0.0305956574412286,0.018585872513039));
#5443=CARTESIAN_POINT('',(-0.0282200149534097,-0.0302651246742773,0.0189819470361686));
#5444=CARTESIAN_POINT('',(-0.0281207813487097,-0.0301544972943423,0.0191081889864746));
#5445=CARTESIAN_POINT('',(-0.0279246578871517,-0.0299305843077495,0.0193526677190215));
#5446=CARTESIAN_POINT('',(-0.0278276247663354,-0.0298171759485386,0.0194710898972841));
#5447=CARTESIAN_POINT('',(-0.0276348135100355,-0.0295868231101551,0.0197016853344768));
#5448=CARTESIAN_POINT('',(-0.0275389986288473,-0.029469840314603,0.0198138889197951));
#5449=CARTESIAN_POINT('',(-0.0274133395763416,-0.029312888192135,0.0199582157244667));
#5450=CARTESIAN_POINT('',(-0.0273823310743304,-0.0292738659221468,0.0199935970292383));
#5451=CARTESIAN_POINT('',(-0.0273514477844089,-0.0292347054021091,0.0200286101740381));
#5452=CARTESIAN_POINT('',(-0.0321399868435085,-0.0333063030410442,0.0113224775811205));
#5453=CARTESIAN_POINT('',(-0.0320581553458954,-0.0332982535909063,0.0115684800360629));
#5454=CARTESIAN_POINT('',(-0.0319737732883892,-0.0332833737657305,0.0118106134748054));
#5455=CARTESIAN_POINT('',(-0.0317969122551044,-0.03324013541207,0.0122942905602083));
#5456=CARTESIAN_POINT('',(-0.0317044176821443,-0.0332117816154185,0.0125358797565774));
#5457=CARTESIAN_POINT('',(-0.0315103301499596,-0.0331411723306604,0.0130197923931796));
#5458=CARTESIAN_POINT('',(-0.0314085791023517,-0.03309887464573,0.0132624106158763));
#5459=CARTESIAN_POINT('',(-0.0311959137944673,-0.0330001848407446,0.013747922230017));
#5460=CARTESIAN_POINT('',(-0.0310851852063113,-0.0329438421117257,0.0139904690926999));
#5461=CARTESIAN_POINT('',(-0.0307425128795578,-0.032754276189388,0.0147115720942214));
#5462=CARTESIAN_POINT('',(-0.0305000030264976,-0.0326003700386621,0.0151835353602776));
#5463=CARTESIAN_POINT('',(-0.0300065912832961,-0.0322496507005233,0.0160820941795978));
#5464=CARTESIAN_POINT('',(-0.0297557718419205,-0.0320526954570789,0.01650827936332));
#5465=CARTESIAN_POINT('',(-0.0293922915582314,-0.0317428217571331,0.0170929929590495));
#5466=CARTESIAN_POINT('',(-0.0292730119220884,-0.0316369922755885,0.0172792793177877));
#5467=CARTESIAN_POINT('',(-0.029039586786622,-0.031422281322952,0.0176347479047474));
#5468=CARTESIAN_POINT('',(-0.0289255011332882,-0.0313134481375806,0.0178038588638982));
#5469=CARTESIAN_POINT('',(-0.0285915702532707,-0.0309842495882596,0.0182874427210805));
#5470=CARTESIAN_POINT('',(-0.028380690832867,-0.030761852752974,0.0185776281148827));
#5471=CARTESIAN_POINT('',(-0.0280782885429979,-0.0304252438193098,0.0189779310500111));
#5472=CARTESIAN_POINT('',(-0.0279798182675211,-0.030312569630499,0.0191055329544939));
#5473=CARTESIAN_POINT('',(-0.0277852343487166,-0.0300844850718817,0.0193526586402273));
#5474=CARTESIAN_POINT('',(-0.0276889779471215,-0.0299689495020995,0.0194723694271763));
#5475=CARTESIAN_POINT('',(-0.027497729256899,-0.0297342479855993,0.0197054782289695));
#5476=CARTESIAN_POINT('',(-0.0274027002693057,-0.0296150430567327,0.0198189066230889));
#5477=CARTESIAN_POINT('',(-0.0272780847384711,-0.0294550917942049,0.0199648118453782));
#5478=CARTESIAN_POINT('',(-0.027247334792198,-0.0294153224279277,0.0200005803338955));
#5479=CARTESIAN_POINT('',(-0.0272167100269658,-0.0293754107484398,0.02003597684881));
#5480=CARTESIAN_POINT('',(-0.0317845803246321,-0.0336936969589558,0.0111683339663482));
#5481=CARTESIAN_POINT('',(-0.0317038807429271,-0.0336857602208911,0.0114183303659302));
#5482=CARTESIAN_POINT('',(-0.0316207452601947,-0.033670715753207,0.0116644555104928));
#5483=CARTESIAN_POINT('',(-0.0314463957774928,-0.0336268422515632,0.0121560249568854));
#5484=CARTESIAN_POINT('',(-0.0313551639047706,-0.0335980204832051,0.0124015138753631));
#5485=CARTESIAN_POINT('',(-0.0311637002228484,-0.0335260942584883,0.012893167638191));
#5486=CARTESIAN_POINT('',(-0.0310633154667389,-0.0334829421931019,0.0131396298779291));
#5487=CARTESIAN_POINT('',(-0.0308535369611586,-0.0333821127473181,0.0136327911056417));
#5488=CARTESIAN_POINT('',(-0.030744322897924,-0.0333244910564147,0.0138791405185675));
#5489=CARTESIAN_POINT('',(-0.0304064008167306,-0.0331304810786865,0.0146115682756805));
#5490=CARTESIAN_POINT('',(-0.0301673331862911,-0.032972803294924,0.0150909698608585));
#5491=CARTESIAN_POINT('',(-0.0296813322358884,-0.0326129886757895,0.0160041626158403));
#5492=CARTESIAN_POINT('',(-0.029434489319599,-0.0324107000694043,0.0164375458834645));
#5493=CARTESIAN_POINT('',(-0.0290770287497753,-0.0320921057976377,0.0170326152521638));
#5494=CARTESIAN_POINT('',(-0.0289597668496423,-0.0319832468445887,0.0172222857811713));
#5495=CARTESIAN_POINT('',(-0.0287303559900056,-0.0317622891005879,0.0175843858775893));
#5496=CARTESIAN_POINT('',(-0.0286182657968388,-0.0316502402288704,0.017756743753451));
#5497=CARTESIAN_POINT('',(-0.0282902501019202,-0.0313111597506166,0.0182498712596383));
#5498=CARTESIAN_POINT('',(-0.0280832033752665,-0.0310818814339754,0.0185461553100426));
#5499=CARTESIAN_POINT('',(-0.0277863703331045,-0.0307345122481199,0.0189552603196517));
#5500=CARTESIAN_POINT('',(-0.027689726417031,-0.0306181785057732,0.0190857384627284));
#5501=CARTESIAN_POINT('',(-0.0274987713920633,-0.0303825800682255,0.0193385141208202));
#5502=CARTESIAN_POINT('',(-0.0274043199718255,-0.0302631862193429,0.0194610007067322));
#5503=CARTESIAN_POINT('',(-0.0272166753854164,-0.0300205571294886,0.0196995489285205));
#5504=CARTESIAN_POINT('',(-0.0271234463011117,-0.0298972821430831,0.0198156404770894));
#5505=CARTESIAN_POINT('',(-0.0270012021625826,-0.029731811466467,0.0199649944053009));
#5506=CARTESIAN_POINT('',(-0.026971038294644,-0.0296906651073709,0.0200016102377008));
#5507=CARTESIAN_POINT('',(-0.0269409981111271,-0.0296493668997531,0.0200378470460819));
#5508=CARTESIAN_POINT('',(-0.0315904818342169,-0.0338738025572371,0.0110935542738239));
#5509=CARTESIAN_POINT('',(-0.0315105621063425,-0.0338659450236618,0.0113451801241175));
#5510=CARTESIAN_POINT('',(-0.0314282883168721,-0.0338508578122723,0.0115929477856452));
#5511=CARTESIAN_POINT('',(-0.0312556979425751,-0.0338067898500902,0.0120877296009041));
#5512=CARTESIAN_POINT('',(-0.0311653619845946,-0.0337778176953216,0.0123347875048549));
#5513=CARTESIAN_POINT('',(-0.0309757897455493,-0.033705446533718,0.0128295185616399));
#5514=CARTESIAN_POINT('',(-0.0308764055150673,-0.0336619971388739,0.0130774885957457));
#5515=CARTESIAN_POINT('',(-0.0306687663856302,-0.0335604065789375,0.0135736215816626));
#5516=CARTESIAN_POINT('',(-0.030560685341185,-0.0335023243368242,0.01382143557769));
#5517=CARTESIAN_POINT('',(-0.0302263223826353,-0.0333067080995189,0.0145582277600051));
#5518=CARTESIAN_POINT('',(-0.0299898411813629,-0.0331476620484393,0.0150404994622116));
#5519=CARTESIAN_POINT('',(-0.0295092635080677,-0.0327844610367357,0.0159595646303461));
#5520=CARTESIAN_POINT('',(-0.0292652603193991,-0.0325801501204094,0.0163959559426097));
#5521=CARTESIAN_POINT('',(-0.028911944987086,-0.0322581478160914,0.0169955767588168));
#5522=CARTESIAN_POINT('',(-0.0287960483695301,-0.0321480898108342,0.0171867719624412));
#5523=CARTESIAN_POINT('',(-0.0285693031744757,-0.0319246230320295,0.0175519323925742));
#5524=CARTESIAN_POINT('',(-0.0284585122669942,-0.0318112646567678,0.0177258261370802));
#5525=CARTESIAN_POINT('',(-0.0281342754041736,-0.0314681005143532,0.0182235666019143));
#5526=CARTESIAN_POINT('',(-0.0279295760950224,-0.0312358981316968,0.0185229349961863));
#5527=CARTESIAN_POINT('',(-0.0276360436366347,-0.0308838348410529,0.0189366164340779));
#5528=CARTESIAN_POINT('',(-0.0275404632080857,-0.0307658851120105,0.0190686115406674));
#5529=CARTESIAN_POINT('',(-0.0273515983371339,-0.0305269379645061,0.0193243912875833));
#5530=CARTESIAN_POINT('',(-0.0272581755292659,-0.0304058098789356,0.0194483654617292));
#5531=CARTESIAN_POINT('',(-0.0270725731858,-0.0301595955528757,0.019689840370884));
#5532=CARTESIAN_POINT('',(-0.0269803584697937,-0.0300344694662664,0.0198073705009855));
#5533=CARTESIAN_POINT('',(-0.0268594426738384,-0.0298664743240724,0.0199585949268949));
#5534=CARTESIAN_POINT('',(-0.0268296064452042,-0.0298246970318525,0.0199956709629343));
#5535=CARTESIAN_POINT('',(-0.0267998924353885,-0.0297827624207781,0.0200323647302876));
#5536=CARTESIAN_POINT('',(-0.0311717244436593,-0.034206128738669,0.010949029740027));
#5537=CARTESIAN_POINT('',(-0.0310937968385854,-0.0341985010449544,0.0112031787333346));
#5538=CARTESIAN_POINT('',(-0.0310137276873261,-0.0341834429002124,0.011453523116552));
#5539=CARTESIAN_POINT('',(-0.0308456630036451,-0.0341392900960442,0.0119532669518314));
#5540=CARTESIAN_POINT('',(-0.0307576443015332,-0.0341102064808974,0.0122027077141213));
#5541=CARTESIAN_POINT('',(-0.0305729998151541,-0.0340374149487466,0.0127020264725761));
#5542=CARTESIAN_POINT('',(-0.0304762411635218,-0.0339936519812387,0.0129521965859749));
#5543=CARTESIAN_POINT('',(-0.0302742456426706,-0.0338912035143726,0.0134525977266887));
#5544=CARTESIAN_POINT('',(-0.0301691650144042,-0.03383258235895,0.0137024854308003));
#5545=CARTESIAN_POINT('',(-0.0298442222250491,-0.033635051380644,0.014445471446135));
#5546=CARTESIAN_POINT('',(-0.0296145804224287,-0.0334743383937614,0.0149318357850247));
#5547=CARTESIAN_POINT('',(-0.0291481280469508,-0.0331067312828686,0.0158598465986008));
#5548=CARTESIAN_POINT('',(-0.0289114139367969,-0.032899673944359,0.0163011110520607));
#5549=CARTESIAN_POINT('',(-0.0285685209363903,-0.0325727547324123,0.0169086138651135));
#5550=CARTESIAN_POINT('',(-0.028456021559373,-0.0324609251464986,0.0171025301009838));
#5551=CARTESIAN_POINT('',(-0.0282358363818621,-0.0322336545274493,0.0174733040941359));
#5552=CARTESIAN_POINT('',(-0.0281282050488721,-0.0321182641561055,0.0176500915214108));
#5553=CARTESIAN_POINT('',(-0.0278130509173745,-0.0317686135047832,0.0181567188083022));
#5554=CARTESIAN_POINT('',(-0.0276138435674904,-0.0315315676375115,0.0184622942082177));
#5555=CARTESIAN_POINT('',(-0.0273278658358054,-0.0311714446260877,0.0188854163642467));
#5556=CARTESIAN_POINT('',(-0.0272346900151148,-0.0310506759031249,0.0190205796083822));
#5557=CARTESIAN_POINT('',(-0.0270505146302565,-0.0308058194857951,0.0192826760576364));
#5558=CARTESIAN_POINT('',(-0.0269593819238796,-0.0306815990445716,0.0194097986445842));
#5559=CARTESIAN_POINT('',(-0.0267783076356979,-0.0304289455774556,0.019657487516877));
#5560=CARTESIAN_POINT('',(-0.0266883329927364,-0.030300473078902,0.0197780816229232));
#5561=CARTESIAN_POINT('',(-0.026570337458402,-0.030127884630038,0.0199333027146234));
#5562=CARTESIAN_POINT('',(-0.0265412204496664,-0.0300849570123461,0.0199713631078575));
#5563=CARTESIAN_POINT('',(-0.0265122214130103,-0.0300418598274061,0.0200090352686867));
#5564=CARTESIAN_POINT('',(-0.0309471197589653,-0.0343583223692528,0.0108792988063874));
#5565=CARTESIAN_POINT('',(-0.0308704037919799,-0.0343508452738142,0.0111343414153624));
#5566=CARTESIAN_POINT('',(-0.0307916767417942,-0.0343358589511565,0.0113856198725425));
#5567=CARTESIAN_POINT('',(-0.0306263771115607,-0.0342918157523975,0.0118871131471052));
#5568=CARTESIAN_POINT('',(-0.0305397790720747,-0.0342627710369991,0.0121373677027072));
#5569=CARTESIAN_POINT('',(-0.0303581694657226,-0.0341900040279095,0.0126381967184549));
#5570=CARTESIAN_POINT('',(-0.0302630350962518,-0.0341462248032394,0.0128890590448161));
#5571=CARTESIAN_POINT('',(-0.0300645420599895,-0.0340436795566619,0.013390756408722));
#5572=CARTESIAN_POINT('',(-0.0299613278754157,-0.0339849800626249,0.013641253137635));
#5573=CARTESIAN_POINT('',(-0.0296422431812647,-0.0337871407183558,0.0143860681815764));
#5574=CARTESIAN_POINT('',(-0.0294168522674354,-0.0336261291977912,0.0148736546808228));
#5575=CARTESIAN_POINT('',(-0.0289590978372388,-0.0332575028800341,0.0158047376984233));
#5576=CARTESIAN_POINT('',(-0.0287268310826404,-0.0330497218007675,0.0162478665719722));
#5577=CARTESIAN_POINT('',(-0.0283902126297254,-0.0327212943684505,0.0168586988683323));
#5578=CARTESIAN_POINT('',(-0.0282797444312039,-0.0326088924866599,0.0170538110978829));
#5579=CARTESIAN_POINT('',(-0.0280634522150653,-0.0323803275282195,0.0174271376064899));
#5580=CARTESIAN_POINT('',(-0.0279576805604769,-0.0322642148973744,0.0176052824989899));
#5581=CARTESIAN_POINT('',(-0.0276478287493059,-0.0319121620707194,0.0181161826465481));
#5582=CARTESIAN_POINT('',(-0.0274517652409206,-0.0316731971772393,0.0184248801084249));
#5583=CARTESIAN_POINT('',(-0.027170040976032,-0.0313097090508352,0.0188528657502157));
#5584=CARTESIAN_POINT('',(-0.0270782061122128,-0.0311877374735964,0.0189896799154371));
#5585=CARTESIAN_POINT('',(-0.026896629798966,-0.03094032079803,0.0192550884894567));
#5586=CARTESIAN_POINT('',(-0.0268067584826493,-0.0308147423876083,0.0193838716644912));
#5587=CARTESIAN_POINT('',(-0.026628169833884,-0.0305592353281847,0.0196348473493356));
#5588=CARTESIAN_POINT('',(-0.0265394208206804,-0.0304292676811142,0.0197570666229562));
#5589=CARTESIAN_POINT('',(-0.026423017125277,-0.0302546106149448,0.0199144135888067));
#5590=CARTESIAN_POINT('',(-0.0263942916788321,-0.0302111636609493,0.0199529980633503));
#5591=CARTESIAN_POINT('',(-0.0263656814248149,-0.0301675403622845,0.0199911915869809));
#5592=CARTESIAN_POINT('',(-0.0302366344539567,-0.034771266590154,0.0106791887928989));
#5593=CARTESIAN_POINT('',(-0.0301641226581778,-0.0347643686711025,0.0109358399579268));
#5594=CARTESIAN_POINT('',(-0.0300900368749116,-0.0347498004379729,0.0111888818367666));
#5595=CARTESIAN_POINT('',(-0.0299343370175965,-0.0347065839869099,0.011693492354437));
#5596=CARTESIAN_POINT('',(-0.0298526901266797,-0.0346779505355005,0.0119450952413778));
#5597=CARTESIAN_POINT('',(-0.0296816838605221,-0.0346059761726063,0.0124481939798872));
#5598=CARTESIAN_POINT('',(-0.0295922372452647,-0.0345625752115154,0.0126999593696745));
#5599=CARTESIAN_POINT('',(-0.0294060180058174,-0.0344607481638331,0.0132031353508795));
#5600=CARTESIAN_POINT('',(-0.0293093483019256,-0.0344023922127233,0.0134542292292977));
#5601=CARTESIAN_POINT('',(-0.0290107887112149,-0.0342055786733525,0.0142008837046295));
#5602=CARTESIAN_POINT('',(-0.028800272021663,-0.0340452622903362,0.0146897621413451));
#5603=CARTESIAN_POINT('',(-0.0283727520378195,-0.0336770872924892,0.0156259788302185));
#5604=CARTESIAN_POINT('',(-0.0281558422213727,-0.0334690552427972,0.0160730036340337));
#5605=CARTESIAN_POINT('',(-0.0278407127084559,-0.033138907884872,0.01669195919561));
#5606=CARTESIAN_POINT('',(-0.0277371708913042,-0.0330257135214376,0.016890146267102));
#5607=CARTESIAN_POINT('',(-0.0275340947996284,-0.0327950547498251,0.0172703136187617));
#5608=CARTESIAN_POINT('',(-0.0274346054319905,-0.0326776390972144,0.0174522284248303));
#5609=CARTESIAN_POINT('',(-0.0271425791421358,-0.0323208487025411,0.0179753167191812));
#5610=CARTESIAN_POINT('',(-0.0269569612739344,-0.03207759553483,0.0182933367743574));
#5611=CARTESIAN_POINT('',(-0.0266892287772058,-0.031705947863356,0.0187361827502923));
#5612=CARTESIAN_POINT('',(-0.026601779021952,-0.031580968295794,0.0188780952616533));
#5613=CARTESIAN_POINT('',(-0.026428668897877,-0.0313270174054897,0.019153789845023));
#5614=CARTESIAN_POINT('',(-0.0263428900831582,-0.0311979125622391,0.0192877572304119));
#5615=CARTESIAN_POINT('',(-0.0261723478106073,-0.0309349118949817,0.0195490191097594));
#5616=CARTESIAN_POINT('',(-0.0260875575703822,-0.0308009793932403,0.0196763364107397));
#5617=CARTESIAN_POINT('',(-0.0259762828153658,-0.0306207849225612,0.0198403680833689));
#5618=CARTESIAN_POINT('',(-0.0259488179510682,-0.0305759437539511,0.019880601807394));
#5619=CARTESIAN_POINT('',(-0.0259214583302818,-0.0305309041465365,0.0199204372315002));
#5620=CARTESIAN_POINT('',(-0.0297139844795118,-0.0349877160248437,0.0105580805005777));
#5621=CARTESIAN_POINT('',(-0.029645041790778,-0.0349813789261268,0.0108143609029693));
#5622=CARTESIAN_POINT('',(-0.0295748793032076,-0.0349673674180073,0.01106718017382));
#5623=CARTESIAN_POINT('',(-0.0294273360698083,-0.034925380582312,0.0115710016691211));
#5624=CARTESIAN_POINT('',(-0.0293499168980241,-0.0348974206909915,0.0118220334531677));
#5625=CARTESIAN_POINT('',(-0.0291879949626896,-0.034826948334574,0.012323605559707));
#5626=CARTESIAN_POINT('',(-0.0291034360229552,-0.0347843773352439,0.0125743956742958));
#5627=CARTESIAN_POINT('',(-0.0289277751120491,-0.034684393684214,0.0130753191394417));
#5628=CARTESIAN_POINT('',(-0.0288367397414616,-0.0346270493783662,0.0133251590203698));
#5629=CARTESIAN_POINT('',(-0.0285558319491249,-0.0344335565474112,0.0140681421709048));
#5630=CARTESIAN_POINT('',(-0.0283580834458627,-0.0342758509609788,0.0145546965846884));
#5631=CARTESIAN_POINT('',(-0.0279562826684238,-0.0339127082132884,0.0154888631931005));
#5632=CARTESIAN_POINT('',(-0.027752315998926,-0.0337070955584922,0.0159362130030807));
#5633=CARTESIAN_POINT('',(-0.0274550876250905,-0.0333795754831536,0.0165580881858682));
#5634=CARTESIAN_POINT('',(-0.0273572800003808,-0.0332670959522525,0.0167576387321618));
#5635=CARTESIAN_POINT('',(-0.0271650747463827,-0.0330374462243663,0.0171412739882701));
#5636=CARTESIAN_POINT('',(-0.0270707155155488,-0.0329203222419387,0.0173252972605534));
#5637=CARTESIAN_POINT('',(-0.0267931416119416,-0.0325636887057603,0.0178556662282266));
#5638=CARTESIAN_POINT('',(-0.0266158438641518,-0.0323195468070198,0.0181798406616701));
#5639=CARTESIAN_POINT('',(-0.0263590851913812,-0.0319450547405709,0.0186329485352563));
#5640=CARTESIAN_POINT('',(-0.0262750428470434,-0.0318188748082926,0.0187784522930229));
#5641=CARTESIAN_POINT('',(-0.0261084704385391,-0.0315621045108734,0.0190614666555973));
#5642=CARTESIAN_POINT('',(-0.0260258316766218,-0.0314313824941069,0.0191991581345305));
#5643=CARTESIAN_POINT('',(-0.0258614406117698,-0.0311648166647156,0.019467841095289));
#5644=CARTESIAN_POINT('',(-0.0257796658074154,-0.0310289389269102,0.0195988517019021));
#5645=CARTESIAN_POINT('',(-0.0256722819756946,-0.030845949292399,0.0197677464616579));
#5646=CARTESIAN_POINT('',(-0.0256457721135976,-0.030800398324681,0.0198091816527535));
#5647=CARTESIAN_POINT('',(-0.0256193587046746,-0.0307546318435625,0.0198502147146638));
#5648=CARTESIAN_POINT('',(-0.028907486942041,-0.0352226181984531,0.0104008163407581));
#5649=CARTESIAN_POINT('',(-0.0288444525008418,-0.0352173692642948,0.0106547250004809));
#5650=CARTESIAN_POINT('',(-0.0287806310521825,-0.0352045947031799,0.0109054142904656));
#5651=CARTESIAN_POINT('',(-0.0286464671270319,-0.0351653724321275,0.0114044180667722));
#5652=CARTESIAN_POINT('',(-0.0285760820098277,-0.0351389389099706,0.011652754976942));
#5653=CARTESIAN_POINT('',(-0.028429295980885,-0.0350719627042127,0.0121482507086318));
#5654=CARTESIAN_POINT('',(-0.0283528793404807,-0.035031370418324,0.0123956199692426));
#5655=CARTESIAN_POINT('',(-0.0281947199797628,-0.0349358921600792,0.0128891266159567));
#5656=CARTESIAN_POINT('',(-0.0281129965104686,-0.0348810640834805,0.0131350168134616));
#5657=CARTESIAN_POINT('',(-0.0278612174749904,-0.0346959097606966,0.013866291763814));
#5658=CARTESIAN_POINT('',(-0.0276844863835489,-0.0345448429658667,0.01434523319929));
#5659=CARTESIAN_POINT('',(-0.0273247996285868,-0.0341953466467949,0.0152688566123128));
#5660=CARTESIAN_POINT('',(-0.0271419098133425,-0.0339967460724406,0.0157133627471413));
#5661=CARTESIAN_POINT('',(-0.0268737915477048,-0.0336781864631868,0.0163356534933762));
#5662=CARTESIAN_POINT('',(-0.0267853008072638,-0.0335684450952651,0.0165360931139854));
#5663=CARTESIAN_POINT('',(-0.0266107594995792,-0.0333435477879147,0.0169229691114783));
#5664=CARTESIAN_POINT('',(-0.0265247373997989,-0.0332284324673974,0.0171093526721415));
#5665=CARTESIAN_POINT('',(-0.0262706629980851,-0.0328765333472464,0.017648731906518));
#5666=CARTESIAN_POINT('',(-0.0261069162184574,-0.0326337406784009,0.0179815501353063));
#5667=CARTESIAN_POINT('',(-0.0258680603922562,-0.0322585067379732,0.0184498368567966));
#5668=CARTESIAN_POINT('',(-0.0257895821842871,-0.0321316178673971,0.0186007663527736));
#5669=CARTESIAN_POINT('',(-0.0256336881685361,-0.0318727067702788,0.0188949558625116));
#5670=CARTESIAN_POINT('',(-0.0255561792682505,-0.0317405587784116,0.019038386697607));
#5671=CARTESIAN_POINT('',(-0.0254018336873226,-0.0314706056385679,0.0193185522342715));
#5672=CARTESIAN_POINT('',(-0.025324981250342,-0.0313327725588696,0.019455298970377));
#5673=CARTESIAN_POINT('',(-0.0252239478084514,-0.031146833407437,0.0196317756358959));
#5674=CARTESIAN_POINT('',(-0.0251989965087891,-0.0311005230075111,0.0196750863324558));
#5675=CARTESIAN_POINT('',(-0.0251741272364696,-0.0310539688393664,0.0197179910541195));
#5676=CARTESIAN_POINT('',(-0.0286350065158901,-0.0352860826189294,0.0103524351953536));
#5677=CARTESIAN_POINT('',(-0.0285740311461285,-0.0352812362911576,0.0106052539124669));
#5678=CARTESIAN_POINT('',(-0.0285123958356498,-0.0352689390813171,0.0108549369567372));
#5679=CARTESIAN_POINT('',(-0.0283828757925319,-0.0352307880336264,0.0113517352491953));
#5680=CARTESIAN_POINT('',(-0.0283149477369586,-0.0352049476088272,0.0115988705269004));
#5681=CARTESIAN_POINT('',(-0.028173452141227,-0.0351393402102797,0.0120917157656088));
#5682=CARTESIAN_POINT('',(-0.0280998812510805,-0.0350995276682489,0.0123376214476363));
#5683=CARTESIAN_POINT('',(-0.0279478252932239,-0.0350058363068279,0.0128279887685209));
#5684=CARTESIAN_POINT('',(-0.0278693449740275,-0.0349520106675285,0.0130722205227384));
#5685=CARTESIAN_POINT('',(-0.0276277044472873,-0.0347701866862253,0.0137985671536701));
#5686=CARTESIAN_POINT('',(-0.0274582810709181,-0.0346217801935667,0.0142742873808892));
#5687=CARTESIAN_POINT('',(-0.0271132048887446,-0.0342778365801787,0.0151931573256633));
#5688=CARTESIAN_POINT('',(-0.0269376100476656,-0.0340821311613695,0.0156361616501759));
#5689=CARTESIAN_POINT('',(-0.0266795623687371,-0.0337673873834917,0.0162579309177839));
#5690=CARTESIAN_POINT('',(-0.0265942938171999,-0.0336588340847051,0.0164584742195175));
#5691=CARTESIAN_POINT('',(-0.0264258620773091,-0.033436056597639,0.0168461034707758));
#5692=CARTESIAN_POINT('',(-0.0263427240241202,-0.0333218708711586,0.0170331399107316));
#5693=CARTESIAN_POINT('',(-0.0260967812522132,-0.0329722949252188,0.0175752036504127));
#5694=CARTESIAN_POINT('',(-0.0259377278246556,-0.0327303967145158,0.0179108049227064));
#5695=CARTESIAN_POINT('',(-0.0257050779128456,-0.0323555001285481,0.0183841155944938));
#5696=CARTESIAN_POINT('',(-0.0256285294198202,-0.0322285560597191,0.0185368602089361));
#5697=CARTESIAN_POINT('',(-0.0254763393749359,-0.0319692778696243,0.01883480754944));
#5698=CARTESIAN_POINT('',(-0.0254006100912126,-0.0318368204543992,0.0189801771782128));
#5699=CARTESIAN_POINT('',(-0.0252497489377011,-0.0315660634976008,0.0192642290519949));
#5700=CARTESIAN_POINT('',(-0.0251746036107205,-0.031427738331005,0.0194029207058791));
#5701=CARTESIAN_POINT('',(-0.0250757724131857,-0.0312410222537584,0.0195819728190415));
#5702=CARTESIAN_POINT('',(-0.0250513615949681,-0.0311945093503456,0.0196259209698609));
#5703=CARTESIAN_POINT('',(-0.0250270277937661,-0.0311477428199159,0.0196694621823823));
#5704=CARTESIAN_POINT('',(-0.0280903188117726,-0.035385688420587,0.0102638682488611));
#5705=CARTESIAN_POINT('',(-0.0280335339895421,-0.0353817108079674,0.0105140085013672));
#5706=CARTESIAN_POINT('',(-0.0279762760977076,-0.0353704720819709,0.0107611791693331));
#5707=CARTESIAN_POINT('',(-0.0278561461003691,-0.0353347032998907,0.0112525604590507));
#5708=CARTESIAN_POINT('',(-0.0277932316446682,-0.0353101845419635,0.0114967864841038));
#5709=CARTESIAN_POINT('',(-0.0276625355445663,-0.0352476419561614,0.0119832880708333));
#5710=CARTESIAN_POINT('',(-0.0275947700887025,-0.0352095821920407,0.0122257272834503));
#5711=CARTESIAN_POINT('',(-0.0274551207426342,-0.0351199237889863,0.0127086968796576));
#5712=CARTESIAN_POINT('',(-0.0273832186713583,-0.0350683670755158,0.012949035072061));
#5713=CARTESIAN_POINT('',(-0.0271621272408997,-0.0348940963171604,0.0136637755113975));
#5714=CARTESIAN_POINT('',(-0.0270074979000616,-0.0347517399019923,0.0141318605826582));
#5715=CARTESIAN_POINT('',(-0.0266919518816618,-0.034420573398797,0.0150389778609193));
#5716=CARTESIAN_POINT('',(-0.0265310752428409,-0.03423160355952,0.0154779263429341));
#5717=CARTESIAN_POINT('',(-0.0262933787353036,-0.0339259250906688,0.0160973468949015));
#5718=CARTESIAN_POINT('',(-0.0262146269048417,-0.0338202284205972,0.0162977060121566));
#5719=CARTESIAN_POINT('',(-0.0260585687395672,-0.0336026320900389,0.0166861613171922));
#5720=CARTESIAN_POINT('',(-0.0259812811912195,-0.0334907661329124,0.0168742155662532));
#5721=CARTESIAN_POINT('',(-0.0257518635651373,-0.0331471627104629,0.017420938309458));
#5722=CARTESIAN_POINT('',(-0.0256023920794648,-0.0329078534039225,0.0177618476117998));
#5723=CARTESIAN_POINT('',(-0.0253824621998143,-0.0325346854676116,0.0182450430092195));
#5724=CARTESIAN_POINT('',(-0.0253098782584472,-0.0324079578877298,0.0184014003054768));
#5725=CARTESIAN_POINT('',(-0.0251653080638639,-0.0321485716383781,0.018706868058903));
#5726=CARTESIAN_POINT('',(-0.0250932447721054,-0.032015795549421,0.0188561364178762));
#5727=CARTESIAN_POINT('',(-0.0249495648971477,-0.0317440205413405,0.019148018771835));
#5728=CARTESIAN_POINT('',(-0.0248779393644499,-0.0316050011968564,0.0192906363907114));
#5729=CARTESIAN_POINT('',(-0.0247836519190431,-0.0314171062928821,0.019474897018996));
#5730=CARTESIAN_POINT('',(-0.024760356491941,-0.0313702805063527,0.0195201351209906));
#5731=CARTESIAN_POINT('',(-0.0247371279904025,-0.0313231806136022,0.019564965047368));
#5732=CARTESIAN_POINT('',(-0.0278181657492541,-0.0354218028492014,0.010223696355406));
#5733=CARTESIAN_POINT('',(-0.0277635117722359,-0.0354182913082522,0.0104722480092795));
#5734=CARTESIAN_POINT('',(-0.0277084443169897,-0.0354076337265569,0.0107179124158933));
#5735=CARTESIAN_POINT('',(-0.027593058954634,-0.0353731759735822,0.011206081974848));
#5736=CARTESIAN_POINT('',(-0.0275327003586737,-0.0353493857588856,0.0114486003001598));
#5737=CARTESIAN_POINT('',(-0.0274075118912282,-0.0352885391353401,0.0119314085774722));
#5738=CARTESIAN_POINT('',(-0.0273427053483285,-0.0352514523913154,0.0121718448272992));
#5739=CARTESIAN_POINT('',(-0.0272093574633334,-0.0351640400628695,0.0126505558512583));
#5740=CARTESIAN_POINT('',(-0.0271407895361835,-0.0351137498614139,0.0128886588249538));
#5741=CARTESIAN_POINT('',(-0.0269301057419217,-0.0349437020999861,0.0135967210129047));
#5742=CARTESIAN_POINT('',(-0.0267829606408483,-0.034804735594941,0.0140603917771661));
#5743=CARTESIAN_POINT('',(-0.0264823301380054,-0.0344807939960102,0.0149605088288982));
#5744=CARTESIAN_POINT('',(-0.026328874731939,-0.0342956649522055,0.0153969026022634));
#5745=CARTESIAN_POINT('',(-0.0261014562621794,-0.033995236615712,0.0160144948511866));
#5746=CARTESIAN_POINT('',(-0.0260259981844233,-0.0338912087377916,0.0162145657388902));
#5747=CARTESIAN_POINT('',(-0.0258762026343824,-0.0336766742095068,0.0166030931300882));
#5748=CARTESIAN_POINT('',(-0.0258018809338797,-0.0335661986607337,0.0167915119600624));
#5749=CARTESIAN_POINT('',(-0.0255808552449172,-0.0332262452569775,0.0173402081987428));
#5750=CARTESIAN_POINT('',(-0.0254362716487942,-0.0329886307888487,0.0176836418878126));
#5751=CARTESIAN_POINT('',(-0.0252228552107798,-0.0326168546487457,0.0181716972564747));
#5752=CARTESIAN_POINT('',(-0.0251523059426648,-0.032490398909013,0.0183298518631342));
#5753=CARTESIAN_POINT('',(-0.0250116513670496,-0.0322312719950128,0.018639081709968));
#5754=CARTESIAN_POINT('',(-0.0249414743516327,-0.0320984868054489,0.0187903097689829));
#5755=CARTESIAN_POINT('',(-0.0248014911548876,-0.0318264978755834,0.0190861358027807));
#5756=CARTESIAN_POINT('',(-0.0247316782314841,-0.0316872766033322,0.0192307342420329));
#5757=CARTESIAN_POINT('',(-0.0246397322137335,-0.0314989800222308,0.0194176276438537));
#5758=CARTESIAN_POINT('',(-0.0246170116779986,-0.0314520439121165,0.0194635181705185));
#5759=CARTESIAN_POINT('',(-0.024594352988187,-0.0314048230760145,0.0195090002481918));
#5760=CARTESIAN_POINT('',(-0.0272790787510123,-0.0354717887389885,0.0101505635776218));
#5761=CARTESIAN_POINT('',(-0.0272286701343976,-0.0354692487840398,0.0103955704080555));
#5762=CARTESIAN_POINT('',(-0.0271778744690189,-0.035459814703701,0.0106378481369319));
#5763=CARTESIAN_POINT('',(-0.0270718596267983,-0.035428130843306,0.0111188438395063));
#5764=CARTESIAN_POINT('',(-0.0270166060870545,-0.0354058881486551,0.0113575707936806));
#5765=CARTESIAN_POINT('',(-0.0269024198877351,-0.0353486536367742,0.011832215107995));
#5766=CARTESIAN_POINT('',(-0.0268435172410105,-0.0353136430817148,0.0120682422380633));
#5767=CARTESIAN_POINT('',(-0.0267226823265517,-0.0352310305940225,0.0125375908101341));
#5768=CARTESIAN_POINT('',(-0.0266607155159186,-0.0351834504994957,0.0127707833642401));
#5769=CARTESIAN_POINT('',(-0.0264706188308379,-0.0350224548608955,0.0134641289812337));
#5770=CARTESIAN_POINT('',(-0.0263382572080903,-0.0348907725958072,0.0139180099466397));
#5771=CARTESIAN_POINT('',(-0.0260670583747928,-0.0345824848577135,0.0148022239084216));
#5772=CARTESIAN_POINT('',(-0.0259282296017802,-0.0344057402882719,0.0152325651823066));
#5773=CARTESIAN_POINT('',(-0.0257211423098263,-0.0341169189409355,0.0158452826934839));
#5774=CARTESIAN_POINT('',(-0.0256522115472308,-0.0340166056135868,0.016044402776645));
#5775=CARTESIAN_POINT('',(-0.0255148584284748,-0.0338089435019212,0.0164324119792277));
#5776=CARTESIAN_POINT('',(-0.0254464464291941,-0.0337016203829582,0.016621272981887));
#5777=CARTESIAN_POINT('',(-0.0252421923147476,-0.0333700478997096,0.0171731945290692));
#5778=CARTESIAN_POINT('',(-0.0251074502495862,-0.0331364898249167,0.017521393632208));
#5779=CARTESIAN_POINT('',(-0.0249072273530749,-0.0327683813440652,0.0180189653927972));
#5780=CARTESIAN_POINT('',(-0.0248408141268848,-0.0326427444755162,0.0181806831082248));
#5781=CARTESIAN_POINT('',(-0.024708135889998,-0.0323846638080632,0.0184974139770409));
#5782=CARTESIAN_POINT('',(-0.0246418095510541,-0.0322521135413228,0.0186525686185866));
#5783=CARTESIAN_POINT('',(-0.0245093796588351,-0.0319801937392605,0.0189563122025244));
#5784=CARTESIAN_POINT('',(-0.0244432735423544,-0.0318408129697676,0.0191048947453066));
#5785=CARTESIAN_POINT('',(-0.0243561213807932,-0.0316520286023863,0.019297093587095));
#5786=CARTESIAN_POINT('',(-0.024334578340636,-0.0316049493275195,0.0193442996469553));
#5787=CARTESIAN_POINT('',(-0.0243130871939803,-0.0315575634037214,0.019391097435355));
#5788=CARTESIAN_POINT('',(-0.027012199030737,-0.0354856332475943,0.0101176166009256));
#5789=CARTESIAN_POINT('',(-0.0269639042984324,-0.0354835987698803,0.0103606671299171));
#5790=CARTESIAN_POINT('',(-0.0269151891424575,-0.0354748070583284,0.0106010643116463));
#5791=CARTESIAN_POINT('',(-0.0268137986566256,-0.0354445860482644,0.0110780976767324));
#5792=CARTESIAN_POINT('',(-0.0267610936348566,-0.0354231623041448,0.0113147408799565));
#5793=CARTESIAN_POINT('',(-0.0266524006412445,-0.0353678438983937,0.0117849143902702));
#5794=CARTESIAN_POINT('',(-0.0265964422066703,-0.0353339364982473,0.0120185352914073));
#5795=CARTESIAN_POINT('',(-0.0264818170538208,-0.0352538777897657,0.0124827798104373));
#5796=CARTESIAN_POINT('',(-0.0264231162618819,-0.0352077413136381,0.0127132970634806));
#5797=CARTESIAN_POINT('',(-0.0262431960984385,-0.0350515749163986,0.0133986039816914));
#5798=CARTESIAN_POINT('',(-0.0261181316335581,-0.0349237871159478,0.0138471090959434));
#5799=CARTESIAN_POINT('',(-0.0258614448788208,-0.0346239288341822,0.0147224191660396));
#5800=CARTESIAN_POINT('',(-0.0257298195107692,-0.0344517283151167,0.015149261972626));
#5801=CARTESIAN_POINT('',(-0.0255327828119389,-0.034169264479287,0.0157589319830712));
#5802=CARTESIAN_POINT('',(-0.0254670848323327,-0.0340709971429298,0.0159573891272927));
#5803=CARTESIAN_POINT('',(-0.025335910138039,-0.0338671461116598,0.0163448073412484));
#5804=CARTESIAN_POINT('',(-0.0252704413817306,-0.0337615852471901,0.0165337455867801));
#5805=CARTESIAN_POINT('',(-0.025074565325782,-0.03343474433517,0.0170869179442449));
#5806=CARTESIAN_POINT('',(-0.0249447762017671,-0.033203548207693,0.0174373574749102));
#5807=CARTESIAN_POINT('',(-0.0247512327289908,-0.0328377160908961,0.017939584852091));
#5808=CARTESIAN_POINT('',(-0.0246869207080107,-0.0327126264063306,0.0181030681129371));
#5809=CARTESIAN_POINT('',(-0.0245583029304183,-0.0324553329517054,0.018423537421579));
#5810=CARTESIAN_POINT('',(-0.0244939408925447,-0.0323230268581625,0.0185806587091326));
#5811=CARTESIAN_POINT('',(-0.0243653674537144,-0.0320513904182309,0.0188883757001514));
#5812=CARTESIAN_POINT('',(-0.0243011554598737,-0.0319120522424872,0.01903896129925));
#5813=CARTESIAN_POINT('',(-0.0242164556467298,-0.0317231819897396,0.0192338325135275));
#5814=CARTESIAN_POINT('',(-0.0241955151924795,-0.03167606992975,0.0192817016096675));
#5815=CARTESIAN_POINT('',(-0.0241746217604337,-0.0316286399182915,0.0193291628857954));
#5816=CARTESIAN_POINT('',(-0.0264842468043569,-0.0354997523543835,0.0100564050801149));
#5817=CARTESIAN_POINT('',(-0.0264401131360276,-0.0354987376087688,0.0102953395947398));
#5818=CARTESIAN_POINT('',(-0.0263953882431808,-0.0354912326249687,0.0105317645518991));
#5819=CARTESIAN_POINT('',(-0.0263030005211642,-0.0354639731862227,0.0110004477874149));
#5820=CARTESIAN_POINT('',(-0.026255320581292,-0.035444221683802,0.0112327094003189));
#5821=CARTESIAN_POINT('',(-0.0261574551344682,-0.0353928226890144,0.011693492012224));
#5822=CARTESIAN_POINT('',(-0.0261072895085404,-0.0353611729664462,0.0119220645246533));
#5823=CARTESIAN_POINT('',(-0.0260048096427971,-0.0352863371771966,0.0123755936772585));
#5824=CARTESIAN_POINT('',(-0.0259524724141657,-0.0352431536697803,0.0126004898488811));
#5825=CARTESIAN_POINT('',(-0.0257923568572766,-0.0350968845049952,0.0132688487859255));
#5826=CARTESIAN_POINT('',(-0.0256814662928306,-0.0349771009030629,0.0137059412615296));
#5827=CARTESIAN_POINT('',(-0.0254529541002227,-0.0346946903945087,0.0145620275925156));
#5828=CARTESIAN_POINT('',(-0.0253353058459282,-0.0345319545243931,0.0149811146933328));
#5829=CARTESIAN_POINT('',(-0.0251578815817369,-0.0342628620141479,0.0155836666959239));
#5830=CARTESIAN_POINT('',(-0.025098509632084,-0.0341689193412466,0.0157804758585269));
#5831=CARTESIAN_POINT('',(-0.0249794677743041,-0.0339731688057902,0.0161661352301229));
#5832=CARTESIAN_POINT('',(-0.0249198018243269,-0.0338713781687385,0.0163549742401973));
#5833=CARTESIAN_POINT('',(-0.0247405067773366,-0.0335547331731475,0.0169100074460723));
#5834=CARTESIAN_POINT('',(-0.024620610211834,-0.0333287379993692,0.0172646746753598));
#5835=CARTESIAN_POINT('',(-0.0244404991850486,-0.0329681022481953,0.0177760465585746));
#5836=CARTESIAN_POINT('',(-0.0243804295318851,-0.0328443091825559,0.017943040211932));
#5837=CARTESIAN_POINT('',(-0.0242600295976998,-0.0325889778626487,0.0182709838549417));
#5838=CARTESIAN_POINT('',(-0.0241996527521383,-0.0324573459794681,0.0184320554706352));
#5839=CARTESIAN_POINT('',(-0.0240789121923633,-0.0321866390017311,0.0187477688760446));
#5840=CARTESIAN_POINT('',(-0.0240185515273438,-0.0320475632649514,0.0189023925958413));
#5841=CARTESIAN_POINT('',(-0.0239388450826171,-0.0318587482025051,0.0191026610718833));
#5842=CARTESIAN_POINT('',(-0.0239191321610178,-0.0318116261356889,0.0191518700475853));
#5843=CARTESIAN_POINT('',(-0.0238994569010574,-0.0317641628454,0.0192006728301702));
#5844=CARTESIAN_POINT('',(-0.0262232285137002,-0.0355,0.0100281544436331));
#5845=CARTESIAN_POINT('',(-0.0261811413941548,-0.0354994994721545,0.0102649291686988));
#5846=CARTESIAN_POINT('',(-0.026138325411157,-0.0354926388590509,0.0104992623176734));
#5847=CARTESIAN_POINT('',(-0.0260503145678035,-0.0354668781281487,0.0109635575492364));
#5848=CARTESIAN_POINT('',(-0.0260051105133521,-0.0354479798906117,0.0111935212432166));
#5849=CARTESIAN_POINT('',(-0.0259125779778469,-0.0353985841573796,0.0116493836102939));
#5850=CARTESIAN_POINT('',(-0.0258652601773546,-0.0353680889435204,0.0118753138909841));
#5851=CARTESIAN_POINT('',(-0.0257687140892543,-0.0352959223073577,0.0123232315568046));
#5852=CARTESIAN_POINT('',(-0.0257194734515394,-0.0352542481737388,0.0125451818478881));
#5853=CARTESIAN_POINT('',(-0.0255689830282205,-0.035113047115508,0.0132046311233379));
#5854=CARTESIAN_POINT('',(-0.0254649671256478,-0.0349973733822604,0.01363568645215));
#5855=CARTESIAN_POINT('',(-0.0252501133411807,-0.0347239816903453,0.0144814519074471));
#5856=CARTESIAN_POINT('',(-0.025139236800344,-0.0345661667902888,0.0148962810933258));
#5857=CARTESIAN_POINT('',(-0.0249713718307638,-0.0343040887488285,0.0154947615227645));
#5858=CARTESIAN_POINT('',(-0.0249150923486092,-0.0342124249809628,0.0156905852787398));
#5859=CARTESIAN_POINT('',(-0.0248020035112919,-0.0340209643269739,0.016075076082754));
#5860=CARTESIAN_POINT('',(-0.024745196514269,-0.0339211818958837,0.0162637382655991));
#5861=CARTESIAN_POINT('',(-0.0245741028388407,-0.0336100019149076,0.0168193805068582));
#5862=CARTESIAN_POINT('',(-0.0244591451904382,-0.0333868461399036,0.0171760344074269));
#5863=CARTESIAN_POINT('',(-0.0242857865097766,-0.033029130891309,0.0176918943759908));
#5864=CARTESIAN_POINT('',(-0.0242278578557571,-0.0329060874135611,0.0178606326234939));
#5865=CARTESIAN_POINT('',(-0.0241116150452186,-0.0326519313171763,0.0181923116722965));
#5866=CARTESIAN_POINT('',(-0.0240532589918379,-0.0325207296209275,0.0183553667336407));
#5867=CARTESIAN_POINT('',(-0.0239364946848046,-0.0322506690557972,0.0186751026831399));
#5868=CARTESIAN_POINT('',(-0.0238780911509779,-0.0321118133274561,0.0188317612404805));
#5869=CARTESIAN_POINT('',(-0.0238009256461351,-0.031923139564464,0.0190347543118555));
#5870=CARTESIAN_POINT('',(-0.0237818376529763,-0.0318760403319884,0.0190846400585941));
#5871=CARTESIAN_POINT('',(-0.0237627828336722,-0.0318285879072138,0.0191341207882056));
#5872=CARTESIAN_POINT('',(-0.0259624156964764,-0.0355,0.01));
#5873=CARTESIAN_POINT('',(-0.025922345229326,-0.0355,0.0102346131173751));
#5874=CARTESIAN_POINT('',(-0.0258813608768926,-0.0354937466384032,0.0104668510142924));
#5875=CARTESIAN_POINT('',(-0.0257976101858176,-0.035469430776367,0.0109267458128379));
#5876=CARTESIAN_POINT('',(-0.0257548439964248,-0.0354513697946258,0.0111544026121931));
#5877=CARTESIAN_POINT('',(-0.025667556332118,-0.0354039420886169,0.011605317738366));
#5878=CARTESIAN_POINT('',(-0.0256230323610038,-0.0353745800663726,0.0118285881056355));
#5879=CARTESIAN_POINT('',(-0.0255322697446313,-0.0353050234735831,0.0122708444197433));
#5880=CARTESIAN_POINT('',(-0.025486034023629,-0.0352648233606201,0.0124898162497039));
#5881=CARTESIAN_POINT('',(-0.0253448686332233,-0.0351285838781687,0.0131402210022232));
#5882=CARTESIAN_POINT('',(-0.0252474947844821,-0.0350169490024228,0.0135650985767686));
#5883=CARTESIAN_POINT('',(-0.0250458396985464,-0.0347524816925951,0.014400165737065));
#5884=CARTESIAN_POINT('',(-0.0249415081326403,-0.0345995653217091,0.0148104975106043));
#5885=CARTESIAN_POINT('',(-0.0247829498794352,-0.0343445331187587,0.0154045621660543));
#5886=CARTESIAN_POINT('',(-0.024729691709736,-0.0342551685853862,0.0155992885638192));
#5887=CARTESIAN_POINT('',(-0.0246224421663857,-0.0340680558645139,0.0159824095248671));
#5888=CARTESIAN_POINT('',(-0.0245684519564995,-0.0339703195924687,0.0161708060411441));
#5889=CARTESIAN_POINT('',(-0.0244054700667434,-0.0336647355087041,0.0167268387208409));
#5890=CARTESIAN_POINT('',(-0.0242954408448337,-0.0334445287543721,0.0170854045658594));
#5891=CARTESIAN_POINT('',(-0.0241288591643985,-0.0330898928195757,0.0176057383288014));
#5892=CARTESIAN_POINT('',(-0.0240730864153132,-0.0329676506683223,0.0177762324076679));
#5893=CARTESIAN_POINT('',(-0.0239610383257355,-0.0327147685341535,0.0181116874985148));
#5894=CARTESIAN_POINT('',(-0.0239047256294429,-0.0325840439747191,0.018276754904669));
#5895=CARTESIAN_POINT('',(-0.0237919864171469,-0.0323147185752103,0.0186005783641768));
#5896=CARTESIAN_POINT('',(-0.0237355661692948,-0.0321761247446651,0.0187593075442745));
#5897=CARTESIAN_POINT('',(-0.0236609789438413,-0.031987643526366,0.0189650773658743));
#5898=CARTESIAN_POINT('',(-0.0236425253397825,-0.0319405794709932,0.0190156531733841));
#5899=CARTESIAN_POINT('',(-0.0236241006268811,-0.031893149888818,0.0190658254759255));
#5900=CARTESIAN_POINT('',(-0.0333018498474787,-0.0275,0.0131831912200027));
#5901=CARTESIAN_POINT('',(-0.0333649069668077,-0.028009251790069,0.0130378014073647));
#5902=CARTESIAN_POINT('',(-0.0334812795740261,-0.0290308914916452,0.0127450329120499));
#5903=CARTESIAN_POINT('',(-0.0333792452331159,-0.0306499354274934,0.0122501453365537));
#5904=CARTESIAN_POINT('',(-0.0328990997711883,-0.0322237460555819,0.0117279596836791));
#5905=CARTESIAN_POINT('',(-0.0320284668388591,-0.0335555939997061,0.0112359351644045));
#5906=CARTESIAN_POINT('',(-0.030760734377797,-0.0345538779455936,0.010800734301109));
#5907=CARTESIAN_POINT('',(-0.0291903435937272,-0.0352047168752386,0.010436700442507));
#5908=CARTESIAN_POINT('',(-0.0275358079744818,-0.0354931593969517,0.0101718902930506));
#5909=CARTESIAN_POINT('',(-0.0264840413309239,-0.0355,0.0100563088872663));
#5910=CARTESIAN_POINT('',(-0.0259624156964764,-0.0355,0.01));
#5911=CARTESIAN_POINT('',(-0.0259624156964764,-0.0355,0.01));
#5912=CARTESIAN_POINT('',(-0.0260050433532787,-0.0355,0.00990171407920794));
#5913=CARTESIAN_POINT('',(-0.0260464140553888,-0.0355,0.00980288300199336));
#5914=CARTESIAN_POINT('',(-0.0261266144117673,-0.0355,0.00960419515753059));
#5915=CARTESIAN_POINT('',(-0.0261654440015702,-0.0355,0.00950433836494383));
#5916=CARTESIAN_POINT('',(-0.026240537057776,-0.0355,0.0093036645233817));
#5917=CARTESIAN_POINT('',(-0.02627680041984,-0.0355,0.00920284743605565));
#5918=CARTESIAN_POINT('',(-0.026346736656155,-0.0355,0.00900031870487758));
#5919=CARTESIAN_POINT('',(-0.0263804097482931,-0.0355,0.00889860714134668));
#5920=CARTESIAN_POINT('',(-0.0264451439036683,-0.0355,0.00869435619817644));
#5921=CARTESIAN_POINT('',(-0.0264762048887138,-0.0355,0.0085918167963489));
#5922=CARTESIAN_POINT('',(-0.0265951815210918,-0.0355,0.00818013691606614));
#5923=CARTESIAN_POINT('',(-0.0267241545987885,-0.0355,0.00765982987335717));
#5924=CARTESIAN_POINT('',(-0.0268195739508122,-0.0355,0.0071325595885455));
#5925=CARTESIAN_POINT('',(-0.0268687024695536,-0.0355,0.00681494100974841));
#5926=CARTESIAN_POINT('',(-0.0268837246348378,-0.0355,0.00670885872812337));
#5927=CARTESIAN_POINT('',(-0.0269110503626172,-0.0355,0.0064963445941407));
#5928=CARTESIAN_POINT('',(-0.0269233542428806,-0.0355,0.00638991278319844));
#5929=CARTESIAN_POINT('',(-0.0269452366263068,-0.0355,0.006176769360885));
#5930=CARTESIAN_POINT('',(-0.0269548150830177,-0.0355,0.00607005774530472));
#5931=CARTESIAN_POINT('',(-0.0269712394185246,-0.0355,0.0058564244201292));
#5932=CARTESIAN_POINT('',(-0.0269780854710125,-0.0355,0.0057495027268547));
#5933=CARTESIAN_POINT('',(-0.0269890409152761,-0.0355,0.00553551923272727));
#5934=CARTESIAN_POINT('',(-0.0269931503816038,-0.0355,0.00542845743509681));
#5935=CARTESIAN_POINT('',(-0.0269986298945642,-0.0355,0.00521426375698169));
#5936=CARTESIAN_POINT('',(-0.027,-0.0355,0.00510713187831079));
#5937=CARTESIAN_POINT('',(-0.027,-0.0355,0.005));
#5938=CARTESIAN_POINT('',(-0.0262232285137002,-0.0355,0.0100281544436331));
#5939=CARTESIAN_POINT('',(-0.0262660962106523,-0.0355,0.00992764495409268));
#5940=CARTESIAN_POINT('',(-0.0263074194613201,-0.0355,0.0098265723543345));
#5941=CARTESIAN_POINT('',(-0.0263875302907253,-0.0355,0.00962387765162668));
#5942=CARTESIAN_POINT('',(-0.0264263420626529,-0.0355,0.0095222653337997));
#5943=CARTESIAN_POINT('',(-0.0265012089731299,-0.0355,0.00931875478827279));
#5944=CARTESIAN_POINT('',(-0.0265372467749587,-0.0355,0.0092168665419972));
#5945=CARTESIAN_POINT('',(-0.0266063603690383,-0.0355,0.00901298906949094));
#5946=CARTESIAN_POINT('',(-0.0266394673785602,-0.0355,0.0089109784825369));
#5947=CARTESIAN_POINT('',(-0.0267029232925217,-0.0355,0.00870676496706245));
#5948=CARTESIAN_POINT('',(-0.0267332738057987,-0.0355,0.00860456407467509));
#5949=CARTESIAN_POINT('',(-0.0268494281091095,-0.0355,0.00819526021646643));
#5950=CARTESIAN_POINT('',(-0.026974845396249,-0.0355,0.00768163214325042));
#5951=CARTESIAN_POINT('',(-0.0270688377734303,-0.0355,0.00715807745960236));
#5952=CARTESIAN_POINT('',(-0.0271175554158551,-0.0355,0.00684095123256755));
#5953=CARTESIAN_POINT('',(-0.0271325166166116,-0.0355,0.00673473550279848));
#5954=CARTESIAN_POINT('',(-0.0271598490362696,-0.0355,0.006521244822337));
#5955=CARTESIAN_POINT('',(-0.0271722170206465,-0.0355,0.00641398604087754));
#5956=CARTESIAN_POINT('',(-0.0271942902381653,-0.0355,0.00619855804175561));
#5957=CARTESIAN_POINT('',(-0.0272039953597866,-0.0355,0.0060903836875539));
#5958=CARTESIAN_POINT('',(-0.0272206770533059,-0.0355,0.0058732641036285));
#5959=CARTESIAN_POINT('',(-0.02722765374082,-0.0355,0.00576434045063353));
#5960=CARTESIAN_POINT('',(-0.0272388215515395,-0.0355,0.00554619640200662));
#5961=CARTESIAN_POINT('',(-0.0272430147808565,-0.0355,0.00543696995794492));
#5962=CARTESIAN_POINT('',(-0.0272486037116578,-0.0355,0.00521850793952342));
#5963=CARTESIAN_POINT('',(-0.0272500000000001,-0.0355,0.00510926326115092));
#5964=CARTESIAN_POINT('',(-0.02725,-0.0355,0.005));
#5965=CARTESIAN_POINT('',(-0.0264842468043569,-0.0354997523543835,0.0100564050801149));
#5966=CARTESIAN_POINT('',(-0.0265273553602066,-0.0354997523537062,0.00995367027011323));
#5967=CARTESIAN_POINT('',(-0.0265686756930901,-0.0354997742316429,0.00985035148757762));
#5968=CARTESIAN_POINT('',(-0.0266487451775496,-0.0354997976735828,0.0096436427287669));
#5969=CARTESIAN_POINT('',(-0.0266875378687774,-0.0354997967842412,0.00954027263610385));
#5970=CARTESIAN_POINT('',(-0.0267621640656932,-0.0354997891275012,0.00933392173278125));
#5971=CARTESIAN_POINT('',(-0.0267979652398994,-0.035499783480983,0.0092309608121272));
#5972=CARTESIAN_POINT('',(-0.0268662541026864,-0.0354997823511963,0.00902573084506606));
#5973=CARTESIAN_POINT('',(-0.0268988002342805,-0.0354997849766457,0.00892341917813201));
#5974=CARTESIAN_POINT('',(-0.0269609906908809,-0.035499791494955,0.00871923908441977));
#5975=CARTESIAN_POINT('',(-0.0269906381124815,-0.0354997952879356,0.00861737476284969));
#5976=CARTESIAN_POINT('',(-0.0271039859023826,-0.0354998036670412,0.00821044022393366));
#5977=CARTESIAN_POINT('',(-0.0272258277322313,-0.0354997946606147,0.00770348604041788));
#5978=CARTESIAN_POINT('',(-0.0273183951448885,-0.0354997955311419,0.00718363968670433));
#5979=CARTESIAN_POINT('',(-0.0273667036002678,-0.0354997961788998,0.00686700076869032));
#5980=CARTESIAN_POINT('',(-0.0273816044438072,-0.0354997963975083,0.00676064979540117));
#5981=CARTESIAN_POINT('',(-0.027408944325889,-0.0354997965934567,0.00654617873100539));
#5982=CARTESIAN_POINT('',(-0.0274213766502006,-0.0354997966072322,0.0064380909392058));
#5983=CARTESIAN_POINT('',(-0.0274436410679001,-0.0354997965840939,0.00622037404622508));
#5984=CARTESIAN_POINT('',(-0.0274534729897253,-0.0354997965498613,0.00611073467391403));
#5985=CARTESIAN_POINT('',(-0.0274704123770198,-0.0354997965363505,0.00589012404981679));
#5986=CARTESIAN_POINT('',(-0.0274775198788603,-0.0354997965458763,0.00577919594465178));
#5987=CARTESIAN_POINT('',(-0.0274889003233798,-0.0354997965506073,0.00555688629642705));
#5988=CARTESIAN_POINT('',(-0.0274931774106898,-0.0354997965489105,0.00544549265065315));
#5989=CARTESIAN_POINT('',(-0.0274988758889302,-0.0354997965485693,0.00522275720304357));
#5990=CARTESIAN_POINT('',(-0.0275002983940974,-0.0354997965494792,0.00511139718795929));
#5991=CARTESIAN_POINT('',(-0.0275002983940972,-0.0354997965494792,0.005));
#5992=CARTESIAN_POINT('',(-0.027012199030737,-0.0354856332475943,0.0101176166009256));
#5993=CARTESIAN_POINT('',(-0.027055829458679,-0.0354856332451049,0.0100103807158362));
#5994=CARTESIAN_POINT('',(-0.0270972828481656,-0.0354857136154771,0.0099025222892297));
#5995=CARTESIAN_POINT('',(-0.0271774566073645,-0.0354858002812123,0.00968767322860602));
#5996=CARTESIAN_POINT('',(-0.0272162481530951,-0.0354857975755208,0.00958072197112787));
#5997=CARTESIAN_POINT('',(-0.0272904416493336,-0.035485771302138,0.00936854007513592));
#5998=CARTESIAN_POINT('',(-0.0273257864092586,-0.035485751870387,0.00926334913679543));
#5999=CARTESIAN_POINT('',(-0.0273925065410131,-0.0354857511302712,0.00905522648577875));
#6000=CARTESIAN_POINT('',(-0.0274239861260059,-0.0354857628358907,0.00895220974753608));
#6001=CARTESIAN_POINT('',(-0.0274837610541481,-0.035485791251833,0.00874787439627062));
#6002=CARTESIAN_POINT('',(-0.0275120620079511,-0.0354858075930582,0.00864656395385982));
#6003=CARTESIAN_POINT('',(-0.027620000283447,-0.0354858479959418,0.00824386280052564));
#6004=CARTESIAN_POINT('',(-0.027734840714676,-0.0354858270378456,0.00774952343329817));
#6005=CARTESIAN_POINT('',(-0.0278246874855453,-0.0354858340502486,0.00723643163580095));
#6006=CARTESIAN_POINT('',(-0.0278722391769585,-0.0354858377158981,0.00692041221915006));
#6007=CARTESIAN_POINT('',(-0.0278870370545848,-0.0354858387828215,0.00681367960718404));
#6008=CARTESIAN_POINT('',(-0.0279144208256644,-0.0354858398502577,0.00659704272833799));
#6009=CARTESIAN_POINT('',(-0.0279269933011044,-0.0354858399800928,0.00648720262823856));
#6010=CARTESIAN_POINT('',(-0.0279496586398361,-0.0354858399687283,0.00626473473241032));
#6011=CARTESIAN_POINT('',(-0.0279597512187459,-0.0354858398390532,0.00615208652325378));
#6012=CARTESIAN_POINT('',(-0.0279772172521861,-0.0354858397935392,0.00592434989545952));
#6013=CARTESIAN_POINT('',(-0.0279845905614936,-0.0354858398298497,0.00580934723009117));
#6014=CARTESIAN_POINT('',(-0.0279964028383947,-0.0354858398481026,0.00557857880261501));
#6015=CARTESIAN_POINT('',(-0.0280008499899824,-0.0354858398415561,0.00546278897951784));
#6016=CARTESIAN_POINT('',(-0.0280067707574931,-0.0354858398402398,0.00523138153904606));
#6017=CARTESIAN_POINT('',(-0.028008246527778,-0.03548583984375,0.00511572771570252));
#6018=CARTESIAN_POINT('',(-0.0280082465277778,-0.03548583984375,0.005));
#6019=CARTESIAN_POINT('',(-0.0272790787510123,-0.0354717887389885,0.0101505635776218));
#6020=CARTESIAN_POINT('',(-0.0273229900735853,-0.0354717887353631,0.0100410524001225));
#6021=CARTESIAN_POINT('',(-0.0273645791212075,-0.0354719057625475,0.00993090094582882));
#6022=CARTESIAN_POINT('',(-0.027444898105488,-0.0354720322559919,0.00971192648877573));
#6023=CARTESIAN_POINT('',(-0.0274837075317658,-0.0354720286220909,0.00960315225969766));
#6024=CARTESIAN_POINT('',(-0.0275577090444647,-0.0354719913759659,0.00938798050039629));
#6025=CARTESIAN_POINT('',(-0.0275928340665844,-0.0354719637960449,0.0092816325688985));
#6026=CARTESIAN_POINT('',(-0.0276588102614337,-0.0354719645773976,0.00907197032355038));
#6027=CARTESIAN_POINT('',(-0.0276897842071061,-0.0354719827455166,0.00896854984458025));
#6028=CARTESIAN_POINT('',(-0.027748409143444,-0.0354720265600056,0.00876402624419158));
#6029=CARTESIAN_POINT('',(-0.0277760667718824,-0.035472051667759,0.00866293328968519));
#6030=CARTESIAN_POINT('',(-0.0278814023326616,-0.0354721157495531,0.00826209682484095));
#6031=CARTESIAN_POINT('',(-0.0279928174436104,-0.0354720918592067,0.00777369880348701));
#6032=CARTESIAN_POINT('',(-0.0280813686097074,-0.0354721041563111,0.00726365397835248));
#6033=CARTESIAN_POINT('',(-0.0281285727007925,-0.0354721101974961,0.00694776739047713));
#6034=CARTESIAN_POINT('',(-0.0281433279508429,-0.0354721118954529,0.00684078862782349));
#6035=CARTESIAN_POINT('',(-0.0281707480988633,-0.0354721136399562,0.00662296688441725));
#6036=CARTESIAN_POINT('',(-0.0281833963545981,-0.0354721138723533,0.00651220380612352));
#6037=CARTESIAN_POINT('',(-0.0282062713490403,-0.0354721138960769,0.00628727450956822));
#6038=CARTESIAN_POINT('',(-0.0282164977506268,-0.0354721137051019,0.00617308287073487));
#6039=CARTESIAN_POINT('',(-0.02823423267334,-0.0354721136410774,0.00594171211888677));
#6040=CARTESIAN_POINT('',(-0.0282417409467819,-0.0354721136946728,0.00582463979353263));
#6041=CARTESIAN_POINT('',(-0.0282537723755529,-0.0354721137217298,0.00558957909978961));
#6042=CARTESIAN_POINT('',(-0.028258305715472,-0.0354721137120257,0.00547156076707801));
#6043=CARTESIAN_POINT('',(-0.0282643392011136,-0.0354721137100745,0.00523575568846484));
#6044=CARTESIAN_POINT('',(-0.0282658420138892,-0.0354721137152778,0.00511792385409769));
#6045=CARTESIAN_POINT('',(-0.0282658420138889,-0.0354721137152778,0.005));
#6046=CARTESIAN_POINT('',(-0.0278181657492541,-0.0354218028492014,0.010223696355406));
#6047=CARTESIAN_POINT('',(-0.0278627005730785,-0.0354218028434472,0.0101095891725841));
#6048=CARTESIAN_POINT('',(-0.0279047132902696,-0.0354219884912005,0.00999481402359161));
#6049=CARTESIAN_POINT('',(-0.0279855503610731,-0.0354221903686543,0.00976747555473789));
#6050=CARTESIAN_POINT('',(-0.0280244608545257,-0.0354221858418491,0.00965497829424278));
#6051=CARTESIAN_POINT('',(-0.0280981928526507,-0.0354221308533033,0.00943362946413964));
#6052=CARTESIAN_POINT('',(-0.0281329323886239,-0.0354220900012635,0.00932484716263047));
#6053=CARTESIAN_POINT('',(-0.0281975785444312,-0.0354220987955733,0.00911182163811332));
#6054=CARTESIAN_POINT('',(-0.028227636795972,-0.0354221321877366,0.0090074304418553));
#6055=CARTESIAN_POINT('',(-0.0282841599734353,-0.0354222116341406,0.00880216630025644));
#6056=CARTESIAN_POINT('',(-0.0283106331501858,-0.0354222568296507,0.00870130735612313));
#6057=CARTESIAN_POINT('',(-0.0284111376027143,-0.0354223800085422,0.00830333230838854));
#6058=CARTESIAN_POINT('',(-0.0285160671644242,-0.0354223694941801,0.00782550115926348));
#6059=CARTESIAN_POINT('',(-0.0286022694414459,-0.0354223976851967,0.00732040107357877));
#6060=CARTESIAN_POINT('',(-0.0286488871945775,-0.0354224102035105,0.00700418917941025));
#6061=CARTESIAN_POINT('',(-0.0286635872169579,-0.035422413500961,0.00689653801102358));
#6062=CARTESIAN_POINT('',(-0.0286911276789816,-0.0354224170625227,0.00667602665968818));
#6063=CARTESIAN_POINT('',(-0.0287039453715913,-0.0354224176118434,0.0065632769364812));
#6064=CARTESIAN_POINT('',(-0.0287272670842607,-0.0354224178169626,0.0063331793851718));
#6065=CARTESIAN_POINT('',(-0.0287377706693287,-0.0354224175046848,0.00621579641867232));
#6066=CARTESIAN_POINT('',(-0.0287560575286312,-0.0354224174123475,0.00597698049374781));
#6067=CARTESIAN_POINT('',(-0.0287638403366203,-0.0354224175004791,0.00585569514625646));
#6068=CARTESIAN_POINT('',(-0.0287763172166123,-0.0354224175454448,0.00561191130565038));
#6069=CARTESIAN_POINT('',(-0.0287810253675078,-0.0354224175293177,0.00548937139178476));
#6070=CARTESIAN_POINT('',(-0.0287872876718661,-0.035422417526075,0.00524463827122471));
#6071=CARTESIAN_POINT('',(-0.0287888454861113,-0.0354224175347222,0.0051223827366018));
#6072=CARTESIAN_POINT('',(-0.0287888454861111,-0.0354224175347222,0.005));
#6073=CARTESIAN_POINT('',(-0.0280903188117726,-0.035385688420587,0.0102638682488611));
#6074=CARTESIAN_POINT('',(-0.0281351961236536,-0.0353856884138387,0.0101474408153432));
#6075=CARTESIAN_POINT('',(-0.0281774965360262,-0.035385906067662,0.0100303354329454));
#6076=CARTESIAN_POINT('',(-0.0282587060736677,-0.0353861435472702,0.00979875919800116));
#6077=CARTESIAN_POINT('',(-0.0282976996990925,-0.0353861390545689,0.00968436229606803));
#6078=CARTESIAN_POINT('',(-0.0283713541697595,-0.0353860772835053,0.00945982703003678));
#6079=CARTESIAN_POINT('',(-0.0284059280062449,-0.035386031298061,0.00934976770182419));
#6080=CARTESIAN_POINT('',(-0.0284699881227501,-0.0353860465858704,0.00913491908753868));
#6081=CARTESIAN_POINT('',(-0.0284996363488328,-0.0353860887473574,0.0090299611653214));
#6082=CARTESIAN_POINT('',(-0.0285552078385187,-0.0353861884463526,0.00882414516182776));
#6083=CARTESIAN_POINT('',(-0.0285811399397022,-0.0353862449743555,0.00872330291972554));
#6084=CARTESIAN_POINT('',(-0.0286794162849756,-0.0353864036056718,0.0083263252228114));
#6085=CARTESIAN_POINT('',(-0.0287812862387756,-0.0353864094125373,0.00785312001932713));
#6086=CARTESIAN_POINT('',(-0.0288664353039858,-0.0353864482261176,0.0073499184468104));
#6087=CARTESIAN_POINT('',(-0.0289128142960846,-0.0353864648514264,0.0070332490540064));
#6088=CARTESIAN_POINT('',(-0.0289275016994909,-0.0353864691186642,0.00692517187504349));
#6089=CARTESIAN_POINT('',(-0.0289551260489439,-0.0353864738217449,0.0067031563462949));
#6090=CARTESIAN_POINT('',(-0.0289680373672347,-0.0353864745857051,0.00658934327613438));
#6091=CARTESIAN_POINT('',(-0.0289915960772799,-0.0353864749373078,0.00635653957905958));
#6092=CARTESIAN_POINT('',(-0.0290022429889487,-0.0353864745649372,0.00623750910363017));
#6093=CARTESIAN_POINT('',(-0.0290208128324699,-0.0353864744627792,0.00599488296915439));
#6094=CARTESIAN_POINT('',(-0.0290287351818658,-0.0353864745681882,0.00587145470755916));
#6095=CARTESIAN_POINT('',(-0.0290414383144971,-0.0353864746222718,0.00562324089974362));
#6096=CARTESIAN_POINT('',(-0.0290462350700843,-0.0353864746028746,0.00549840838033506));
#6097=CARTESIAN_POINT('',(-0.029052613451328,-0.0353864745989744,0.00524914578150225));
#6098=CARTESIAN_POINT('',(-0.0290541992187501,-0.035386474609375,0.00512464501817105));
#6099=CARTESIAN_POINT('',(-0.02905419921875,-0.035386474609375,0.005));
#6100=CARTESIAN_POINT('',(-0.0286350065158901,-0.0352860826189294,0.0103524351953536));
#6101=CARTESIAN_POINT('',(-0.0286806389084986,-0.035286082610683,0.0102313640070693));
#6102=CARTESIAN_POINT('',(-0.0287236542819797,-0.0352863483896355,0.0101096038795677));
#6103=CARTESIAN_POINT('',(-0.0288058397598524,-0.035286640656132,0.00986950745174235));
#6104=CARTESIAN_POINT('',(-0.0288450837430785,-0.0352866374949399,0.00975125896038741));
#6105=CARTESIAN_POINT('',(-0.0289187510869025,-0.0352865697748986,0.00952017762346694));
#6106=CARTESIAN_POINT('',(-0.0289530812718332,-0.0352865190814377,0.00940744286186637));
#6107=CARTESIAN_POINT('',(-0.0290161944305541,-0.0352865519946488,0.00918863233239451));
#6108=CARTESIAN_POINT('',(-0.0290451532015594,-0.035286612106078,0.00908234785245495));
#6109=CARTESIAN_POINT('',(-0.029099092861833,-0.035286752653169,0.00887498052149571));
#6110=CARTESIAN_POINT('',(-0.0291240833983179,-0.0352868318489097,0.00877391695133116));
#6111=CARTESIAN_POINT('',(-0.0292184384257792,-0.0352870664687982,0.00837781251947096));
#6112=CARTESIAN_POINT('',(-0.0293147766828074,-0.0352871260273965,0.00791208706133072));
#6113=CARTESIAN_POINT('',(-0.0293981601249374,-0.0352871901709301,0.00741118279323588));
#6114=CARTESIAN_POINT('',(-0.0294442074802832,-0.0352872161439339,0.00709286041031684));
#6115=CARTESIAN_POINT('',(-0.0294589083014,-0.0352872225244856,0.0069837129382733));
#6116=CARTESIAN_POINT('',(-0.0294867593429791,-0.0352872298036175,0.00675831877252085));
#6117=CARTESIAN_POINT('',(-0.0294998785881277,-0.0352872310853912,0.00664222549359894));
#6118=CARTESIAN_POINT('',(-0.0295239407680149,-0.0352872318375503,0.00640376149200946));
#6119=CARTESIAN_POINT('',(-0.0295348831423488,-0.0352872313642384,0.0062813419867882));
#6120=CARTESIAN_POINT('',(-0.0295540303432998,-0.0352872312570606,0.00603096000243739));
#6121=CARTESIAN_POINT('',(-0.0295622343447011,-0.0352872313919506,0.00590320245130698));
#6122=CARTESIAN_POINT('',(-0.0295753937601694,-0.0352872314620217,0.00564605628767914));
#6123=CARTESIAN_POINT('',(-0.029580368747725,-0.0352872314368906,0.00551661017065165));
#6124=CARTESIAN_POINT('',(-0.0295869808645282,-0.0352872314318374,0.00525822592692786));
#6125=CARTESIAN_POINT('',(-0.029588623046875,-0.0352872314453125,0.00512920126527757));
#6126=CARTESIAN_POINT('',(-0.029588623046875,-0.0352872314453125,0.005));
#6127=CARTESIAN_POINT('',(-0.028907486942041,-0.0352226181984531,0.0104008163407581));
#6128=CARTESIAN_POINT('',(-0.0289535318087566,-0.0352226181897012,0.0102774221106201));
#6129=CARTESIAN_POINT('',(-0.0289969741319131,-0.0352229001300265,0.0101533379050263));
#6130=CARTESIAN_POINT('',(-0.0290797626885755,-0.035223211627111,0.00990895989969108));
#6131=CARTESIAN_POINT('',(-0.0291191738429754,-0.0352232097621228,0.00978875987873144));
#6132=CARTESIAN_POINT('',(-0.0291929315909904,-0.0352231428627823,0.00955431967841412));
#6133=CARTESIAN_POINT('',(-0.0292271838727076,-0.0352230925852537,0.00944018686027967));
#6134=CARTESIAN_POINT('',(-0.0292899361757812,-0.035223136632378,0.00921923810045906));
#6135=CARTESIAN_POINT('',(-0.0293186155465204,-0.0352232059322047,0.00911219403935763));
#6136=CARTESIAN_POINT('',(-0.0293718751444519,-0.0352233670940229,0.00890382767301975));
#6137=CARTESIAN_POINT('',(-0.0293964652425616,-0.035223457636273,0.00880252625232421));
#6138=CARTESIAN_POINT('',(-0.0294891273457449,-0.0352237328265468,0.00840629835689824));
#6139=CARTESIAN_POINT('',(-0.0295829941349599,-0.0352238298286433,0.00794342711774668));
#6140=CARTESIAN_POINT('',(-0.0296656652383125,-0.0352239086929194,0.0074429223869866));
#6141=CARTESIAN_POINT('',(-0.0297116196945307,-0.0352239399120249,0.00712340514902125));
#6142=CARTESIAN_POINT('',(-0.0297263465334521,-0.0352239474374304,0.00701361363894247));
#6143=CARTESIAN_POINT('',(-0.0297543403300949,-0.0352239561526221,0.00678634557955514));
#6144=CARTESIAN_POINT('',(-0.029767573845521,-0.0352239577378475,0.00666903575859078));
#6145=CARTESIAN_POINT('',(-0.0297919024327337,-0.0352239587442558,0.00642761830651368));
#6146=CARTESIAN_POINT('',(-0.0298029969089281,-0.0352239582300054,0.00630345766948986));
#6147=CARTESIAN_POINT('',(-0.0298224384199925,-0.0352239581276103,0.00604913088428659));
#6148=CARTESIAN_POINT('',(-0.0298307845029862,-0.0352239582747297,0.00591918740577242));
#6149=CARTESIAN_POINT('',(-0.0298441739019405,-0.0352239583516839,0.00565753976692849));
#6150=CARTESIAN_POINT('',(-0.0298492384988193,-0.0352239583240841,0.00552577312382165));
#6151=CARTESIAN_POINT('',(-0.0298559682505964,-0.0352239583185346,0.0052627976390124));
#6152=CARTESIAN_POINT('',(-0.0298576388888888,-0.0352239583333333,0.00513149476827515));
#6153=CARTESIAN_POINT('',(-0.0298576388888889,-0.0352239583333333,0.005));
#6154=CARTESIAN_POINT('',(-0.0297139844795118,-0.0349877160248437,0.0105580805005777));
#6155=CARTESIAN_POINT('',(-0.0297613701021779,-0.0349877160155087,0.0104278104459545));
#6156=CARTESIAN_POINT('',(-0.029806258322457,-0.0349880162678922,0.0102968587006685));
#6157=CARTESIAN_POINT('',(-0.0298911694854724,-0.0349883532461316,0.0100397379728523));
#6158=CARTESIAN_POINT('',(-0.0299312246817352,-0.0349883566163527,0.00991367763082603));
#6159=CARTESIAN_POINT('',(-0.0300055672111086,-0.0349883031606135,0.00966900935748405));
#6160=CARTESIAN_POINT('',(-0.0300397607570385,-0.0349882622236569,0.00955053512629434));
#6161=CARTESIAN_POINT('',(-0.0301018515501671,-0.0349883420636133,0.00932272095189807));
#6162=CARTESIAN_POINT('',(-0.0301299317640806,-0.0349884358276099,0.00921309808836754));
#6163=CARTESIAN_POINT('',(-0.0301816506325369,-0.0349886510465187,0.00900100608242272));
#6164=CARTESIAN_POINT('',(-0.0302052994480898,-0.0349887710810634,0.00889856218601329));
#6165=CARTESIAN_POINT('',(-0.0302938977543294,-0.0349891593901384,0.00850003737612626));
#6166=CARTESIAN_POINT('',(-0.0303815473916196,-0.0349893856393897,0.00804255701254066));
#6167=CARTESIAN_POINT('',(-0.0304627153077526,-0.0349895090876709,0.00754064683979429));
#6168=CARTESIAN_POINT('',(-0.0305086511368509,-0.0349895557199768,0.0072163220916772));
#6169=CARTESIAN_POINT('',(-0.0305235223283591,-0.0349895665002823,0.00710424898485932));
#6170=CARTESIAN_POINT('',(-0.0305520411770692,-0.0349895794096977,0.0068707993915252));
#6171=CARTESIAN_POINT('',(-0.0305656486971263,-0.0349895819208464,0.0067496264050769));
#6172=CARTESIAN_POINT('',(-0.0305908165259398,-0.0349895837528109,0.00649904538848989));
#6173=CARTESIAN_POINT('',(-0.0306023761529155,-0.0349895831601007,0.00636957270115972));
#6174=CARTESIAN_POINT('',(-0.0306227078608739,-0.0349895830919998,0.00610334457604262));
#6175=CARTESIAN_POINT('',(-0.030631478595252,-0.0349895832635637,0.00596686075321508));
#6176=CARTESIAN_POINT('',(-0.0306455547292074,-0.0349895833551803,0.00569177408444732));
#6177=CARTESIAN_POINT('',(-0.0306508861316234,-0.0349895833223218,0.00555309502166986));
#6178=CARTESIAN_POINT('',(-0.0306579665434175,-0.0349895833157149,0.00527643181083576));
#6179=CARTESIAN_POINT('',(-0.0306597222222218,-0.0349895833333333,0.00513833295488727));
#6180=CARTESIAN_POINT('',(-0.0306597222222222,-0.0349895833333333,0.005));
#6181=CARTESIAN_POINT('',(-0.0302366344539567,-0.034771266590154,0.0106791887928989));
#6182=CARTESIAN_POINT('',(-0.0302850525835659,-0.0347712665817379,0.0105444628663916));
#6183=CARTESIAN_POINT('',(-0.0303311227411497,-0.0347715367259618,0.0104090763062711));
#6184=CARTESIAN_POINT('',(-0.0304178665115102,-0.0347718457124948,0.0101436024152148));
#6185=CARTESIAN_POINT('',(-0.0304585432345452,-0.0347718546613547,0.0100136295042981));
#6186=CARTESIAN_POINT('',(-0.0305337000067818,-0.034771826240344,0.00976194196745133));
#6187=CARTESIAN_POINT('',(-0.030568091734221,-0.0347718033578594,0.00964037658427709));
#6188=CARTESIAN_POINT('',(-0.0306303108546999,-0.034771911670552,0.00940738069018882));
#6189=CARTESIAN_POINT('',(-0.0306583144469415,-0.0347720181614502,0.00929563534804627));
#6190=CARTESIAN_POINT('',(-0.0307096806704076,-0.034772260191181,0.00908007966304098));
#6191=CARTESIAN_POINT('',(-0.0307330531587011,-0.0347723944371469,0.00897629686818777));
#6192=CARTESIAN_POINT('',(-0.0308203144261783,-0.034772849910341,0.00857364733420222));
#6193=CARTESIAN_POINT('',(-0.0309054420150324,-0.0347731911588247,0.00811548870650147));
#6194=CARTESIAN_POINT('',(-0.0309864636679856,-0.0347733466147698,0.00760913701983207));
#6195=CARTESIAN_POINT('',(-0.0310327378307846,-0.0347734036463729,0.00727996281130946));
#6196=CARTESIAN_POINT('',(-0.0310477945754051,-0.0347734164657676,0.0071658990050981));
#6197=CARTESIAN_POINT('',(-0.0310767937450138,-0.0347734321693384,0.00692757686985858));
#6198=CARTESIAN_POINT('',(-0.0310906925129692,-0.0347734353551393,0.00680354228206441));
#6199=CARTESIAN_POINT('',(-0.0311164734778466,-0.0347734378580804,0.00654644709572458));
#6200=CARTESIAN_POINT('',(-0.0311283549622151,-0.0347734372730388,0.00641331544780766));
#6201=CARTESIAN_POINT('',(-0.031149289629074,-0.0347734372574214,0.00613906689299035));
#6202=CARTESIAN_POINT('',(-0.0311583411798315,-0.0347734374288326,0.00599824845378265));
#6203=CARTESIAN_POINT('',(-0.0311728705839979,-0.0347734375222847,0.00571429485499081));
#6204=CARTESIAN_POINT('',(-0.031178377047302,-0.0347734374887679,0.00557107594331893));
#6205=CARTESIAN_POINT('',(-0.0311856880959934,-0.0347734374820286,0.00528540781610028));
#6206=CARTESIAN_POINT('',(-0.0311874999999993,-0.0347734375,0.00514283254088313));
#6207=CARTESIAN_POINT('',(-0.0311875,-0.0347734375,0.005));
#6208=CARTESIAN_POINT('',(-0.0309471197589653,-0.0343583223692528,0.0108792988063874));
#6209=CARTESIAN_POINT('',(-0.0309972439255758,-0.0343583223635167,0.010738515611244));
#6210=CARTESIAN_POINT('',(-0.0310452007600402,-0.034358505841577,0.0105971056182008));
#6211=CARTESIAN_POINT('',(-0.0311351012569077,-0.0343587221961467,0.0103200796578411));
#6212=CARTESIAN_POINT('',(-0.0311770131438799,-0.0343587349001529,0.0101845817303239));
#6213=CARTESIAN_POINT('',(-0.0312541620517857,-0.0343587376575693,0.00992265024896574));
#6214=CARTESIAN_POINT('',(-0.0312893190314026,-0.0343587377650184,0.00979638294994084));
#6215=CARTESIAN_POINT('',(-0.031352790018062,-0.034358852292539,0.00955500490696537));
#6216=CARTESIAN_POINT('',(-0.0313812686470852,-0.034358949486319,0.00943954479055428));
#6217=CARTESIAN_POINT('',(-0.0314333503724223,-0.0343591683261426,0.00921734831504622));
#6218=CARTESIAN_POINT('',(-0.0314569627795253,-0.0343592890790282,0.00911064176027576));
#6219=CARTESIAN_POINT('',(-0.0315448539372261,-0.0343597182179688,0.00869752671120497));
#6220=CARTESIAN_POINT('',(-0.0316295649718502,-0.0343601062088661,0.00823076152781604));
#6221=CARTESIAN_POINT('',(-0.0317119646704627,-0.0343602623592307,0.0077118298525672));
#6222=CARTESIAN_POINT('',(-0.0317593601778174,-0.0343603182892394,0.00737284745124366));
#6223=CARTESIAN_POINT('',(-0.0317748415858441,-0.0343603305597801,0.00725512716201149));
#6224=CARTESIAN_POINT('',(-0.0318047565783786,-0.0343603458915136,0.00700857282561082));
#6225=CARTESIAN_POINT('',(-0.0318191429144652,-0.0343603491115607,0.00687998329063287));
#6226=CARTESIAN_POINT('',(-0.0318458871473957,-0.0343603517848017,0.00661296316200625));
#6227=CARTESIAN_POINT('',(-0.0318582443371846,-0.034360351327331,0.0064744549766588));
#6228=CARTESIAN_POINT('',(-0.0318800473403859,-0.0343603513683129,0.00618873038482226));
#6229=CARTESIAN_POINT('',(-0.0318894910801081,-0.0343603515044791,0.00604183993027713));
#6230=CARTESIAN_POINT('',(-0.0319046520275875,-0.0343603515806681,0.00574553755366842));
#6231=CARTESIAN_POINT('',(-0.0319104005276044,-0.0343603515533428,0.00559603416334552));
#6232=CARTESIAN_POINT('',(-0.0319180314602291,-0.0343603515478484,0.00529787264624107));
#6233=CARTESIAN_POINT('',(-0.0319199218749991,-0.0343603515625,0.00514907682654762));
#6234=CARTESIAN_POINT('',(-0.031919921875,-0.0343603515625,0.005));
#6235=CARTESIAN_POINT('',(-0.0311717244436593,-0.034206128738669,0.010949029740027));
#6236=CARTESIAN_POINT('',(-0.0312224431013215,-0.0342061287340252,0.0108063316694438));
#6237=CARTESIAN_POINT('',(-0.0312710478300823,-0.0342062769912103,0.0106630183260121));
#6238=CARTESIAN_POINT('',(-0.0313620680190124,-0.0342064546044217,0.010382304402811));
#6239=CARTESIAN_POINT('',(-0.0314044414923416,-0.0342064677162806,0.0102450222480789));
#6240=CARTESIAN_POINT('',(-0.0314823813385029,-0.0342064794273871,0.00997972441044836));
#6241=CARTESIAN_POINT('',(-0.0315178704620538,-0.0342064862427374,0.00985187960472264));
#6242=CARTESIAN_POINT('',(-0.0315819334130554,-0.0342065964068234,0.00960760776281432));
#6243=CARTESIAN_POINT('',(-0.0316106677371883,-0.0342066856439493,0.00949082205442403));
#6244=CARTESIAN_POINT('',(-0.0316631933525,-0.0342068859260605,0.00926617388405828));
#6245=CARTESIAN_POINT('',(-0.0316869937558688,-0.0342069962432297,0.00915834178056876));
#6246=CARTESIAN_POINT('',(-0.0317755298332871,-0.0342073946733564,0.00874103227564097));
#6247=CARTESIAN_POINT('',(-0.0318606574384383,-0.034207775735413,0.00827014479418798));
#6248=CARTESIAN_POINT('',(-0.0319437801453747,-0.0342079238204446,0.0077460427424043));
#6249=CARTESIAN_POINT('',(-0.0319916507086136,-0.0342079764686087,0.00740337302950336));
#6250=CARTESIAN_POINT('',(-0.0320072978019562,-0.0342079879297646,0.00728432345482694));
#6251=CARTESIAN_POINT('',(-0.0320375502420245,-0.0342080023418452,0.00703487326439356));
#6252=CARTESIAN_POINT('',(-0.0320521074239167,-0.034208005401616,0.00690472249544525));
#6253=CARTESIAN_POINT('',(-0.0320791798386054,-0.0342080079833119,0.00663436971117681));
#6254=CARTESIAN_POINT('',(-0.0320916943746325,-0.0342080075873658,0.00649408842764587));
#6255=CARTESIAN_POINT('',(-0.0321137807602421,-0.0342080076427429,0.00620463142225235));
#6256=CARTESIAN_POINT('',(-0.0321233503868475,-0.0342080077613944,0.00605578869552695));
#6257=CARTESIAN_POINT('',(-0.0321387137848249,-0.0342080078285027,0.00575552872535617));
#6258=CARTESIAN_POINT('',(-0.0321445395392693,-0.0342080078044342,0.00560401803539396));
#6259=CARTESIAN_POINT('',(-0.0321522727548963,-0.0342080077995947,0.00530186104791103));
#6260=CARTESIAN_POINT('',(-0.0321541883680545,-0.0342080078125,0.0051510740728809));
#6261=CARTESIAN_POINT('',(-0.0321541883680556,-0.0342080078125,0.005));
#6262=CARTESIAN_POINT('',(-0.0315904818342169,-0.0338738025572371,0.0110935542738239));
#6263=CARTESIAN_POINT('',(-0.0316424326367132,-0.0338738025549044,0.0109472860721018));
#6264=CARTESIAN_POINT('',(-0.0316923489087987,-0.0338738766760637,0.0108004222483623));
#6265=CARTESIAN_POINT('',(-0.0317857167159634,-0.033873968945813,0.0105127482791252));
#6266=CARTESIAN_POINT('',(-0.031829110376199,-0.0338739790426453,0.010372056010099));
#6267=CARTESIAN_POINT('',(-0.0319088892784741,-0.0338739967004321,0.0101001980254824));
#6268=CARTESIAN_POINT('',(-0.0319452022517314,-0.0338740084835246,0.00996920993566714));
#6269=CARTESIAN_POINT('',(-0.0320108075239443,-0.0338740855021406,0.0097189986433039));
#6270=CARTESIAN_POINT('',(-0.0320402526282991,-0.033874143443639,0.00959940334971001));
#6271=CARTESIAN_POINT('',(-0.0320940881089558,-0.0338742727947979,0.00936939563951943));
#6272=CARTESIAN_POINT('',(-0.0321184872261074,-0.0338743438332561,0.00925901426498072));
#6273=CARTESIAN_POINT('',(-0.0322092162418623,-0.0338746074717976,0.00883189948594196));
#6274=CARTESIAN_POINT('',(-0.0322963501123849,-0.0338748823597744,0.00835018368535005));
#6275=CARTESIAN_POINT('',(-0.0323814645306697,-0.033874983794787,0.00781375729336223));
#6276=CARTESIAN_POINT('',(-0.0324304909261733,-0.0338750194421403,0.00746289317017692));
#6277=CARTESIAN_POINT('',(-0.0324465173786101,-0.0338750271071521,0.00734097525242024));
#6278=CARTESIAN_POINT('',(-0.0324775064512718,-0.0338750368442853,0.00708546617338043));
#6279=CARTESIAN_POINT('',(-0.0324924196784695,-0.033875038946734,0.0069521320028229));
#6280=CARTESIAN_POINT('',(-0.03252015711091,-0.0338750407646559,0.00667512748341864));
#6281=CARTESIAN_POINT('',(-0.0325329806553828,-0.0338750405336384,0.00653137562216196));
#6282=CARTESIAN_POINT('',(-0.0325556152921507,-0.0338750405890975,0.00623472561099034));
#6283=CARTESIAN_POINT('',(-0.0325654238715457,-0.0338750406592538,0.00608216988481295));
#6284=CARTESIAN_POINT('',(-0.0325811709691383,-0.0338750406997643,0.00577441131791416));
#6285=CARTESIAN_POINT('',(-0.0325871424027181,-0.0338750406852352,0.00561911237990978));
#6286=CARTESIAN_POINT('',(-0.03259506889625,-0.0338750406823138,0.0053094038379206));
#6287=CARTESIAN_POINT('',(-0.0325970323350684,-0.0338750406901042,0.00515484955300952));
#6288=CARTESIAN_POINT('',(-0.0325970323350695,-0.0338750406901042,0.005));
#6289=CARTESIAN_POINT('',(-0.0317845803246321,-0.0336936969589558,0.0111683339663482));
#6290=CARTESIAN_POINT('',(-0.0318371686623472,-0.0336936969578406,0.0110204109711438));
#6291=CARTESIAN_POINT('',(-0.0318877482672095,-0.0336937322061628,0.0108719004510913));
#6292=CARTESIAN_POINT('',(-0.0319823436059428,-0.033693777919662,0.0105809552479403));
#6293=CARTESIAN_POINT('',(-0.0320262958120722,-0.033693784592414,0.0104386375102141));
#6294=CARTESIAN_POINT('',(-0.0321071228357819,-0.0336937992303516,0.0101635865064481));
#6295=CARTESIAN_POINT('',(-0.032143927563665,-0.0336938092638296,0.0100310329893947));
#6296=CARTESIAN_POINT('',(-0.0322104832555817,-0.0336938575024212,0.00977777664057858));
#6297=CARTESIAN_POINT('',(-0.0322403834744018,-0.033693892112725,0.00965669760436145));
#6298=CARTESIAN_POINT('',(-0.0322950850097221,-0.0336939691098668,0.00942378247939595));
#6299=CARTESIAN_POINT('',(-0.032319894895147,-0.0336940113165948,0.00931197756208953));
#6300=CARTESIAN_POINT('',(-0.0324121722157998,-0.033694170906603,0.00887925258699752));
#6301=CARTESIAN_POINT('',(-0.0325008964022156,-0.0336943465623337,0.00839083118461621));
#6302=CARTESIAN_POINT('',(-0.0325872795960161,-0.0336944094260132,0.00784725157503992));
#6303=CARTESIAN_POINT('',(-0.0326369867444928,-0.033694431359802,0.00749188098958087));
#6304=CARTESIAN_POINT('',(-0.0326532268518282,-0.0336944360393815,0.00736842425865735));
#6305=CARTESIAN_POINT('',(-0.0326846150599162,-0.033694442022748,0.00710975271099959));
#6306=CARTESIAN_POINT('',(-0.0326997134557145,-0.0336944433284287,0.00697479669256862));
#6307=CARTESIAN_POINT('',(-0.0327277876590077,-0.0336944444742979,0.00669447380193203));
#6308=CARTESIAN_POINT('',(-0.0327407628314842,-0.0336944443465943,0.00654902485019245));
#6309=CARTESIAN_POINT('',(-0.0327636622739047,-0.033694444387722,0.00624891508627104));
#6310=CARTESIAN_POINT('',(-0.0327735838901998,-0.0336944444269237,0.00609459908086944));
#6311=CARTESIAN_POINT('',(-0.032789512190198,-0.0336944444499307,0.00578330042419149));
#6312=CARTESIAN_POINT('',(-0.0327955520305322,-0.0336944444416792,0.00562622100378087));
#6313=CARTESIAN_POINT('',(-0.0328035694952664,-0.03369444444002,0.00531295730319667));
#6314=CARTESIAN_POINT('',(-0.0328055555555544,-0.0336944444444445,0.00515662732426518));
#6315=CARTESIAN_POINT('',(-0.0328055555555556,-0.0336944444444445,0.005));
#6316=CARTESIAN_POINT('',(-0.0321399868435085,-0.0333063030410442,0.0113224775811205));
#6317=CARTESIAN_POINT('',(-0.0321938893353984,-0.0333063030421598,0.0111715245556066));
#6318=CARTESIAN_POINT('',(-0.0322458096728348,-0.0333062677938372,0.0110199937108081));
#6319=CARTESIAN_POINT('',(-0.0323429627429241,-0.0333062220803378,0.0107229562393111));
#6320=CARTESIAN_POINT('',(-0.0323881249257344,-0.033306215407586,0.0105775636891249));
#6321=CARTESIAN_POINT('',(-0.0324712959856616,-0.0333062007696489,0.0102963322151256));
#6322=CARTESIAN_POINT('',(-0.0325092386058926,-0.0333061907361712,0.010160674601239));
#6323=CARTESIAN_POINT('',(-0.0325780434543308,-0.0333061424975795,0.00990120061321799));
#6324=CARTESIAN_POINT('',(-0.0326090482748588,-0.0333061078872756,0.00977700532258583));
#6325=CARTESIAN_POINT('',(-0.0326658940591809,-0.0333060308901334,0.00953783397662609));
#6326=CARTESIAN_POINT('',(-0.0326917432689553,-0.0333059886834053,0.00942288891175644));
#6327=CARTESIAN_POINT('',(-0.0327880008820612,-0.0333058290933966,0.00897753986586173));
#6328=CARTESIAN_POINT('',(-0.0328810560421616,-0.0333056534376663,0.00847311118195803));
#6329=CARTESIAN_POINT('',(-0.0329705155750048,-0.0333055905739869,0.00791323822197119));
#6330=CARTESIAN_POINT('',(-0.0330217863560133,-0.033305568640198,0.00754804559170557));
#6331=CARTESIAN_POINT('',(-0.0330385006318162,-0.0333055639606185,0.00742130720932286));
#6332=CARTESIAN_POINT('',(-0.0330707463462484,-0.0333055579772521,0.00715606060470692));
#6333=CARTESIAN_POINT('',(-0.0330862281077115,-0.0333055566715714,0.00701781110897084));
#6334=CARTESIAN_POINT('',(-0.0331149817993629,-0.0333055555257022,0.00673089216701853));
#6335=CARTESIAN_POINT('',(-0.0331282531563126,-0.0333055556534058,0.00658214065295786));
#6336=CARTESIAN_POINT('',(-0.0331516609787425,-0.033305555612278,0.00627541941603247));
#6337=CARTESIAN_POINT('',(-0.0331617945407869,-0.0333055555730763,0.00611779445223996));
#6338=CARTESIAN_POINT('',(-0.0331780619314125,-0.0333055555500693,0.00579987351134628));
#6339=CARTESIAN_POINT('',(-0.0331842289341401,-0.0333055555583208,0.00563948077135662));
#6340=CARTESIAN_POINT('',(-0.0331924159739175,-0.03330555555998,0.00531958826990095));
#6341=CARTESIAN_POINT('',(-0.0331944444444433,-0.0333055555555556,0.00515994280868317));
#6342=CARTESIAN_POINT('',(-0.0331944444444445,-0.0333055555555556,0.005));
#6343=CARTESIAN_POINT('',(-0.0323015141072794,-0.0330988010282691,0.0114019290346424));
#6344=CARTESIAN_POINT('',(-0.0323560939643455,-0.0330988010303869,0.0112495989032036));
#6345=CARTESIAN_POINT('',(-0.0324086934277935,-0.0330987345401843,0.0110966925203565));
#6346=CARTESIAN_POINT('',(-0.0325071790511849,-0.0330986441639048,0.0107968302887385));
#6347=CARTESIAN_POINT('',(-0.0325529931767735,-0.0330986273489679,0.0106499865833026));
#6348=CARTESIAN_POINT('',(-0.0326374607075315,-0.0330985856355078,0.010365764156678));
#6349=CARTESIAN_POINT('',(-0.0326760495573674,-0.033098556698902,0.0102285661866341));
#6350=CARTESIAN_POINT('',(-0.0327461535891696,-0.0330984394643134,0.00996591636115299));
#6351=CARTESIAN_POINT('',(-0.0327778081724248,-0.0330983582323333,0.00984008698294951));
#6352=CARTESIAN_POINT('',(-0.0328359326497493,-0.0330981779974029,0.00959756369602368));
#6353=CARTESIAN_POINT('',(-0.0328624106347415,-0.0330980793422578,0.00948090046623948));
#6354=CARTESIAN_POINT('',(-0.0329611007302429,-0.0330977009662915,0.00902853117643562));
#6355=CARTESIAN_POINT('',(-0.0330568959774825,-0.0330972680453163,0.0085147924378903));
#6356=CARTESIAN_POINT('',(-0.0331481641075668,-0.0330971163939486,0.00794576974283596));
#6357=CARTESIAN_POINT('',(-0.0332003184480774,-0.0330970637555588,0.00757525569475513));
#6358=CARTESIAN_POINT('',(-0.033217293472589,-0.0330970525891482,0.0074467725181113));
#6359=CARTESIAN_POINT('',(-0.0332499980012045,-0.0330970382435203,0.00717810941810412));
#6360=CARTESIAN_POINT('',(-0.0332656781707786,-0.0330970350890078,0.00703818633895845));
#6361=CARTESIAN_POINT('',(-0.0332947749660729,-0.0330970322913887,0.00674798580574072));
#6362=CARTESIAN_POINT('',(-0.0333081910543839,-0.0330970325726518,0.0065976268625618));
#6363=CARTESIAN_POINT('',(-0.033331842751106,-0.0330970324617228,0.00628774998561626));
#6364=CARTESIAN_POINT('',(-0.0333420753478181,-0.033097032374566,0.00612857438048583));
#6365=CARTESIAN_POINT('',(-0.0333585008277463,-0.0330970323227019,0.00580756731859166));
#6366=CARTESIAN_POINT('',(-0.0333647266614986,-0.0330970323413031,0.00564563977696428));
#6367=CARTESIAN_POINT('',(-0.0333729924056578,-0.0330970323450433,0.00532266970293937));
#6368=CARTESIAN_POINT('',(-0.0333750406901031,-0.0330970323350695,0.00516148248763914));
#6369=CARTESIAN_POINT('',(-0.0333750406901042,-0.0330970323350695,0.005));
#6370=CARTESIAN_POINT('',(-0.0325921557855966,-0.0326585538064863,0.0115648772810669));
#6371=CARTESIAN_POINT('',(-0.032648124862025,-0.0326585538101599,0.011410069275099));
#6372=CARTESIAN_POINT('',(-0.0327021054474484,-0.0326584400783512,0.0112546804901717));
#6373=CARTESIAN_POINT('',(-0.0328033596260265,-0.0326582700815526,0.0109496150806396));
#6374=CARTESIAN_POINT('',(-0.0328505608945713,-0.0326582256056892,0.0108000459150593));
#6375=CARTESIAN_POINT('',(-0.0329378408166464,-0.0326581018065169,0.0105100547736781));
#6376=CARTESIAN_POINT('',(-0.032977858356298,-0.0326580150687186,0.0103698098054064));
#6377=CARTESIAN_POINT('',(-0.033050873313026,-0.0326577168582621,0.0101007012525044));
#6378=CARTESIAN_POINT('',(-0.0330840032899469,-0.0326575185304218,0.00997146830152645));
#6379=CARTESIAN_POINT('',(-0.0331450585595445,-0.0326570798192587,0.0097218315658454));
#6380=CARTESIAN_POINT('',(-0.0331729916065427,-0.0326568400585181,0.00960145740884481));
#6381=CARTESIAN_POINT('',(-0.0332773452744368,-0.0326559040808358,0.00913372549472601));
#6382=CARTESIAN_POINT('',(-0.0333796526496441,-0.0326547832486064,0.00859890061698744));
#6383=CARTESIAN_POINT('',(-0.0334750316001084,-0.0326543997546609,0.00800969682771847));
#6384=CARTESIAN_POINT('',(-0.0335291381635298,-0.0326542674212879,0.00762778164050039));
#6385=CARTESIAN_POINT('',(-0.0335466775367529,-0.0326542395311105,0.0074956196810657));
#6386=CARTESIAN_POINT('',(-0.0335803530839662,-0.0326542035031491,0.00721989818559194));
#6387=CARTESIAN_POINT('',(-0.0335964412848386,-0.0326541955111361,0.00707658813905797));
#6388=CARTESIAN_POINT('',(-0.0336262279065402,-0.032654188339256,0.00677988056089973));
#6389=CARTESIAN_POINT('',(-0.0336399258641172,-0.0326541889733672,0.00662640380420291));
#6390=CARTESIAN_POINT('',(-0.0336640434492878,-0.0326541886590425,0.00631053043104947));
#6391=CARTESIAN_POINT('',(-0.0336744599089291,-0.0326541884599671,0.00614846663379995));
#6392=CARTESIAN_POINT('',(-0.0336911781516863,-0.0326541883392752,0.00582174708586561));
#6393=CARTESIAN_POINT('',(-0.0336975119894256,-0.0326541883825617,0.00565699791086723));
#6394=CARTESIAN_POINT('',(-0.0337059227484773,-0.0326541883912654,0.00532835531309619));
#6395=CARTESIAN_POINT('',(-0.033708007812499,-0.0326541883680556,0.00516432120928314));
#6396=CARTESIAN_POINT('',(-0.0337080078125,-0.0326541883680556,0.005));
#6397=CARTESIAN_POINT('',(-0.0327212491273628,-0.0324258591140083,0.0116483567016417));
#6398=CARTESIAN_POINT('',(-0.0327779299098694,-0.0324258591182376,0.0114924481067257));
#6399=CARTESIAN_POINT('',(-0.0328326123307978,-0.0324257293134979,0.0113359526605705));
#6400=CARTESIAN_POINT('',(-0.0329353021835475,-0.0324255243267116,0.0110285092533608));
#6401=CARTESIAN_POINT('',(-0.0329832384860832,-0.0324254623822115,0.0108776659982083));
#6402=CARTESIAN_POINT('',(-0.0330720339732307,-0.0324252837550498,0.0105848975717124));
#6403=CARTESIAN_POINT('',(-0.0331128337823994,-0.0324251582490598,0.0104431462246014));
#6404=CARTESIAN_POINT('',(-0.0331874600642145,-0.0324247483525284,0.0101707553845934));
#6405=CARTESIAN_POINT('',(-0.0332214154490739,-0.0324244797175661,0.0100397532852456));
#6406=CARTESIAN_POINT('',(-0.0332841223611132,-0.0324238861303043,0.0097863557852938));
#6407=CARTESIAN_POINT('',(-0.0333128814611975,-0.0324235619078758,0.00966398927302432));
#6408=CARTESIAN_POINT('',(-0.0334204652988704,-0.0324222879267625,0.0091879167412855));
#6409=CARTESIAN_POINT('',(-0.0335265436117049,-0.0324207375653723,0.00864131846655915));
#6410=CARTESIAN_POINT('',(-0.0336242241633816,-0.0324202113629351,0.00804108596126343));
#6411=CARTESIAN_POINT('',(-0.0336793991143916,-0.0324200301555508,0.00765309247085213));
#6412=CARTESIAN_POINT('',(-0.0336972420120815,-0.0324199920522146,0.00751899696649503));
#6413=CARTESIAN_POINT('',(-0.0337314296411469,-0.0324199427356619,0.0072396343817918));
#6414=CARTESIAN_POINT('',(-0.0337477274178173,-0.0324199317622211,0.00709461132080774));
#6415=CARTESIAN_POINT('',(-0.0337778606873613,-0.0324199218746354,0.00679467896097961));
#6416=CARTESIAN_POINT('',(-0.0337916957552787,-0.0324199227077481,0.00663969212180473));
#6417=CARTESIAN_POINT('',(-0.0338160353115486,-0.0324199222602354,0.00632097843648851));
#6418=CARTESIAN_POINT('',(-0.0338265365840518,-0.0324199219972974,0.00615757733289139));
#6419=CARTESIAN_POINT('',(-0.0338433894760667,-0.0324199218367049,0.00582823189235116));
#6420=CARTESIAN_POINT('',(-0.0338497724781189,-0.0324199218943019,0.00566219611297259));
#6421=CARTESIAN_POINT('',(-0.033858249535897,-0.0324199219058831,0.0053309590256559));
#6422=CARTESIAN_POINT('',(-0.033860351562499,-0.032419921875,0.00516562002070134));
#6423=CARTESIAN_POINT('',(-0.0338603515625,-0.032419921875,0.005));
#6424=CARTESIAN_POINT('',(-0.0330595573236385,-0.031698538596747,0.0119022462145538));
#6425=CARTESIAN_POINT('',(-0.0331184026482902,-0.0316985386019364,0.011743453364414));
#6426=CARTESIAN_POINT('',(-0.0331752149436069,-0.0316983839835557,0.0115840452765031));
#6427=CARTESIAN_POINT('',(-0.0332823277281223,-0.0316980944196316,0.011270157185765));
#6428=CARTESIAN_POINT('',(-0.0333325631178689,-0.0316979743433991,0.0111157724564913));
#6429=CARTESIAN_POINT('',(-0.0334261595262594,-0.0316976069658008,0.010815040889943));
#6430=CARTESIAN_POINT('',(-0.0334694668575366,-0.0316973476607874,0.0106688547102459));
#6431=CARTESIAN_POINT('',(-0.0335493043335123,-0.0316965712483284,0.0103865467742933));
#6432=CARTESIAN_POINT('',(-0.0335859511528659,-0.0316960760239907,0.0102500900923754));
#6433=CARTESIAN_POINT('',(-0.0336540722601132,-0.0316949838001738,0.00998492726031851));
#6434=CARTESIAN_POINT('',(-0.0336855535000319,-0.0316943877454131,0.00985624721365236));
#6435=CARTESIAN_POINT('',(-0.033803813440178,-0.031692015995773,0.00935350507861644));
#6436=CARTESIAN_POINT('',(-0.033922477420621,-0.0316890413858851,0.00876842889506617));
#6437=CARTESIAN_POINT('',(-0.0340276699854823,-0.0316880458447135,0.00813277366008572));
#6438=CARTESIAN_POINT('',(-0.0340862728766953,-0.0316877042433471,0.0077256504169561));
#6439=CARTESIAN_POINT('',(-0.0341050765376339,-0.0316876327036439,0.00758554294042161));
#6440=CARTESIAN_POINT('',(-0.0341408590331911,-0.031687539788843,0.00729504299067777));
#6441=CARTESIAN_POINT('',(-0.0341577949241733,-0.0316875190000196,0.00714487327440386));
#6442=CARTESIAN_POINT('',(-0.0341889630021239,-0.0316875001320375,0.00683543638938089));
#6443=CARTESIAN_POINT('',(-0.0342031948729598,-0.031687501583127,0.00667609823990712));
#6444=CARTESIAN_POINT('',(-0.0342281633427941,-0.0316875006813648,0.00634938593207439));
#6445=CARTESIAN_POINT('',(-0.0342388967021363,-0.0316875002184726,0.00618230996202069));
#6446=CARTESIAN_POINT('',(-0.0342561168485616,-0.0316874999315895,0.00584580673346688));
#6447=CARTESIAN_POINT('',(-0.0342626323912463,-0.031687500034481,0.00567629575444392));
#6448=CARTESIAN_POINT('',(-0.0342712890656848,-0.0316875000551697,0.00533802631895129));
#6449=CARTESIAN_POINT('',(-0.0342734374999992,-0.0316875,0.00516914179781607));
#6450=CARTESIAN_POINT('',(-0.0342734375,-0.0316875,0.005));
#6451=CARTESIAN_POINT('',(-0.0332191709640515,-0.0311747012316761,0.0120760321751207));
#6452=CARTESIAN_POINT('',(-0.0332794979059671,-0.0311747012365345,0.0119158785361776));
#6453=CARTESIAN_POINT('',(-0.0333377631400411,-0.0311745622276262,0.011755076974045));
#6454=CARTESIAN_POINT('',(-0.0334479790736985,-0.0311742442296369,0.0114378209893292));
#6455=CARTESIAN_POINT('',(-0.0334998718260962,-0.0311740774695224,0.0112814539922474));
#6456=CARTESIAN_POINT('',(-0.033597005987536,-0.0311735506895494,0.0109759125075156));
#6457=CARTESIAN_POINT('',(-0.0336421981773664,-0.031173177981124,0.0108268850483792));
#6458=CARTESIAN_POINT('',(-0.0337260107946359,-0.031172113529605,0.0105378759429305));
#6459=CARTESIAN_POINT('',(-0.0337647379386682,-0.0311714454166501,0.0103975877502339));
#6460=CARTESIAN_POINT('',(-0.033837079082846,-0.0311699733199453,0.0101239378674173));
#6461=CARTESIAN_POINT('',(-0.033870699515894,-0.031169170275971,0.00999059966209594));
#6462=CARTESIAN_POINT('',(-0.033997387434827,-0.0311659497076949,0.0094678760478187));
#6463=CARTESIAN_POINT('',(-0.0341261345596211,-0.0311618361393887,0.00885292196833349));
#6464=CARTESIAN_POINT('',(-0.0342371443954976,-0.0311604699268042,0.00819052630050086));
#6465=CARTESIAN_POINT('',(-0.0342983293404005,-0.0311600020658075,0.00776945535403825));
#6466=CARTESIAN_POINT('',(-0.0343178403186151,-0.0311599043038706,0.00762505841555407));
#6467=CARTESIAN_POINT('',(-0.0343547638415356,-0.0311597770825298,0.0073268505894188));
#6468=CARTESIAN_POINT('',(-0.03437213740754,-0.0311597485285197,0.00717324176584002));
#6469=CARTESIAN_POINT('',(-0.0344039879349517,-0.0311597225068347,0.00685770090187609));
#6470=CARTESIAN_POINT('',(-0.0344184646431912,-0.03115972440099,0.00669570427401579));
#6471=CARTESIAN_POINT('',(-0.0344438023806437,-0.0311597231204137,0.00636436504934307));
#6472=CARTESIAN_POINT('',(-0.0344546603210063,-0.0311597225120222,0.00619529378434553));
#6473=CARTESIAN_POINT('',(-0.0344720758254473,-0.0311597221314769,0.00585498938452208));
#6474=CARTESIAN_POINT('',(-0.0344786595742768,-0.0311597222679607,0.00568368006099014));
#6475=CARTESIAN_POINT('',(-0.0344874100022414,-0.0311597222954039,0.0053417350028298));
#6476=CARTESIAN_POINT('',(-0.0344895833333326,-0.0311597222222222,0.00517098455589657));
#6477=CARTESIAN_POINT('',(-0.0344895833333333,-0.0311597222222222,0.005));
#6478=CARTESIAN_POINT('',(-0.0333647545873937,-0.0303762441984621,0.0123303773979256));
#6479=CARTESIAN_POINT('',(-0.0334272499564827,-0.0303762442022265,0.0121689825855459));
#6480=CARTESIAN_POINT('',(-0.033487657742195,-0.0303761450822062,0.0120068844549727));
#6481=CARTESIAN_POINT('',(-0.0336025277539572,-0.0303758285661043,0.0116859750199567));
#6482=CARTESIAN_POINT('',(-0.0336569436790063,-0.0303756181256018,0.0115272367107248));
#6483=CARTESIAN_POINT('',(-0.0337595412085567,-0.0303749363615156,0.0112154045341616));
#6484=CARTESIAN_POINT('',(-0.0338076818090105,-0.0303744530406772,0.0110624321401355));
#6485=CARTESIAN_POINT('',(-0.0338977810169683,-0.0303731224542864,0.0107636675266915));
#6486=CARTESIAN_POINT('',(-0.0339398282469957,-0.030372298189589,0.0106176219327762));
#6487=CARTESIAN_POINT('',(-0.0340189385200748,-0.0303704826586165,0.0103309632116828));
#6488=CARTESIAN_POINT('',(-0.0340560069959347,-0.0303694921845862,0.010190368996241));
#6489=CARTESIAN_POINT('',(-0.0341963047520037,-0.0303654910379596,0.00963620494456914));
#6490=CARTESIAN_POINT('',(-0.0343414404259581,-0.0303602948805971,0.00897316321365974));
#6491=CARTESIAN_POINT('',(-0.0344617197885741,-0.0303585776629808,0.00826870003243796));
#6492=CARTESIAN_POINT('',(-0.0345269447006977,-0.0303579903444416,0.00782623915698171));
#6493=CARTESIAN_POINT('',(-0.0345475450746812,-0.0303578677961773,0.00767537264521234));
#6494=CARTESIAN_POINT('',(-0.0345861894514625,-0.0303577081018558,0.00736581695714167));
#6495=CARTESIAN_POINT('',(-0.0346042017458938,-0.030357672177311,0.00720729256516727));
#6496=CARTESIAN_POINT('',(-0.03463701561877,-0.0303576393416225,0.00688333497064513));
#6497=CARTESIAN_POINT('',(-0.0346518170045415,-0.0303576416340371,0.00671784882066038));
#6498=CARTESIAN_POINT('',(-0.0346776189990597,-0.0303576399844228,0.00638079025888893));
#6499=CARTESIAN_POINT('',(-0.0346886170115275,-0.0303576392440833,0.00620944028025828));
#6500=CARTESIAN_POINT('',(-0.0347062494187136,-0.0303576387776664,0.005864925292283));
#6501=CARTESIAN_POINT('',(-0.0347129053081164,-0.0303576389449485,0.00569169781732697));
#6502=CARTESIAN_POINT('',(-0.0347217570309982,-0.0303576389785844,0.00534577355062259));
#6503=CARTESIAN_POINT('',(-0.0347239583333328,-0.0303576388888889,0.00517298272730915));
#6504=CARTESIAN_POINT('',(-0.0347239583333333,-0.0303576388888889,0.005));
#6505=CARTESIAN_POINT('',(-0.0333977687260599,-0.0301080445730325,0.0124140963064342));
#6506=CARTESIAN_POINT('',(-0.0334609778429363,-0.0301080445763429,0.0122524200325581));
#6507=CARTESIAN_POINT('',(-0.0335220932960898,-0.0301079611523336,0.0120900209994311));
#6508=CARTESIAN_POINT('',(-0.033638514072475,-0.030107652247254,0.0117681250723406));
#6509=CARTESIAN_POINT('',(-0.0336937771628586,-0.0301074317864256,0.0116086959164331));
#6510=CARTESIAN_POINT('',(-0.0337982218623677,-0.030106712957541,0.0112949197836592));
#6511=CARTESIAN_POINT('',(-0.0338473654443533,-0.0301062030956913,0.0111406849193009));
#6512=CARTESIAN_POINT('',(-0.0339396140242893,-0.0301048123301997,0.0108387177800233));
#6513=CARTESIAN_POINT('',(-0.0339828011097836,-0.0301039536969671,0.0106907516032226));
#6514=CARTESIAN_POINT('',(-0.0340642406987666,-0.0301020624866443,0.0103997112018666));
#6515=CARTESIAN_POINT('',(-0.0341024982657461,-0.0301010306309505,0.0102566542593121));
#6516=CARTESIAN_POINT('',(-0.0342474934521197,-0.0300968539421255,0.00969176918871369));
#6517=CARTESIAN_POINT('',(-0.0343983020698538,-0.0300914050496286,0.00901216105398127));
#6518=CARTESIAN_POINT('',(-0.0345217610328223,-0.0300896062239241,0.00829335564835596));
#6519=CARTESIAN_POINT('',(-0.0345883600704939,-0.0300889911580054,0.00784368921409667));
#6520=CARTESIAN_POINT('',(-0.0346093282275774,-0.0300888628583352,0.00769066087090426));
#6521=CARTESIAN_POINT('',(-0.0346485476851577,-0.0300886956174816,0.00737735881303958));
#6522=CARTESIAN_POINT('',(-0.0346667699165656,-0.0300886579748607,0.00721723643161791));
#6523=CARTESIAN_POINT('',(-0.0346998948814212,-0.0300886235447375,0.00689059598836739));
#6524=CARTESIAN_POINT('',(-0.0347147974370292,-0.0300886259243048,0.00672402919672467));
#6525=CARTESIAN_POINT('',(-0.0347407393473687,-0.0300886241862519,0.00638526624176584));
#6526=CARTESIAN_POINT('',(-0.0347517763128368,-0.0300886234167246,0.00621327479356024));
#6527=CARTESIAN_POINT('',(-0.0347694684339323,-0.0300886229310635,0.00586760280439363));
#6528=CARTESIAN_POINT('',(-0.0347761433835786,-0.0300886231052477,0.00569386477156766));
#6529=CARTESIAN_POINT('',(-0.0347850223690835,-0.0300886231402713,0.0053468677198297));
#6530=CARTESIAN_POINT('',(-0.034787231445312,-0.030088623046875,0.00517352216420959));
#6531=CARTESIAN_POINT('',(-0.0347872314453125,-0.030088623046875,0.005));
#6532=CARTESIAN_POINT('',(-0.0334359736410006,-0.0295739618637082,0.0125778382938464));
#6533=CARTESIAN_POINT('',(-0.0335005787443972,-0.0295739618661128,0.0124158363060891));
#6534=CARTESIAN_POINT('',(-0.0335630841155045,-0.0295739081533786,0.0122530731875645));
#6535=CARTESIAN_POINT('',(-0.0336825739187063,-0.0295736275171023,0.0119296299506898));
#6536=CARTESIAN_POINT('',(-0.033739524350607,-0.0295734022260251,0.0117690061411749));
#6537=CARTESIAN_POINT('',(-0.0338476708071642,-0.029572660413662,0.011451644901302));
#6538=CARTESIAN_POINT('',(-0.0338988352144339,-0.029572133808105,0.0112949995901885));
#6539=CARTESIAN_POINT('',(-0.0339954341593691,-0.0295707169712907,0.0109867726508511));
#6540=CARTESIAN_POINT('',(-0.0340409367889791,-0.0295698466753668,0.0108349987400184));
#6541=CARTESIAN_POINT('',(-0.0341271170543416,-0.0295679294548694,0.0105352002751818));
#6542=CARTESIAN_POINT('',(-0.0341677989386771,-0.0295668830921301,0.0103871896274025));
#6543=CARTESIAN_POINT('',(-0.0343223756347722,-0.0295626335801347,0.00980066107223506));
#6544=CARTESIAN_POINT('',(-0.0344847759352336,-0.0295570477511993,0.0090873436396138));
#6545=CARTESIAN_POINT('',(-0.0346146769477928,-0.0295552057980202,0.00833963956377509));
#6546=CARTESIAN_POINT('',(-0.0346840398356068,-0.0295545761536309,0.00787560374245671));
#6547=CARTESIAN_POINT('',(-0.0347057429293987,-0.0295544448513094,0.00771829470651564));
#6548=CARTESIAN_POINT('',(-0.0347461014729336,-0.0295542736326186,0.00739765307678344));
#6549=CARTESIAN_POINT('',(-0.0347647334203948,-0.0295542350671385,0.00723444354872385));
#6550=CARTESIAN_POINT('',(-0.0347984557374635,-0.0295541997604702,0.00690271502335287));
#6551=CARTESIAN_POINT('',(-0.034813545950187,-0.0295542021680872,0.00673415621681733));
#6552=CARTESIAN_POINT('',(-0.0348397385745169,-0.0295542003745515,0.00639237623313835));
#6553=CARTESIAN_POINT('',(-0.0348508390766904,-0.0295541995945289,0.00621932229568639));
#6554=CARTESIAN_POINT('',(-0.034868627339475,-0.0295541991010819,0.00587179208403437));
#6555=CARTESIAN_POINT('',(-0.0348753312950595,-0.0295541992780585,0.00569726884053254));
#6556=CARTESIAN_POINT('',(-0.034884252862758,-0.0295541993136436,0.00534859227302893));
#6557=CARTESIAN_POINT('',(-0.0348864746093746,-0.02955419921875,0.0051743682649171));
#6558=CARTESIAN_POINT('',(-0.034886474609375,-0.02955419921875,0.005));
#6559=CARTESIAN_POINT('',(-0.0334411433444951,-0.0293081292963433,0.0126578440004223));
#6560=CARTESIAN_POINT('',(-0.0335064305385167,-0.0293081292982982,0.0124957979399361));
#6561=CARTESIAN_POINT('',(-0.0335696179996777,-0.0293080895276231,0.0123329718413715));
#6562=CARTESIAN_POINT('',(-0.03369062573736,-0.0293078295168794,0.0120089682069025));
#6563=CARTESIAN_POINT('',(-0.0337484161792564,-0.0293076094659835,0.0118478408057787));
#6564=CARTESIAN_POINT('',(-0.033858416867489,-0.0293068819171403,0.0115288388920338));
#6565=CARTESIAN_POINT('',(-0.0339105989278172,-0.0293063652387599,0.0113710458677284));
#6566=CARTESIAN_POINT('',(-0.0340093984492988,-0.0293049828035199,0.0110597622570198));
#6567=CARTESIAN_POINT('',(-0.0340560765445575,-0.029304135380502,0.0109061015318737));
#6568=CARTESIAN_POINT('',(-0.0341446677135664,-0.0293022681915259,0.0106019274273376));
#6569=CARTESIAN_POINT('',(-0.0341865845904365,-0.0293012488988952,0.0104514262084791));
#6570=CARTESIAN_POINT('',(-0.0343460444457299,-0.0292971029182553,0.00985397695045485));
#6571=CARTESIAN_POINT('',(-0.0345143623819378,-0.0292916340048643,0.00912351931133166));
#6572=CARTESIAN_POINT('',(-0.0346475252218086,-0.0292898308786967,0.00836126143280343));
#6573=CARTESIAN_POINT('',(-0.0347182775583968,-0.0292892145195869,0.00789006320135785));
#6574=CARTESIAN_POINT('',(-0.0347403477302613,-0.0292890859897973,0.00773063574769847));
#6575=CARTESIAN_POINT('',(-0.0347812701563895,-0.0292889183712822,0.00740640172673864));
#6576=CARTESIAN_POINT('',(-0.0348001018355383,-0.0292888806082598,0.00724170341101701));
#6577=CARTESIAN_POINT('',(-0.0348341103379185,-0.0292888460262866,0.00690757032425914));
#6578=CARTESIAN_POINT('',(-0.0348492870103566,-0.0292888483745134,0.00673810044641035));
#6579=CARTESIAN_POINT('',(-0.0348755903897988,-0.0292888466143403,0.00639500837122357));
#6580=CARTESIAN_POINT('',(-0.0348867154602775,-0.0292888458531106,0.00622153365853377));
#6581=CARTESIAN_POINT('',(-0.0349045401265732,-0.0292888453711921,0.00587330269802144));
#6582=CARTESIAN_POINT('',(-0.0349112540192031,-0.029288845544034,0.00569850502906678));
#6583=CARTESIAN_POINT('',(-0.0349201908946878,-0.0292888455787877,0.00534922219246238));
#6584=CARTESIAN_POINT('',(-0.0349224175347218,-0.0292888454861111,0.00517467469745432));
#6585=CARTESIAN_POINT('',(-0.0349224175347222,-0.0292888454861111,0.005));
#6586=CARTESIAN_POINT('',(-0.0334292180529778,-0.0287825151481084,0.0128136435461695));
#6587=CARTESIAN_POINT('',(-0.0334958335197114,-0.0287825151492942,0.0126516991586744));
#6588=CARTESIAN_POINT('',(-0.0335603546398598,-0.028782497018403,0.0124889390910436));
#6589=CARTESIAN_POINT('',(-0.033684351507621,-0.0287822902745329,0.0121641625499878));
#6590=CARTESIAN_POINT('',(-0.0337438057689731,-0.0287821000296945,0.0120021830226491));
#6591=CARTESIAN_POINT('',(-0.0338574998001217,-0.0287814670595012,0.0116801602418971));
#6592=CARTESIAN_POINT('',(-0.0339117186662885,-0.0287810172554046,0.0115201763343276));
#6593=CARTESIAN_POINT('',(-0.0340149404494932,-0.0287798233576427,0.0112029321673613));
#6594=CARTESIAN_POINT('',(-0.0340639882432567,-0.0287790936545832,0.0110455479382647));
#6595=CARTESIAN_POINT('',(-0.0341574467520479,-0.0287774849945967,0.010732684174406));
#6596=CARTESIAN_POINT('',(-0.0342018602980768,-0.0287766063417896,0.0105772132816964));
#6597=CARTESIAN_POINT('',(-0.034371193079595,-0.0287730229947275,0.00995791929217792));
#6598=CARTESIAN_POINT('',(-0.0345514839366869,-0.0287682678043345,0.00919299421208428));
#6599=CARTESIAN_POINT('',(-0.0346911896539266,-0.0287666993655449,0.00840172195816512));
#6600=CARTESIAN_POINT('',(-0.0347647120419135,-0.0287661631501086,0.00791636261114335));
#6601=CARTESIAN_POINT('',(-0.0347875099591667,-0.0287660513121573,0.00775277120321964));
#6602=CARTESIAN_POINT('',(-0.0348295422031701,-0.0287659054606699,0.0074215390760138));
#6603=CARTESIAN_POINT('',(-0.0348487619399528,-0.028765872595358,0.00725397627634115));
#6604=CARTESIAN_POINT('',(-0.0348833182437209,-0.0287658424912006,0.0069152970074257));
#6605=CARTESIAN_POINT('',(-0.0348986546699856,-0.0287658445280322,0.00674415513450793));
#6606=CARTESIAN_POINT('',(-0.0349251545866009,-0.0287658429932175,0.00639877183820893));
#6607=CARTESIAN_POINT('',(-0.0349363170137127,-0.0287658423325892,0.00622463713587421));
#6608=CARTESIAN_POINT('',(-0.0349541954582941,-0.0287658419140938,0.00587537694582605));
#6609=CARTESIAN_POINT('',(-0.034960921854653,-0.0287658420641888,0.00570022148733854));
#6610=CARTESIAN_POINT('',(-0.0349698796468624,-0.0287658420943688,0.00535010474967836));
#6611=CARTESIAN_POINT('',(-0.0349721137152775,-0.0287658420138889,0.00517509838380013));
#6612=CARTESIAN_POINT('',(-0.0349721137152778,-0.0287658420138889,0.005));
#6613=CARTESIAN_POINT('',(-0.0334121019851858,-0.0285227840837681,0.0128894200130132));
#6614=CARTESIAN_POINT('',(-0.0334793634858988,-0.0285227840846366,0.012727621550894));
#6615=CARTESIAN_POINT('',(-0.0335445360145219,-0.0285227735782653,0.0125649906970407));
#6616=CARTESIAN_POINT('',(-0.0336700037501684,-0.0285225994434876,0.0122400020671079));
#6617=CARTESIAN_POINT('',(-0.0337302816547936,-0.0285224338146299,0.012077674220486));
#6618=CARTESIAN_POINT('',(-0.0338458144417691,-0.0285218813417665,0.0117542717236152));
#6619=CARTESIAN_POINT('',(-0.0339010522700221,-0.0285214886146499,0.0115932449092045));
#6620=CARTESIAN_POINT('',(-0.0340064953219289,-0.0285204491465878,0.0112730974602068));
#6621=CARTESIAN_POINT('',(-0.0340567371255483,-0.0285198144576427,0.0111138768783064));
#6622=CARTESIAN_POINT('',(-0.0341526516136464,-0.0285184146574701,0.0107966998383429));
#6623=CARTESIAN_POINT('',(-0.0341983266025974,-0.0285176497698686,0.0106387502498943));
#6624=CARTESIAN_POINT('',(-0.0343726482309237,-0.0285145263373563,0.0100085339945242));
#6625=CARTESIAN_POINT('',(-0.034558993269952,-0.0285103690712655,0.00922628436752589));
#6626=CARTESIAN_POINT('',(-0.0347019794153225,-0.0285089968392403,0.00842055418402569));
#6627=CARTESIAN_POINT('',(-0.0347768821301136,-0.0285085275985686,0.00792819754968376));
#6628=CARTESIAN_POINT('',(-0.0348000406391469,-0.028508429703701,0.00776256104882134));
#6629=CARTESIAN_POINT('',(-0.0348426186958699,-0.0285083020505464,0.007427924017443));
#6630=CARTESIAN_POINT('',(-0.0348620267112098,-0.028508273287728,0.00725898589101));
#6631=CARTESIAN_POINT('',(-0.0348968445561322,-0.028508246943497,0.00691816567332904));
#6632=CARTESIAN_POINT('',(-0.0349122542489444,-0.0285082487280363,0.00674626317857716));
#6633=CARTESIAN_POINT('',(-0.0349388399045637,-0.0285082473856242,0.00639990129669869));
#6634=CARTESIAN_POINT('',(-0.0349500151046037,-0.0285082468069049,0.00622552762439047));
#6635=CARTESIAN_POINT('',(-0.0349679108996909,-0.0285082464403743,0.00587593942610056));
#6636=CARTESIAN_POINT('',(-0.0349746398540841,-0.0285082465718319,0.00570070083088612));
#6637=CARTESIAN_POINT('',(-0.0349836032434477,-0.0285082465982644,0.00535035692290222));
#6638=CARTESIAN_POINT('',(-0.0349858398437498,-0.0285082465277778,0.00517521540633888));
#6639=CARTESIAN_POINT('',(-0.03498583984375,-0.0285082465277778,0.005));
#6640=CARTESIAN_POINT('',(-0.0333641926986585,-0.0280088141989663,0.0130378550829341));
#6641=CARTESIAN_POINT('',(-0.0334327196857891,-0.0280088141993385,0.0128764650765545));
#6642=CARTESIAN_POINT('',(-0.0334991718205951,-0.0280088123932295,0.0127142115482991));
#6643=CARTESIAN_POINT('',(-0.0336275478799823,-0.0280087156498608,0.0123890145890115));
#6644=CARTESIAN_POINT('',(-0.0336894629705525,-0.0280086190751053,0.0122260864466924));
#6645=CARTESIAN_POINT('',(-0.0338086691242404,-0.0280082956761238,0.0119000881614354));
#6646=CARTESIAN_POINT('',(-0.0338659512473473,-0.0280080656514737,0.0117370422735065));
#6647=CARTESIAN_POINT('',(-0.0339758663101099,-0.0280074590487368,0.0114111901940476));
#6648=CARTESIAN_POINT('',(-0.0340285183917886,-0.0280070891054261,0.0112483333083976));
#6649=CARTESIAN_POINT('',(-0.0341293957999947,-0.0280062723795631,0.0109225840910571));
#6650=CARTESIAN_POINT('',(-0.0341776222871974,-0.0280058256866897,0.010759695129852));
#6651=CARTESIAN_POINT('',(-0.0343620325681352,-0.0280039973188898,0.0101076905501835));
#6652=CARTESIAN_POINT('',(-0.0345606170242625,-0.0280015504922611,0.00929079984079773));
#6653=CARTESIAN_POINT('',(-0.0347101725653341,-0.0280007412101696,0.00845635213258584));
#6654=CARTESIAN_POINT('',(-0.0347878263640058,-0.0280004643092407,0.00795017030093169));
#6655=CARTESIAN_POINT('',(-0.0348117004323108,-0.028000406500922,0.00778050853799271));
#6656=CARTESIAN_POINT('',(-0.0348553563471556,-0.0280003311469831,0.00743920877836975));
#6657=CARTESIAN_POINT('',(-0.0348751327475427,-0.0280003141734896,0.00726760201755194));
#6658=CARTESIAN_POINT('',(-0.0349104568134582,-0.0280002986334388,0.00692267983026242));
#6659=CARTESIAN_POINT('',(-0.0349260043602779,-0.0280002996923052,0.00674935413252149));
#6660=CARTESIAN_POINT('',(-0.03495274563246,-0.0280002989025515,0.0064012453884559));
#6661=CARTESIAN_POINT('',(-0.0349639391637015,-0.0280002985594227,0.00622650549037998));
#6662=CARTESIAN_POINT('',(-0.0349818580345605,-0.0280002983423287,0.00587648867897342));
#6663=CARTESIAN_POINT('',(-0.0349885876411364,-0.0280002984201902,0.00570119965580871));
#6664=CARTESIAN_POINT('',(-0.0349975563298191,-0.0280002984358461,0.00535063161913887));
#6665=CARTESIAN_POINT('',(-0.034999796549479,-0.0280002983940972,0.00517533439467125));
#6666=CARTESIAN_POINT('',(-0.0349997965494792,-0.0280002983940972,0.005));
#6667=CARTESIAN_POINT('',(-0.0333333784071432,-0.0277546258950345,0.0131104963136837));
#6668=CARTESIAN_POINT('',(-0.0334025246986041,-0.0277546258952298,0.0129493690173237));
#6669=CARTESIAN_POINT('',(-0.0334696048706595,-0.0277546250916583,0.0127873638036924));
#6670=CARTESIAN_POINT('',(-0.0335994180581889,-0.0277545730983576,0.0124621710240426));
#6671=CARTESIAN_POINT('',(-0.033662146525244,-0.027754521011828,0.012298991120632));
#6672=CARTESIAN_POINT('',(-0.0337831869344037,-0.0277543463715985,0.011971777240124));
#6673=CARTESIAN_POINT('',(-0.0338414941995846,-0.0277542221023078,0.0118077554487492));
#6674=CARTESIAN_POINT('',(-0.0339536595880262,-0.0277538942289923,0.0114791026237155));
#6675=CARTESIAN_POINT('',(-0.0340075277149082,-0.0277536941842635,0.011314446123953));
#6676=CARTESIAN_POINT('',(-0.0341109116070863,-0.0277532520352417,0.0109844387488588));
#6677=CARTESIAN_POINT('',(-0.0341604279159168,-0.0277530099673816,0.0108190895176689));
#6678=CARTESIAN_POINT('',(-0.0343499370824393,-0.0277520175620718,0.0101562206423395));
#6679=CARTESIAN_POINT('',(-0.0345547056705281,-0.0277506843674513,0.00932201608503482));
#6680=CARTESIAN_POINT('',(-0.0347075495572435,-0.027750242174927,0.00847331142481264));
#6681=CARTESIAN_POINT('',(-0.0347865738371714,-0.0277500907553472,0.00796030310129525));
#6682=CARTESIAN_POINT('',(-0.0348108027974319,-0.0277500591142709,0.00778866161282574));
#6683=CARTESIAN_POINT('',(-0.0348549906351165,-0.0277500178926956,0.00744410483997653));
#6684=CARTESIAN_POINT('',(-0.0348749470946044,-0.0277500086132743,0.0072712051410629));
#6685=CARTESIAN_POINT('',(-0.0349105157654367,-0.0277500001242829,0.00692432260493553));
#6686=CARTESIAN_POINT('',(-0.0349261278721519,-0.0277500007094815,0.00675033462796124));
#6687=CARTESIAN_POINT('',(-0.034952938978836,-0.0277500002803904,0.00640145815131298));
#6688=CARTESIAN_POINT('',(-0.0349641380529512,-0.0277500000910436,0.00622659124187643));
#6689=CARTESIAN_POINT('',(-0.0349820626248075,-0.0277499999714914,0.00587647429802874));
#6690=CARTESIAN_POINT('',(-0.0349887903168823,-0.0277500000143692,0.00570121821099378));
#6691=CARTESIAN_POINT('',(-0.0349977586959458,-0.0277500000229908,0.00535065367759298));
#6692=CARTESIAN_POINT('',(-0.0349999999999999,-0.02775,0.00517533612919505));
#6693=CARTESIAN_POINT('',(-0.035,-0.02775,0.005));
#6694=CARTESIAN_POINT('',(-0.0333018498474787,-0.0275,0.0131831912200027));
#6695=CARTESIAN_POINT('',(-0.0333716159008539,-0.0275,0.013022332723188));
#6696=CARTESIAN_POINT('',(-0.0334393247741083,-0.0275,0.0128605820025227));
#6697=CARTESIAN_POINT('',(-0.0335705837445396,-0.0275,0.0125354018776567));
#6698=CARTESIAN_POINT('',(-0.0336341337362096,-0.0275,0.0123719724319859));
#6699=CARTESIAN_POINT('',(-0.0337570339038548,-0.0275,0.0120435419483148));
#6700=CARTESIAN_POINT('',(-0.0338163839090648,-0.0275,0.0118785408475482));
#6701=CARTESIAN_POINT('',(-0.0339308442280593,-0.0275,0.0115470745805933));
#6702=CARTESIAN_POINT('',(-0.0339859548984464,-0.0275,0.0113806095458615));
#6703=CARTESIAN_POINT('',(-0.0340919012928265,-0.0275,0.011046324640896));
#6704=CARTESIAN_POINT('',(-0.0341427368888483,-0.0275,0.0108785047343481));
#6705=CARTESIAN_POINT('',(-0.0343374585955407,-0.0275,0.0102047336979918));
#6706=CARTESIAN_POINT('',(-0.0345485408669455,-0.0275,0.00935317929327147));
#6707=CARTESIAN_POINT('',(-0.0347047078276854,-0.0275,0.00849022858022361));
#6708=CARTESIAN_POINT('',(-0.0347851134403286,-0.0275,0.0079704018671592));
#6709=CARTESIAN_POINT('',(-0.0348096992905404,-0.0275,0.00779678354804081));
#6710=CARTESIAN_POINT('',(-0.0348544216216694,-0.0275,0.00744897478897414));
#6711=CARTESIAN_POINT('',(-0.034874558622658,-0.0275,0.0072747844168078));
#6712=CARTESIAN_POINT('',(-0.0349103721682432,-0.0275,0.00692594574039247));
#6713=CARTESIAN_POINT('',(-0.0349260486368147,-0.0275,0.00675129742925469));
#6714=CARTESIAN_POINT('',(-0.0349529293324377,-0.0275,0.00640165695907941));
#6715=CARTESIAN_POINT('',(-0.0349641338437598,-0.0275,0.00622666482675305));
#6716=CARTESIAN_POINT('',(-0.0349820639428216,-0.0275,0.00587645125667927));
#6717=CARTESIAN_POINT('',(-0.0349887896525759,-0.0275,0.00570122982420585));
#6718=CARTESIAN_POINT('',(-0.0349977576330454,-0.0275,0.00535067225897951));
#6719=CARTESIAN_POINT('',(-0.035,-0.0275,0.00517533612919505));
#6720=CARTESIAN_POINT('',(-0.035,-0.0275,0.005));
#6721=CARTESIAN_POINT('',(-0.035,-0.0275,0.005));
#6722=CARTESIAN_POINT('',(-0.035,-0.028,0.005));
#6723=CARTESIAN_POINT('',(-0.0349935145127639,-0.0290094616777123,0.005));
#6724=CARTESIAN_POINT('',(-0.0347062929553265,-0.0306309466280069,0.005));
#6725=CARTESIAN_POINT('',(-0.0340563136659303,-0.0322167518102602,0.005));
#6726=CARTESIAN_POINT('',(-0.0330567336309524,-0.0335567336309524,0.005));
#6727=CARTESIAN_POINT('',(-0.0317167518102602,-0.0345563136659303,0.005));
#6728=CARTESIAN_POINT('',(-0.0301309466280069,-0.0352062929553265,0.005));
#6729=CARTESIAN_POINT('',(-0.0285094616777123,-0.0354935145127639,0.005));
#6730=CARTESIAN_POINT('',(-0.0275,-0.0355,0.005));
#6731=CARTESIAN_POINT('',(-0.027,-0.0355,0.005));
#6732=CARTESIAN_POINT('',(-0.027,-0.0355,0.005));
#6733=CARTESIAN_POINT('',(-0.027,-0.0355,8.13151629364128E-20));
#6734=CARTESIAN_POINT('',(-0.0282000000000137,-0.0355000000000091,0.005));
#6735=CARTESIAN_POINT('',(-0.0282000000000137,-0.0355000000000091,8.13151629364128E-20));
#6736=CARTESIAN_POINT('',(-0.0294000000000228,-0.0355000000000091,0.005));
#6737=CARTESIAN_POINT('',(-0.0294000000000228,-0.0355000000000091,8.13151629364128E-20));
#6738=CARTESIAN_POINT('',(-0.0323333333333515,-0.0347000000000091,0.005));
#6739=CARTESIAN_POINT('',(-0.0323333333333515,-0.0347000000000091,8.13151629364128E-20));
#6740=CARTESIAN_POINT('',(-0.0342000000000091,-0.0328333333333607,0.005));
#6741=CARTESIAN_POINT('',(-0.0342000000000091,-0.0328333333333607,8.13151629364128E-20));
#6742=CARTESIAN_POINT('',(-0.0350000000000091,-0.0299000000000182,0.005));
#6743=CARTESIAN_POINT('',(-0.0350000000000091,-0.0299000000000182,8.13151629364128E-20));
#6744=CARTESIAN_POINT('',(-0.0350000000000091,-0.0287000000000091,0.005));
#6745=CARTESIAN_POINT('',(-0.0350000000000091,-0.0287000000000091,8.13151629364128E-20));
#6746=CARTESIAN_POINT('',(-0.035,-0.0275,0.005));
#6747=CARTESIAN_POINT('',(-0.035,-0.0275,8.13151629364128E-20));
#6748=CARTESIAN_POINT('',(0.026,1.59204083889156E-18,0.0174991451919287));
#6749=CARTESIAN_POINT('',(0.026,1.59204083889156E-18,0.0189991673359498));
#6750=CARTESIAN_POINT('',(0.026,0.052,0.0174991451919287));
#6751=CARTESIAN_POINT('',(0.026,0.052,0.0189991673359498));
#6752=CARTESIAN_POINT('',(-0.026,0.052,0.0174991451919287));
#6753=CARTESIAN_POINT('',(-0.026,0.052,0.0189991673359498));
#6754=CARTESIAN_POINT('',(-0.026,4.77612251667468E-18,0.0174991451919287));
#6755=CARTESIAN_POINT('',(-0.026,4.77612251667468E-18,0.0189991673359498));
#6756=CARTESIAN_POINT('',(-0.0033,0.0261812407023581,0.0031));
#6757=CARTESIAN_POINT('',(-0.0033,0.0324505490086294,0.0031));
#6758=CARTESIAN_POINT('',(0.0033,0.0261812407023581,0.0031));
#6759=CARTESIAN_POINT('',(0.0033,0.0324505490086294,0.0031));
#6760=CARTESIAN_POINT('',(1.0842021724855E-19,0.0295,0.0031));
#6761=CARTESIAN_POINT('',(0.003,0.0321855957741627,0.0031));
#6762=CARTESIAN_POINT('',(0.003,0.0295,0.0031));
#6763=CARTESIAN_POINT('',(0.,0.0295,0.0031));
#6764=CARTESIAN_POINT('',(-0.003,0.0295,0.0031));
#6765=CARTESIAN_POINT('',(-0.003,0.0321855957741627,0.0031));
#6766=CARTESIAN_POINT('',(-0.0008,0.0295,0.0134004105521728));
#6767=CARTESIAN_POINT('',(-0.0008,0.0295,0.0031));
#6768=CARTESIAN_POINT('',(-0.0008,0.0311,0.0134004105521728));
#6769=CARTESIAN_POINT('',(-0.0008,0.0311,0.0031));
#6770=CARTESIAN_POINT('',(0.0008,0.0311,0.0134004105521728));
#6771=CARTESIAN_POINT('',(0.0008,0.0311,0.0031));
#6772=CARTESIAN_POINT('',(0.0008,0.0295,0.0134004105521728));
#6773=CARTESIAN_POINT('',(0.0008,0.0295,0.0031));
#6774=CARTESIAN_POINT('',(0.0008,0.029496787134033,0.0134004105521728));
#6775=CARTESIAN_POINT('',(0.0008,0.029496787134033,0.0031));
#6776=CARTESIAN_POINT('',(0.000799980645454105,0.0294935678683703,0.0134004105521728));
#6777=CARTESIAN_POINT('',(0.000799980645454105,0.0294935678683703,0.0031));
#6778=CARTESIAN_POINT('',(0.000799941704123641,0.0294903423603419,0.0134004105521728));
#6779=CARTESIAN_POINT('',(0.000799941704123641,0.0294903423603419,0.0031));
#6780=CARTESIAN_POINT('',(0.000799999997546389,0.0295000626560336,0.0133388490113078));
#6781=CARTESIAN_POINT('',(0.000799992880027575,0.0295909400177745,0.0131742213228061));
#6782=CARTESIAN_POINT('',(0.000769236806535349,0.0297712340355813,0.0128383358367817));
#6783=CARTESIAN_POINT('',(0.00063237252023303,0.0300165112810797,0.0123550826755642));
#6784=CARTESIAN_POINT('',(0.000424897222722764,0.0302044138798251,0.0119625923431878));
#6785=CARTESIAN_POINT('',(0.000110202081388215,0.0303098108983654,0.0117336580565943));
#6786=CARTESIAN_POINT('',(-9.51276006552149E-5,0.0302990629685046,0.0117571194823245));
#6787=CARTESIAN_POINT('',(-0.000179800334850343,0.0302795330907593,0.0117994418025033));
#6788=CARTESIAN_POINT('',(-0.000179800334850196,0.0302795330907587,0.0117994418025033));
#6789=CARTESIAN_POINT('',(-0.000179800334850343,0.0302795330907593,0.0117994418025033));
#6790=CARTESIAN_POINT('',(-0.000321304006261917,0.0302468950824387,0.011870170163231));
#6791=CARTESIAN_POINT('',(-0.000512638273099646,0.0301342900428315,0.0121113824028133));
#6792=CARTESIAN_POINT('',(-0.000739707580702266,0.0298739038775483,0.012642054303691));
#6793=CARTESIAN_POINT('',(-0.00080000113417626,0.0296520499128383,0.0130635222459899));
#6794=CARTESIAN_POINT('',(-0.000799999999977745,0.0294999940327279,0.0133389733241078));
#6795=CARTESIAN_POINT('',(0.003,0.0295,0.0175855400630803));
#6796=CARTESIAN_POINT('',(0.003,0.0295,0.0031));
#6797=CARTESIAN_POINT('',(0.003,0.0235,0.0175855400630803));
#6798=CARTESIAN_POINT('',(0.003,0.0235,0.0031));
#6799=CARTESIAN_POINT('',(-0.003,0.0235,0.0175855400630803));
#6800=CARTESIAN_POINT('',(-0.003,0.0235,0.0031));
#6801=CARTESIAN_POINT('',(-0.003,0.0295,0.0175855400630803));
#6802=CARTESIAN_POINT('',(-0.003,0.0295,0.0031));
#6803=CARTESIAN_POINT('',(-0.003,0.0295,0.0190024667529291));
#6804=CARTESIAN_POINT('',(0.003,0.0295,0.0190024667529291));
#6805=CARTESIAN_POINT('',(0.003,0.0293754282526008,0.00259807741946692));
#6806=CARTESIAN_POINT('',(0.003,0.0293754282526008,0.0136403741911947));
#6807=CARTESIAN_POINT('',(0.003,0.0321160066953837,0.00259807741946692));
#6808=CARTESIAN_POINT('',(0.003,0.0321160066953837,0.0136403741911947));
#6809=CARTESIAN_POINT('',(-0.003,0.0293754282526008,0.00259807741946692));
#6810=CARTESIAN_POINT('',(-0.003,0.0293754282526008,0.0136403741911947));
#6811=CARTESIAN_POINT('',(-0.003,0.0321160066953837,0.00259807741946692));
#6812=CARTESIAN_POINT('',(-0.003,0.0321160066953837,0.0136403741911947));
#6813=CARTESIAN_POINT('',(0.000787748759751052,0.0286757086202491,0.014707363014639));
#6814=CARTESIAN_POINT('',(0.000262792734739987,0.0286901296573402,0.014707363014639));
#6815=CARTESIAN_POINT('',(-0.000262361350715647,0.0286901336061029,0.014707363014639));
#6816=CARTESIAN_POINT('',(-0.00078731762861195,0.0286757204605847,0.014707363014639));
#6817=CARTESIAN_POINT('',(0.00080476678107083,0.0292952003231791,0.0137617040823859));
#6818=CARTESIAN_POINT('',(0.000268469941218739,0.0293099329031494,0.0137617040823859));
#6819=CARTESIAN_POINT('',(-0.000268029237849327,0.0293099369372186,0.0137617040823859));
#6820=CARTESIAN_POINT('',(-0.000804326336049827,0.0292952124193057,0.0137617040823859));
#6821=CARTESIAN_POINT('',(0.000819671866150924,0.0298377767111786,0.012767693685462));
#6822=CARTESIAN_POINT('',(0.000273442272842552,0.0298527821532539,0.012767693685462));
#6823=CARTESIAN_POINT('',(-0.000272993407206296,0.0298527862620381,0.012767693685462));
#6824=CARTESIAN_POINT('',(-0.000819223263647948,0.0298377890313376,0.012767693685462));
#6825=CARTESIAN_POINT('',(0.000832344945201159,0.0302991033939154,0.0117313501122119));
#6826=CARTESIAN_POINT('',(0.00027767000796744,0.030314340837553,0.0117313501122119));
#6827=CARTESIAN_POINT('',(-0.000277214202347119,0.0303143450098638,0.0117313501122119));
#6828=CARTESIAN_POINT('',(-0.000831889406782463,0.0302991159045583,0.0117313501122119));
#6829=CARTESIAN_POINT('',(-0.022,-0.033604299708458,0.00237572126868257));
#6830=CARTESIAN_POINT('',(-0.022,-0.033604299708458,0.0183098533576661));
#6831=CARTESIAN_POINT('',(-0.022,-0.0256378904900734,0.00237572126868257));
#6832=CARTESIAN_POINT('',(-0.022,-0.0256378904900734,0.0183098533576661));
#6833=CARTESIAN_POINT('',(-0.022,-0.026,0.0190024667529291));
#6834=CARTESIAN_POINT('',(-0.022,-0.026,0.0031));
#6835=CARTESIAN_POINT('',(-0.022,-0.0332421901985314,0.0190024667529291));
#6836=CARTESIAN_POINT('',(-0.022,-0.0332421901985314,0.0031));
#6837=CARTESIAN_POINT('',(-0.022,-0.0296210950992657,0.0031));
#6838=CARTESIAN_POINT('',(-0.0267495252583429,-0.0220708509970852,0.0182191024515252));
#6839=CARTESIAN_POINT('',(-0.0267495252583429,-0.0220708509970852,0.00238004274040356));
#6840=CARTESIAN_POINT('',(-0.0236897628314861,-0.0214871700977973,0.0182191024515252));
#6841=CARTESIAN_POINT('',(-0.0236897628314861,-0.0214871700977973,0.00238004274040356));
#6842=CARTESIAN_POINT('',(-0.0214871700977973,-0.0236897628314861,0.0182191024515252));
#6843=CARTESIAN_POINT('',(-0.0214871700977973,-0.0236897628314861,0.00238004274040356));
#6844=CARTESIAN_POINT('',(-0.0220708509970852,-0.0267495252583429,0.0182191024515252));
#6845=CARTESIAN_POINT('',(-0.0220708509970852,-0.0267495252583429,0.00238004274040356));
#6846=CARTESIAN_POINT('',(-0.026,-0.026,0.0031));
#6847=CARTESIAN_POINT('',(-0.026,-0.022,0.0031));
#6848=CARTESIAN_POINT('',(-0.026,-0.022,0.0190024667529291));
#6849=CARTESIAN_POINT('',(-0.0324383791965369,-0.022,0.0182191024515252));
#6850=CARTESIAN_POINT('',(-0.0256934105144506,-0.022,0.0182191024515252));
#6851=CARTESIAN_POINT('',(-0.0324383791965369,-0.022,0.00238004274040356));
#6852=CARTESIAN_POINT('',(-0.0256934105144506,-0.022,0.00238004274040356));
#6853=CARTESIAN_POINT('',(-0.0296210950992657,-0.022,0.0031));
#6854=CARTESIAN_POINT('',(-0.0271408419598179,-0.0332421901985314,0.011495576247343));
#6855=CARTESIAN_POINT('',(-0.0217551980019134,-0.0332421901985314,0.011495576247343));
#6856=CARTESIAN_POINT('',(-0.0271408419598179,-0.0332421901985314,0.00270021065488843));
#6857=CARTESIAN_POINT('',(-0.0217551980019134,-0.0332421901985314,0.00270021065488843));
#6858=CARTESIAN_POINT('',(-0.0276210950992657,-0.0332421901985314,0.0031));
#6859=CARTESIAN_POINT('',(-0.0326383791965369,-0.0338042997117638,0.0031));
#6860=CARTESIAN_POINT('',(-0.0326383791965369,-0.021437890489916,0.0031));
#6861=CARTESIAN_POINT('',(-0.0214934105144506,-0.0338042997117638,0.0031));
#6862=CARTESIAN_POINT('',(-0.0214934105144506,-0.021437890489916,0.0031));
#6863=CARTESIAN_POINT('',(-0.026,-0.026,0.0031));
#6864=CARTESIAN_POINT('',(-0.0268,-0.026,0.0175862191310074));
#6865=CARTESIAN_POINT('',(-0.0268,-0.026,0.0031));
#6866=CARTESIAN_POINT('',(-0.0268,-0.0244,0.0175862191310074));
#6867=CARTESIAN_POINT('',(-0.0268,-0.0244,0.0031));
#6868=CARTESIAN_POINT('',(-0.0252,-0.0244,0.0175862191310074));
#6869=CARTESIAN_POINT('',(-0.0252,-0.0244,0.0031));
#6870=CARTESIAN_POINT('',(-0.0252,-0.026,0.0175862191310074));
#6871=CARTESIAN_POINT('',(-0.0252,-0.026,0.0031));
#6872=CARTESIAN_POINT('',(-0.026,-0.026,0.0174991451919287));
#6873=CARTESIAN_POINT('',(-0.0264439947940865,-0.0253345156802359,0.0174998322476928));
#6874=CARTESIAN_POINT('',(-0.0267999999998497,-0.0260000155201456,0.0170380929212578));
#6875=CARTESIAN_POINT('',(-0.0268000058639746,-0.0256977438736812,0.0170950685009984));
#6876=CARTESIAN_POINT('',(-0.0266332528653227,-0.0254607849542664,0.0172959751098913));
#6877=CARTESIAN_POINT('',(-0.0264439954274822,-0.0253345166716026,0.0174998334497678));
#6878=CARTESIAN_POINT('',(-0.0263432431059913,-0.0270427178228186,0.0171860106592428));
#6879=CARTESIAN_POINT('',(-0.0262425669846342,-0.0269553416733893,0.0173059635959789));
#6880=CARTESIAN_POINT('',(-0.0261435724053535,-0.026867236139629,0.0174212734352985));
#6881=CARTESIAN_POINT('',(-0.0259474728436641,-0.0266888139529331,0.0176451816730966));
#6882=CARTESIAN_POINT('',(-0.0258503906188229,-0.0265984846056538,0.0177537192446653));
#6883=CARTESIAN_POINT('',(-0.0257537864112148,-0.0265066400204913,0.0178595922515983));
#6884=CARTESIAN_POINT('',(-0.0264787919474939,-0.0268186037054719,0.0171464655087209));
#6885=CARTESIAN_POINT('',(-0.0263784345190261,-0.0267348543804895,0.0172650821010335));
#6886=CARTESIAN_POINT('',(-0.0262796286034913,-0.0266503279173757,0.0173792465870142));
#6887=CARTESIAN_POINT('',(-0.0260837388612236,-0.026479027570918,0.0176010958700522));
#6888=CARTESIAN_POINT('',(-0.0259866768791503,-0.026392241894705,0.0177087229129372));
#6889=CARTESIAN_POINT('',(-0.0258900481950628,-0.0263039581958216,0.0178137533396922));
#6890=CARTESIAN_POINT('',(-0.0266032221562778,-0.0265940656279863,0.0170977518477204));
#6891=CARTESIAN_POINT('',(-0.0265034396985475,-0.0265140927052737,0.01721513777869));
#6892=CARTESIAN_POINT('',(-0.0264050572737281,-0.0264332816601727,0.0173282868917205));
#6893=CARTESIAN_POINT('',(-0.0262098197191676,-0.0262693530025577,0.0175483635924219));
#6894=CARTESIAN_POINT('',(-0.0261129854701622,-0.0261862246614867,0.017655236815462));
#6895=CARTESIAN_POINT('',(-0.026016533519351,-0.0261016074350566,0.0177595860711686));
#6896=CARTESIAN_POINT('',(-0.0268271878597453,-0.0261533550414066,0.0169859442491099));
#6897=CARTESIAN_POINT('',(-0.0267290103430711,-0.0260809745100041,0.0171010753800381));
#6898=CARTESIAN_POINT('',(-0.0266319007388588,-0.0260076177027791,0.0172124350892693));
#6899=CARTESIAN_POINT('',(-0.0264387820063262,-0.0258584474717835,0.0174294869477999));
#6900=CARTESIAN_POINT('',(-0.0263427919681629,-0.0257826256969958,0.0175351317661187));
#6901=CARTESIAN_POINT('',(-0.0262470753544792,-0.025705320208704,0.0176384025783332));
#6902=CARTESIAN_POINT('',(-0.0269266939561909,-0.0259373446417631,0.0169229338025909));
#6903=CARTESIAN_POINT('',(-0.0268295449371616,-0.025868775990722,0.0170370409349138));
#6904=CARTESIAN_POINT('',(-0.0267332834092814,-0.0257991540056269,0.017147626428194));
#6905=CARTESIAN_POINT('',(-0.0265416290910641,-0.0256573626955041,0.017363425278212));
#6906=CARTESIAN_POINT('',(-0.026446254566238,-0.02558518632961,0.0174685949426806));
#6907=CARTESIAN_POINT('',(-0.02635109567716,-0.0255115223261486,0.0175714678139599));
#6908=CARTESIAN_POINT('',(-0.0270152977230795,-0.025726881165037,0.0168548689928877));
#6909=CARTESIAN_POINT('',(-0.0269193544301175,-0.0256620585102553,0.0169680225089827));
#6910=CARTESIAN_POINT('',(-0.0268241102930472,-0.0255961031494984,0.0170779156616924));
#6911=CARTESIAN_POINT('',(-0.0266342487706194,-0.0254615470196979,0.0172926380999058));
#6912=CARTESIAN_POINT('',(-0.0265396489949498,-0.0253929406233651,0.0173974272798498));
#6913=CARTESIAN_POINT('',(-0.026445206217146,-0.0253228386768262,0.0174999975962805));
#6914=CARTESIAN_POINT('',(-0.0264446590292719,-0.0253345959436467,0.0174991358528658));
#6915=CARTESIAN_POINT('',(-0.0263843506842113,-0.0258335392184598,0.0174991184238759));
#6916=CARTESIAN_POINT('',(-0.0262603604617069,-0.0263373146658957,0.0174993924909764));
#6917=CARTESIAN_POINT('',(-0.0260791063830299,-0.0267962661047989,0.0174988925828087));
#6918=CARTESIAN_POINT('',(-0.0251925320458242,-0.0268161996494577,0.0174991451919287));
#6919=CARTESIAN_POINT('',(-0.0251925320458242,-0.0251875914446,0.0174991451919287));
#6920=CARTESIAN_POINT('',(-0.026452126983472,-0.0268161996494577,0.0174991451919287));
#6921=CARTESIAN_POINT('',(-0.026452126983472,-0.0251875914446,0.0174991451919287));
#6922=CARTESIAN_POINT('',(0.0256934105144506,-0.022,0.00238004274040356));
#6923=CARTESIAN_POINT('',(0.0324383791965369,-0.022,0.00238004274040356));
#6924=CARTESIAN_POINT('',(0.0256934105144506,-0.022,0.0182191024515252));
#6925=CARTESIAN_POINT('',(0.0324383791965369,-0.022,0.0182191024515252));
#6926=CARTESIAN_POINT('',(0.0296210950992657,-0.022,0.0031));
#6927=CARTESIAN_POINT('',(0.026,-0.022,0.0031));
#6928=CARTESIAN_POINT('',(0.026,-0.022,0.0190024667529291));
#6929=CARTESIAN_POINT('',(0.0220708509970852,-0.0267495252583429,0.0182191024515252));
#6930=CARTESIAN_POINT('',(0.0220708509970852,-0.0267495252583429,0.00238004274040356));
#6931=CARTESIAN_POINT('',(0.0214871700977973,-0.0236897628314861,0.0182191024515252));
#6932=CARTESIAN_POINT('',(0.0214871700977973,-0.0236897628314861,0.00238004274040356));
#6933=CARTESIAN_POINT('',(0.0236897628314861,-0.0214871700977973,0.0182191024515252));
#6934=CARTESIAN_POINT('',(0.0236897628314861,-0.0214871700977973,0.00238004274040356));
#6935=CARTESIAN_POINT('',(0.0267495252583429,-0.0220708509970852,0.0182191024515252));
#6936=CARTESIAN_POINT('',(0.0267495252583429,-0.0220708509970852,0.00238004274040356));
#6937=CARTESIAN_POINT('',(0.022,-0.026,0.0190024667529291));
#6938=CARTESIAN_POINT('',(0.022,-0.026,0.0031));
#6939=CARTESIAN_POINT('',(0.026,-0.026,0.0031));
#6940=CARTESIAN_POINT('',(0.022,-0.033604299708458,0.00237572119238758));
#6941=CARTESIAN_POINT('',(0.022,-0.033604299708458,0.0183098549598607));
#6942=CARTESIAN_POINT('',(0.022,-0.0256378904900734,0.00237572119238758));
#6943=CARTESIAN_POINT('',(0.022,-0.0256378904900734,0.0183098549598607));
#6944=CARTESIAN_POINT('',(0.022,-0.0296210950992657,0.0031));
#6945=CARTESIAN_POINT('',(0.022,-0.0332421901985314,0.0031));
#6946=CARTESIAN_POINT('',(0.022,-0.0332421901985314,0.0190024667529291));
#6947=CARTESIAN_POINT('',(0.0217551980019134,-0.0332421901985314,0.00270021065488843));
#6948=CARTESIAN_POINT('',(0.0271408419598179,-0.0332421901985314,0.00270021065488843));
#6949=CARTESIAN_POINT('',(0.0217551980019134,-0.0332421901985314,0.011495576247343));
#6950=CARTESIAN_POINT('',(0.0271408419598179,-0.0332421901985314,0.011495576247343));
#6951=CARTESIAN_POINT('',(0.0276210950992657,-0.0332421901985314,0.0031));
#6952=CARTESIAN_POINT('',(0.0214934105144506,-0.0338042997117626,0.0031));
#6953=CARTESIAN_POINT('',(0.0214934105144506,-0.0214378904899161,0.0031));
#6954=CARTESIAN_POINT('',(0.0326383791965369,-0.0338042997117626,0.0031));
#6955=CARTESIAN_POINT('',(0.0326383791965369,-0.0214378904899161,0.0031));
#6956=CARTESIAN_POINT('',(0.026,-0.026,0.0031));
#6957=CARTESIAN_POINT('',(0.0252,-0.026,0.0175862064734443));
#6958=CARTESIAN_POINT('',(0.0252,-0.026,0.0031));
#6959=CARTESIAN_POINT('',(0.0252,-0.0244,0.0175862064734443));
#6960=CARTESIAN_POINT('',(0.0252,-0.0244,0.0031));
#6961=CARTESIAN_POINT('',(0.0268,-0.0244,0.0175862064734443));
#6962=CARTESIAN_POINT('',(0.0268,-0.0244,0.0031));
#6963=CARTESIAN_POINT('',(0.0268,-0.026,0.0175862064734443));
#6964=CARTESIAN_POINT('',(0.0268,-0.026,0.0031));
#6965=CARTESIAN_POINT('',(0.0267999999998147,-0.0260000172266041,0.017038092948776));
#6966=CARTESIAN_POINT('',(0.0268000065085896,-0.0256977510417743,0.0170950666206337));
#6967=CARTESIAN_POINT('',(0.0266332592479808,-0.0254607940138029,0.0172959672827102));
#6968=CARTESIAN_POINT('',(0.026444007109475,-0.0253345244657122,0.0174998208675294));
#6969=CARTESIAN_POINT('',(0.0264440072394563,-0.0253345239585242,0.0174998206740417));
#6970=CARTESIAN_POINT('',(0.026,-0.026,0.0174991451919287));
#6971=CARTESIAN_POINT('',(0.0270152998774746,-0.0257268855132417,0.0168548663289024));
#6972=CARTESIAN_POINT('',(0.0269193634531732,-0.0256620669151642,0.016968011738674));
#6973=CARTESIAN_POINT('',(0.026824122818382,-0.025596113881932,0.0170779011607338));
#6974=CARTESIAN_POINT('',(0.0266342630909801,-0.0254615589666423,0.0172926219581723));
#6975=CARTESIAN_POINT('',(0.0265396616197995,-0.0253929514640537,0.0173974132147592));
#6976=CARTESIAN_POINT('',(0.0264452169534521,-0.0253228482353346,0.0174999857484922));
#6977=CARTESIAN_POINT('',(0.0269266933104579,-0.0259373490982931,0.0169229342102061));
#6978=CARTESIAN_POINT('',(0.026829552337955,-0.025868785264047,0.0170370318303365));
#6979=CARTESIAN_POINT('',(0.0267332949171745,-0.0257991660217675,0.0171476129193964));
#6980=CARTESIAN_POINT('',(0.026541642992482,-0.0256573762582943,0.0173634094407521));
#6981=CARTESIAN_POINT('',(0.0264462667685007,-0.0255851987125167,0.0174685811764283));
#6982=CARTESIAN_POINT('',(0.0263511059576931,-0.0255115333308803,0.0175714562922911));
#6983=CARTESIAN_POINT('',(0.0268271844252336,-0.0261533596580885,0.0169859474505308));
#6984=CARTESIAN_POINT('',(0.0267290160599713,-0.0260809847153648,0.0171010677607906));
#6985=CARTESIAN_POINT('',(0.0266319111268051,-0.026007631069181,0.0172124224454487));
#6986=CARTESIAN_POINT('',(0.0264387953500568,-0.0258584627191621,0.0174294713445594));
#6987=CARTESIAN_POINT('',(0.0263428036126073,-0.0257826396892376,0.0175351182331964));
#6988=CARTESIAN_POINT('',(0.0262470850496692,-0.0257053327247442,0.0176383913191942));
#6989=CARTESIAN_POINT('',(0.0266032148650713,-0.0265940675482031,0.017097759109109));
#6990=CARTESIAN_POINT('',(0.026503443568936,-0.0265141017745437,0.0172151318320553));
#6991=CARTESIAN_POINT('',(0.0264050668405242,-0.0264332947569733,0.0173282747934233));
#6992=CARTESIAN_POINT('',(0.0262098332801097,-0.0262693687344955,0.0175483473906219));
#6993=CARTESIAN_POINT('',(0.0261129973462492,-0.0261862390414863,0.0176552226857386));
#6994=CARTESIAN_POINT('',(0.0260165434107622,-0.0261016201971934,0.0177595742720954));
#6995=CARTESIAN_POINT('',(0.0264787839414094,-0.026818602658883,0.0171464742399881));
#6996=CARTESIAN_POINT('',(0.0263784385721058,-0.0267348612699255,0.0172650765441739));
#6997=CARTESIAN_POINT('',(0.0262796388077144,-0.0266503392817259,0.0173792343691143));
#6998=CARTESIAN_POINT('',(0.0260837535234504,-0.0264790419894321,0.0176010790287854));
#6999=CARTESIAN_POINT('',(0.0259866898655237,-0.0263922549397981,0.0177087081424728));
#7000=CARTESIAN_POINT('',(0.0258900591834303,-0.0263039695796907,0.0178137409235169));
#7001=CARTESIAN_POINT('',(0.026343234846231,-0.0270427139219529,0.0171860206991153));
#7002=CARTESIAN_POINT('',(0.0262425715339512,-0.0269553464341922,0.017305958417574));
#7003=CARTESIAN_POINT('',(0.0261435834817224,-0.0268672457879573,0.0174212611575713));
#7004=CARTESIAN_POINT('',(0.0259474887618615,-0.0266888270403171,0.0176451643262972));
#7005=CARTESIAN_POINT('',(0.0258504048684356,-0.0265984962978217,0.0177537039694305));
#7006=CARTESIAN_POINT('',(0.0257537986515623,-0.0265066500093089,0.0178595793525598));
#7007=CARTESIAN_POINT('',(0.0260791381125883,-0.0267962748357924,0.0174988632489587));
#7008=CARTESIAN_POINT('',(0.0262604485305126,-0.026337129515946,0.0174993791603548));
#7009=CARTESIAN_POINT('',(0.0263843993474118,-0.025833378999416,0.0174990888474617));
#7010=CARTESIAN_POINT('',(0.0264446618250966,-0.0253346029862009,0.017499132218256));
#7011=CARTESIAN_POINT('',(0.026452129796051,-0.0268161998927284,0.0174991451919287));
#7012=CARTESIAN_POINT('',(0.026452129796051,-0.0251875914431491,0.0174991451919287));
#7013=CARTESIAN_POINT('',(0.0251925320290494,-0.0268161998927284,0.0174991451919287));
#7014=CARTESIAN_POINT('',(0.0251925320290494,-0.0251875914431491,0.0174991451919287));
#7015=CARTESIAN_POINT('',(-0.00575,-0.0356,0.00755));
#7016=CARTESIAN_POINT('',(-0.00575,-0.0334,0.00755));
#7017=CARTESIAN_POINT('',(-0.00575,-0.0356,0.00645));
#7018=CARTESIAN_POINT('',(-0.00575,-0.0334,0.00645));
#7019=CARTESIAN_POINT('',(-0.00575,-0.103461426468918,0.0075));
#7020=CARTESIAN_POINT('',(-0.00575,-0.103461426468918,0.0065));
#7021=CARTESIAN_POINT('',(-0.005675,-0.0356,0.0075));
#7022=CARTESIAN_POINT('',(-0.005675,-0.0334,0.0075));
#7023=CARTESIAN_POINT('',(-0.007325,-0.0356,0.0075));
#7024=CARTESIAN_POINT('',(-0.007325,-0.0334,0.0075));
#7025=CARTESIAN_POINT('',(-0.00725,-0.103461426468918,0.0075));
#7026=CARTESIAN_POINT('',(-0.00725,-0.0356,0.00755));
#7027=CARTESIAN_POINT('',(-0.00725,-0.0334,0.00755));
#7028=CARTESIAN_POINT('',(-0.00725,-0.0356,0.00645));
#7029=CARTESIAN_POINT('',(-0.00725,-0.0334,0.00645));
#7030=CARTESIAN_POINT('',(-0.00725,-0.103461426468918,0.0065));
#7031=CARTESIAN_POINT('',(-0.005675,-0.0356,0.0065));
#7032=CARTESIAN_POINT('',(-0.005675,-0.0334,0.0065));
#7033=CARTESIAN_POINT('',(-0.007325,-0.0356,0.0065));
#7034=CARTESIAN_POINT('',(-0.007325,-0.0334,0.0065));
#7035=CARTESIAN_POINT('',(0.00356261868541428,-0.0356,0.00748228725072869));
#7036=CARTESIAN_POINT('',(0.00356261868541428,-0.0334,0.00748228725072869));
#7037=CARTESIAN_POINT('',(0.00432755929212846,-0.0356,0.00762820747555068));
#7038=CARTESIAN_POINT('',(0.00432755929212846,-0.0334,0.00762820747555068));
#7039=CARTESIAN_POINT('',(0.00487820747555068,-0.0356,0.00707755929212846));
#7040=CARTESIAN_POINT('',(0.00487820747555068,-0.0334,0.00707755929212846));
#7041=CARTESIAN_POINT('',(0.00473228725072869,-0.0356,0.00631261868541427));
#7042=CARTESIAN_POINT('',(0.00473228725072869,-0.0334,0.00631261868541427));
#7043=CARTESIAN_POINT('',(0.00375,-0.103461426468918,0.0075));
#7044=CARTESIAN_POINT('',(0.00475,-0.103461426468918,0.0065));
#7045=CARTESIAN_POINT('',(-0.004125,-0.0356,0.0075));
#7046=CARTESIAN_POINT('',(-0.004125,-0.0334,0.0075));
#7047=CARTESIAN_POINT('',(0.004125,-0.0356,0.0075));
#7048=CARTESIAN_POINT('',(0.004125,-0.0334,0.0075));
#7049=CARTESIAN_POINT('',(-0.00375,-0.103461426468918,0.0075));
#7050=CARTESIAN_POINT('',(-0.00473228725072869,-0.0356,0.00631261868541427));
#7051=CARTESIAN_POINT('',(-0.00473228725072869,-0.0334,0.00631261868541427));
#7052=CARTESIAN_POINT('',(-0.00487820747555068,-0.0356,0.00707755929212846));
#7053=CARTESIAN_POINT('',(-0.00487820747555068,-0.0334,0.00707755929212846));
#7054=CARTESIAN_POINT('',(-0.00432755929212846,-0.0356,0.00762820747555068));
#7055=CARTESIAN_POINT('',(-0.00432755929212846,-0.0334,0.00762820747555068));
#7056=CARTESIAN_POINT('',(-0.00356261868541428,-0.0356,0.00748228725072869));
#7057=CARTESIAN_POINT('',(-0.00356261868541428,-0.0334,0.00748228725072869));
#7058=CARTESIAN_POINT('',(-0.00475,-0.103461426468918,0.0065));
#7059=CARTESIAN_POINT('',(0.00475,-0.0356,0.006825));
#7060=CARTESIAN_POINT('',(0.00475,-0.0334,0.006825));
#7061=CARTESIAN_POINT('',(0.00475,-0.0356,-0.000325000000000031));
#7062=CARTESIAN_POINT('',(0.00475,-0.0334,-0.000325000000000031));
#7063=CARTESIAN_POINT('',(-0.00475,-0.0356,0.006825));
#7064=CARTESIAN_POINT('',(-0.00475,-0.0334,0.006825));
#7065=CARTESIAN_POINT('',(-0.00475,-0.0356,-0.000325000000000031));
#7066=CARTESIAN_POINT('',(-0.00475,-0.0334,-0.000325000000000031));
#7067=MECHANICAL_DESIGN_GEOMETRIC_PRESENTATION_REPRESENTATION('',(#1313),
#7068);
#7068=(
GEOMETRIC_REPRESENTATION_CONTEXT(3)
GLOBAL_UNCERTAINTY_ASSIGNED_CONTEXT((#7069))
GLOBAL_UNIT_ASSIGNED_CONTEXT((#7072,#7071,#7070))
REPRESENTATION_CONTEXT('Blende','TOP_LEVEL_ASSEMBLY_PART')
);
#7069=UNCERTAINTY_MEASURE_WITH_UNIT(LENGTH_MEASURE(2.2428346230168E-5),
#7072,'DISTANCE_ACCURACY_VALUE','Maximum Tolerance applied to model');
#7070=(
NAMED_UNIT(*)
SI_UNIT($,.STERADIAN.)
SOLID_ANGLE_UNIT()
);
#7071=(
NAMED_UNIT(*)
PLANE_ANGLE_UNIT()
SI_UNIT($,.RADIAN.)
);
#7072=(
LENGTH_UNIT()
NAMED_UNIT(*)
SI_UNIT($,.METRE.)
);
#7073=PRODUCT_DEFINITION_SHAPE('','',#7074);
#7074=PRODUCT_DEFINITION('','',#7076,#7075);
#7075=PRODUCT_DEFINITION_CONTEXT('',#7082,'design');
#7076=PRODUCT_DEFINITION_FORMATION_WITH_SPECIFIED_SOURCE('','',#7078,
 .NOT_KNOWN.);
#7077=PRODUCT_RELATED_PRODUCT_CATEGORY('','',(#7078));
#7078=PRODUCT('Blende','Blende','Blende',(#7080));
#7079=PRODUCT_CATEGORY('','');
#7080=PRODUCT_CONTEXT('',#7082,'mechanical');
#7081=APPLICATION_PROTOCOL_DEFINITION('international standard',
'ap242_managed_model_based_3d_engineering',2011,#7082);
#7082=APPLICATION_CONTEXT('managed model based 3d engineering');
ENDSEC;
END-ISO-10303-21;
