ISO-10303-21;
HEADER;
/* Generated by software containing ST-Developer
 * from STEP Tools, Inc. (www.steptools.com) 
 */
/* OPTION: using custom renumber hook */

FILE_DESCRIPTION(
/* description */ ('STEP AP242',
'CAx-IF Rec.Pracs.---Representation and Presentation of Product Manufa
cturing Information (PMI)---4.0---2014-10-13',
'CAx-IF Rec.Pracs.---3D Tessellated Geometry---0.4---2014-09-14','2;1'),

/* implementation_level */ '2;1');

FILE_NAME(
/* name */ '6797d71c39e4a42647878978',
/* time_stamp */ '2025-01-27T18:57:33Z',
/* author */ (''),
/* organization */ (''),
/* preprocessor_version */ 'ST-DEVELOPER v20',
/* originating_system */ 'ONSHAPE BY PTC INC, 1.192',
/* authorisation */ '  ');

FILE_SCHEMA (('AP242_MANAGED_MODEL_BASED_3D_ENGINEERING_MIM_LF { 1 0 10303 442 1 1 4 }'));
ENDSEC;

DATA;
#10=SHAPE_REPRESENTATION_RELATIONSHIP('','',#1377,#11);
#11=ADVANCED_BREP_SHAPE_REPRESENTATION('',(#1375),#7200);
#12=B_SPLINE_SURFACE_WITH_KNOTS('',1,1,((#5979,#5980),(#5981,#5982)),
 .PLANE_SURF.,.F.,.F.,.F.,(2,2),(2,2),(0.,1.),(0.,1.),.UNSPECIFIED.);
#13=B_SPLINE_SURFACE_WITH_KNOTS('',1,1,((#6025,#6026),(#6027,#6028)),
 .PLANE_SURF.,.F.,.F.,.F.,(2,2),(2,2),(0.,1.),(0.,1.),.UNSPECIFIED.);
#14=B_SPLINE_SURFACE_WITH_KNOTS('',1,1,((#6054,#6055),(#6056,#6057)),
 .PLANE_SURF.,.F.,.F.,.F.,(2,2),(2,2),(0.,1.),(0.,1.),.UNSPECIFIED.);
#15=B_SPLINE_SURFACE_WITH_KNOTS('',1,1,((#6179,#6180),(#6181,#6182)),
 .PLANE_SURF.,.F.,.F.,.F.,(2,2),(2,2),(0.225811558943992,0.954545454545455),
(0.0454545454545455,0.956568029592626),.PIECEWISE_BEZIER_KNOTS.);
#16=B_SPLINE_SURFACE_WITH_KNOTS('',1,1,((#6213,#6214),(#6215,#6216)),
 .PLANE_SURF.,.F.,.F.,.F.,(2,2),(2,2),(0.784459266493585,0.954548483935635),
(0.0450650531209111,0.271038303841826),.PIECEWISE_BEZIER_KNOTS.);
#17=B_SPLINE_SURFACE_WITH_KNOTS('',1,1,((#6227,#6228),(#6229,#6230)),
 .PLANE_SURF.,.F.,.F.,.F.,(2,2),(2,2),(0.044946617701013,0.215035835143063),
(0.729440498759658,0.955413749480572),.PIECEWISE_BEZIER_KNOTS.);
#18=B_SPLINE_SURFACE_WITH_KNOTS('',1,1,((#6241,#6242),(#6243,#6244)),
 .PLANE_SURF.,.F.,.F.,.F.,(2,2),(2,2),(0.860020191105994,0.954547138126632),
(0.0451585351655485,0.216895951990486),.PIECEWISE_BEZIER_KNOTS.);
#19=B_SPLINE_SURFACE_WITH_KNOTS('',1,1,((#6255,#6256),(#6257,#6258)),
 .PLANE_SURF.,.F.,.F.,.F.,(2,2),(2,2),(0.452596228058184,0.547123175078822),
(0.783467933211349,0.955205350036286),.PIECEWISE_BEZIER_KNOTS.);
#20=B_SPLINE_SURFACE_WITH_KNOTS('',1,1,((#6269,#6270),(#6271,#6272)),
 .PLANE_SURF.,.F.,.F.,.F.,(2,2),(2,2),(0.0451722650103731,0.139699212031011),
(0.0451585351655485,0.216895951990486),.PIECEWISE_BEZIER_KNOTS.);
#21=B_SPLINE_SURFACE_WITH_KNOTS('',1,1,((#6283,#6284),(#6285,#6286)),
 .PLANE_SURF.,.F.,.F.,.F.,(2,2),(2,2),(0.,1.),(0.,1.),.UNSPECIFIED.);
#22=B_SPLINE_SURFACE_WITH_KNOTS('',1,1,((#6287,#6288),(#6289,#6290)),
 .PLANE_SURF.,.F.,.F.,.F.,(2,2),(2,2),(0.,1.),(0.,1.),.UNSPECIFIED.);
#23=B_SPLINE_SURFACE_WITH_KNOTS('',1,1,((#6308,#6309),(#6310,#6311)),
 .PLANE_SURF.,.F.,.F.,.F.,(2,2),(2,2),(0.0418579416114526,0.408480341284999),
(0.0454545454545455,0.712199571260222),.PIECEWISE_BEZIER_KNOTS.);
#24=B_SPLINE_SURFACE_WITH_KNOTS('',1,1,((#6351,#6352),(#6353,#6354)),
 .PLANE_SURF.,.F.,.F.,.F.,(2,2),(2,2),(0.0454545454545454,0.429177283513787),
(0.566899054586312,0.954545454545455),.PIECEWISE_BEZIER_KNOTS.);
#25=B_SPLINE_SURFACE_WITH_KNOTS('',1,1,((#6355,#6356),(#6357,#6358)),
 .PLANE_SURF.,.F.,.F.,.F.,(2,2),(2,2),(0.342434528303924,0.95508414517565),
(0.0451982717687398,0.659256780369057),.PIECEWISE_BEZIER_KNOTS.);
#26=B_SPLINE_SURFACE_WITH_KNOTS('',1,1,((#6609,#6610),(#6611,#6612)),
 .PLANE_SURF.,.F.,.F.,.F.,(2,2),(2,2),(0.525912576225092,0.541023402319744),
(0.866164318403779,0.954545454545454),.PIECEWISE_BEZIER_KNOTS.);
#27=B_SPLINE_SURFACE_WITH_KNOTS('',1,1,((#6613,#6614),(#6615,#6616)),
 .PLANE_SURF.,.F.,.F.,.F.,(2,2),(2,2),(0.457477164797689,0.472633044172685),
(0.866164318403779,0.954545454545454),.PIECEWISE_BEZIER_KNOTS.);
#28=B_SPLINE_SURFACE_WITH_KNOTS('',1,1,((#6617,#6618),(#6619,#6620)),
 .PLANE_SURF.,.F.,.F.,.F.,(2,2),(2,2),(0.,1.),(0.,1.),.UNSPECIFIED.);
#29=B_SPLINE_SURFACE_WITH_KNOTS('',1,3,((#6871,#6872,#6873,#6874,#6875,
#6876,#6877,#6878,#6879,#6880,#6881,#6882,#6883,#6884,#6885,#6886,#6887,
#6888,#6889,#6890,#6891,#6892,#6893,#6894,#6895,#6896,#6897,#6898,#6899,
#6900,#6901,#6902,#6903,#6904,#6905,#6906),(#6907,#6908,#6909,#6910,#6911,
#6912,#6913,#6914,#6915,#6916,#6917,#6918,#6919,#6920,#6921,#6922,#6923,
#6924,#6925,#6926,#6927,#6928,#6929,#6930,#6931,#6932,#6933,#6934,#6935,
#6936,#6937,#6938,#6939,#6940,#6941,#6942)),.RULED_SURF.,.F.,.F.,.F.,(2,
2),(4,2,2,2,2,2,2,2,2,2,2,2,2,2,2,2,2,4),(0.,1.),(0.,0.015625,0.078125,
0.140625,0.203125,0.265625,0.328125,0.390625,0.453125,0.515625,0.578125,
0.640625,0.703125,0.765625,0.828125,0.890625,0.953125,1.),.UNSPECIFIED.);
#30=B_SPLINE_SURFACE_WITH_KNOTS('',1,3,((#6979,#6980,#6981,#6982,#6983,
#6984,#6985,#6986,#6987,#6988,#6989,#6990,#6991,#6992,#6993,#6994,#6995,
#6996,#6997,#6998,#6999,#7000,#7001,#7002,#7003,#7004,#7005,#7006,#7007,
#7008,#7009,#7010,#7011,#7012,#7013,#7014),(#7015,#7016,#7017,#7018,#7019,
#7020,#7021,#7022,#7023,#7024,#7025,#7026,#7027,#7028,#7029,#7030,#7031,
#7032,#7033,#7034,#7035,#7036,#7037,#7038,#7039,#7040,#7041,#7042,#7043,
#7044,#7045,#7046,#7047,#7048,#7049,#7050)),.RULED_SURF.,.F.,.F.,.F.,(2,
2),(4,2,2,2,2,2,2,2,2,2,2,2,2,2,2,2,2,4),(0.,1.),(0.,0.015625,0.078125,
0.140625,0.203125,0.265625,0.328125,0.390625,0.453125,0.515625,0.578125,
0.640625,0.703125,0.765625,0.828125,0.890625,0.953125,1.),.UNSPECIFIED.);
#31=B_SPLINE_SURFACE_WITH_KNOTS('',1,3,((#7095,#7096,#7097,#7098,#7099,
#7100,#7101,#7102,#7103,#7104,#7105,#7106,#7107,#7108,#7109,#7110,#7111,
#7112,#7113,#7114,#7115,#7116,#7117,#7118),(#7119,#7120,#7121,#7122,#7123,
#7124,#7125,#7126,#7127,#7128,#7129,#7130,#7131,#7132,#7133,#7134,#7135,
#7136,#7137,#7138,#7139,#7140,#7141,#7142)),.RULED_SURF.,.F.,.F.,.F.,(2,
2),(4,2,2,2,2,2,2,2,2,2,2,4),(0.,1.),(0.,0.015625,0.078125,0.140625,0.203125,
0.265625,0.328125,0.390625,0.453125,0.515625,0.578125,0.637777062455),
 .UNSPECIFIED.);
#32=B_SPLINE_SURFACE_WITH_KNOTS('',1,1,((#7161,#7162),(#7163,#7164)),
 .PLANE_SURF.,.F.,.F.,.F.,(2,2),(2,2),(0.,1.),(0.,1.),.UNSPECIFIED.);
#33=B_SPLINE_SURFACE_WITH_KNOTS('',1,1,((#7166,#7167),(#7168,#7169)),
 .PLANE_SURF.,.F.,.F.,.F.,(2,2),(2,2),(0.0427315991146133,0.954561694782075),
(0.0419418409000892,0.956121153583821),.PIECEWISE_BEZIER_KNOTS.);
#34=LINE('',#5783,#64);
#35=LINE('',#5787,#65);
#36=LINE('',#5959,#66);
#37=LINE('',#5993,#67);
#38=LINE('',#5994,#68);
#39=LINE('',#5996,#69);
#40=LINE('',#5998,#70);
#41=LINE('',#6015,#71);
#42=LINE('',#6019,#72);
#43=LINE('',#6029,#73);
#44=LINE('',#6042,#74);
#45=LINE('',#6044,#75);
#46=LINE('',#6046,#76);
#47=LINE('',#6048,#77);
#48=LINE('',#6050,#78);
#49=LINE('',#6051,#79);
#50=LINE('',#6053,#80);
#51=LINE('',#6058,#81);
#52=LINE('',#6061,#82);
#53=LINE('',#6063,#83);
#54=LINE('',#6064,#84);
#55=LINE('',#6066,#85);
#56=LINE('',#6068,#86);
#57=LINE('',#6070,#87);
#58=LINE('',#6072,#88);
#59=LINE('',#6098,#89);
#60=LINE('',#6141,#90);
#61=LINE('',#6587,#91);
#62=LINE('',#6775,#92);
#63=LINE('',#6870,#93);
#64=VECTOR('',#1464,1.);
#65=VECTOR('',#1467,1.);
#66=VECTOR('',#1502,1.);
#67=VECTOR('',#1507,1.);
#68=VECTOR('',#1508,1.);
#69=VECTOR('',#1509,1.);
#70=VECTOR('',#1510,1.);
#71=VECTOR('',#1513,1.);
#72=VECTOR('',#1516,1.);
#73=VECTOR('',#1517,1.);
#74=VECTOR('',#1518,1.);
#75=VECTOR('',#1519,1.);
#76=VECTOR('',#1520,1.);
#77=VECTOR('',#1521,1.);
#78=VECTOR('',#1522,1.);
#79=VECTOR('',#1523,1.);
#80=VECTOR('',#1524,1.);
#81=VECTOR('',#1525,1.);
#82=VECTOR('',#1526,1.);
#83=VECTOR('',#1527,1.);
#84=VECTOR('',#1528,1.);
#85=VECTOR('',#1529,1.);
#86=VECTOR('',#1530,1.);
#87=VECTOR('',#1531,1.);
#88=VECTOR('',#1532,1.);
#89=VECTOR('',#1533,1.);
#90=VECTOR('',#1542,1.);
#91=VECTOR('',#1595,1.);
#92=VECTOR('',#1598,1.);
#93=VECTOR('',#1599,1.);
#94=B_SPLINE_CURVE_WITH_KNOTS('',3,(#1663,#1664,#1665,#1666,#1667,#1668,
#1669,#1670),.UNSPECIFIED.,.F.,.F.,(4,1,1,1,1,4),(0.,0.00234731050401387,
0.00469462100802774,0.00938924201605548,0.0140838630240832,0.018778484032111),
 .UNSPECIFIED.);
#95=B_SPLINE_CURVE_WITH_KNOTS('',3,(#1682,#1683,#1684,#1685,#1686,#1687,
#1688),.UNSPECIFIED.,.F.,.F.,(4,1,1,1,4),(0.0187786644680867,0.0234757809687353,
0.0281728974693839,0.0328700139700324,0.037567130470681),.UNSPECIFIED.);
#96=B_SPLINE_CURVE_WITH_KNOTS('',3,(#2726,#2727,#2728,#2729,#2730,#2731,
#2732,#2733),.UNSPECIFIED.,.F.,.F.,(4,1,1,1,1,4),(0.,0.00234733305851084,
0.00469466611702167,0.00938933223404334,0.014083998351065,0.0187786644680867),
 .UNSPECIFIED.);
#97=B_SPLINE_CURVE_WITH_KNOTS('',3,(#2735,#2736,#2737,#2738,#2739,#2740,
#2741,#2742,#2743,#2744,#2745,#2746,#2747,#2748,#2749,#2750,#2751,#2752,
#2753,#2754,#2755,#2756,#2757,#2758,#2759,#2760,#2761,#2762,#2763,#2764,
#2765,#2766,#2767,#2768,#2769,#2770),.UNSPECIFIED.,.F.,.F.,(4,2,2,2,2,2,
2,2,2,2,2,2,2,2,2,2,2,4),(0.,0.015625,0.078125,0.140625,0.203125,0.265625,
0.328125,0.390625,0.453125,0.515625,0.578125,0.640625,0.703125,0.765625,
0.828125,0.890625,0.953125,1.),.UNSPECIFIED.);
#98=B_SPLINE_CURVE_WITH_KNOTS('',3,(#5814,#5815,#5816,#5817),
 .UNSPECIFIED.,.F.,.F.,(4,4),(0.,0.00146647110965926),.UNSPECIFIED.);
#99=B_SPLINE_CURVE_WITH_KNOTS('',3,(#5841,#5842,#5843,#5844,#5845),
 .UNSPECIFIED.,.F.,.F.,(4,1,4),(0.01845088285723,0.0210195278360717,0.0235881728149134),
 .UNSPECIFIED.);
#100=B_SPLINE_CURVE_WITH_KNOTS('',3,(#5975,#5976,#5977,#5978),
 .UNSPECIFIED.,.F.,.F.,(4,4),(0.00656739718541508,0.00818503765521782),
 .UNSPECIFIED.);
#101=B_SPLINE_CURVE_WITH_KNOTS('',3,(#5983,#5984,#5985,#5986),
 .UNSPECIFIED.,.F.,.F.,(4,4),(0.00148738770453694,0.00331168089321732),
 .UNSPECIFIED.);
#102=B_SPLINE_CURVE_WITH_KNOTS('',3,(#5988,#5989,#5990,#5991),
 .UNSPECIFIED.,.F.,.F.,(4,4),(0.00174967829992121,0.00357760611975039),
 .UNSPECIFIED.);
#103=B_SPLINE_CURVE_WITH_KNOTS('',3,(#6010,#6011,#6012,#6013),
 .UNSPECIFIED.,.F.,.F.,(4,4),(7.35876665304051E-5,0.000174504391129649),
 .UNSPECIFIED.);
#104=B_SPLINE_CURVE_WITH_KNOTS('',3,(#6021,#6022,#6023,#6024),
 .UNSPECIFIED.,.F.,.F.,(4,4),(0.000117485684604475,0.000219242496733753),
 .UNSPECIFIED.);
#105=B_SPLINE_CURVE_WITH_KNOTS('',3,(#6032,#6033,#6034,#6035),
 .UNSPECIFIED.,.F.,.F.,(4,4),(0.,0.000684950174437898),.UNSPECIFIED.);
#106=B_SPLINE_CURVE_WITH_KNOTS('',3,(#6037,#6038,#6039,#6040),
 .UNSPECIFIED.,.F.,.F.,(4,4),(0.00656739871818572,0.0081850357667306),
 .UNSPECIFIED.);
#107=B_SPLINE_CURVE_WITH_KNOTS('',3,(#6073,#6074,#6075,#6076),
 .UNSPECIFIED.,.F.,.F.,(4,4),(0.,0.000684960950102334),.UNSPECIFIED.);
#108=B_SPLINE_CURVE_WITH_KNOTS('',3,(#6085,#6086,#6087,#6088,#6089,#6090,
#6091,#6092,#6093,#6094,#6095,#6096),.UNSPECIFIED.,.F.,.F.,(4,2,2,2,2,4),
(-0.000654468731446977,0.,0.0195481495622821,0.0390842132679473,0.0586144006134924,
0.0781414441731794),.UNSPECIFIED.);
#109=B_SPLINE_CURVE_WITH_KNOTS('',3,(#6340,#6341,#6342,#6343),
 .UNSPECIFIED.,.F.,.F.,(4,4),(1.2266347333467E-18,0.000353479386870061),
 .UNSPECIFIED.);
#110=B_SPLINE_CURVE_WITH_KNOTS('',3,(#6344,#6345,#6346,#6347),
 .UNSPECIFIED.,.F.,.F.,(4,4),(4.33680868994202E-19,0.000353462426443723),
 .UNSPECIFIED.);
#111=B_SPLINE_CURVE_WITH_KNOTS('',3,(#6497,#6498,#6499,#6500),
 .UNSPECIFIED.,.F.,.F.,(4,4),(0.0107952828986595,0.0162770898746898),
 .UNSPECIFIED.);
#112=B_SPLINE_CURVE_WITH_KNOTS('',3,(#6596,#6597,#6598,#6599),
 .UNSPECIFIED.,.F.,.F.,(4,4),(3.49644694633735E-18,0.0014664670215967),
 .UNSPECIFIED.);
#113=B_SPLINE_CURVE_WITH_KNOTS('',3,(#6621,#6622,#6623,#6624),
 .UNSPECIFIED.,.F.,.F.,(4,4),(2.74283864732555E-18,0.00546181130376276),
 .UNSPECIFIED.);
#114=B_SPLINE_CURVE_WITH_KNOTS('',3,(#6943,#6944,#6945,#6946,#6947,#6948,
#6949,#6950,#6951,#6952,#6953,#6954,#6955,#6956,#6957,#6958,#6959,#6960,
#6961,#6962,#6963,#6964,#6965,#6966,#6967,#6968,#6969,#6970,#6971,#6972,
#6973,#6974,#6975,#6976,#6977,#6978),.UNSPECIFIED.,.F.,.F.,(4,2,2,2,2,2,
2,2,2,2,2,2,2,2,2,2,2,4),(0.,0.015625,0.078125,0.140625,0.203125,0.265625,
0.328125,0.390625,0.453125,0.515625,0.578125,0.640625,0.703125,0.765625,
0.828125,0.890625,0.953125,1.),.UNSPECIFIED.);
#115=B_SPLINE_CURVE_WITH_KNOTS('',3,(#7051,#7052,#7053,#7054,#7055,#7056,
#7057,#7058,#7059,#7060,#7061,#7062,#7063,#7064,#7065,#7066,#7067,#7068,
#7069,#7070,#7071,#7072,#7073,#7074,#7075,#7076,#7077,#7078,#7079,#7080,
#7081,#7082,#7083,#7084,#7085,#7086),.UNSPECIFIED.,.F.,.F.,(4,2,2,2,2,2,
2,2,2,2,2,2,2,2,2,2,2,4),(0.,0.015625,0.078125,0.140625,0.203125,0.265625,
0.328125,0.390625,0.453125,0.515625,0.578125,0.640625,0.703125,0.765625,
0.828125,0.890625,0.953125,1.),.UNSPECIFIED.);
#116=B_SPLINE_CURVE_WITH_KNOTS('',3,(#7088,#7089,#7090,#7091,#7092,#7093,
#7094),.UNSPECIFIED.,.F.,.F.,(4,1,1,1,4),(0.,0.00356463775325958,0.00712927550651917,
0.0106939132597787,0.0142585510130383),.UNSPECIFIED.);
#117=B_SPLINE_CURVE_WITH_KNOTS('',3,(#7143,#7144,#7145,#7146),
 .UNSPECIFIED.,.F.,.F.,(4,4),(0.018778484032111,0.0216762869478893),
 .UNSPECIFIED.);
#118=B_SPLINE_CURVE_WITH_KNOTS('',3,(#7148,#7149,#7150,#7151),
 .UNSPECIFIED.,.F.,.F.,(4,4),(4.33680868994202E-19,0.00222134722921991),
 .UNSPECIFIED.);
#119=(
BOUNDED_CURVE()
B_SPLINE_CURVE(3,(#1638,#1639,#1640,#1641),.UNSPECIFIED.,.F.,.F.)
B_SPLINE_CURVE_WITH_KNOTS((4,4),(0.,1.),.PIECEWISE_BEZIER_KNOTS.)
CURVE()
GEOMETRIC_REPRESENTATION_ITEM()
RATIONAL_B_SPLINE_CURVE((1.,0.686541976330886,0.686541976330886,1.))
REPRESENTATION_ITEM('')
);
#120=(
BOUNDED_CURVE()
B_SPLINE_CURVE(3,(#1645,#1646,#1647,#1648),.UNSPECIFIED.,.F.,.F.)
B_SPLINE_CURVE_WITH_KNOTS((4,4),(0.,1.),.PIECEWISE_BEZIER_KNOTS.)
CURVE()
GEOMETRIC_REPRESENTATION_ITEM()
RATIONAL_B_SPLINE_CURVE((1.,0.686541976330886,0.686541976330886,1.))
REPRESENTATION_ITEM('')
);
#121=(
BOUNDED_CURVE()
B_SPLINE_CURVE(1,(#1660,#1661),.UNSPECIFIED.,.F.,.F.)
B_SPLINE_CURVE_WITH_KNOTS((2,2),(0.,1.),.PIECEWISE_BEZIER_KNOTS.)
CURVE()
GEOMETRIC_REPRESENTATION_ITEM()
RATIONAL_B_SPLINE_CURVE((1.,1.))
REPRESENTATION_ITEM('')
);
#122=(
BOUNDED_CURVE()
B_SPLINE_CURVE(1,(#1672,#1673),.UNSPECIFIED.,.F.,.F.)
B_SPLINE_CURVE_WITH_KNOTS((2,2),(0.,1.),.PIECEWISE_BEZIER_KNOTS.)
CURVE()
GEOMETRIC_REPRESENTATION_ITEM()
RATIONAL_B_SPLINE_CURVE((1.,1.))
REPRESENTATION_ITEM('')
);
#123=(
BOUNDED_CURVE()
B_SPLINE_CURVE(1,(#1691,#1692),.UNSPECIFIED.,.F.,.F.)
B_SPLINE_CURVE_WITH_KNOTS((2,2),(0.,1.),.PIECEWISE_BEZIER_KNOTS.)
CURVE()
GEOMETRIC_REPRESENTATION_ITEM()
RATIONAL_B_SPLINE_CURVE((1.,1.))
REPRESENTATION_ITEM('')
);
#124=(
BOUNDED_CURVE()
B_SPLINE_CURVE(2,(#1694,#1695,#1696,#1697,#1698,#1699,#1700,#1701,#1702,
#1703,#1704,#1705,#1706,#1707,#1708,#1709,#1710,#1711,#1712,#1713,#1714,
#1715,#1716,#1717,#1718,#1719,#1720,#1721,#1722,#1723,#1724,#1725,#1726,
#1727,#1728,#1729,#1730,#1731,#1732,#1733,#1734,#1735,#1736,#1737,#1738,
#1739,#1740,#1741,#1742,#1743,#1744,#1745,#1746,#1747,#1748,#1749,#1750,
#1751,#1752,#1753,#1754,#1755,#1756,#1757,#1758,#1759,#1760,#1761,#1762,
#1763,#1764,#1765,#1766,#1767,#1768,#1769,#1770,#1771,#1772,#1773,#1774,
#1775,#1776,#1777,#1778),.UNSPECIFIED.,.F.,.F.)
B_SPLINE_CURVE_WITH_KNOTS((3,2,2,2,2,2,2,2,2,2,2,2,2,2,2,2,2,2,2,2,2,2,
2,2,2,2,2,2,2,2,2,2,2,2,2,2,2,2,2,2,2,2,3),(0.,0.0238095238095238,0.0476190476190476,
0.0714285714285714,0.0952380952380952,0.119047619047619,0.142857142857143,
0.166666666666667,0.19047619047619,0.214285714285714,0.238095238095238,
0.261904761904762,0.285714285714286,0.309523809523809,0.333333333333334,
0.357142857142857,0.380952380952381,0.404761904761905,0.428571428571428,
0.452380952380952,0.476190476190476,0.5,0.523809523809524,0.547619047619048,
0.571428571428571,0.595238095238095,0.619047619047619,0.642857142857143,
0.666666666666667,0.690476190476191,0.714285714285714,0.738095238095238,
0.761904761904762,0.785714285714286,0.80952380952381,0.833333333333333,
0.857142857142857,0.880952380952381,0.904761904761905,0.928571428571429,
0.952380952380952,0.976190476190476,1.),.UNSPECIFIED.)
CURVE()
GEOMETRIC_REPRESENTATION_ITEM()
RATIONAL_B_SPLINE_CURVE((1.,0.866025403784439,1.,0.866025403784439,1.,0.866025403784439,
1.,0.866025403784439,1.,0.866025403784439,1.,0.866025403784439,1.,0.866025403784439,
1.,0.866025403784439,1.,0.866025403784439,1.,0.866025403784439,1.,0.866025403784439,
1.,0.866025403784439,1.,0.866025403784439,1.,0.866025403784439,1.,0.866025403784439,
1.,0.866025403784439,1.,0.866025403784439,1.,0.866025403784439,1.,0.866025403784439,
1.,0.866025403784439,1.,0.866025403784439,1.,0.866025403784439,1.,0.866025403784439,
1.,0.866025403784439,1.,0.866025403784439,1.,0.866025403784439,1.,0.866025403784439,
1.,0.866025403784439,1.,0.866025403784439,1.,0.866025403784439,1.,0.866025403784439,
1.,0.866025403784439,1.,0.866025403784439,1.,0.866025403784439,1.,0.866025403784439,
1.,0.866025403784439,1.,0.866025403784439,1.,0.866025403784439,1.,0.866025403784439,
1.,0.866025403784439,1.,0.866025403784439,1.,0.866025403784439,1.))
REPRESENTATION_ITEM('')
);
#125=(
BOUNDED_CURVE()
B_SPLINE_CURVE(1,(#1780,#1781),.UNSPECIFIED.,.F.,.F.)
B_SPLINE_CURVE_WITH_KNOTS((2,2),(0.,1.),.PIECEWISE_BEZIER_KNOTS.)
CURVE()
GEOMETRIC_REPRESENTATION_ITEM()
RATIONAL_B_SPLINE_CURVE((1.,1.))
REPRESENTATION_ITEM('')
);
#126=(
BOUNDED_CURVE()
B_SPLINE_CURVE(2,(#1790,#1791,#1792,#1793,#1794,#1795,#1796,#1797,#1798,
#1799,#1800,#1801,#1802,#1803,#1804,#1805,#1806,#1807,#1808,#1809,#1810,
#1811,#1812,#1813,#1814,#1815,#1816,#1817,#1818,#1819,#1820,#1821,#1822,
#1823,#1824,#1825,#1826,#1827,#1828,#1829,#1830,#1831,#1832,#1833,#1834,
#1835,#1836,#1837,#1838,#1839,#1840,#1841,#1842,#1843,#1844,#1845,#1846,
#1847,#1848,#1849,#1850,#1851,#1852,#1853,#1854,#1855,#1856,#1857,#1858,
#1859,#1860,#1861,#1862,#1863,#1864,#1865,#1866,#1867,#1868,#1869,#1870,
#1871,#1872,#1873,#1874),.UNSPECIFIED.,.F.,.F.)
B_SPLINE_CURVE_WITH_KNOTS((3,2,2,2,2,2,2,2,2,2,2,2,2,2,2,2,2,2,2,2,2,2,
2,2,2,2,2,2,2,2,2,2,2,2,2,2,2,2,2,2,2,2,3),(0.,0.0238095238095238,0.0476190476190476,
0.0714285714285714,0.0952380952380952,0.119047619047619,0.142857142857143,
0.166666666666667,0.19047619047619,0.214285714285714,0.238095238095238,
0.261904761904762,0.285714285714286,0.309523809523809,0.333333333333334,
0.357142857142857,0.380952380952381,0.404761904761905,0.428571428571428,
0.452380952380952,0.476190476190476,0.5,0.523809523809524,0.547619047619048,
0.571428571428571,0.595238095238095,0.619047619047619,0.642857142857143,
0.666666666666667,0.690476190476191,0.714285714285714,0.738095238095238,
0.761904761904762,0.785714285714286,0.80952380952381,0.833333333333333,
0.857142857142857,0.880952380952381,0.904761904761905,0.928571428571429,
0.952380952380952,0.976190476190476,1.),.UNSPECIFIED.)
CURVE()
GEOMETRIC_REPRESENTATION_ITEM()
RATIONAL_B_SPLINE_CURVE((1.,0.866025403784439,1.,0.866025403784439,1.,0.866025403784439,
1.,0.866025403784439,1.,0.866025403784439,1.,0.866025403784439,1.,0.866025403784439,
1.,0.866025403784439,1.,0.866025403784439,1.,0.866025403784439,1.,0.866025403784439,
1.,0.866025403784439,1.,0.866025403784439,1.,0.866025403784439,1.,0.866025403784439,
1.,0.866025403784439,1.,0.866025403784439,1.,0.866025403784439,1.,0.866025403784439,
1.,0.866025403784439,1.,0.866025403784439,1.,0.866025403784439,1.,0.866025403784439,
1.,0.866025403784439,1.,0.866025403784439,1.,0.866025403784439,1.,0.866025403784439,
1.,0.866025403784439,1.,0.866025403784439,1.,0.866025403784439,1.,0.866025403784439,
1.,0.866025403784439,1.,0.866025403784439,1.,0.866025403784439,1.,0.866025403784439,
1.,0.866025403784439,1.,0.866025403784439,1.,0.866025403784439,1.,0.866025403784439,
1.,0.866025403784439,1.,0.866025403784439,1.,0.866025403784439,1.))
REPRESENTATION_ITEM('')
);
#127=(
BOUNDED_CURVE()
B_SPLINE_CURVE(1,(#1877,#1878),.UNSPECIFIED.,.F.,.F.)
B_SPLINE_CURVE_WITH_KNOTS((2,2),(0.,1.),.PIECEWISE_BEZIER_KNOTS.)
CURVE()
GEOMETRIC_REPRESENTATION_ITEM()
RATIONAL_B_SPLINE_CURVE((1.,1.))
REPRESENTATION_ITEM('')
);
#128=(
BOUNDED_CURVE()
B_SPLINE_CURVE(2,(#1880,#1881,#1882,#1883,#1884,#1885,#1886,#1887,#1888,
#1889,#1890,#1891,#1892,#1893,#1894,#1895,#1896,#1897,#1898,#1899,#1900,
#1901,#1902,#1903,#1904,#1905,#1906,#1907,#1908,#1909,#1910,#1911,#1912,
#1913,#1914,#1915,#1916,#1917,#1918,#1919,#1920,#1921,#1922,#1923,#1924,
#1925,#1926,#1927,#1928,#1929,#1930,#1931,#1932,#1933,#1934,#1935,#1936,
#1937,#1938,#1939,#1940,#1941,#1942,#1943,#1944,#1945,#1946,#1947,#1948,
#1949,#1950,#1951,#1952,#1953,#1954,#1955,#1956,#1957,#1958,#1959,#1960,
#1961,#1962,#1963,#1964),.UNSPECIFIED.,.F.,.F.)
B_SPLINE_CURVE_WITH_KNOTS((3,2,2,2,2,2,2,2,2,2,2,2,2,2,2,2,2,2,2,2,2,2,
2,2,2,2,2,2,2,2,2,2,2,2,2,2,2,2,2,2,2,2,3),(0.,0.0238095238095238,0.0476190476190476,
0.0714285714285714,0.0952380952380952,0.119047619047619,0.142857142857143,
0.166666666666667,0.19047619047619,0.214285714285714,0.238095238095238,
0.261904761904762,0.285714285714286,0.309523809523809,0.333333333333334,
0.357142857142857,0.380952380952381,0.404761904761905,0.428571428571428,
0.452380952380952,0.476190476190476,0.5,0.523809523809524,0.547619047619048,
0.571428571428571,0.595238095238095,0.619047619047619,0.642857142857143,
0.666666666666667,0.690476190476191,0.714285714285714,0.738095238095238,
0.761904761904762,0.785714285714286,0.80952380952381,0.833333333333333,
0.857142857142857,0.880952380952381,0.904761904761905,0.928571428571429,
0.952380952380952,0.976190476190476,1.),.UNSPECIFIED.)
CURVE()
GEOMETRIC_REPRESENTATION_ITEM()
RATIONAL_B_SPLINE_CURVE((1.,0.866025403784439,1.,0.866025403784439,1.,0.866025403784439,
1.,0.866025403784439,1.,0.866025403784439,1.,0.866025403784439,1.,0.866025403784439,
1.,0.866025403784439,1.,0.866025403784439,1.,0.866025403784439,1.,0.866025403784439,
1.,0.866025403784439,1.,0.866025403784439,1.,0.866025403784439,1.,0.866025403784439,
1.,0.866025403784439,1.,0.866025403784439,1.,0.866025403784439,1.,0.866025403784439,
1.,0.866025403784439,1.,0.866025403784439,1.,0.866025403784439,1.,0.866025403784439,
1.,0.866025403784439,1.,0.866025403784439,1.,0.866025403784439,1.,0.866025403784439,
1.,0.866025403784439,1.,0.866025403784439,1.,0.866025403784439,1.,0.866025403784439,
1.,0.866025403784439,1.,0.866025403784439,1.,0.866025403784439,1.,0.866025403784439,
1.,0.866025403784439,1.,0.866025403784439,1.,0.866025403784439,1.,0.866025403784439,
1.,0.866025403784439,1.,0.866025403784439,1.,0.866025403784439,1.))
REPRESENTATION_ITEM('')
);
#129=(
BOUNDED_CURVE()
B_SPLINE_CURVE(1,(#1966,#1967),.UNSPECIFIED.,.F.,.F.)
B_SPLINE_CURVE_WITH_KNOTS((2,2),(0.,1.),.PIECEWISE_BEZIER_KNOTS.)
CURVE()
GEOMETRIC_REPRESENTATION_ITEM()
RATIONAL_B_SPLINE_CURVE((1.,1.))
REPRESENTATION_ITEM('')
);
#130=(
BOUNDED_CURVE()
B_SPLINE_CURVE(2,(#1976,#1977,#1978,#1979,#1980,#1981,#1982,#1983,#1984,
#1985,#1986,#1987,#1988,#1989,#1990,#1991,#1992,#1993,#1994,#1995,#1996,
#1997,#1998,#1999,#2000,#2001,#2002,#2003,#2004,#2005,#2006,#2007,#2008,
#2009,#2010,#2011,#2012,#2013,#2014,#2015,#2016,#2017,#2018,#2019,#2020,
#2021,#2022,#2023,#2024,#2025,#2026,#2027,#2028,#2029,#2030,#2031,#2032,
#2033,#2034,#2035,#2036,#2037,#2038,#2039,#2040,#2041,#2042,#2043,#2044,
#2045,#2046,#2047,#2048,#2049,#2050,#2051,#2052,#2053,#2054,#2055,#2056,
#2057,#2058,#2059,#2060),.UNSPECIFIED.,.F.,.F.)
B_SPLINE_CURVE_WITH_KNOTS((3,2,2,2,2,2,2,2,2,2,2,2,2,2,2,2,2,2,2,2,2,2,
2,2,2,2,2,2,2,2,2,2,2,2,2,2,2,2,2,2,2,2,3),(0.,0.0238095238095238,0.0476190476190476,
0.0714285714285714,0.0952380952380952,0.119047619047619,0.142857142857143,
0.166666666666667,0.19047619047619,0.214285714285714,0.238095238095238,
0.261904761904762,0.285714285714286,0.309523809523809,0.333333333333334,
0.357142857142857,0.380952380952381,0.404761904761905,0.428571428571428,
0.452380952380952,0.476190476190476,0.5,0.523809523809524,0.547619047619048,
0.571428571428571,0.595238095238095,0.619047619047619,0.642857142857143,
0.666666666666667,0.690476190476191,0.714285714285714,0.738095238095238,
0.761904761904762,0.785714285714286,0.80952380952381,0.833333333333333,
0.857142857142857,0.880952380952381,0.904761904761905,0.928571428571429,
0.952380952380952,0.976190476190476,1.),.UNSPECIFIED.)
CURVE()
GEOMETRIC_REPRESENTATION_ITEM()
RATIONAL_B_SPLINE_CURVE((1.,0.866025403784439,1.,0.866025403784439,1.,0.866025403784439,
1.,0.866025403784439,1.,0.866025403784439,1.,0.866025403784439,1.,0.866025403784439,
1.,0.866025403784439,1.,0.866025403784439,1.,0.866025403784439,1.,0.866025403784439,
1.,0.866025403784439,1.,0.866025403784439,1.,0.866025403784439,1.,0.866025403784439,
1.,0.866025403784439,1.,0.866025403784439,1.,0.866025403784439,1.,0.866025403784439,
1.,0.866025403784439,1.,0.866025403784439,1.,0.866025403784439,1.,0.866025403784439,
1.,0.866025403784439,1.,0.866025403784439,1.,0.866025403784439,1.,0.866025403784439,
1.,0.866025403784439,1.,0.866025403784439,1.,0.866025403784439,1.,0.866025403784439,
1.,0.866025403784439,1.,0.866025403784439,1.,0.866025403784439,1.,0.866025403784439,
1.,0.866025403784439,1.,0.866025403784439,1.,0.866025403784439,1.,0.866025403784439,
1.,0.866025403784439,1.,0.866025403784439,1.,0.866025403784439,1.))
REPRESENTATION_ITEM('')
);
#131=(
BOUNDED_CURVE()
B_SPLINE_CURVE(1,(#2063,#2064),.UNSPECIFIED.,.F.,.F.)
B_SPLINE_CURVE_WITH_KNOTS((2,2),(0.,1.),.PIECEWISE_BEZIER_KNOTS.)
CURVE()
GEOMETRIC_REPRESENTATION_ITEM()
RATIONAL_B_SPLINE_CURVE((1.,1.))
REPRESENTATION_ITEM('')
);
#132=(
BOUNDED_CURVE()
B_SPLINE_CURVE(2,(#2066,#2067,#2068,#2069,#2070,#2071,#2072,#2073,#2074,
#2075,#2076,#2077,#2078,#2079,#2080,#2081,#2082,#2083,#2084,#2085,#2086,
#2087,#2088,#2089,#2090,#2091,#2092,#2093,#2094,#2095,#2096,#2097,#2098,
#2099,#2100,#2101,#2102,#2103,#2104,#2105,#2106,#2107,#2108,#2109,#2110,
#2111,#2112,#2113,#2114,#2115,#2116,#2117,#2118,#2119,#2120,#2121,#2122,
#2123,#2124,#2125,#2126,#2127,#2128,#2129,#2130,#2131,#2132,#2133,#2134,
#2135,#2136,#2137,#2138,#2139,#2140,#2141,#2142,#2143,#2144,#2145,#2146,
#2147,#2148,#2149,#2150),.UNSPECIFIED.,.F.,.F.)
B_SPLINE_CURVE_WITH_KNOTS((3,2,2,2,2,2,2,2,2,2,2,2,2,2,2,2,2,2,2,2,2,2,
2,2,2,2,2,2,2,2,2,2,2,2,2,2,2,2,2,2,2,2,3),(0.,0.0238095238095238,0.0476190476190476,
0.0714285714285714,0.0952380952380952,0.119047619047619,0.142857142857143,
0.166666666666667,0.19047619047619,0.214285714285714,0.238095238095238,
0.261904761904762,0.285714285714286,0.309523809523809,0.333333333333334,
0.357142857142857,0.380952380952381,0.404761904761905,0.428571428571428,
0.452380952380952,0.476190476190476,0.5,0.523809523809524,0.547619047619048,
0.571428571428571,0.595238095238095,0.619047619047619,0.642857142857143,
0.666666666666667,0.690476190476191,0.714285714285714,0.738095238095238,
0.761904761904762,0.785714285714286,0.80952380952381,0.833333333333333,
0.857142857142857,0.880952380952381,0.904761904761905,0.928571428571429,
0.952380952380952,0.976190476190476,1.),.UNSPECIFIED.)
CURVE()
GEOMETRIC_REPRESENTATION_ITEM()
RATIONAL_B_SPLINE_CURVE((1.,0.866025403784439,1.,0.866025403784439,1.,0.866025403784439,
1.,0.866025403784439,1.,0.866025403784439,1.,0.866025403784439,1.,0.866025403784439,
1.,0.866025403784439,1.,0.866025403784439,1.,0.866025403784439,1.,0.866025403784439,
1.,0.866025403784439,1.,0.866025403784439,1.,0.866025403784439,1.,0.866025403784439,
1.,0.866025403784439,1.,0.866025403784439,1.,0.866025403784439,1.,0.866025403784439,
1.,0.866025403784439,1.,0.866025403784439,1.,0.866025403784439,1.,0.866025403784439,
1.,0.866025403784439,1.,0.866025403784439,1.,0.866025403784439,1.,0.866025403784439,
1.,0.866025403784439,1.,0.866025403784439,1.,0.866025403784439,1.,0.866025403784439,
1.,0.866025403784439,1.,0.866025403784439,1.,0.866025403784439,1.,0.866025403784439,
1.,0.866025403784439,1.,0.866025403784439,1.,0.866025403784439,1.,0.866025403784439,
1.,0.866025403784439,1.,0.866025403784439,1.,0.866025403784439,1.))
REPRESENTATION_ITEM('')
);
#133=(
BOUNDED_CURVE()
B_SPLINE_CURVE(1,(#2152,#2153),.UNSPECIFIED.,.F.,.F.)
B_SPLINE_CURVE_WITH_KNOTS((2,2),(0.,1.),.PIECEWISE_BEZIER_KNOTS.)
CURVE()
GEOMETRIC_REPRESENTATION_ITEM()
RATIONAL_B_SPLINE_CURVE((1.,1.))
REPRESENTATION_ITEM('')
);
#134=(
BOUNDED_CURVE()
B_SPLINE_CURVE(2,(#2162,#2163,#2164,#2165,#2166,#2167,#2168,#2169,#2170,
#2171,#2172,#2173,#2174,#2175,#2176,#2177,#2178,#2179,#2180,#2181,#2182,
#2183,#2184,#2185,#2186,#2187,#2188,#2189,#2190,#2191,#2192,#2193,#2194,
#2195,#2196,#2197,#2198,#2199,#2200,#2201,#2202,#2203,#2204,#2205,#2206,
#2207,#2208,#2209,#2210,#2211,#2212,#2213,#2214,#2215,#2216,#2217,#2218,
#2219,#2220,#2221,#2222,#2223,#2224,#2225,#2226,#2227,#2228,#2229,#2230,
#2231,#2232,#2233,#2234,#2235,#2236,#2237,#2238,#2239,#2240,#2241,#2242,
#2243,#2244,#2245,#2246),.UNSPECIFIED.,.F.,.F.)
B_SPLINE_CURVE_WITH_KNOTS((3,2,2,2,2,2,2,2,2,2,2,2,2,2,2,2,2,2,2,2,2,2,
2,2,2,2,2,2,2,2,2,2,2,2,2,2,2,2,2,2,2,2,3),(0.,0.0238095238095238,0.0476190476190476,
0.0714285714285714,0.0952380952380952,0.119047619047619,0.142857142857143,
0.166666666666667,0.19047619047619,0.214285714285714,0.238095238095238,
0.261904761904762,0.285714285714286,0.309523809523809,0.333333333333334,
0.357142857142857,0.380952380952381,0.404761904761905,0.428571428571428,
0.452380952380952,0.476190476190476,0.5,0.523809523809524,0.547619047619048,
0.571428571428571,0.595238095238095,0.619047619047619,0.642857142857143,
0.666666666666667,0.690476190476191,0.714285714285714,0.738095238095238,
0.761904761904762,0.785714285714286,0.80952380952381,0.833333333333333,
0.857142857142857,0.880952380952381,0.904761904761905,0.928571428571429,
0.952380952380952,0.976190476190476,1.),.UNSPECIFIED.)
CURVE()
GEOMETRIC_REPRESENTATION_ITEM()
RATIONAL_B_SPLINE_CURVE((1.,0.866025403784439,1.,0.866025403784439,1.,0.866025403784439,
1.,0.866025403784439,1.,0.866025403784439,1.,0.866025403784439,1.,0.866025403784439,
1.,0.866025403784439,1.,0.866025403784439,1.,0.866025403784439,1.,0.866025403784439,
1.,0.866025403784439,1.,0.866025403784439,1.,0.866025403784439,1.,0.866025403784439,
1.,0.866025403784439,1.,0.866025403784439,1.,0.866025403784439,1.,0.866025403784439,
1.,0.866025403784439,1.,0.866025403784439,1.,0.866025403784439,1.,0.866025403784439,
1.,0.866025403784439,1.,0.866025403784439,1.,0.866025403784439,1.,0.866025403784439,
1.,0.866025403784439,1.,0.866025403784439,1.,0.866025403784439,1.,0.866025403784439,
1.,0.866025403784439,1.,0.866025403784439,1.,0.866025403784439,1.,0.866025403784439,
1.,0.866025403784439,1.,0.866025403784439,1.,0.866025403784439,1.,0.866025403784439,
1.,0.866025403784439,1.,0.866025403784439,1.,0.866025403784439,1.))
REPRESENTATION_ITEM('')
);
#135=(
BOUNDED_CURVE()
B_SPLINE_CURVE(1,(#2249,#2250),.UNSPECIFIED.,.F.,.F.)
B_SPLINE_CURVE_WITH_KNOTS((2,2),(0.,1.),.PIECEWISE_BEZIER_KNOTS.)
CURVE()
GEOMETRIC_REPRESENTATION_ITEM()
RATIONAL_B_SPLINE_CURVE((1.,1.))
REPRESENTATION_ITEM('')
);
#136=(
BOUNDED_CURVE()
B_SPLINE_CURVE(2,(#2252,#2253,#2254,#2255,#2256,#2257,#2258,#2259,#2260,
#2261,#2262,#2263,#2264,#2265,#2266,#2267,#2268,#2269,#2270,#2271,#2272,
#2273,#2274,#2275,#2276,#2277,#2278,#2279,#2280,#2281,#2282,#2283,#2284,
#2285,#2286,#2287,#2288,#2289,#2290,#2291,#2292,#2293,#2294,#2295,#2296,
#2297,#2298,#2299,#2300,#2301,#2302,#2303,#2304,#2305,#2306,#2307,#2308,
#2309,#2310,#2311,#2312,#2313,#2314,#2315,#2316,#2317,#2318,#2319,#2320,
#2321,#2322,#2323,#2324,#2325,#2326,#2327,#2328,#2329,#2330,#2331,#2332,
#2333,#2334,#2335,#2336),.UNSPECIFIED.,.F.,.F.)
B_SPLINE_CURVE_WITH_KNOTS((3,2,2,2,2,2,2,2,2,2,2,2,2,2,2,2,2,2,2,2,2,2,
2,2,2,2,2,2,2,2,2,2,2,2,2,2,2,2,2,2,2,2,3),(0.,0.0238095238095238,0.0476190476190476,
0.0714285714285714,0.0952380952380952,0.119047619047619,0.142857142857143,
0.166666666666667,0.19047619047619,0.214285714285714,0.238095238095238,
0.261904761904762,0.285714285714286,0.309523809523809,0.333333333333334,
0.357142857142857,0.380952380952381,0.404761904761905,0.428571428571428,
0.452380952380952,0.476190476190476,0.5,0.523809523809524,0.547619047619048,
0.571428571428571,0.595238095238095,0.619047619047619,0.642857142857143,
0.666666666666667,0.690476190476191,0.714285714285714,0.738095238095238,
0.761904761904762,0.785714285714286,0.80952380952381,0.833333333333333,
0.857142857142857,0.880952380952381,0.904761904761905,0.928571428571429,
0.952380952380952,0.976190476190476,1.),.UNSPECIFIED.)
CURVE()
GEOMETRIC_REPRESENTATION_ITEM()
RATIONAL_B_SPLINE_CURVE((1.,0.866025403784439,1.,0.866025403784439,1.,0.866025403784439,
1.,0.866025403784439,1.,0.866025403784439,1.,0.866025403784439,1.,0.866025403784439,
1.,0.866025403784439,1.,0.866025403784439,1.,0.866025403784439,1.,0.866025403784439,
1.,0.866025403784439,1.,0.866025403784439,1.,0.866025403784439,1.,0.866025403784439,
1.,0.866025403784439,1.,0.866025403784439,1.,0.866025403784439,1.,0.866025403784439,
1.,0.866025403784439,1.,0.866025403784439,1.,0.866025403784439,1.,0.866025403784439,
1.,0.866025403784439,1.,0.866025403784439,1.,0.866025403784439,1.,0.866025403784439,
1.,0.866025403784439,1.,0.866025403784439,1.,0.866025403784439,1.,0.866025403784439,
1.,0.866025403784439,1.,0.866025403784439,1.,0.866025403784439,1.,0.866025403784439,
1.,0.866025403784439,1.,0.866025403784439,1.,0.866025403784439,1.,0.866025403784439,
1.,0.866025403784439,1.,0.866025403784439,1.,0.866025403784439,1.))
REPRESENTATION_ITEM('')
);
#137=(
BOUNDED_CURVE()
B_SPLINE_CURVE(1,(#2338,#2339),.UNSPECIFIED.,.F.,.F.)
B_SPLINE_CURVE_WITH_KNOTS((2,2),(0.,1.),.PIECEWISE_BEZIER_KNOTS.)
CURVE()
GEOMETRIC_REPRESENTATION_ITEM()
RATIONAL_B_SPLINE_CURVE((1.,1.))
REPRESENTATION_ITEM('')
);
#138=(
BOUNDED_CURVE()
B_SPLINE_CURVE(2,(#2348,#2349,#2350,#2351,#2352,#2353,#2354,#2355,#2356,
#2357,#2358,#2359,#2360,#2361,#2362,#2363,#2364,#2365,#2366,#2367,#2368,
#2369,#2370,#2371,#2372,#2373,#2374,#2375,#2376,#2377,#2378,#2379,#2380,
#2381,#2382,#2383,#2384,#2385,#2386,#2387,#2388,#2389,#2390,#2391,#2392,
#2393,#2394,#2395,#2396,#2397,#2398,#2399,#2400,#2401,#2402,#2403,#2404,
#2405,#2406,#2407,#2408,#2409,#2410,#2411,#2412,#2413,#2414,#2415,#2416,
#2417,#2418,#2419,#2420,#2421,#2422,#2423,#2424,#2425,#2426,#2427,#2428,
#2429,#2430,#2431,#2432),.UNSPECIFIED.,.F.,.F.)
B_SPLINE_CURVE_WITH_KNOTS((3,2,2,2,2,2,2,2,2,2,2,2,2,2,2,2,2,2,2,2,2,2,
2,2,2,2,2,2,2,2,2,2,2,2,2,2,2,2,2,2,2,2,3),(0.,0.0238095238095238,0.0476190476190476,
0.0714285714285714,0.0952380952380952,0.119047619047619,0.142857142857143,
0.166666666666667,0.19047619047619,0.214285714285714,0.238095238095238,
0.261904761904762,0.285714285714286,0.309523809523809,0.333333333333334,
0.357142857142857,0.380952380952381,0.404761904761905,0.428571428571428,
0.452380952380952,0.476190476190476,0.5,0.523809523809524,0.547619047619048,
0.571428571428571,0.595238095238095,0.619047619047619,0.642857142857143,
0.666666666666667,0.690476190476191,0.714285714285714,0.738095238095238,
0.761904761904762,0.785714285714286,0.80952380952381,0.833333333333333,
0.857142857142857,0.880952380952381,0.904761904761905,0.928571428571429,
0.952380952380952,0.976190476190476,1.),.UNSPECIFIED.)
CURVE()
GEOMETRIC_REPRESENTATION_ITEM()
RATIONAL_B_SPLINE_CURVE((1.,0.866025403784439,1.,0.866025403784439,1.,0.866025403784439,
1.,0.866025403784439,1.,0.866025403784439,1.,0.866025403784439,1.,0.866025403784439,
1.,0.866025403784439,1.,0.866025403784439,1.,0.866025403784439,1.,0.866025403784439,
1.,0.866025403784439,1.,0.866025403784439,1.,0.866025403784439,1.,0.866025403784439,
1.,0.866025403784439,1.,0.866025403784439,1.,0.866025403784439,1.,0.866025403784439,
1.,0.866025403784439,1.,0.866025403784439,1.,0.866025403784439,1.,0.866025403784439,
1.,0.866025403784439,1.,0.866025403784439,1.,0.866025403784439,1.,0.866025403784439,
1.,0.866025403784439,1.,0.866025403784439,1.,0.866025403784439,1.,0.866025403784439,
1.,0.866025403784439,1.,0.866025403784439,1.,0.866025403784439,1.,0.866025403784439,
1.,0.866025403784439,1.,0.866025403784439,1.,0.866025403784439,1.,0.866025403784439,
1.,0.866025403784439,1.,0.866025403784439,1.,0.866025403784439,1.))
REPRESENTATION_ITEM('')
);
#139=(
BOUNDED_CURVE()
B_SPLINE_CURVE(1,(#2435,#2436),.UNSPECIFIED.,.F.,.F.)
B_SPLINE_CURVE_WITH_KNOTS((2,2),(0.,1.),.PIECEWISE_BEZIER_KNOTS.)
CURVE()
GEOMETRIC_REPRESENTATION_ITEM()
RATIONAL_B_SPLINE_CURVE((1.,1.))
REPRESENTATION_ITEM('')
);
#140=(
BOUNDED_CURVE()
B_SPLINE_CURVE(2,(#2438,#2439,#2440,#2441,#2442,#2443,#2444,#2445,#2446,
#2447,#2448,#2449,#2450,#2451,#2452,#2453,#2454,#2455,#2456,#2457,#2458,
#2459,#2460,#2461,#2462,#2463,#2464,#2465,#2466,#2467,#2468,#2469,#2470,
#2471,#2472,#2473,#2474,#2475,#2476,#2477,#2478,#2479,#2480,#2481,#2482,
#2483,#2484,#2485,#2486,#2487,#2488,#2489,#2490,#2491,#2492,#2493,#2494,
#2495,#2496,#2497,#2498,#2499,#2500,#2501,#2502,#2503,#2504,#2505,#2506,
#2507,#2508,#2509,#2510,#2511,#2512,#2513,#2514,#2515,#2516,#2517,#2518,
#2519,#2520,#2521,#2522),.UNSPECIFIED.,.F.,.F.)
B_SPLINE_CURVE_WITH_KNOTS((3,2,2,2,2,2,2,2,2,2,2,2,2,2,2,2,2,2,2,2,2,2,
2,2,2,2,2,2,2,2,2,2,2,2,2,2,2,2,2,2,2,2,3),(0.,0.0238095238095238,0.0476190476190476,
0.0714285714285714,0.0952380952380952,0.119047619047619,0.142857142857143,
0.166666666666667,0.19047619047619,0.214285714285714,0.238095238095238,
0.261904761904762,0.285714285714286,0.309523809523809,0.333333333333334,
0.357142857142857,0.380952380952381,0.404761904761905,0.428571428571428,
0.452380952380952,0.476190476190476,0.5,0.523809523809524,0.547619047619048,
0.571428571428571,0.595238095238095,0.619047619047619,0.642857142857143,
0.666666666666667,0.690476190476191,0.714285714285714,0.738095238095238,
0.761904761904762,0.785714285714286,0.80952380952381,0.833333333333333,
0.857142857142857,0.880952380952381,0.904761904761905,0.928571428571429,
0.952380952380952,0.976190476190476,1.),.UNSPECIFIED.)
CURVE()
GEOMETRIC_REPRESENTATION_ITEM()
RATIONAL_B_SPLINE_CURVE((1.,0.866025403784439,1.,0.866025403784439,1.,0.866025403784439,
1.,0.866025403784439,1.,0.866025403784439,1.,0.866025403784439,1.,0.866025403784439,
1.,0.866025403784439,1.,0.866025403784439,1.,0.866025403784439,1.,0.866025403784439,
1.,0.866025403784439,1.,0.866025403784439,1.,0.866025403784439,1.,0.866025403784439,
1.,0.866025403784439,1.,0.866025403784439,1.,0.866025403784439,1.,0.866025403784439,
1.,0.866025403784439,1.,0.866025403784439,1.,0.866025403784439,1.,0.866025403784439,
1.,0.866025403784439,1.,0.866025403784439,1.,0.866025403784439,1.,0.866025403784439,
1.,0.866025403784439,1.,0.866025403784439,1.,0.866025403784439,1.,0.866025403784439,
1.,0.866025403784439,1.,0.866025403784439,1.,0.866025403784439,1.,0.866025403784439,
1.,0.866025403784439,1.,0.866025403784439,1.,0.866025403784439,1.,0.866025403784439,
1.,0.866025403784439,1.,0.866025403784439,1.,0.866025403784439,1.))
REPRESENTATION_ITEM('')
);
#141=(
BOUNDED_CURVE()
B_SPLINE_CURVE(1,(#2524,#2525),.UNSPECIFIED.,.F.,.F.)
B_SPLINE_CURVE_WITH_KNOTS((2,2),(0.,1.),.PIECEWISE_BEZIER_KNOTS.)
CURVE()
GEOMETRIC_REPRESENTATION_ITEM()
RATIONAL_B_SPLINE_CURVE((1.,1.))
REPRESENTATION_ITEM('')
);
#142=(
BOUNDED_CURVE()
B_SPLINE_CURVE(2,(#2534,#2535,#2536,#2537,#2538,#2539,#2540,#2541,#2542,
#2543,#2544,#2545,#2546,#2547,#2548,#2549,#2550,#2551,#2552,#2553,#2554,
#2555,#2556,#2557,#2558,#2559,#2560,#2561,#2562,#2563,#2564,#2565,#2566,
#2567,#2568,#2569,#2570,#2571,#2572,#2573,#2574,#2575,#2576,#2577,#2578,
#2579,#2580,#2581,#2582,#2583,#2584,#2585,#2586,#2587,#2588,#2589,#2590,
#2591,#2592,#2593,#2594,#2595,#2596,#2597,#2598,#2599,#2600,#2601,#2602,
#2603,#2604,#2605,#2606,#2607,#2608,#2609,#2610,#2611,#2612,#2613,#2614,
#2615,#2616,#2617,#2618),.UNSPECIFIED.,.F.,.F.)
B_SPLINE_CURVE_WITH_KNOTS((3,2,2,2,2,2,2,2,2,2,2,2,2,2,2,2,2,2,2,2,2,2,
2,2,2,2,2,2,2,2,2,2,2,2,2,2,2,2,2,2,2,2,3),(0.,0.0238095238095238,0.0476190476190476,
0.0714285714285714,0.0952380952380952,0.119047619047619,0.142857142857143,
0.166666666666667,0.19047619047619,0.214285714285714,0.238095238095238,
0.261904761904762,0.285714285714286,0.309523809523809,0.333333333333334,
0.357142857142857,0.380952380952381,0.404761904761905,0.428571428571428,
0.452380952380952,0.476190476190476,0.5,0.523809523809524,0.547619047619048,
0.571428571428571,0.595238095238095,0.619047619047619,0.642857142857143,
0.666666666666667,0.690476190476191,0.714285714285714,0.738095238095238,
0.761904761904762,0.785714285714286,0.80952380952381,0.833333333333333,
0.857142857142857,0.880952380952381,0.904761904761905,0.928571428571429,
0.952380952380952,0.976190476190476,1.),.UNSPECIFIED.)
CURVE()
GEOMETRIC_REPRESENTATION_ITEM()
RATIONAL_B_SPLINE_CURVE((1.,0.866025403784439,1.,0.866025403784439,1.,0.866025403784439,
1.,0.866025403784439,1.,0.866025403784439,1.,0.866025403784439,1.,0.866025403784439,
1.,0.866025403784439,1.,0.866025403784439,1.,0.866025403784439,1.,0.866025403784439,
1.,0.866025403784439,1.,0.866025403784439,1.,0.866025403784439,1.,0.866025403784439,
1.,0.866025403784439,1.,0.866025403784439,1.,0.866025403784439,1.,0.866025403784439,
1.,0.866025403784439,1.,0.866025403784439,1.,0.866025403784439,1.,0.866025403784439,
1.,0.866025403784439,1.,0.866025403784439,1.,0.866025403784439,1.,0.866025403784439,
1.,0.866025403784439,1.,0.866025403784439,1.,0.866025403784439,1.,0.866025403784439,
1.,0.866025403784439,1.,0.866025403784439,1.,0.866025403784439,1.,0.866025403784439,
1.,0.866025403784439,1.,0.866025403784439,1.,0.866025403784439,1.,0.866025403784439,
1.,0.866025403784439,1.,0.866025403784439,1.,0.866025403784439,1.))
REPRESENTATION_ITEM('')
);
#143=(
BOUNDED_CURVE()
B_SPLINE_CURVE(1,(#2621,#2622),.UNSPECIFIED.,.F.,.F.)
B_SPLINE_CURVE_WITH_KNOTS((2,2),(0.,1.),.PIECEWISE_BEZIER_KNOTS.)
CURVE()
GEOMETRIC_REPRESENTATION_ITEM()
RATIONAL_B_SPLINE_CURVE((1.,1.))
REPRESENTATION_ITEM('')
);
#144=(
BOUNDED_CURVE()
B_SPLINE_CURVE(2,(#2624,#2625,#2626,#2627,#2628,#2629,#2630,#2631,#2632,
#2633,#2634,#2635,#2636,#2637,#2638,#2639,#2640,#2641,#2642,#2643,#2644,
#2645,#2646,#2647,#2648,#2649,#2650,#2651,#2652,#2653,#2654,#2655,#2656,
#2657,#2658,#2659,#2660,#2661,#2662,#2663,#2664,#2665,#2666,#2667,#2668,
#2669,#2670,#2671,#2672,#2673,#2674,#2675,#2676,#2677,#2678,#2679,#2680,
#2681,#2682,#2683,#2684,#2685,#2686,#2687,#2688,#2689,#2690,#2691,#2692,
#2693,#2694,#2695,#2696,#2697,#2698,#2699,#2700,#2701,#2702,#2703,#2704,
#2705,#2706,#2707,#2708),.UNSPECIFIED.,.F.,.F.)
B_SPLINE_CURVE_WITH_KNOTS((3,2,2,2,2,2,2,2,2,2,2,2,2,2,2,2,2,2,2,2,2,2,
2,2,2,2,2,2,2,2,2,2,2,2,2,2,2,2,2,2,2,2,3),(0.,0.0238095238095238,0.0476190476190476,
0.0714285714285714,0.0952380952380952,0.119047619047619,0.142857142857143,
0.166666666666667,0.19047619047619,0.214285714285714,0.238095238095238,
0.261904761904762,0.285714285714286,0.309523809523809,0.333333333333334,
0.357142857142857,0.380952380952381,0.404761904761905,0.428571428571428,
0.452380952380952,0.476190476190476,0.5,0.523809523809524,0.547619047619048,
0.571428571428571,0.595238095238095,0.619047619047619,0.642857142857143,
0.666666666666667,0.690476190476191,0.714285714285714,0.738095238095238,
0.761904761904762,0.785714285714286,0.80952380952381,0.833333333333333,
0.857142857142857,0.880952380952381,0.904761904761905,0.928571428571429,
0.952380952380952,0.976190476190476,1.),.UNSPECIFIED.)
CURVE()
GEOMETRIC_REPRESENTATION_ITEM()
RATIONAL_B_SPLINE_CURVE((1.,0.866025403784439,1.,0.866025403784439,1.,0.866025403784439,
1.,0.866025403784439,1.,0.866025403784439,1.,0.866025403784439,1.,0.866025403784439,
1.,0.866025403784439,1.,0.866025403784439,1.,0.866025403784439,1.,0.866025403784439,
1.,0.866025403784439,1.,0.866025403784439,1.,0.866025403784439,1.,0.866025403784439,
1.,0.866025403784439,1.,0.866025403784439,1.,0.866025403784439,1.,0.866025403784439,
1.,0.866025403784439,1.,0.866025403784439,1.,0.866025403784439,1.,0.866025403784439,
1.,0.866025403784439,1.,0.866025403784439,1.,0.866025403784439,1.,0.866025403784439,
1.,0.866025403784439,1.,0.866025403784439,1.,0.866025403784439,1.,0.866025403784439,
1.,0.866025403784439,1.,0.866025403784439,1.,0.866025403784439,1.,0.866025403784439,
1.,0.866025403784439,1.,0.866025403784439,1.,0.866025403784439,1.,0.866025403784439,
1.,0.866025403784439,1.,0.866025403784439,1.,0.866025403784439,1.))
REPRESENTATION_ITEM('')
);
#145=(
BOUNDED_CURVE()
B_SPLINE_CURVE(1,(#2710,#2711),.UNSPECIFIED.,.F.,.F.)
B_SPLINE_CURVE_WITH_KNOTS((2,2),(0.,1.),.PIECEWISE_BEZIER_KNOTS.)
CURVE()
GEOMETRIC_REPRESENTATION_ITEM()
RATIONAL_B_SPLINE_CURVE((1.,1.))
REPRESENTATION_ITEM('')
);
#146=(
BOUNDED_CURVE()
B_SPLINE_CURVE(2,(#2771,#2772,#2773,#2774,#2775,#2776,#2777,#2778,#2779,
#2780,#2781,#2782,#2783,#2784,#2785,#2786,#2787,#2788,#2789,#2790,#2791,
#2792,#2793,#2794,#2795,#2796,#2797,#2798,#2799,#2800,#2801,#2802,#2803,
#2804,#2805,#2806,#2807,#2808,#2809,#2810,#2811,#2812,#2813,#2814,#2815,
#2816,#2817,#2818,#2819,#2820,#2821,#2822,#2823,#2824,#2825,#2826,#2827,
#2828,#2829,#2830,#2831,#2832,#2833,#2834,#2835,#2836,#2837,#2838,#2839,
#2840,#2841,#2842,#2843,#2844,#2845,#2846,#2847,#2848,#2849,#2850,#2851,
#2852,#2853,#2854,#2855),.UNSPECIFIED.,.F.,.F.)
B_SPLINE_CURVE_WITH_KNOTS((3,2,2,2,2,2,2,2,2,2,2,2,2,2,2,2,2,2,2,2,2,2,
2,2,2,2,2,2,2,2,2,2,2,2,2,2,2,2,2,2,2,2,3),(0.,0.0238095238095238,0.0476190476190476,
0.0714285714285714,0.0952380952380952,0.119047619047619,0.142857142857143,
0.166666666666667,0.19047619047619,0.214285714285714,0.238095238095238,
0.261904761904762,0.285714285714286,0.309523809523809,0.333333333333334,
0.357142857142857,0.380952380952381,0.404761904761905,0.428571428571428,
0.452380952380952,0.476190476190476,0.5,0.523809523809524,0.547619047619048,
0.571428571428571,0.595238095238095,0.619047619047619,0.642857142857143,
0.666666666666667,0.690476190476191,0.714285714285714,0.738095238095238,
0.761904761904762,0.785714285714286,0.80952380952381,0.833333333333333,
0.857142857142857,0.880952380952381,0.904761904761905,0.928571428571429,
0.952380952380952,0.976190476190476,1.),.UNSPECIFIED.)
CURVE()
GEOMETRIC_REPRESENTATION_ITEM()
RATIONAL_B_SPLINE_CURVE((1.,0.866025403784439,1.,0.866025403784439,1.,0.866025403784439,
1.,0.866025403784439,1.,0.866025403784439,1.,0.866025403784439,1.,0.866025403784439,
1.,0.866025403784439,1.,0.866025403784439,1.,0.866025403784439,1.,0.866025403784439,
1.,0.866025403784439,1.,0.866025403784439,1.,0.866025403784439,1.,0.866025403784439,
1.,0.866025403784439,1.,0.866025403784439,1.,0.866025403784439,1.,0.866025403784439,
1.,0.866025403784439,1.,0.866025403784439,1.,0.866025403784439,1.,0.866025403784439,
1.,0.866025403784439,1.,0.866025403784439,1.,0.866025403784439,1.,0.866025403784439,
1.,0.866025403784439,1.,0.866025403784439,1.,0.866025403784439,1.,0.866025403784439,
1.,0.866025403784439,1.,0.866025403784439,1.,0.866025403784439,1.,0.866025403784439,
1.,0.866025403784439,1.,0.866025403784439,1.,0.866025403784439,1.,0.866025403784439,
1.,0.866025403784439,1.,0.866025403784439,1.,0.866025403784439,1.))
REPRESENTATION_ITEM('')
);
#147=(
BOUNDED_CURVE()
B_SPLINE_CURVE(2,(#2864,#2865,#2866,#2867,#2868,#2869,#2870,#2871,#2872,
#2873,#2874,#2875,#2876,#2877,#2878,#2879,#2880,#2881,#2882,#2883,#2884,
#2885,#2886,#2887,#2888,#2889,#2890,#2891,#2892,#2893,#2894,#2895,#2896,
#2897,#2898,#2899,#2900,#2901,#2902,#2903,#2904,#2905,#2906,#2907,#2908,
#2909,#2910,#2911,#2912,#2913,#2914,#2915,#2916,#2917,#2918,#2919,#2920,
#2921,#2922,#2923,#2924,#2925,#2926,#2927,#2928,#2929,#2930,#2931,#2932,
#2933,#2934,#2935,#2936,#2937,#2938,#2939,#2940,#2941,#2942,#2943,#2944,
#2945,#2946,#2947,#2948),.UNSPECIFIED.,.F.,.F.)
B_SPLINE_CURVE_WITH_KNOTS((3,2,2,2,2,2,2,2,2,2,2,2,2,2,2,2,2,2,2,2,2,2,
2,2,2,2,2,2,2,2,2,2,2,2,2,2,2,2,2,2,2,2,3),(0.,0.0238095238095238,0.0476190476190476,
0.0714285714285714,0.0952380952380952,0.119047619047619,0.142857142857143,
0.166666666666667,0.19047619047619,0.214285714285714,0.238095238095238,
0.261904761904762,0.285714285714286,0.309523809523809,0.333333333333334,
0.357142857142857,0.380952380952381,0.404761904761905,0.428571428571428,
0.452380952380952,0.476190476190476,0.5,0.523809523809524,0.547619047619048,
0.571428571428571,0.595238095238095,0.619047619047619,0.642857142857143,
0.666666666666667,0.690476190476191,0.714285714285714,0.738095238095238,
0.761904761904762,0.785714285714286,0.80952380952381,0.833333333333333,
0.857142857142857,0.880952380952381,0.904761904761905,0.928571428571429,
0.952380952380952,0.976190476190476,1.),.UNSPECIFIED.)
CURVE()
GEOMETRIC_REPRESENTATION_ITEM()
RATIONAL_B_SPLINE_CURVE((1.,0.866025403784439,1.,0.866025403784439,1.,0.866025403784439,
1.,0.866025403784439,1.,0.866025403784439,1.,0.866025403784439,1.,0.866025403784439,
1.,0.866025403784439,1.,0.866025403784439,1.,0.866025403784439,1.,0.866025403784439,
1.,0.866025403784439,1.,0.866025403784439,1.,0.866025403784439,1.,0.866025403784439,
1.,0.866025403784439,1.,0.866025403784439,1.,0.866025403784439,1.,0.866025403784439,
1.,0.866025403784439,1.,0.866025403784439,1.,0.866025403784439,1.,0.866025403784439,
1.,0.866025403784439,1.,0.866025403784439,1.,0.866025403784439,1.,0.866025403784439,
1.,0.866025403784439,1.,0.866025403784439,1.,0.866025403784439,1.,0.866025403784439,
1.,0.866025403784439,1.,0.866025403784439,1.,0.866025403784439,1.,0.866025403784439,
1.,0.866025403784439,1.,0.866025403784439,1.,0.866025403784439,1.,0.866025403784439,
1.,0.866025403784439,1.,0.866025403784439,1.,0.866025403784439,1.))
REPRESENTATION_ITEM('')
);
#148=(
BOUNDED_CURVE()
B_SPLINE_CURVE(2,(#2949,#2950,#2951,#2952,#2953,#2954,#2955,#2956,#2957,
#2958,#2959,#2960,#2961,#2962,#2963,#2964,#2965,#2966,#2967,#2968,#2969,
#2970,#2971,#2972,#2973,#2974,#2975,#2976,#2977,#2978,#2979,#2980,#2981,
#2982,#2983,#2984,#2985,#2986,#2987,#2988,#2989,#2990,#2991,#2992,#2993,
#2994,#2995,#2996,#2997,#2998,#2999,#3000,#3001,#3002,#3003,#3004,#3005,
#3006,#3007,#3008,#3009,#3010,#3011,#3012,#3013,#3014,#3015,#3016,#3017,
#3018,#3019,#3020,#3021,#3022,#3023,#3024,#3025,#3026,#3027,#3028,#3029,
#3030,#3031,#3032,#3033),.UNSPECIFIED.,.F.,.F.)
B_SPLINE_CURVE_WITH_KNOTS((3,2,2,2,2,2,2,2,2,2,2,2,2,2,2,2,2,2,2,2,2,2,
2,2,2,2,2,2,2,2,2,2,2,2,2,2,2,2,2,2,2,2,3),(0.,0.0238095238095238,0.0476190476190476,
0.0714285714285714,0.0952380952380952,0.119047619047619,0.142857142857143,
0.166666666666667,0.19047619047619,0.214285714285714,0.238095238095238,
0.261904761904762,0.285714285714286,0.309523809523809,0.333333333333334,
0.357142857142857,0.380952380952381,0.404761904761905,0.428571428571428,
0.452380952380952,0.476190476190476,0.5,0.523809523809524,0.547619047619048,
0.571428571428571,0.595238095238095,0.619047619047619,0.642857142857143,
0.666666666666667,0.690476190476191,0.714285714285714,0.738095238095238,
0.761904761904762,0.785714285714286,0.80952380952381,0.833333333333333,
0.857142857142857,0.880952380952381,0.904761904761905,0.928571428571429,
0.952380952380952,0.976190476190476,1.),.UNSPECIFIED.)
CURVE()
GEOMETRIC_REPRESENTATION_ITEM()
RATIONAL_B_SPLINE_CURVE((1.,0.866025403784439,1.,0.866025403784439,1.,0.866025403784439,
1.,0.866025403784439,1.,0.866025403784439,1.,0.866025403784439,1.,0.866025403784439,
1.,0.866025403784439,1.,0.866025403784439,1.,0.866025403784439,1.,0.866025403784439,
1.,0.866025403784439,1.,0.866025403784439,1.,0.866025403784439,1.,0.866025403784439,
1.,0.866025403784439,1.,0.866025403784439,1.,0.866025403784439,1.,0.866025403784439,
1.,0.866025403784439,1.,0.866025403784439,1.,0.866025403784439,1.,0.866025403784439,
1.,0.866025403784439,1.,0.866025403784439,1.,0.866025403784439,1.,0.866025403784439,
1.,0.866025403784439,1.,0.866025403784439,1.,0.866025403784439,1.,0.866025403784439,
1.,0.866025403784439,1.,0.866025403784439,1.,0.866025403784439,1.,0.866025403784439,
1.,0.866025403784439,1.,0.866025403784439,1.,0.866025403784439,1.,0.866025403784439,
1.,0.866025403784439,1.,0.866025403784439,1.,0.866025403784439,1.))
REPRESENTATION_ITEM('')
);
#149=(
BOUNDED_CURVE()
B_SPLINE_CURVE(2,(#3042,#3043,#3044,#3045,#3046,#3047,#3048,#3049,#3050,
#3051,#3052,#3053,#3054,#3055,#3056,#3057,#3058,#3059,#3060,#3061,#3062,
#3063,#3064,#3065,#3066,#3067,#3068,#3069,#3070,#3071,#3072,#3073,#3074,
#3075,#3076,#3077,#3078,#3079,#3080,#3081,#3082,#3083,#3084,#3085,#3086,
#3087,#3088,#3089,#3090,#3091,#3092,#3093,#3094,#3095,#3096,#3097,#3098,
#3099,#3100,#3101,#3102,#3103,#3104,#3105,#3106,#3107,#3108,#3109,#3110,
#3111,#3112,#3113,#3114,#3115,#3116,#3117,#3118,#3119,#3120,#3121,#3122,
#3123,#3124,#3125,#3126),.UNSPECIFIED.,.F.,.F.)
B_SPLINE_CURVE_WITH_KNOTS((3,2,2,2,2,2,2,2,2,2,2,2,2,2,2,2,2,2,2,2,2,2,
2,2,2,2,2,2,2,2,2,2,2,2,2,2,2,2,2,2,2,2,3),(0.,0.0238095238095238,0.0476190476190476,
0.0714285714285714,0.0952380952380952,0.119047619047619,0.142857142857143,
0.166666666666667,0.19047619047619,0.214285714285714,0.238095238095238,
0.261904761904762,0.285714285714286,0.309523809523809,0.333333333333334,
0.357142857142857,0.380952380952381,0.404761904761905,0.428571428571428,
0.452380952380952,0.476190476190476,0.5,0.523809523809524,0.547619047619048,
0.571428571428571,0.595238095238095,0.619047619047619,0.642857142857143,
0.666666666666667,0.690476190476191,0.714285714285714,0.738095238095238,
0.761904761904762,0.785714285714286,0.80952380952381,0.833333333333333,
0.857142857142857,0.880952380952381,0.904761904761905,0.928571428571429,
0.952380952380952,0.976190476190476,1.),.UNSPECIFIED.)
CURVE()
GEOMETRIC_REPRESENTATION_ITEM()
RATIONAL_B_SPLINE_CURVE((1.,0.866025403784439,1.,0.866025403784439,1.,0.866025403784439,
1.,0.866025403784439,1.,0.866025403784439,1.,0.866025403784439,1.,0.866025403784439,
1.,0.866025403784439,1.,0.866025403784439,1.,0.866025403784439,1.,0.866025403784439,
1.,0.866025403784439,1.,0.866025403784439,1.,0.866025403784439,1.,0.866025403784439,
1.,0.866025403784439,1.,0.866025403784439,1.,0.866025403784439,1.,0.866025403784439,
1.,0.866025403784439,1.,0.866025403784439,1.,0.866025403784439,1.,0.866025403784439,
1.,0.866025403784439,1.,0.866025403784439,1.,0.866025403784439,1.,0.866025403784439,
1.,0.866025403784439,1.,0.866025403784439,1.,0.866025403784439,1.,0.866025403784439,
1.,0.866025403784439,1.,0.866025403784439,1.,0.866025403784439,1.,0.866025403784439,
1.,0.866025403784439,1.,0.866025403784439,1.,0.866025403784439,1.,0.866025403784439,
1.,0.866025403784439,1.,0.866025403784439,1.,0.866025403784439,1.))
REPRESENTATION_ITEM('')
);
#150=(
BOUNDED_CURVE()
B_SPLINE_CURVE(2,(#3127,#3128,#3129,#3130,#3131,#3132,#3133,#3134,#3135,
#3136,#3137,#3138,#3139,#3140,#3141,#3142,#3143,#3144,#3145,#3146,#3147,
#3148,#3149,#3150,#3151,#3152,#3153,#3154,#3155,#3156,#3157,#3158,#3159,
#3160,#3161,#3162,#3163,#3164,#3165,#3166,#3167,#3168,#3169,#3170,#3171,
#3172,#3173,#3174,#3175,#3176,#3177,#3178,#3179,#3180,#3181,#3182,#3183,
#3184,#3185,#3186,#3187,#3188,#3189,#3190,#3191,#3192,#3193,#3194,#3195,
#3196,#3197,#3198,#3199,#3200,#3201,#3202,#3203,#3204,#3205,#3206,#3207,
#3208,#3209,#3210,#3211),.UNSPECIFIED.,.F.,.F.)
B_SPLINE_CURVE_WITH_KNOTS((3,2,2,2,2,2,2,2,2,2,2,2,2,2,2,2,2,2,2,2,2,2,
2,2,2,2,2,2,2,2,2,2,2,2,2,2,2,2,2,2,2,2,3),(0.,0.0238095238095238,0.0476190476190476,
0.0714285714285714,0.0952380952380952,0.119047619047619,0.142857142857143,
0.166666666666667,0.19047619047619,0.214285714285714,0.238095238095238,
0.261904761904762,0.285714285714286,0.309523809523809,0.333333333333334,
0.357142857142857,0.380952380952381,0.404761904761905,0.428571428571428,
0.452380952380952,0.476190476190476,0.5,0.523809523809524,0.547619047619048,
0.571428571428571,0.595238095238095,0.619047619047619,0.642857142857143,
0.666666666666667,0.690476190476191,0.714285714285714,0.738095238095238,
0.761904761904762,0.785714285714286,0.80952380952381,0.833333333333333,
0.857142857142857,0.880952380952381,0.904761904761905,0.928571428571429,
0.952380952380952,0.976190476190476,1.),.UNSPECIFIED.)
CURVE()
GEOMETRIC_REPRESENTATION_ITEM()
RATIONAL_B_SPLINE_CURVE((1.,0.866025403784439,1.,0.866025403784439,1.,0.866025403784439,
1.,0.866025403784439,1.,0.866025403784439,1.,0.866025403784439,1.,0.866025403784439,
1.,0.866025403784439,1.,0.866025403784439,1.,0.866025403784439,1.,0.866025403784439,
1.,0.866025403784439,1.,0.866025403784439,1.,0.866025403784439,1.,0.866025403784439,
1.,0.866025403784439,1.,0.866025403784439,1.,0.866025403784439,1.,0.866025403784439,
1.,0.866025403784439,1.,0.866025403784439,1.,0.866025403784439,1.,0.866025403784439,
1.,0.866025403784439,1.,0.866025403784439,1.,0.866025403784439,1.,0.866025403784439,
1.,0.866025403784439,1.,0.866025403784439,1.,0.866025403784439,1.,0.866025403784439,
1.,0.866025403784439,1.,0.866025403784439,1.,0.866025403784439,1.,0.866025403784439,
1.,0.866025403784439,1.,0.866025403784439,1.,0.866025403784439,1.,0.866025403784439,
1.,0.866025403784439,1.,0.866025403784439,1.,0.866025403784439,1.))
REPRESENTATION_ITEM('')
);
#151=(
BOUNDED_CURVE()
B_SPLINE_CURVE(2,(#3220,#3221,#3222,#3223,#3224,#3225,#3226,#3227,#3228,
#3229,#3230,#3231,#3232,#3233,#3234,#3235,#3236,#3237,#3238,#3239,#3240,
#3241,#3242,#3243,#3244,#3245,#3246,#3247,#3248,#3249,#3250,#3251,#3252,
#3253,#3254,#3255,#3256,#3257,#3258,#3259,#3260,#3261,#3262,#3263,#3264,
#3265,#3266,#3267,#3268,#3269,#3270,#3271,#3272,#3273,#3274,#3275,#3276,
#3277,#3278,#3279,#3280,#3281,#3282,#3283,#3284,#3285,#3286,#3287,#3288,
#3289,#3290,#3291,#3292,#3293,#3294,#3295,#3296,#3297,#3298,#3299,#3300,
#3301,#3302,#3303,#3304),.UNSPECIFIED.,.F.,.F.)
B_SPLINE_CURVE_WITH_KNOTS((3,2,2,2,2,2,2,2,2,2,2,2,2,2,2,2,2,2,2,2,2,2,
2,2,2,2,2,2,2,2,2,2,2,2,2,2,2,2,2,2,2,2,3),(0.,0.0238095238095238,0.0476190476190476,
0.0714285714285714,0.0952380952380952,0.119047619047619,0.142857142857143,
0.166666666666667,0.19047619047619,0.214285714285714,0.238095238095238,
0.261904761904762,0.285714285714286,0.309523809523809,0.333333333333334,
0.357142857142857,0.380952380952381,0.404761904761905,0.428571428571428,
0.452380952380952,0.476190476190476,0.5,0.523809523809524,0.547619047619048,
0.571428571428571,0.595238095238095,0.619047619047619,0.642857142857143,
0.666666666666667,0.690476190476191,0.714285714285714,0.738095238095238,
0.761904761904762,0.785714285714286,0.80952380952381,0.833333333333333,
0.857142857142857,0.880952380952381,0.904761904761905,0.928571428571429,
0.952380952380952,0.976190476190476,1.),.UNSPECIFIED.)
CURVE()
GEOMETRIC_REPRESENTATION_ITEM()
RATIONAL_B_SPLINE_CURVE((1.,0.866025403784439,1.,0.866025403784439,1.,0.866025403784439,
1.,0.866025403784439,1.,0.866025403784439,1.,0.866025403784439,1.,0.866025403784439,
1.,0.866025403784439,1.,0.866025403784439,1.,0.866025403784439,1.,0.866025403784439,
1.,0.866025403784439,1.,0.866025403784439,1.,0.866025403784439,1.,0.866025403784439,
1.,0.866025403784439,1.,0.866025403784439,1.,0.866025403784439,1.,0.866025403784439,
1.,0.866025403784439,1.,0.866025403784439,1.,0.866025403784439,1.,0.866025403784439,
1.,0.866025403784439,1.,0.866025403784439,1.,0.866025403784439,1.,0.866025403784439,
1.,0.866025403784439,1.,0.866025403784439,1.,0.866025403784439,1.,0.866025403784439,
1.,0.866025403784439,1.,0.866025403784439,1.,0.866025403784439,1.,0.866025403784439,
1.,0.866025403784439,1.,0.866025403784439,1.,0.866025403784439,1.,0.866025403784439,
1.,0.866025403784439,1.,0.866025403784439,1.,0.866025403784439,1.))
REPRESENTATION_ITEM('')
);
#152=(
BOUNDED_CURVE()
B_SPLINE_CURVE(2,(#3305,#3306,#3307,#3308,#3309,#3310,#3311,#3312,#3313,
#3314,#3315,#3316,#3317,#3318,#3319,#3320,#3321,#3322,#3323,#3324,#3325,
#3326,#3327,#3328,#3329,#3330,#3331,#3332,#3333,#3334,#3335,#3336,#3337,
#3338,#3339,#3340,#3341,#3342,#3343,#3344,#3345,#3346,#3347,#3348,#3349,
#3350,#3351,#3352,#3353,#3354,#3355,#3356,#3357,#3358,#3359,#3360,#3361,
#3362,#3363,#3364,#3365,#3366,#3367,#3368,#3369,#3370,#3371,#3372,#3373,
#3374,#3375,#3376,#3377,#3378,#3379,#3380,#3381,#3382,#3383,#3384,#3385,
#3386,#3387,#3388,#3389),.UNSPECIFIED.,.F.,.F.)
B_SPLINE_CURVE_WITH_KNOTS((3,2,2,2,2,2,2,2,2,2,2,2,2,2,2,2,2,2,2,2,2,2,
2,2,2,2,2,2,2,2,2,2,2,2,2,2,2,2,2,2,2,2,3),(0.,0.0238095238095238,0.0476190476190476,
0.0714285714285714,0.0952380952380952,0.119047619047619,0.142857142857143,
0.166666666666667,0.19047619047619,0.214285714285714,0.238095238095238,
0.261904761904762,0.285714285714286,0.309523809523809,0.333333333333334,
0.357142857142857,0.380952380952381,0.404761904761905,0.428571428571428,
0.452380952380952,0.476190476190476,0.5,0.523809523809524,0.547619047619048,
0.571428571428571,0.595238095238095,0.619047619047619,0.642857142857143,
0.666666666666667,0.690476190476191,0.714285714285714,0.738095238095238,
0.761904761904762,0.785714285714286,0.80952380952381,0.833333333333333,
0.857142857142857,0.880952380952381,0.904761904761905,0.928571428571429,
0.952380952380952,0.976190476190476,1.),.UNSPECIFIED.)
CURVE()
GEOMETRIC_REPRESENTATION_ITEM()
RATIONAL_B_SPLINE_CURVE((1.,0.866025403784439,1.,0.866025403784439,1.,0.866025403784439,
1.,0.866025403784439,1.,0.866025403784439,1.,0.866025403784439,1.,0.866025403784439,
1.,0.866025403784439,1.,0.866025403784439,1.,0.866025403784439,1.,0.866025403784439,
1.,0.866025403784439,1.,0.866025403784439,1.,0.866025403784439,1.,0.866025403784439,
1.,0.866025403784439,1.,0.866025403784439,1.,0.866025403784439,1.,0.866025403784439,
1.,0.866025403784439,1.,0.866025403784439,1.,0.866025403784439,1.,0.866025403784439,
1.,0.866025403784439,1.,0.866025403784439,1.,0.866025403784439,1.,0.866025403784439,
1.,0.866025403784439,1.,0.866025403784439,1.,0.866025403784439,1.,0.866025403784439,
1.,0.866025403784439,1.,0.866025403784439,1.,0.866025403784439,1.,0.866025403784439,
1.,0.866025403784439,1.,0.866025403784439,1.,0.866025403784439,1.,0.866025403784439,
1.,0.866025403784439,1.,0.866025403784439,1.,0.866025403784439,1.))
REPRESENTATION_ITEM('')
);
#153=(
BOUNDED_CURVE()
B_SPLINE_CURVE(2,(#3398,#3399,#3400,#3401,#3402,#3403,#3404,#3405,#3406,
#3407,#3408,#3409,#3410,#3411,#3412,#3413,#3414,#3415,#3416,#3417,#3418,
#3419,#3420,#3421,#3422,#3423,#3424,#3425,#3426,#3427,#3428,#3429,#3430,
#3431,#3432,#3433,#3434,#3435,#3436,#3437,#3438,#3439,#3440,#3441,#3442,
#3443,#3444,#3445,#3446,#3447,#3448,#3449,#3450,#3451,#3452,#3453,#3454,
#3455,#3456,#3457,#3458,#3459,#3460,#3461,#3462,#3463,#3464,#3465,#3466,
#3467,#3468,#3469,#3470,#3471,#3472,#3473,#3474,#3475,#3476,#3477,#3478,
#3479,#3480,#3481,#3482),.UNSPECIFIED.,.F.,.F.)
B_SPLINE_CURVE_WITH_KNOTS((3,2,2,2,2,2,2,2,2,2,2,2,2,2,2,2,2,2,2,2,2,2,
2,2,2,2,2,2,2,2,2,2,2,2,2,2,2,2,2,2,2,2,3),(0.,0.0238095238095238,0.0476190476190476,
0.0714285714285714,0.0952380952380952,0.119047619047619,0.142857142857143,
0.166666666666667,0.19047619047619,0.214285714285714,0.238095238095238,
0.261904761904762,0.285714285714286,0.309523809523809,0.333333333333334,
0.357142857142857,0.380952380952381,0.404761904761905,0.428571428571428,
0.452380952380952,0.476190476190476,0.5,0.523809523809524,0.547619047619048,
0.571428571428571,0.595238095238095,0.619047619047619,0.642857142857143,
0.666666666666667,0.690476190476191,0.714285714285714,0.738095238095238,
0.761904761904762,0.785714285714286,0.80952380952381,0.833333333333333,
0.857142857142857,0.880952380952381,0.904761904761905,0.928571428571429,
0.952380952380952,0.976190476190476,1.),.UNSPECIFIED.)
CURVE()
GEOMETRIC_REPRESENTATION_ITEM()
RATIONAL_B_SPLINE_CURVE((1.,0.866025403784439,1.,0.866025403784439,1.,0.866025403784439,
1.,0.866025403784439,1.,0.866025403784439,1.,0.866025403784439,1.,0.866025403784439,
1.,0.866025403784439,1.,0.866025403784439,1.,0.866025403784439,1.,0.866025403784439,
1.,0.866025403784439,1.,0.866025403784439,1.,0.866025403784439,1.,0.866025403784439,
1.,0.866025403784439,1.,0.866025403784439,1.,0.866025403784439,1.,0.866025403784439,
1.,0.866025403784439,1.,0.866025403784439,1.,0.866025403784439,1.,0.866025403784439,
1.,0.866025403784439,1.,0.866025403784439,1.,0.866025403784439,1.,0.866025403784439,
1.,0.866025403784439,1.,0.866025403784439,1.,0.866025403784439,1.,0.866025403784439,
1.,0.866025403784439,1.,0.866025403784439,1.,0.866025403784439,1.,0.866025403784439,
1.,0.866025403784439,1.,0.866025403784439,1.,0.866025403784439,1.,0.866025403784439,
1.,0.866025403784439,1.,0.866025403784439,1.,0.866025403784439,1.))
REPRESENTATION_ITEM('')
);
#154=(
BOUNDED_CURVE()
B_SPLINE_CURVE(2,(#3483,#3484,#3485,#3486,#3487,#3488,#3489,#3490,#3491,
#3492,#3493,#3494,#3495,#3496,#3497,#3498,#3499,#3500,#3501,#3502,#3503,
#3504,#3505,#3506,#3507,#3508,#3509,#3510,#3511,#3512,#3513,#3514,#3515,
#3516,#3517,#3518,#3519,#3520,#3521,#3522,#3523,#3524,#3525,#3526,#3527,
#3528,#3529,#3530,#3531,#3532,#3533,#3534,#3535,#3536,#3537,#3538,#3539,
#3540,#3541,#3542,#3543,#3544,#3545,#3546,#3547,#3548,#3549,#3550,#3551,
#3552,#3553,#3554,#3555,#3556,#3557,#3558,#3559,#3560,#3561,#3562,#3563,
#3564,#3565,#3566,#3567),.UNSPECIFIED.,.F.,.F.)
B_SPLINE_CURVE_WITH_KNOTS((3,2,2,2,2,2,2,2,2,2,2,2,2,2,2,2,2,2,2,2,2,2,
2,2,2,2,2,2,2,2,2,2,2,2,2,2,2,2,2,2,2,2,3),(0.,0.0238095238095238,0.0476190476190476,
0.0714285714285714,0.0952380952380952,0.119047619047619,0.142857142857143,
0.166666666666667,0.19047619047619,0.214285714285714,0.238095238095238,
0.261904761904762,0.285714285714286,0.309523809523809,0.333333333333334,
0.357142857142857,0.380952380952381,0.404761904761905,0.428571428571428,
0.452380952380952,0.476190476190476,0.5,0.523809523809524,0.547619047619048,
0.571428571428571,0.595238095238095,0.619047619047619,0.642857142857143,
0.666666666666667,0.690476190476191,0.714285714285714,0.738095238095238,
0.761904761904762,0.785714285714286,0.80952380952381,0.833333333333333,
0.857142857142857,0.880952380952381,0.904761904761905,0.928571428571429,
0.952380952380952,0.976190476190476,1.),.UNSPECIFIED.)
CURVE()
GEOMETRIC_REPRESENTATION_ITEM()
RATIONAL_B_SPLINE_CURVE((1.,0.866025403784439,1.,0.866025403784439,1.,0.866025403784439,
1.,0.866025403784439,1.,0.866025403784439,1.,0.866025403784439,1.,0.866025403784439,
1.,0.866025403784439,1.,0.866025403784439,1.,0.866025403784439,1.,0.866025403784439,
1.,0.866025403784439,1.,0.866025403784439,1.,0.866025403784439,1.,0.866025403784439,
1.,0.866025403784439,1.,0.866025403784439,1.,0.866025403784439,1.,0.866025403784439,
1.,0.866025403784439,1.,0.866025403784439,1.,0.866025403784439,1.,0.866025403784439,
1.,0.866025403784439,1.,0.866025403784439,1.,0.866025403784439,1.,0.866025403784439,
1.,0.866025403784439,1.,0.866025403784439,1.,0.866025403784439,1.,0.866025403784439,
1.,0.866025403784439,1.,0.866025403784439,1.,0.866025403784439,1.,0.866025403784439,
1.,0.866025403784439,1.,0.866025403784439,1.,0.866025403784439,1.,0.866025403784439,
1.,0.866025403784439,1.,0.866025403784439,1.,0.866025403784439,1.))
REPRESENTATION_ITEM('')
);
#155=(
BOUNDED_CURVE()
B_SPLINE_CURVE(2,(#3576,#3577,#3578,#3579,#3580,#3581,#3582,#3583,#3584,
#3585,#3586,#3587,#3588,#3589,#3590,#3591,#3592,#3593,#3594,#3595,#3596,
#3597,#3598,#3599,#3600,#3601,#3602,#3603,#3604,#3605,#3606,#3607,#3608,
#3609,#3610,#3611,#3612,#3613,#3614,#3615,#3616,#3617,#3618,#3619,#3620,
#3621,#3622,#3623,#3624,#3625,#3626,#3627,#3628,#3629,#3630,#3631,#3632,
#3633,#3634,#3635,#3636,#3637,#3638,#3639,#3640,#3641,#3642,#3643,#3644,
#3645,#3646,#3647,#3648,#3649,#3650,#3651,#3652,#3653,#3654,#3655,#3656,
#3657,#3658,#3659,#3660),.UNSPECIFIED.,.F.,.F.)
B_SPLINE_CURVE_WITH_KNOTS((3,2,2,2,2,2,2,2,2,2,2,2,2,2,2,2,2,2,2,2,2,2,
2,2,2,2,2,2,2,2,2,2,2,2,2,2,2,2,2,2,2,2,3),(0.,0.0238095238095238,0.0476190476190476,
0.0714285714285714,0.0952380952380952,0.119047619047619,0.142857142857143,
0.166666666666667,0.19047619047619,0.214285714285714,0.238095238095238,
0.261904761904762,0.285714285714286,0.309523809523809,0.333333333333334,
0.357142857142857,0.380952380952381,0.404761904761905,0.428571428571428,
0.452380952380952,0.476190476190476,0.5,0.523809523809524,0.547619047619048,
0.571428571428571,0.595238095238095,0.619047619047619,0.642857142857143,
0.666666666666667,0.690476190476191,0.714285714285714,0.738095238095238,
0.761904761904762,0.785714285714286,0.80952380952381,0.833333333333333,
0.857142857142857,0.880952380952381,0.904761904761905,0.928571428571429,
0.952380952380952,0.976190476190476,1.),.UNSPECIFIED.)
CURVE()
GEOMETRIC_REPRESENTATION_ITEM()
RATIONAL_B_SPLINE_CURVE((1.,0.866025403784439,1.,0.866025403784439,1.,0.866025403784439,
1.,0.866025403784439,1.,0.866025403784439,1.,0.866025403784439,1.,0.866025403784439,
1.,0.866025403784439,1.,0.866025403784439,1.,0.866025403784439,1.,0.866025403784439,
1.,0.866025403784439,1.,0.866025403784439,1.,0.866025403784439,1.,0.866025403784439,
1.,0.866025403784439,1.,0.866025403784439,1.,0.866025403784439,1.,0.866025403784439,
1.,0.866025403784439,1.,0.866025403784439,1.,0.866025403784439,1.,0.866025403784439,
1.,0.866025403784439,1.,0.866025403784439,1.,0.866025403784439,1.,0.866025403784439,
1.,0.866025403784439,1.,0.866025403784439,1.,0.866025403784439,1.,0.866025403784439,
1.,0.866025403784439,1.,0.866025403784439,1.,0.866025403784439,1.,0.866025403784439,
1.,0.866025403784439,1.,0.866025403784439,1.,0.866025403784439,1.,0.866025403784439,
1.,0.866025403784439,1.,0.866025403784439,1.,0.866025403784439,1.))
REPRESENTATION_ITEM('')
);
#156=(
BOUNDED_CURVE()
B_SPLINE_CURVE(2,(#3661,#3662,#3663,#3664,#3665,#3666,#3667,#3668,#3669,
#3670,#3671,#3672,#3673,#3674,#3675,#3676,#3677,#3678,#3679,#3680,#3681,
#3682,#3683,#3684,#3685,#3686,#3687,#3688,#3689,#3690,#3691,#3692,#3693,
#3694,#3695,#3696,#3697,#3698,#3699,#3700,#3701,#3702,#3703,#3704,#3705,
#3706,#3707,#3708,#3709,#3710,#3711,#3712,#3713,#3714,#3715,#3716,#3717,
#3718,#3719,#3720,#3721,#3722,#3723,#3724,#3725,#3726,#3727,#3728,#3729,
#3730,#3731,#3732,#3733,#3734,#3735,#3736,#3737,#3738,#3739,#3740,#3741,
#3742,#3743,#3744,#3745),.UNSPECIFIED.,.F.,.F.)
B_SPLINE_CURVE_WITH_KNOTS((3,2,2,2,2,2,2,2,2,2,2,2,2,2,2,2,2,2,2,2,2,2,
2,2,2,2,2,2,2,2,2,2,2,2,2,2,2,2,2,2,2,2,3),(0.,0.0238095238095238,0.0476190476190476,
0.0714285714285714,0.0952380952380952,0.119047619047619,0.142857142857143,
0.166666666666667,0.19047619047619,0.214285714285714,0.238095238095238,
0.261904761904762,0.285714285714286,0.309523809523809,0.333333333333334,
0.357142857142857,0.380952380952381,0.404761904761905,0.428571428571428,
0.452380952380952,0.476190476190476,0.5,0.523809523809524,0.547619047619048,
0.571428571428571,0.595238095238095,0.619047619047619,0.642857142857143,
0.666666666666667,0.690476190476191,0.714285714285714,0.738095238095238,
0.761904761904762,0.785714285714286,0.80952380952381,0.833333333333333,
0.857142857142857,0.880952380952381,0.904761904761905,0.928571428571429,
0.952380952380952,0.976190476190476,1.),.UNSPECIFIED.)
CURVE()
GEOMETRIC_REPRESENTATION_ITEM()
RATIONAL_B_SPLINE_CURVE((1.,0.866025403784439,1.,0.866025403784439,1.,0.866025403784439,
1.,0.866025403784439,1.,0.866025403784439,1.,0.866025403784439,1.,0.866025403784439,
1.,0.866025403784439,1.,0.866025403784439,1.,0.866025403784439,1.,0.866025403784439,
1.,0.866025403784439,1.,0.866025403784439,1.,0.866025403784439,1.,0.866025403784439,
1.,0.866025403784439,1.,0.866025403784439,1.,0.866025403784439,1.,0.866025403784439,
1.,0.866025403784439,1.,0.866025403784439,1.,0.866025403784439,1.,0.866025403784439,
1.,0.866025403784439,1.,0.866025403784439,1.,0.866025403784439,1.,0.866025403784439,
1.,0.866025403784439,1.,0.866025403784439,1.,0.866025403784439,1.,0.866025403784439,
1.,0.866025403784439,1.,0.866025403784439,1.,0.866025403784439,1.,0.866025403784439,
1.,0.866025403784439,1.,0.866025403784439,1.,0.866025403784439,1.,0.866025403784439,
1.,0.866025403784439,1.,0.866025403784439,1.,0.866025403784439,1.))
REPRESENTATION_ITEM('')
);
#157=(
BOUNDED_CURVE()
B_SPLINE_CURVE(2,(#3754,#3755,#3756,#3757,#3758,#3759,#3760,#3761,#3762,
#3763,#3764,#3765,#3766,#3767,#3768,#3769,#3770,#3771,#3772,#3773,#3774,
#3775,#3776,#3777,#3778,#3779,#3780,#3781,#3782,#3783,#3784,#3785,#3786,
#3787,#3788,#3789,#3790,#3791,#3792,#3793,#3794,#3795,#3796,#3797,#3798,
#3799,#3800,#3801,#3802,#3803,#3804,#3805,#3806,#3807,#3808,#3809,#3810,
#3811,#3812,#3813,#3814,#3815,#3816,#3817,#3818,#3819,#3820,#3821,#3822,
#3823,#3824,#3825,#3826,#3827,#3828,#3829,#3830,#3831,#3832,#3833,#3834,
#3835,#3836,#3837,#3838),.UNSPECIFIED.,.F.,.F.)
B_SPLINE_CURVE_WITH_KNOTS((3,2,2,2,2,2,2,2,2,2,2,2,2,2,2,2,2,2,2,2,2,2,
2,2,2,2,2,2,2,2,2,2,2,2,2,2,2,2,2,2,2,2,3),(0.,0.0238095238095238,0.0476190476190476,
0.0714285714285714,0.0952380952380952,0.119047619047619,0.142857142857143,
0.166666666666667,0.19047619047619,0.214285714285714,0.238095238095238,
0.261904761904762,0.285714285714286,0.309523809523809,0.333333333333334,
0.357142857142857,0.380952380952381,0.404761904761905,0.428571428571428,
0.452380952380952,0.476190476190476,0.5,0.523809523809524,0.547619047619048,
0.571428571428571,0.595238095238095,0.619047619047619,0.642857142857143,
0.666666666666667,0.690476190476191,0.714285714285714,0.738095238095238,
0.761904761904762,0.785714285714286,0.80952380952381,0.833333333333333,
0.857142857142857,0.880952380952381,0.904761904761905,0.928571428571429,
0.952380952380952,0.976190476190476,1.),.UNSPECIFIED.)
CURVE()
GEOMETRIC_REPRESENTATION_ITEM()
RATIONAL_B_SPLINE_CURVE((1.,0.866025403784439,1.,0.866025403784439,1.,0.866025403784439,
1.,0.866025403784439,1.,0.866025403784439,1.,0.866025403784439,1.,0.866025403784439,
1.,0.866025403784439,1.,0.866025403784439,1.,0.866025403784439,1.,0.866025403784439,
1.,0.866025403784439,1.,0.866025403784439,1.,0.866025403784439,1.,0.866025403784439,
1.,0.866025403784439,1.,0.866025403784439,1.,0.866025403784439,1.,0.866025403784439,
1.,0.866025403784439,1.,0.866025403784439,1.,0.866025403784439,1.,0.866025403784439,
1.,0.866025403784439,1.,0.866025403784439,1.,0.866025403784439,1.,0.866025403784439,
1.,0.866025403784439,1.,0.866025403784439,1.,0.866025403784439,1.,0.866025403784439,
1.,0.866025403784439,1.,0.866025403784439,1.,0.866025403784439,1.,0.866025403784439,
1.,0.866025403784439,1.,0.866025403784439,1.,0.866025403784439,1.,0.866025403784439,
1.,0.866025403784439,1.,0.866025403784439,1.,0.866025403784439,1.))
REPRESENTATION_ITEM('')
);
#158=(
BOUNDED_CURVE()
B_SPLINE_CURVE(2,(#3849,#3850,#3851,#3852,#3853,#3854,#3855,#3856,#3857,
#3858,#3859,#3860,#3861,#3862,#3863,#3864,#3865,#3866,#3867,#3868,#3869,
#3870,#3871,#3872,#3873,#3874,#3875,#3876,#3877,#3878,#3879,#3880,#3881,
#3882,#3883,#3884,#3885,#3886,#3887,#3888,#3889,#3890,#3891,#3892,#3893,
#3894,#3895,#3896,#3897,#3898,#3899,#3900,#3901,#3902,#3903,#3904,#3905,
#3906,#3907,#3908,#3909,#3910,#3911,#3912,#3913,#3914,#3915,#3916,#3917,
#3918,#3919,#3920,#3921,#3922,#3923,#3924,#3925,#3926,#3927,#3928,#3929,
#3930,#3931,#3932,#3933),.UNSPECIFIED.,.F.,.F.)
B_SPLINE_CURVE_WITH_KNOTS((3,2,2,2,2,2,2,2,2,2,2,2,2,2,2,2,2,2,2,2,2,2,
2,2,2,2,2,2,2,2,2,2,2,2,2,2,2,2,2,2,2,2,3),(0.,0.0238095238095238,0.0476190476190476,
0.0714285714285714,0.0952380952380952,0.119047619047619,0.142857142857143,
0.166666666666667,0.19047619047619,0.214285714285714,0.238095238095238,
0.261904761904762,0.285714285714286,0.309523809523809,0.333333333333334,
0.357142857142857,0.380952380952381,0.404761904761905,0.428571428571428,
0.452380952380952,0.476190476190476,0.5,0.523809523809524,0.547619047619048,
0.571428571428571,0.595238095238095,0.619047619047619,0.642857142857143,
0.666666666666667,0.690476190476191,0.714285714285714,0.738095238095238,
0.761904761904762,0.785714285714286,0.80952380952381,0.833333333333333,
0.857142857142857,0.880952380952381,0.904761904761905,0.928571428571429,
0.952380952380952,0.976190476190476,1.),.UNSPECIFIED.)
CURVE()
GEOMETRIC_REPRESENTATION_ITEM()
RATIONAL_B_SPLINE_CURVE((1.,0.866025403784439,1.,0.866025403784439,1.,0.866025403784439,
1.,0.866025403784439,1.,0.866025403784439,1.,0.866025403784439,1.,0.866025403784439,
1.,0.866025403784439,1.,0.866025403784439,1.,0.866025403784439,1.,0.866025403784439,
1.,0.866025403784439,1.,0.866025403784439,1.,0.866025403784439,1.,0.866025403784439,
1.,0.866025403784439,1.,0.866025403784439,1.,0.866025403784439,1.,0.866025403784439,
1.,0.866025403784439,1.,0.866025403784439,1.,0.866025403784439,1.,0.866025403784439,
1.,0.866025403784439,1.,0.866025403784439,1.,0.866025403784439,1.,0.866025403784439,
1.,0.866025403784439,1.,0.866025403784439,1.,0.866025403784439,1.,0.866025403784439,
1.,0.866025403784439,1.,0.866025403784439,1.,0.866025403784439,1.,0.866025403784439,
1.,0.866025403784439,1.,0.866025403784439,1.,0.866025403784439,1.,0.866025403784439,
1.,0.866025403784439,1.,0.866025403784439,1.,0.866025403784439,1.))
REPRESENTATION_ITEM('')
);
#159=(
BOUNDED_CURVE()
B_SPLINE_CURVE(1,(#3936,#3937),.UNSPECIFIED.,.F.,.F.)
B_SPLINE_CURVE_WITH_KNOTS((2,2),(0.,1.),.PIECEWISE_BEZIER_KNOTS.)
CURVE()
GEOMETRIC_REPRESENTATION_ITEM()
RATIONAL_B_SPLINE_CURVE((1.,1.))
REPRESENTATION_ITEM('')
);
#160=(
BOUNDED_CURVE()
B_SPLINE_CURVE(2,(#3939,#3940,#3941,#3942,#3943,#3944,#3945,#3946,#3947,
#3948,#3949,#3950,#3951,#3952,#3953,#3954,#3955,#3956,#3957,#3958,#3959,
#3960,#3961,#3962,#3963,#3964,#3965,#3966,#3967,#3968,#3969,#3970,#3971,
#3972,#3973,#3974,#3975,#3976,#3977,#3978,#3979,#3980,#3981,#3982,#3983,
#3984,#3985,#3986,#3987,#3988,#3989,#3990,#3991,#3992,#3993,#3994,#3995,
#3996,#3997,#3998,#3999,#4000,#4001,#4002,#4003,#4004,#4005,#4006,#4007,
#4008,#4009,#4010,#4011,#4012,#4013,#4014,#4015,#4016,#4017,#4018,#4019,
#4020,#4021,#4022,#4023),.UNSPECIFIED.,.F.,.F.)
B_SPLINE_CURVE_WITH_KNOTS((3,2,2,2,2,2,2,2,2,2,2,2,2,2,2,2,2,2,2,2,2,2,
2,2,2,2,2,2,2,2,2,2,2,2,2,2,2,2,2,2,2,2,3),(0.,0.0238095238095238,0.0476190476190476,
0.0714285714285714,0.0952380952380952,0.119047619047619,0.142857142857143,
0.166666666666667,0.19047619047619,0.214285714285714,0.238095238095238,
0.261904761904762,0.285714285714286,0.309523809523809,0.333333333333334,
0.357142857142857,0.380952380952381,0.404761904761905,0.428571428571428,
0.452380952380952,0.476190476190476,0.5,0.523809523809524,0.547619047619048,
0.571428571428571,0.595238095238095,0.619047619047619,0.642857142857143,
0.666666666666667,0.690476190476191,0.714285714285714,0.738095238095238,
0.761904761904762,0.785714285714286,0.80952380952381,0.833333333333333,
0.857142857142857,0.880952380952381,0.904761904761905,0.928571428571429,
0.952380952380952,0.976190476190476,1.),.UNSPECIFIED.)
CURVE()
GEOMETRIC_REPRESENTATION_ITEM()
RATIONAL_B_SPLINE_CURVE((1.,0.866025403784439,1.,0.866025403784439,1.,0.866025403784439,
1.,0.866025403784439,1.,0.866025403784439,1.,0.866025403784439,1.,0.866025403784439,
1.,0.866025403784439,1.,0.866025403784439,1.,0.866025403784439,1.,0.866025403784439,
1.,0.866025403784439,1.,0.866025403784439,1.,0.866025403784439,1.,0.866025403784439,
1.,0.866025403784439,1.,0.866025403784439,1.,0.866025403784439,1.,0.866025403784439,
1.,0.866025403784439,1.,0.866025403784439,1.,0.866025403784439,1.,0.866025403784439,
1.,0.866025403784439,1.,0.866025403784439,1.,0.866025403784439,1.,0.866025403784439,
1.,0.866025403784439,1.,0.866025403784439,1.,0.866025403784439,1.,0.866025403784439,
1.,0.866025403784439,1.,0.866025403784439,1.,0.866025403784439,1.,0.866025403784439,
1.,0.866025403784439,1.,0.866025403784439,1.,0.866025403784439,1.,0.866025403784439,
1.,0.866025403784439,1.,0.866025403784439,1.,0.866025403784439,1.))
REPRESENTATION_ITEM('')
);
#161=(
BOUNDED_CURVE()
B_SPLINE_CURVE(1,(#4025,#4026),.UNSPECIFIED.,.F.,.F.)
B_SPLINE_CURVE_WITH_KNOTS((2,2),(0.,1.),.PIECEWISE_BEZIER_KNOTS.)
CURVE()
GEOMETRIC_REPRESENTATION_ITEM()
RATIONAL_B_SPLINE_CURVE((1.,1.))
REPRESENTATION_ITEM('')
);
#162=(
BOUNDED_CURVE()
B_SPLINE_CURVE(2,(#4035,#4036,#4037,#4038,#4039,#4040,#4041,#4042,#4043,
#4044,#4045,#4046,#4047,#4048,#4049,#4050,#4051,#4052,#4053,#4054,#4055,
#4056,#4057,#4058,#4059,#4060,#4061,#4062,#4063,#4064,#4065,#4066,#4067,
#4068,#4069,#4070,#4071,#4072,#4073,#4074,#4075,#4076,#4077,#4078,#4079,
#4080,#4081,#4082,#4083,#4084,#4085,#4086,#4087,#4088,#4089,#4090,#4091,
#4092,#4093,#4094,#4095,#4096,#4097,#4098,#4099,#4100,#4101,#4102,#4103,
#4104,#4105,#4106,#4107,#4108,#4109,#4110,#4111,#4112,#4113,#4114,#4115,
#4116,#4117,#4118,#4119),.UNSPECIFIED.,.F.,.F.)
B_SPLINE_CURVE_WITH_KNOTS((3,2,2,2,2,2,2,2,2,2,2,2,2,2,2,2,2,2,2,2,2,2,
2,2,2,2,2,2,2,2,2,2,2,2,2,2,2,2,2,2,2,2,3),(0.,0.0238095238095238,0.0476190476190476,
0.0714285714285714,0.0952380952380952,0.119047619047619,0.142857142857143,
0.166666666666667,0.19047619047619,0.214285714285714,0.238095238095238,
0.261904761904762,0.285714285714286,0.309523809523809,0.333333333333334,
0.357142857142857,0.380952380952381,0.404761904761905,0.428571428571428,
0.452380952380952,0.476190476190476,0.5,0.523809523809524,0.547619047619048,
0.571428571428571,0.595238095238095,0.619047619047619,0.642857142857143,
0.666666666666667,0.690476190476191,0.714285714285714,0.738095238095238,
0.761904761904762,0.785714285714286,0.80952380952381,0.833333333333333,
0.857142857142857,0.880952380952381,0.904761904761905,0.928571428571429,
0.952380952380952,0.976190476190476,1.),.UNSPECIFIED.)
CURVE()
GEOMETRIC_REPRESENTATION_ITEM()
RATIONAL_B_SPLINE_CURVE((1.,0.866025403784439,1.,0.866025403784439,1.,0.866025403784439,
1.,0.866025403784439,1.,0.866025403784439,1.,0.866025403784439,1.,0.866025403784439,
1.,0.866025403784439,1.,0.866025403784439,1.,0.866025403784439,1.,0.866025403784439,
1.,0.866025403784439,1.,0.866025403784439,1.,0.866025403784439,1.,0.866025403784439,
1.,0.866025403784439,1.,0.866025403784439,1.,0.866025403784439,1.,0.866025403784439,
1.,0.866025403784439,1.,0.866025403784439,1.,0.866025403784439,1.,0.866025403784439,
1.,0.866025403784439,1.,0.866025403784439,1.,0.866025403784439,1.,0.866025403784439,
1.,0.866025403784439,1.,0.866025403784439,1.,0.866025403784439,1.,0.866025403784439,
1.,0.866025403784439,1.,0.866025403784439,1.,0.866025403784439,1.,0.866025403784439,
1.,0.866025403784439,1.,0.866025403784439,1.,0.866025403784439,1.,0.866025403784439,
1.,0.866025403784439,1.,0.866025403784439,1.,0.866025403784439,1.))
REPRESENTATION_ITEM('')
);
#163=(
BOUNDED_CURVE()
B_SPLINE_CURVE(1,(#4122,#4123),.UNSPECIFIED.,.F.,.F.)
B_SPLINE_CURVE_WITH_KNOTS((2,2),(0.,1.),.PIECEWISE_BEZIER_KNOTS.)
CURVE()
GEOMETRIC_REPRESENTATION_ITEM()
RATIONAL_B_SPLINE_CURVE((1.,1.))
REPRESENTATION_ITEM('')
);
#164=(
BOUNDED_CURVE()
B_SPLINE_CURVE(2,(#4125,#4126,#4127,#4128,#4129,#4130,#4131,#4132,#4133,
#4134,#4135,#4136,#4137,#4138,#4139,#4140,#4141,#4142,#4143,#4144,#4145,
#4146,#4147,#4148,#4149,#4150,#4151,#4152,#4153,#4154,#4155,#4156,#4157,
#4158,#4159,#4160,#4161,#4162,#4163,#4164,#4165,#4166,#4167,#4168,#4169,
#4170,#4171,#4172,#4173,#4174,#4175,#4176,#4177,#4178,#4179,#4180,#4181,
#4182,#4183,#4184,#4185,#4186,#4187,#4188,#4189,#4190,#4191,#4192,#4193,
#4194,#4195,#4196,#4197,#4198,#4199,#4200,#4201,#4202,#4203,#4204,#4205,
#4206,#4207,#4208,#4209),.UNSPECIFIED.,.F.,.F.)
B_SPLINE_CURVE_WITH_KNOTS((3,2,2,2,2,2,2,2,2,2,2,2,2,2,2,2,2,2,2,2,2,2,
2,2,2,2,2,2,2,2,2,2,2,2,2,2,2,2,2,2,2,2,3),(0.,0.0238095238095238,0.0476190476190476,
0.0714285714285714,0.0952380952380952,0.119047619047619,0.142857142857143,
0.166666666666667,0.19047619047619,0.214285714285714,0.238095238095238,
0.261904761904762,0.285714285714286,0.309523809523809,0.333333333333334,
0.357142857142857,0.380952380952381,0.404761904761905,0.428571428571428,
0.452380952380952,0.476190476190476,0.5,0.523809523809524,0.547619047619048,
0.571428571428571,0.595238095238095,0.619047619047619,0.642857142857143,
0.666666666666667,0.690476190476191,0.714285714285714,0.738095238095238,
0.761904761904762,0.785714285714286,0.80952380952381,0.833333333333333,
0.857142857142857,0.880952380952381,0.904761904761905,0.928571428571429,
0.952380952380952,0.976190476190476,1.),.UNSPECIFIED.)
CURVE()
GEOMETRIC_REPRESENTATION_ITEM()
RATIONAL_B_SPLINE_CURVE((1.,0.866025403784439,1.,0.866025403784439,1.,0.866025403784439,
1.,0.866025403784439,1.,0.866025403784439,1.,0.866025403784439,1.,0.866025403784439,
1.,0.866025403784439,1.,0.866025403784439,1.,0.866025403784439,1.,0.866025403784439,
1.,0.866025403784439,1.,0.866025403784439,1.,0.866025403784439,1.,0.866025403784439,
1.,0.866025403784439,1.,0.866025403784439,1.,0.866025403784439,1.,0.866025403784439,
1.,0.866025403784439,1.,0.866025403784439,1.,0.866025403784439,1.,0.866025403784439,
1.,0.866025403784439,1.,0.866025403784439,1.,0.866025403784439,1.,0.866025403784439,
1.,0.866025403784439,1.,0.866025403784439,1.,0.866025403784439,1.,0.866025403784439,
1.,0.866025403784439,1.,0.866025403784439,1.,0.866025403784439,1.,0.866025403784439,
1.,0.866025403784439,1.,0.866025403784439,1.,0.866025403784439,1.,0.866025403784439,
1.,0.866025403784439,1.,0.866025403784439,1.,0.866025403784439,1.))
REPRESENTATION_ITEM('')
);
#165=(
BOUNDED_CURVE()
B_SPLINE_CURVE(1,(#4211,#4212),.UNSPECIFIED.,.F.,.F.)
B_SPLINE_CURVE_WITH_KNOTS((2,2),(0.,1.),.PIECEWISE_BEZIER_KNOTS.)
CURVE()
GEOMETRIC_REPRESENTATION_ITEM()
RATIONAL_B_SPLINE_CURVE((1.,1.))
REPRESENTATION_ITEM('')
);
#166=(
BOUNDED_CURVE()
B_SPLINE_CURVE(2,(#4221,#4222,#4223,#4224,#4225,#4226,#4227,#4228,#4229,
#4230,#4231,#4232,#4233,#4234,#4235,#4236,#4237,#4238,#4239,#4240,#4241,
#4242,#4243,#4244,#4245,#4246,#4247,#4248,#4249,#4250,#4251,#4252,#4253,
#4254,#4255,#4256,#4257,#4258,#4259,#4260,#4261,#4262,#4263,#4264,#4265,
#4266,#4267,#4268,#4269,#4270,#4271,#4272,#4273,#4274,#4275,#4276,#4277,
#4278,#4279,#4280,#4281,#4282,#4283,#4284,#4285,#4286,#4287,#4288,#4289,
#4290,#4291,#4292,#4293,#4294,#4295,#4296,#4297,#4298,#4299,#4300,#4301,
#4302,#4303,#4304,#4305),.UNSPECIFIED.,.F.,.F.)
B_SPLINE_CURVE_WITH_KNOTS((3,2,2,2,2,2,2,2,2,2,2,2,2,2,2,2,2,2,2,2,2,2,
2,2,2,2,2,2,2,2,2,2,2,2,2,2,2,2,2,2,2,2,3),(0.,0.0238095238095238,0.0476190476190476,
0.0714285714285714,0.0952380952380952,0.119047619047619,0.142857142857143,
0.166666666666667,0.19047619047619,0.214285714285714,0.238095238095238,
0.261904761904762,0.285714285714286,0.309523809523809,0.333333333333334,
0.357142857142857,0.380952380952381,0.404761904761905,0.428571428571428,
0.452380952380952,0.476190476190476,0.5,0.523809523809524,0.547619047619048,
0.571428571428571,0.595238095238095,0.619047619047619,0.642857142857143,
0.666666666666667,0.690476190476191,0.714285714285714,0.738095238095238,
0.761904761904762,0.785714285714286,0.80952380952381,0.833333333333333,
0.857142857142857,0.880952380952381,0.904761904761905,0.928571428571429,
0.952380952380952,0.976190476190476,1.),.UNSPECIFIED.)
CURVE()
GEOMETRIC_REPRESENTATION_ITEM()
RATIONAL_B_SPLINE_CURVE((1.,0.866025403784439,1.,0.866025403784439,1.,0.866025403784439,
1.,0.866025403784439,1.,0.866025403784439,1.,0.866025403784439,1.,0.866025403784439,
1.,0.866025403784439,1.,0.866025403784439,1.,0.866025403784439,1.,0.866025403784439,
1.,0.866025403784439,1.,0.866025403784439,1.,0.866025403784439,1.,0.866025403784439,
1.,0.866025403784439,1.,0.866025403784439,1.,0.866025403784439,1.,0.866025403784439,
1.,0.866025403784439,1.,0.866025403784439,1.,0.866025403784439,1.,0.866025403784439,
1.,0.866025403784439,1.,0.866025403784439,1.,0.866025403784439,1.,0.866025403784439,
1.,0.866025403784439,1.,0.866025403784439,1.,0.866025403784439,1.,0.866025403784439,
1.,0.866025403784439,1.,0.866025403784439,1.,0.866025403784439,1.,0.866025403784439,
1.,0.866025403784439,1.,0.866025403784439,1.,0.866025403784439,1.,0.866025403784439,
1.,0.866025403784439,1.,0.866025403784439,1.,0.866025403784439,1.))
REPRESENTATION_ITEM('')
);
#167=(
BOUNDED_CURVE()
B_SPLINE_CURVE(1,(#4308,#4309),.UNSPECIFIED.,.F.,.F.)
B_SPLINE_CURVE_WITH_KNOTS((2,2),(0.,1.),.PIECEWISE_BEZIER_KNOTS.)
CURVE()
GEOMETRIC_REPRESENTATION_ITEM()
RATIONAL_B_SPLINE_CURVE((1.,1.))
REPRESENTATION_ITEM('')
);
#168=(
BOUNDED_CURVE()
B_SPLINE_CURVE(2,(#4311,#4312,#4313,#4314,#4315,#4316,#4317,#4318,#4319,
#4320,#4321,#4322,#4323,#4324,#4325,#4326,#4327,#4328,#4329,#4330,#4331,
#4332,#4333,#4334,#4335,#4336,#4337,#4338,#4339,#4340,#4341,#4342,#4343,
#4344,#4345,#4346,#4347,#4348,#4349,#4350,#4351,#4352,#4353,#4354,#4355,
#4356,#4357,#4358,#4359,#4360,#4361,#4362,#4363,#4364,#4365,#4366,#4367,
#4368,#4369,#4370,#4371,#4372,#4373,#4374,#4375,#4376,#4377,#4378,#4379,
#4380,#4381,#4382,#4383,#4384,#4385,#4386,#4387,#4388,#4389,#4390,#4391,
#4392,#4393,#4394,#4395),.UNSPECIFIED.,.F.,.F.)
B_SPLINE_CURVE_WITH_KNOTS((3,2,2,2,2,2,2,2,2,2,2,2,2,2,2,2,2,2,2,2,2,2,
2,2,2,2,2,2,2,2,2,2,2,2,2,2,2,2,2,2,2,2,3),(0.,0.0238095238095238,0.0476190476190476,
0.0714285714285714,0.0952380952380952,0.119047619047619,0.142857142857143,
0.166666666666667,0.19047619047619,0.214285714285714,0.238095238095238,
0.261904761904762,0.285714285714286,0.309523809523809,0.333333333333334,
0.357142857142857,0.380952380952381,0.404761904761905,0.428571428571428,
0.452380952380952,0.476190476190476,0.5,0.523809523809524,0.547619047619048,
0.571428571428571,0.595238095238095,0.619047619047619,0.642857142857143,
0.666666666666667,0.690476190476191,0.714285714285714,0.738095238095238,
0.761904761904762,0.785714285714286,0.80952380952381,0.833333333333333,
0.857142857142857,0.880952380952381,0.904761904761905,0.928571428571429,
0.952380952380952,0.976190476190476,1.),.UNSPECIFIED.)
CURVE()
GEOMETRIC_REPRESENTATION_ITEM()
RATIONAL_B_SPLINE_CURVE((1.,0.866025403784439,1.,0.866025403784439,1.,0.866025403784439,
1.,0.866025403784439,1.,0.866025403784439,1.,0.866025403784439,1.,0.866025403784439,
1.,0.866025403784439,1.,0.866025403784439,1.,0.866025403784439,1.,0.866025403784439,
1.,0.866025403784439,1.,0.866025403784439,1.,0.866025403784439,1.,0.866025403784439,
1.,0.866025403784439,1.,0.866025403784439,1.,0.866025403784439,1.,0.866025403784439,
1.,0.866025403784439,1.,0.866025403784439,1.,0.866025403784439,1.,0.866025403784439,
1.,0.866025403784439,1.,0.866025403784439,1.,0.866025403784439,1.,0.866025403784439,
1.,0.866025403784439,1.,0.866025403784439,1.,0.866025403784439,1.,0.866025403784439,
1.,0.866025403784439,1.,0.866025403784439,1.,0.866025403784439,1.,0.866025403784439,
1.,0.866025403784439,1.,0.866025403784439,1.,0.866025403784439,1.,0.866025403784439,
1.,0.866025403784439,1.,0.866025403784439,1.,0.866025403784439,1.))
REPRESENTATION_ITEM('')
);
#169=(
BOUNDED_CURVE()
B_SPLINE_CURVE(1,(#4397,#4398),.UNSPECIFIED.,.F.,.F.)
B_SPLINE_CURVE_WITH_KNOTS((2,2),(0.,1.),.PIECEWISE_BEZIER_KNOTS.)
CURVE()
GEOMETRIC_REPRESENTATION_ITEM()
RATIONAL_B_SPLINE_CURVE((1.,1.))
REPRESENTATION_ITEM('')
);
#170=(
BOUNDED_CURVE()
B_SPLINE_CURVE(2,(#4407,#4408,#4409,#4410,#4411,#4412,#4413,#4414,#4415,
#4416,#4417,#4418,#4419,#4420,#4421,#4422,#4423,#4424,#4425,#4426,#4427,
#4428,#4429,#4430,#4431,#4432,#4433,#4434,#4435,#4436,#4437,#4438,#4439,
#4440,#4441,#4442,#4443,#4444,#4445,#4446,#4447,#4448,#4449,#4450,#4451,
#4452,#4453,#4454,#4455,#4456,#4457,#4458,#4459,#4460,#4461,#4462,#4463,
#4464,#4465,#4466,#4467,#4468,#4469,#4470,#4471,#4472,#4473,#4474,#4475,
#4476,#4477,#4478,#4479,#4480,#4481,#4482,#4483,#4484,#4485,#4486,#4487,
#4488,#4489,#4490,#4491),.UNSPECIFIED.,.F.,.F.)
B_SPLINE_CURVE_WITH_KNOTS((3,2,2,2,2,2,2,2,2,2,2,2,2,2,2,2,2,2,2,2,2,2,
2,2,2,2,2,2,2,2,2,2,2,2,2,2,2,2,2,2,2,2,3),(0.,0.0238095238095238,0.0476190476190476,
0.0714285714285714,0.0952380952380952,0.119047619047619,0.142857142857143,
0.166666666666667,0.19047619047619,0.214285714285714,0.238095238095238,
0.261904761904762,0.285714285714286,0.309523809523809,0.333333333333334,
0.357142857142857,0.380952380952381,0.404761904761905,0.428571428571428,
0.452380952380952,0.476190476190476,0.5,0.523809523809524,0.547619047619048,
0.571428571428571,0.595238095238095,0.619047619047619,0.642857142857143,
0.666666666666667,0.690476190476191,0.714285714285714,0.738095238095238,
0.761904761904762,0.785714285714286,0.80952380952381,0.833333333333333,
0.857142857142857,0.880952380952381,0.904761904761905,0.928571428571429,
0.952380952380952,0.976190476190476,1.),.UNSPECIFIED.)
CURVE()
GEOMETRIC_REPRESENTATION_ITEM()
RATIONAL_B_SPLINE_CURVE((1.,0.866025403784439,1.,0.866025403784439,1.,0.866025403784439,
1.,0.866025403784439,1.,0.866025403784439,1.,0.866025403784439,1.,0.866025403784439,
1.,0.866025403784439,1.,0.866025403784439,1.,0.866025403784439,1.,0.866025403784439,
1.,0.866025403784439,1.,0.866025403784439,1.,0.866025403784439,1.,0.866025403784439,
1.,0.866025403784439,1.,0.866025403784439,1.,0.866025403784439,1.,0.866025403784439,
1.,0.866025403784439,1.,0.866025403784439,1.,0.866025403784439,1.,0.866025403784439,
1.,0.866025403784439,1.,0.866025403784439,1.,0.866025403784439,1.,0.866025403784439,
1.,0.866025403784439,1.,0.866025403784439,1.,0.866025403784439,1.,0.866025403784439,
1.,0.866025403784439,1.,0.866025403784439,1.,0.866025403784439,1.,0.866025403784439,
1.,0.866025403784439,1.,0.866025403784439,1.,0.866025403784439,1.,0.866025403784439,
1.,0.866025403784439,1.,0.866025403784439,1.,0.866025403784439,1.))
REPRESENTATION_ITEM('')
);
#171=(
BOUNDED_CURVE()
B_SPLINE_CURVE(1,(#4494,#4495),.UNSPECIFIED.,.F.,.F.)
B_SPLINE_CURVE_WITH_KNOTS((2,2),(0.,1.),.PIECEWISE_BEZIER_KNOTS.)
CURVE()
GEOMETRIC_REPRESENTATION_ITEM()
RATIONAL_B_SPLINE_CURVE((1.,1.))
REPRESENTATION_ITEM('')
);
#172=(
BOUNDED_CURVE()
B_SPLINE_CURVE(2,(#4497,#4498,#4499,#4500,#4501,#4502,#4503,#4504,#4505,
#4506,#4507,#4508,#4509,#4510,#4511,#4512,#4513,#4514,#4515,#4516,#4517,
#4518,#4519,#4520,#4521,#4522,#4523,#4524,#4525,#4526,#4527,#4528,#4529,
#4530,#4531,#4532,#4533,#4534,#4535,#4536,#4537,#4538,#4539,#4540,#4541,
#4542,#4543,#4544,#4545,#4546,#4547,#4548,#4549,#4550,#4551,#4552,#4553,
#4554,#4555,#4556,#4557,#4558,#4559,#4560,#4561,#4562,#4563,#4564,#4565,
#4566,#4567,#4568,#4569,#4570,#4571,#4572,#4573,#4574,#4575,#4576,#4577,
#4578,#4579,#4580,#4581),.UNSPECIFIED.,.F.,.F.)
B_SPLINE_CURVE_WITH_KNOTS((3,2,2,2,2,2,2,2,2,2,2,2,2,2,2,2,2,2,2,2,2,2,
2,2,2,2,2,2,2,2,2,2,2,2,2,2,2,2,2,2,2,2,3),(0.,0.0238095238095238,0.0476190476190476,
0.0714285714285714,0.0952380952380952,0.119047619047619,0.142857142857143,
0.166666666666667,0.19047619047619,0.214285714285714,0.238095238095238,
0.261904761904762,0.285714285714286,0.309523809523809,0.333333333333334,
0.357142857142857,0.380952380952381,0.404761904761905,0.428571428571428,
0.452380952380952,0.476190476190476,0.5,0.523809523809524,0.547619047619048,
0.571428571428571,0.595238095238095,0.619047619047619,0.642857142857143,
0.666666666666667,0.690476190476191,0.714285714285714,0.738095238095238,
0.761904761904762,0.785714285714286,0.80952380952381,0.833333333333333,
0.857142857142857,0.880952380952381,0.904761904761905,0.928571428571429,
0.952380952380952,0.976190476190476,1.),.UNSPECIFIED.)
CURVE()
GEOMETRIC_REPRESENTATION_ITEM()
RATIONAL_B_SPLINE_CURVE((1.,0.866025403784439,1.,0.866025403784439,1.,0.866025403784439,
1.,0.866025403784439,1.,0.866025403784439,1.,0.866025403784439,1.,0.866025403784439,
1.,0.866025403784439,1.,0.866025403784439,1.,0.866025403784439,1.,0.866025403784439,
1.,0.866025403784439,1.,0.866025403784439,1.,0.866025403784439,1.,0.866025403784439,
1.,0.866025403784439,1.,0.866025403784439,1.,0.866025403784439,1.,0.866025403784439,
1.,0.866025403784439,1.,0.866025403784439,1.,0.866025403784439,1.,0.866025403784439,
1.,0.866025403784439,1.,0.866025403784439,1.,0.866025403784439,1.,0.866025403784439,
1.,0.866025403784439,1.,0.866025403784439,1.,0.866025403784439,1.,0.866025403784439,
1.,0.866025403784439,1.,0.866025403784439,1.,0.866025403784439,1.,0.866025403784439,
1.,0.866025403784439,1.,0.866025403784439,1.,0.866025403784439,1.,0.866025403784439,
1.,0.866025403784439,1.,0.866025403784439,1.,0.866025403784439,1.))
REPRESENTATION_ITEM('')
);
#173=(
BOUNDED_CURVE()
B_SPLINE_CURVE(1,(#4583,#4584),.UNSPECIFIED.,.F.,.F.)
B_SPLINE_CURVE_WITH_KNOTS((2,2),(0.,1.),.PIECEWISE_BEZIER_KNOTS.)
CURVE()
GEOMETRIC_REPRESENTATION_ITEM()
RATIONAL_B_SPLINE_CURVE((1.,1.))
REPRESENTATION_ITEM('')
);
#174=(
BOUNDED_CURVE()
B_SPLINE_CURVE(2,(#4593,#4594,#4595,#4596,#4597,#4598,#4599,#4600,#4601,
#4602,#4603,#4604,#4605,#4606,#4607,#4608,#4609,#4610,#4611,#4612,#4613,
#4614,#4615,#4616,#4617,#4618,#4619,#4620,#4621,#4622,#4623,#4624,#4625,
#4626,#4627,#4628,#4629,#4630,#4631,#4632,#4633,#4634,#4635,#4636,#4637,
#4638,#4639,#4640,#4641,#4642,#4643,#4644,#4645,#4646,#4647,#4648,#4649,
#4650,#4651,#4652,#4653,#4654,#4655,#4656,#4657,#4658,#4659,#4660,#4661,
#4662,#4663,#4664,#4665,#4666,#4667,#4668,#4669,#4670,#4671,#4672,#4673,
#4674,#4675,#4676,#4677),.UNSPECIFIED.,.F.,.F.)
B_SPLINE_CURVE_WITH_KNOTS((3,2,2,2,2,2,2,2,2,2,2,2,2,2,2,2,2,2,2,2,2,2,
2,2,2,2,2,2,2,2,2,2,2,2,2,2,2,2,2,2,2,2,3),(0.,0.0238095238095238,0.0476190476190476,
0.0714285714285714,0.0952380952380952,0.119047619047619,0.142857142857143,
0.166666666666667,0.19047619047619,0.214285714285714,0.238095238095238,
0.261904761904762,0.285714285714286,0.309523809523809,0.333333333333334,
0.357142857142857,0.380952380952381,0.404761904761905,0.428571428571428,
0.452380952380952,0.476190476190476,0.5,0.523809523809524,0.547619047619048,
0.571428571428571,0.595238095238095,0.619047619047619,0.642857142857143,
0.666666666666667,0.690476190476191,0.714285714285714,0.738095238095238,
0.761904761904762,0.785714285714286,0.80952380952381,0.833333333333333,
0.857142857142857,0.880952380952381,0.904761904761905,0.928571428571429,
0.952380952380952,0.976190476190476,1.),.UNSPECIFIED.)
CURVE()
GEOMETRIC_REPRESENTATION_ITEM()
RATIONAL_B_SPLINE_CURVE((1.,0.866025403784439,1.,0.866025403784439,1.,0.866025403784439,
1.,0.866025403784439,1.,0.866025403784439,1.,0.866025403784439,1.,0.866025403784439,
1.,0.866025403784439,1.,0.866025403784439,1.,0.866025403784439,1.,0.866025403784439,
1.,0.866025403784439,1.,0.866025403784439,1.,0.866025403784439,1.,0.866025403784439,
1.,0.866025403784439,1.,0.866025403784439,1.,0.866025403784439,1.,0.866025403784439,
1.,0.866025403784439,1.,0.866025403784439,1.,0.866025403784439,1.,0.866025403784439,
1.,0.866025403784439,1.,0.866025403784439,1.,0.866025403784439,1.,0.866025403784439,
1.,0.866025403784439,1.,0.866025403784439,1.,0.866025403784439,1.,0.866025403784439,
1.,0.866025403784439,1.,0.866025403784439,1.,0.866025403784439,1.,0.866025403784439,
1.,0.866025403784439,1.,0.866025403784439,1.,0.866025403784439,1.,0.866025403784439,
1.,0.866025403784439,1.,0.866025403784439,1.,0.866025403784439,1.))
REPRESENTATION_ITEM('')
);
#175=(
BOUNDED_CURVE()
B_SPLINE_CURVE(1,(#4680,#4681),.UNSPECIFIED.,.F.,.F.)
B_SPLINE_CURVE_WITH_KNOTS((2,2),(0.,1.),.PIECEWISE_BEZIER_KNOTS.)
CURVE()
GEOMETRIC_REPRESENTATION_ITEM()
RATIONAL_B_SPLINE_CURVE((1.,1.))
REPRESENTATION_ITEM('')
);
#176=(
BOUNDED_CURVE()
B_SPLINE_CURVE(2,(#4683,#4684,#4685,#4686,#4687,#4688,#4689,#4690,#4691,
#4692,#4693,#4694,#4695,#4696,#4697,#4698,#4699,#4700,#4701,#4702,#4703,
#4704,#4705,#4706,#4707,#4708,#4709,#4710,#4711,#4712,#4713,#4714,#4715,
#4716,#4717,#4718,#4719,#4720,#4721,#4722,#4723,#4724,#4725,#4726,#4727,
#4728,#4729,#4730,#4731,#4732,#4733,#4734,#4735,#4736,#4737,#4738,#4739,
#4740,#4741,#4742,#4743,#4744,#4745,#4746,#4747,#4748,#4749,#4750,#4751,
#4752,#4753,#4754,#4755,#4756,#4757,#4758,#4759,#4760,#4761,#4762,#4763,
#4764,#4765,#4766,#4767),.UNSPECIFIED.,.F.,.F.)
B_SPLINE_CURVE_WITH_KNOTS((3,2,2,2,2,2,2,2,2,2,2,2,2,2,2,2,2,2,2,2,2,2,
2,2,2,2,2,2,2,2,2,2,2,2,2,2,2,2,2,2,2,2,3),(0.,0.0238095238095238,0.0476190476190476,
0.0714285714285714,0.0952380952380952,0.119047619047619,0.142857142857143,
0.166666666666667,0.19047619047619,0.214285714285714,0.238095238095238,
0.261904761904762,0.285714285714286,0.309523809523809,0.333333333333334,
0.357142857142857,0.380952380952381,0.404761904761905,0.428571428571428,
0.452380952380952,0.476190476190476,0.5,0.523809523809524,0.547619047619048,
0.571428571428571,0.595238095238095,0.619047619047619,0.642857142857143,
0.666666666666667,0.690476190476191,0.714285714285714,0.738095238095238,
0.761904761904762,0.785714285714286,0.80952380952381,0.833333333333333,
0.857142857142857,0.880952380952381,0.904761904761905,0.928571428571429,
0.952380952380952,0.976190476190476,1.),.UNSPECIFIED.)
CURVE()
GEOMETRIC_REPRESENTATION_ITEM()
RATIONAL_B_SPLINE_CURVE((1.,0.866025403784439,1.,0.866025403784439,1.,0.866025403784439,
1.,0.866025403784439,1.,0.866025403784439,1.,0.866025403784439,1.,0.866025403784439,
1.,0.866025403784439,1.,0.866025403784439,1.,0.866025403784439,1.,0.866025403784439,
1.,0.866025403784439,1.,0.866025403784439,1.,0.866025403784439,1.,0.866025403784439,
1.,0.866025403784439,1.,0.866025403784439,1.,0.866025403784439,1.,0.866025403784439,
1.,0.866025403784439,1.,0.866025403784439,1.,0.866025403784439,1.,0.866025403784439,
1.,0.866025403784439,1.,0.866025403784439,1.,0.866025403784439,1.,0.866025403784439,
1.,0.866025403784439,1.,0.866025403784439,1.,0.866025403784439,1.,0.866025403784439,
1.,0.866025403784439,1.,0.866025403784439,1.,0.866025403784439,1.,0.866025403784439,
1.,0.866025403784439,1.,0.866025403784439,1.,0.866025403784439,1.,0.866025403784439,
1.,0.866025403784439,1.,0.866025403784439,1.,0.866025403784439,1.))
REPRESENTATION_ITEM('')
);
#177=(
BOUNDED_CURVE()
B_SPLINE_CURVE(1,(#4769,#4770),.UNSPECIFIED.,.F.,.F.)
B_SPLINE_CURVE_WITH_KNOTS((2,2),(0.,1.),.PIECEWISE_BEZIER_KNOTS.)
CURVE()
GEOMETRIC_REPRESENTATION_ITEM()
RATIONAL_B_SPLINE_CURVE((1.,1.))
REPRESENTATION_ITEM('')
);
#178=(
BOUNDED_CURVE()
B_SPLINE_CURVE(2,(#4779,#4780,#4781,#4782,#4783,#4784,#4785,#4786,#4787,
#4788,#4789,#4790,#4791,#4792,#4793,#4794,#4795,#4796,#4797,#4798,#4799,
#4800,#4801,#4802,#4803,#4804,#4805,#4806,#4807,#4808,#4809,#4810,#4811,
#4812,#4813,#4814,#4815,#4816,#4817,#4818,#4819,#4820,#4821,#4822,#4823,
#4824,#4825,#4826,#4827,#4828,#4829,#4830,#4831,#4832,#4833,#4834,#4835,
#4836,#4837,#4838,#4839,#4840,#4841,#4842,#4843,#4844,#4845,#4846,#4847,
#4848,#4849,#4850,#4851,#4852,#4853,#4854,#4855,#4856,#4857,#4858,#4859,
#4860,#4861,#4862,#4863),.UNSPECIFIED.,.F.,.F.)
B_SPLINE_CURVE_WITH_KNOTS((3,2,2,2,2,2,2,2,2,2,2,2,2,2,2,2,2,2,2,2,2,2,
2,2,2,2,2,2,2,2,2,2,2,2,2,2,2,2,2,2,2,2,3),(0.,0.0238095238095238,0.0476190476190476,
0.0714285714285714,0.0952380952380952,0.119047619047619,0.142857142857143,
0.166666666666667,0.19047619047619,0.214285714285714,0.238095238095238,
0.261904761904762,0.285714285714286,0.309523809523809,0.333333333333334,
0.357142857142857,0.380952380952381,0.404761904761905,0.428571428571428,
0.452380952380952,0.476190476190476,0.5,0.523809523809524,0.547619047619048,
0.571428571428571,0.595238095238095,0.619047619047619,0.642857142857143,
0.666666666666667,0.690476190476191,0.714285714285714,0.738095238095238,
0.761904761904762,0.785714285714286,0.80952380952381,0.833333333333333,
0.857142857142857,0.880952380952381,0.904761904761905,0.928571428571429,
0.952380952380952,0.976190476190476,1.),.UNSPECIFIED.)
CURVE()
GEOMETRIC_REPRESENTATION_ITEM()
RATIONAL_B_SPLINE_CURVE((1.,0.866025403784439,1.,0.866025403784439,1.,0.866025403784439,
1.,0.866025403784439,1.,0.866025403784439,1.,0.866025403784439,1.,0.866025403784439,
1.,0.866025403784439,1.,0.866025403784439,1.,0.866025403784439,1.,0.866025403784439,
1.,0.866025403784439,1.,0.866025403784439,1.,0.866025403784439,1.,0.866025403784439,
1.,0.866025403784439,1.,0.866025403784439,1.,0.866025403784439,1.,0.866025403784439,
1.,0.866025403784439,1.,0.866025403784439,1.,0.866025403784439,1.,0.866025403784439,
1.,0.866025403784439,1.,0.866025403784439,1.,0.866025403784439,1.,0.866025403784439,
1.,0.866025403784439,1.,0.866025403784439,1.,0.866025403784439,1.,0.866025403784439,
1.,0.866025403784439,1.,0.866025403784439,1.,0.866025403784439,1.,0.866025403784439,
1.,0.866025403784439,1.,0.866025403784439,1.,0.866025403784439,1.,0.866025403784439,
1.,0.866025403784439,1.,0.866025403784439,1.,0.866025403784439,1.))
REPRESENTATION_ITEM('')
);
#179=(
BOUNDED_CURVE()
B_SPLINE_CURVE(1,(#4866,#4867),.UNSPECIFIED.,.F.,.F.)
B_SPLINE_CURVE_WITH_KNOTS((2,2),(0.,1.),.PIECEWISE_BEZIER_KNOTS.)
CURVE()
GEOMETRIC_REPRESENTATION_ITEM()
RATIONAL_B_SPLINE_CURVE((1.,1.))
REPRESENTATION_ITEM('')
);
#180=(
BOUNDED_CURVE()
B_SPLINE_CURVE(2,(#4878,#4879,#4880,#4881,#4882,#4883,#4884,#4885,#4886,
#4887,#4888,#4889,#4890,#4891,#4892,#4893,#4894,#4895,#4896,#4897,#4898,
#4899,#4900,#4901,#4902,#4903,#4904,#4905,#4906,#4907,#4908,#4909,#4910,
#4911,#4912,#4913,#4914,#4915,#4916,#4917,#4918,#4919,#4920,#4921,#4922,
#4923,#4924,#4925,#4926,#4927,#4928,#4929,#4930,#4931,#4932,#4933,#4934,
#4935,#4936,#4937,#4938,#4939,#4940,#4941,#4942,#4943,#4944,#4945,#4946,
#4947,#4948,#4949,#4950,#4951,#4952,#4953,#4954,#4955,#4956,#4957,#4958,
#4959,#4960,#4961,#4962),.UNSPECIFIED.,.F.,.F.)
B_SPLINE_CURVE_WITH_KNOTS((3,2,2,2,2,2,2,2,2,2,2,2,2,2,2,2,2,2,2,2,2,2,
2,2,2,2,2,2,2,2,2,2,2,2,2,2,2,2,2,2,2,2,3),(0.,0.0238095238095238,0.0476190476190476,
0.0714285714285714,0.0952380952380952,0.119047619047619,0.142857142857143,
0.166666666666667,0.19047619047619,0.214285714285714,0.238095238095238,
0.261904761904762,0.285714285714286,0.309523809523809,0.333333333333334,
0.357142857142857,0.380952380952381,0.404761904761905,0.428571428571428,
0.452380952380952,0.476190476190476,0.5,0.523809523809524,0.547619047619048,
0.571428571428571,0.595238095238095,0.619047619047619,0.642857142857143,
0.666666666666667,0.690476190476191,0.714285714285714,0.738095238095238,
0.761904761904762,0.785714285714286,0.80952380952381,0.833333333333333,
0.857142857142857,0.880952380952381,0.904761904761905,0.928571428571429,
0.952380952380952,0.976190476190476,1.),.UNSPECIFIED.)
CURVE()
GEOMETRIC_REPRESENTATION_ITEM()
RATIONAL_B_SPLINE_CURVE((1.,0.866025403784439,1.,0.866025403784439,1.,0.866025403784439,
1.,0.866025403784439,1.,0.866025403784439,1.,0.866025403784439,1.,0.866025403784439,
1.,0.866025403784439,1.,0.866025403784439,1.,0.866025403784439,1.,0.866025403784439,
1.,0.866025403784439,1.,0.866025403784439,1.,0.866025403784439,1.,0.866025403784439,
1.,0.866025403784439,1.,0.866025403784439,1.,0.866025403784439,1.,0.866025403784439,
1.,0.866025403784439,1.,0.866025403784439,1.,0.866025403784439,1.,0.866025403784439,
1.,0.866025403784439,1.,0.866025403784439,1.,0.866025403784439,1.,0.866025403784439,
1.,0.866025403784439,1.,0.866025403784439,1.,0.866025403784439,1.,0.866025403784439,
1.,0.866025403784439,1.,0.866025403784439,1.,0.866025403784439,1.,0.866025403784439,
1.,0.866025403784439,1.,0.866025403784439,1.,0.866025403784439,1.,0.866025403784439,
1.,0.866025403784439,1.,0.866025403784439,1.,0.866025403784439,1.))
REPRESENTATION_ITEM('')
);
#181=(
BOUNDED_CURVE()
B_SPLINE_CURVE(2,(#4963,#4964,#4965,#4966,#4967,#4968,#4969,#4970,#4971,
#4972,#4973,#4974,#4975,#4976,#4977,#4978,#4979,#4980,#4981,#4982,#4983,
#4984,#4985,#4986,#4987,#4988,#4989,#4990,#4991,#4992,#4993,#4994,#4995,
#4996,#4997,#4998,#4999,#5000,#5001,#5002,#5003,#5004,#5005,#5006,#5007,
#5008,#5009,#5010,#5011,#5012,#5013,#5014,#5015,#5016,#5017,#5018,#5019,
#5020,#5021,#5022,#5023,#5024,#5025,#5026,#5027,#5028,#5029,#5030,#5031,
#5032,#5033,#5034,#5035,#5036,#5037,#5038,#5039,#5040,#5041,#5042,#5043,
#5044,#5045,#5046,#5047),.UNSPECIFIED.,.F.,.F.)
B_SPLINE_CURVE_WITH_KNOTS((3,2,2,2,2,2,2,2,2,2,2,2,2,2,2,2,2,2,2,2,2,2,
2,2,2,2,2,2,2,2,2,2,2,2,2,2,2,2,2,2,2,2,3),(0.,0.0238095238095238,0.0476190476190476,
0.0714285714285714,0.0952380952380952,0.119047619047619,0.142857142857143,
0.166666666666667,0.19047619047619,0.214285714285714,0.238095238095238,
0.261904761904762,0.285714285714286,0.309523809523809,0.333333333333334,
0.357142857142857,0.380952380952381,0.404761904761905,0.428571428571428,
0.452380952380952,0.476190476190476,0.5,0.523809523809524,0.547619047619048,
0.571428571428571,0.595238095238095,0.619047619047619,0.642857142857143,
0.666666666666667,0.690476190476191,0.714285714285714,0.738095238095238,
0.761904761904762,0.785714285714286,0.80952380952381,0.833333333333333,
0.857142857142857,0.880952380952381,0.904761904761905,0.928571428571429,
0.952380952380952,0.976190476190476,1.),.UNSPECIFIED.)
CURVE()
GEOMETRIC_REPRESENTATION_ITEM()
RATIONAL_B_SPLINE_CURVE((1.,0.866025403784439,1.,0.866025403784439,1.,0.866025403784439,
1.,0.866025403784439,1.,0.866025403784439,1.,0.866025403784439,1.,0.866025403784439,
1.,0.866025403784439,1.,0.866025403784439,1.,0.866025403784439,1.,0.866025403784439,
1.,0.866025403784439,1.,0.866025403784439,1.,0.866025403784439,1.,0.866025403784439,
1.,0.866025403784439,1.,0.866025403784439,1.,0.866025403784439,1.,0.866025403784439,
1.,0.866025403784439,1.,0.866025403784439,1.,0.866025403784439,1.,0.866025403784439,
1.,0.866025403784439,1.,0.866025403784439,1.,0.866025403784439,1.,0.866025403784439,
1.,0.866025403784439,1.,0.866025403784439,1.,0.866025403784439,1.,0.866025403784439,
1.,0.866025403784439,1.,0.866025403784439,1.,0.866025403784439,1.,0.866025403784439,
1.,0.866025403784439,1.,0.866025403784439,1.,0.866025403784439,1.,0.866025403784439,
1.,0.866025403784439,1.,0.866025403784439,1.,0.866025403784439,1.))
REPRESENTATION_ITEM('')
);
#182=(
BOUNDED_CURVE()
B_SPLINE_CURVE(2,(#5056,#5057,#5058,#5059,#5060,#5061,#5062,#5063,#5064,
#5065,#5066,#5067,#5068,#5069,#5070,#5071,#5072,#5073,#5074,#5075,#5076,
#5077,#5078,#5079,#5080,#5081,#5082,#5083,#5084,#5085,#5086,#5087,#5088,
#5089,#5090,#5091,#5092,#5093,#5094,#5095,#5096,#5097,#5098,#5099,#5100,
#5101,#5102,#5103,#5104,#5105,#5106,#5107,#5108,#5109,#5110,#5111,#5112,
#5113,#5114,#5115,#5116,#5117,#5118,#5119,#5120,#5121,#5122,#5123,#5124,
#5125,#5126,#5127,#5128,#5129,#5130,#5131,#5132,#5133,#5134,#5135,#5136,
#5137,#5138,#5139,#5140),.UNSPECIFIED.,.F.,.F.)
B_SPLINE_CURVE_WITH_KNOTS((3,2,2,2,2,2,2,2,2,2,2,2,2,2,2,2,2,2,2,2,2,2,
2,2,2,2,2,2,2,2,2,2,2,2,2,2,2,2,2,2,2,2,3),(0.,0.0238095238095238,0.0476190476190476,
0.0714285714285714,0.0952380952380952,0.119047619047619,0.142857142857143,
0.166666666666667,0.19047619047619,0.214285714285714,0.238095238095238,
0.261904761904762,0.285714285714286,0.309523809523809,0.333333333333334,
0.357142857142857,0.380952380952381,0.404761904761905,0.428571428571428,
0.452380952380952,0.476190476190476,0.5,0.523809523809524,0.547619047619048,
0.571428571428571,0.595238095238095,0.619047619047619,0.642857142857143,
0.666666666666667,0.690476190476191,0.714285714285714,0.738095238095238,
0.761904761904762,0.785714285714286,0.80952380952381,0.833333333333333,
0.857142857142857,0.880952380952381,0.904761904761905,0.928571428571429,
0.952380952380952,0.976190476190476,1.),.UNSPECIFIED.)
CURVE()
GEOMETRIC_REPRESENTATION_ITEM()
RATIONAL_B_SPLINE_CURVE((1.,0.866025403784439,1.,0.866025403784439,1.,0.866025403784439,
1.,0.866025403784439,1.,0.866025403784439,1.,0.866025403784439,1.,0.866025403784439,
1.,0.866025403784439,1.,0.866025403784439,1.,0.866025403784439,1.,0.866025403784439,
1.,0.866025403784439,1.,0.866025403784439,1.,0.866025403784439,1.,0.866025403784439,
1.,0.866025403784439,1.,0.866025403784439,1.,0.866025403784439,1.,0.866025403784439,
1.,0.866025403784439,1.,0.866025403784439,1.,0.866025403784439,1.,0.866025403784439,
1.,0.866025403784439,1.,0.866025403784439,1.,0.866025403784439,1.,0.866025403784439,
1.,0.866025403784439,1.,0.866025403784439,1.,0.866025403784439,1.,0.866025403784439,
1.,0.866025403784439,1.,0.866025403784439,1.,0.866025403784439,1.,0.866025403784439,
1.,0.866025403784439,1.,0.866025403784439,1.,0.866025403784439,1.,0.866025403784439,
1.,0.866025403784439,1.,0.866025403784439,1.,0.866025403784439,1.))
REPRESENTATION_ITEM('')
);
#183=(
BOUNDED_CURVE()
B_SPLINE_CURVE(2,(#5141,#5142,#5143,#5144,#5145,#5146,#5147,#5148,#5149,
#5150,#5151,#5152,#5153,#5154,#5155,#5156,#5157,#5158,#5159,#5160,#5161,
#5162,#5163,#5164,#5165,#5166,#5167,#5168,#5169,#5170,#5171,#5172,#5173,
#5174,#5175,#5176,#5177,#5178,#5179,#5180,#5181,#5182,#5183,#5184,#5185,
#5186,#5187,#5188,#5189,#5190,#5191,#5192,#5193,#5194,#5195,#5196,#5197,
#5198,#5199,#5200,#5201,#5202,#5203,#5204,#5205,#5206,#5207,#5208,#5209,
#5210,#5211,#5212,#5213,#5214,#5215,#5216,#5217,#5218,#5219,#5220,#5221,
#5222,#5223,#5224,#5225),.UNSPECIFIED.,.F.,.F.)
B_SPLINE_CURVE_WITH_KNOTS((3,2,2,2,2,2,2,2,2,2,2,2,2,2,2,2,2,2,2,2,2,2,
2,2,2,2,2,2,2,2,2,2,2,2,2,2,2,2,2,2,2,2,3),(0.,0.0238095238095238,0.0476190476190476,
0.0714285714285714,0.0952380952380952,0.119047619047619,0.142857142857143,
0.166666666666667,0.19047619047619,0.214285714285714,0.238095238095238,
0.261904761904762,0.285714285714286,0.309523809523809,0.333333333333334,
0.357142857142857,0.380952380952381,0.404761904761905,0.428571428571428,
0.452380952380952,0.476190476190476,0.5,0.523809523809524,0.547619047619048,
0.571428571428571,0.595238095238095,0.619047619047619,0.642857142857143,
0.666666666666667,0.690476190476191,0.714285714285714,0.738095238095238,
0.761904761904762,0.785714285714286,0.80952380952381,0.833333333333333,
0.857142857142857,0.880952380952381,0.904761904761905,0.928571428571429,
0.952380952380952,0.976190476190476,1.),.UNSPECIFIED.)
CURVE()
GEOMETRIC_REPRESENTATION_ITEM()
RATIONAL_B_SPLINE_CURVE((1.,0.866025403784439,1.,0.866025403784439,1.,0.866025403784439,
1.,0.866025403784439,1.,0.866025403784439,1.,0.866025403784439,1.,0.866025403784439,
1.,0.866025403784439,1.,0.866025403784439,1.,0.866025403784439,1.,0.866025403784439,
1.,0.866025403784439,1.,0.866025403784439,1.,0.866025403784439,1.,0.866025403784439,
1.,0.866025403784439,1.,0.866025403784439,1.,0.866025403784439,1.,0.866025403784439,
1.,0.866025403784439,1.,0.866025403784439,1.,0.866025403784439,1.,0.866025403784439,
1.,0.866025403784439,1.,0.866025403784439,1.,0.866025403784439,1.,0.866025403784439,
1.,0.866025403784439,1.,0.866025403784439,1.,0.866025403784439,1.,0.866025403784439,
1.,0.866025403784439,1.,0.866025403784439,1.,0.866025403784439,1.,0.866025403784439,
1.,0.866025403784439,1.,0.866025403784439,1.,0.866025403784439,1.,0.866025403784439,
1.,0.866025403784439,1.,0.866025403784439,1.,0.866025403784439,1.))
REPRESENTATION_ITEM('')
);
#184=(
BOUNDED_CURVE()
B_SPLINE_CURVE(2,(#5234,#5235,#5236,#5237,#5238,#5239,#5240,#5241,#5242,
#5243,#5244,#5245,#5246,#5247,#5248,#5249,#5250,#5251,#5252,#5253,#5254,
#5255,#5256,#5257,#5258,#5259,#5260,#5261,#5262,#5263,#5264,#5265,#5266,
#5267,#5268,#5269,#5270,#5271,#5272,#5273,#5274,#5275,#5276,#5277,#5278,
#5279,#5280,#5281,#5282,#5283,#5284,#5285,#5286,#5287,#5288,#5289,#5290,
#5291,#5292,#5293,#5294,#5295,#5296,#5297,#5298,#5299,#5300,#5301,#5302,
#5303,#5304,#5305,#5306,#5307,#5308,#5309,#5310,#5311,#5312,#5313,#5314,
#5315,#5316,#5317,#5318),.UNSPECIFIED.,.F.,.F.)
B_SPLINE_CURVE_WITH_KNOTS((3,2,2,2,2,2,2,2,2,2,2,2,2,2,2,2,2,2,2,2,2,2,
2,2,2,2,2,2,2,2,2,2,2,2,2,2,2,2,2,2,2,2,3),(0.,0.0238095238095238,0.0476190476190476,
0.0714285714285714,0.0952380952380952,0.119047619047619,0.142857142857143,
0.166666666666667,0.19047619047619,0.214285714285714,0.238095238095238,
0.261904761904762,0.285714285714286,0.309523809523809,0.333333333333334,
0.357142857142857,0.380952380952381,0.404761904761905,0.428571428571428,
0.452380952380952,0.476190476190476,0.5,0.523809523809524,0.547619047619048,
0.571428571428571,0.595238095238095,0.619047619047619,0.642857142857143,
0.666666666666667,0.690476190476191,0.714285714285714,0.738095238095238,
0.761904761904762,0.785714285714286,0.80952380952381,0.833333333333333,
0.857142857142857,0.880952380952381,0.904761904761905,0.928571428571429,
0.952380952380952,0.976190476190476,1.),.UNSPECIFIED.)
CURVE()
GEOMETRIC_REPRESENTATION_ITEM()
RATIONAL_B_SPLINE_CURVE((1.,0.866025403784439,1.,0.866025403784439,1.,0.866025403784439,
1.,0.866025403784439,1.,0.866025403784439,1.,0.866025403784439,1.,0.866025403784439,
1.,0.866025403784439,1.,0.866025403784439,1.,0.866025403784439,1.,0.866025403784439,
1.,0.866025403784439,1.,0.866025403784439,1.,0.866025403784439,1.,0.866025403784439,
1.,0.866025403784439,1.,0.866025403784439,1.,0.866025403784439,1.,0.866025403784439,
1.,0.866025403784439,1.,0.866025403784439,1.,0.866025403784439,1.,0.866025403784439,
1.,0.866025403784439,1.,0.866025403784439,1.,0.866025403784439,1.,0.866025403784439,
1.,0.866025403784439,1.,0.866025403784439,1.,0.866025403784439,1.,0.866025403784439,
1.,0.866025403784439,1.,0.866025403784439,1.,0.866025403784439,1.,0.866025403784439,
1.,0.866025403784439,1.,0.866025403784439,1.,0.866025403784439,1.,0.866025403784439,
1.,0.866025403784439,1.,0.866025403784439,1.,0.866025403784439,1.))
REPRESENTATION_ITEM('')
);
#185=(
BOUNDED_CURVE()
B_SPLINE_CURVE(2,(#5319,#5320,#5321,#5322,#5323,#5324,#5325,#5326,#5327,
#5328,#5329,#5330,#5331,#5332,#5333,#5334,#5335,#5336,#5337,#5338,#5339,
#5340,#5341,#5342,#5343,#5344,#5345,#5346,#5347,#5348,#5349,#5350,#5351,
#5352,#5353,#5354,#5355,#5356,#5357,#5358,#5359,#5360,#5361,#5362,#5363,
#5364,#5365,#5366,#5367,#5368,#5369,#5370,#5371,#5372,#5373,#5374,#5375,
#5376,#5377,#5378,#5379,#5380,#5381,#5382,#5383,#5384,#5385,#5386,#5387,
#5388,#5389,#5390,#5391,#5392,#5393,#5394,#5395,#5396,#5397,#5398,#5399,
#5400,#5401,#5402,#5403),.UNSPECIFIED.,.F.,.F.)
B_SPLINE_CURVE_WITH_KNOTS((3,2,2,2,2,2,2,2,2,2,2,2,2,2,2,2,2,2,2,2,2,2,
2,2,2,2,2,2,2,2,2,2,2,2,2,2,2,2,2,2,2,2,3),(0.,0.0238095238095238,0.0476190476190476,
0.0714285714285714,0.0952380952380952,0.119047619047619,0.142857142857143,
0.166666666666667,0.19047619047619,0.214285714285714,0.238095238095238,
0.261904761904762,0.285714285714286,0.309523809523809,0.333333333333334,
0.357142857142857,0.380952380952381,0.404761904761905,0.428571428571428,
0.452380952380952,0.476190476190476,0.5,0.523809523809524,0.547619047619048,
0.571428571428571,0.595238095238095,0.619047619047619,0.642857142857143,
0.666666666666667,0.690476190476191,0.714285714285714,0.738095238095238,
0.761904761904762,0.785714285714286,0.80952380952381,0.833333333333333,
0.857142857142857,0.880952380952381,0.904761904761905,0.928571428571429,
0.952380952380952,0.976190476190476,1.),.UNSPECIFIED.)
CURVE()
GEOMETRIC_REPRESENTATION_ITEM()
RATIONAL_B_SPLINE_CURVE((1.,0.866025403784439,1.,0.866025403784439,1.,0.866025403784439,
1.,0.866025403784439,1.,0.866025403784439,1.,0.866025403784439,1.,0.866025403784439,
1.,0.866025403784439,1.,0.866025403784439,1.,0.866025403784439,1.,0.866025403784439,
1.,0.866025403784439,1.,0.866025403784439,1.,0.866025403784439,1.,0.866025403784439,
1.,0.866025403784439,1.,0.866025403784439,1.,0.866025403784439,1.,0.866025403784439,
1.,0.866025403784439,1.,0.866025403784439,1.,0.866025403784439,1.,0.866025403784439,
1.,0.866025403784439,1.,0.866025403784439,1.,0.866025403784439,1.,0.866025403784439,
1.,0.866025403784439,1.,0.866025403784439,1.,0.866025403784439,1.,0.866025403784439,
1.,0.866025403784439,1.,0.866025403784439,1.,0.866025403784439,1.,0.866025403784439,
1.,0.866025403784439,1.,0.866025403784439,1.,0.866025403784439,1.,0.866025403784439,
1.,0.866025403784439,1.,0.866025403784439,1.,0.866025403784439,1.))
REPRESENTATION_ITEM('')
);
#186=(
BOUNDED_CURVE()
B_SPLINE_CURVE(2,(#5412,#5413,#5414,#5415,#5416,#5417,#5418,#5419,#5420,
#5421,#5422,#5423,#5424,#5425,#5426,#5427,#5428,#5429,#5430,#5431,#5432,
#5433,#5434,#5435,#5436,#5437,#5438,#5439,#5440,#5441,#5442,#5443,#5444,
#5445,#5446,#5447,#5448,#5449,#5450,#5451,#5452,#5453,#5454,#5455,#5456,
#5457,#5458,#5459,#5460,#5461,#5462,#5463,#5464,#5465,#5466,#5467,#5468,
#5469,#5470,#5471,#5472,#5473,#5474,#5475,#5476,#5477,#5478,#5479,#5480,
#5481,#5482,#5483,#5484,#5485,#5486,#5487,#5488,#5489,#5490,#5491,#5492,
#5493,#5494,#5495,#5496),.UNSPECIFIED.,.F.,.F.)
B_SPLINE_CURVE_WITH_KNOTS((3,2,2,2,2,2,2,2,2,2,2,2,2,2,2,2,2,2,2,2,2,2,
2,2,2,2,2,2,2,2,2,2,2,2,2,2,2,2,2,2,2,2,3),(0.,0.0238095238095238,0.0476190476190476,
0.0714285714285714,0.0952380952380952,0.119047619047619,0.142857142857143,
0.166666666666667,0.19047619047619,0.214285714285714,0.238095238095238,
0.261904761904762,0.285714285714286,0.309523809523809,0.333333333333334,
0.357142857142857,0.380952380952381,0.404761904761905,0.428571428571428,
0.452380952380952,0.476190476190476,0.5,0.523809523809524,0.547619047619048,
0.571428571428571,0.595238095238095,0.619047619047619,0.642857142857143,
0.666666666666667,0.690476190476191,0.714285714285714,0.738095238095238,
0.761904761904762,0.785714285714286,0.80952380952381,0.833333333333333,
0.857142857142857,0.880952380952381,0.904761904761905,0.928571428571429,
0.952380952380952,0.976190476190476,1.),.UNSPECIFIED.)
CURVE()
GEOMETRIC_REPRESENTATION_ITEM()
RATIONAL_B_SPLINE_CURVE((1.,0.866025403784439,1.,0.866025403784439,1.,0.866025403784439,
1.,0.866025403784439,1.,0.866025403784439,1.,0.866025403784439,1.,0.866025403784439,
1.,0.866025403784439,1.,0.866025403784439,1.,0.866025403784439,1.,0.866025403784439,
1.,0.866025403784439,1.,0.866025403784439,1.,0.866025403784439,1.,0.866025403784439,
1.,0.866025403784439,1.,0.866025403784439,1.,0.866025403784439,1.,0.866025403784439,
1.,0.866025403784439,1.,0.866025403784439,1.,0.866025403784439,1.,0.866025403784439,
1.,0.866025403784439,1.,0.866025403784439,1.,0.866025403784439,1.,0.866025403784439,
1.,0.866025403784439,1.,0.866025403784439,1.,0.866025403784439,1.,0.866025403784439,
1.,0.866025403784439,1.,0.866025403784439,1.,0.866025403784439,1.,0.866025403784439,
1.,0.866025403784439,1.,0.866025403784439,1.,0.866025403784439,1.,0.866025403784439,
1.,0.866025403784439,1.,0.866025403784439,1.,0.866025403784439,1.))
REPRESENTATION_ITEM('')
);
#187=(
BOUNDED_CURVE()
B_SPLINE_CURVE(2,(#5497,#5498,#5499,#5500,#5501,#5502,#5503,#5504,#5505,
#5506,#5507,#5508,#5509,#5510,#5511,#5512,#5513,#5514,#5515,#5516,#5517,
#5518,#5519,#5520,#5521,#5522,#5523,#5524,#5525,#5526,#5527,#5528,#5529,
#5530,#5531,#5532,#5533,#5534,#5535,#5536,#5537,#5538,#5539,#5540,#5541,
#5542,#5543,#5544,#5545,#5546,#5547,#5548,#5549,#5550,#5551,#5552,#5553,
#5554,#5555,#5556,#5557,#5558,#5559,#5560,#5561,#5562,#5563,#5564,#5565,
#5566,#5567,#5568,#5569,#5570,#5571,#5572,#5573,#5574,#5575,#5576,#5577,
#5578,#5579,#5580,#5581),.UNSPECIFIED.,.F.,.F.)
B_SPLINE_CURVE_WITH_KNOTS((3,2,2,2,2,2,2,2,2,2,2,2,2,2,2,2,2,2,2,2,2,2,
2,2,2,2,2,2,2,2,2,2,2,2,2,2,2,2,2,2,2,2,3),(0.,0.0238095238095238,0.0476190476190476,
0.0714285714285714,0.0952380952380952,0.119047619047619,0.142857142857143,
0.166666666666667,0.19047619047619,0.214285714285714,0.238095238095238,
0.261904761904762,0.285714285714286,0.309523809523809,0.333333333333334,
0.357142857142857,0.380952380952381,0.404761904761905,0.428571428571428,
0.452380952380952,0.476190476190476,0.5,0.523809523809524,0.547619047619048,
0.571428571428571,0.595238095238095,0.619047619047619,0.642857142857143,
0.666666666666667,0.690476190476191,0.714285714285714,0.738095238095238,
0.761904761904762,0.785714285714286,0.80952380952381,0.833333333333333,
0.857142857142857,0.880952380952381,0.904761904761905,0.928571428571429,
0.952380952380952,0.976190476190476,1.),.UNSPECIFIED.)
CURVE()
GEOMETRIC_REPRESENTATION_ITEM()
RATIONAL_B_SPLINE_CURVE((1.,0.866025403784439,1.,0.866025403784439,1.,0.866025403784439,
1.,0.866025403784439,1.,0.866025403784439,1.,0.866025403784439,1.,0.866025403784439,
1.,0.866025403784439,1.,0.866025403784439,1.,0.866025403784439,1.,0.866025403784439,
1.,0.866025403784439,1.,0.866025403784439,1.,0.866025403784439,1.,0.866025403784439,
1.,0.866025403784439,1.,0.866025403784439,1.,0.866025403784439,1.,0.866025403784439,
1.,0.866025403784439,1.,0.866025403784439,1.,0.866025403784439,1.,0.866025403784439,
1.,0.866025403784439,1.,0.866025403784439,1.,0.866025403784439,1.,0.866025403784439,
1.,0.866025403784439,1.,0.866025403784439,1.,0.866025403784439,1.,0.866025403784439,
1.,0.866025403784439,1.,0.866025403784439,1.,0.866025403784439,1.,0.866025403784439,
1.,0.866025403784439,1.,0.866025403784439,1.,0.866025403784439,1.,0.866025403784439,
1.,0.866025403784439,1.,0.866025403784439,1.,0.866025403784439,1.))
REPRESENTATION_ITEM('')
);
#188=(
BOUNDED_CURVE()
B_SPLINE_CURVE(2,(#5590,#5591,#5592,#5593,#5594,#5595,#5596,#5597,#5598,
#5599,#5600,#5601,#5602,#5603,#5604,#5605,#5606,#5607,#5608,#5609,#5610,
#5611,#5612,#5613,#5614,#5615,#5616,#5617,#5618,#5619,#5620,#5621,#5622,
#5623,#5624,#5625,#5626,#5627,#5628,#5629,#5630,#5631,#5632,#5633,#5634,
#5635,#5636,#5637,#5638,#5639,#5640,#5641,#5642,#5643,#5644,#5645,#5646,
#5647,#5648,#5649,#5650,#5651,#5652,#5653,#5654,#5655,#5656,#5657,#5658,
#5659,#5660,#5661,#5662,#5663,#5664,#5665,#5666,#5667,#5668,#5669,#5670,
#5671,#5672,#5673,#5674),.UNSPECIFIED.,.F.,.F.)
B_SPLINE_CURVE_WITH_KNOTS((3,2,2,2,2,2,2,2,2,2,2,2,2,2,2,2,2,2,2,2,2,2,
2,2,2,2,2,2,2,2,2,2,2,2,2,2,2,2,2,2,2,2,3),(0.,0.0238095238095238,0.0476190476190476,
0.0714285714285714,0.0952380952380952,0.119047619047619,0.142857142857143,
0.166666666666667,0.19047619047619,0.214285714285714,0.238095238095238,
0.261904761904762,0.285714285714286,0.309523809523809,0.333333333333334,
0.357142857142857,0.380952380952381,0.404761904761905,0.428571428571428,
0.452380952380952,0.476190476190476,0.5,0.523809523809524,0.547619047619048,
0.571428571428571,0.595238095238095,0.619047619047619,0.642857142857143,
0.666666666666667,0.690476190476191,0.714285714285714,0.738095238095238,
0.761904761904762,0.785714285714286,0.80952380952381,0.833333333333333,
0.857142857142857,0.880952380952381,0.904761904761905,0.928571428571429,
0.952380952380952,0.976190476190476,1.),.UNSPECIFIED.)
CURVE()
GEOMETRIC_REPRESENTATION_ITEM()
RATIONAL_B_SPLINE_CURVE((1.,0.866025403784439,1.,0.866025403784439,1.,0.866025403784439,
1.,0.866025403784439,1.,0.866025403784439,1.,0.866025403784439,1.,0.866025403784439,
1.,0.866025403784439,1.,0.866025403784439,1.,0.866025403784439,1.,0.866025403784439,
1.,0.866025403784439,1.,0.866025403784439,1.,0.866025403784439,1.,0.866025403784439,
1.,0.866025403784439,1.,0.866025403784439,1.,0.866025403784439,1.,0.866025403784439,
1.,0.866025403784439,1.,0.866025403784439,1.,0.866025403784439,1.,0.866025403784439,
1.,0.866025403784439,1.,0.866025403784439,1.,0.866025403784439,1.,0.866025403784439,
1.,0.866025403784439,1.,0.866025403784439,1.,0.866025403784439,1.,0.866025403784439,
1.,0.866025403784439,1.,0.866025403784439,1.,0.866025403784439,1.,0.866025403784439,
1.,0.866025403784439,1.,0.866025403784439,1.,0.866025403784439,1.,0.866025403784439,
1.,0.866025403784439,1.,0.866025403784439,1.,0.866025403784439,1.))
REPRESENTATION_ITEM('')
);
#189=(
BOUNDED_CURVE()
B_SPLINE_CURVE(2,(#5675,#5676,#5677,#5678,#5679,#5680,#5681,#5682,#5683,
#5684,#5685,#5686,#5687,#5688,#5689,#5690,#5691,#5692,#5693,#5694,#5695,
#5696,#5697,#5698,#5699,#5700,#5701,#5702,#5703,#5704,#5705,#5706,#5707,
#5708,#5709,#5710,#5711,#5712,#5713,#5714,#5715,#5716,#5717,#5718,#5719,
#5720,#5721,#5722,#5723,#5724,#5725,#5726,#5727,#5728,#5729,#5730,#5731,
#5732,#5733,#5734,#5735,#5736,#5737,#5738,#5739,#5740,#5741,#5742,#5743,
#5744,#5745,#5746,#5747,#5748,#5749,#5750,#5751,#5752,#5753,#5754,#5755,
#5756,#5757,#5758,#5759),.UNSPECIFIED.,.F.,.F.)
B_SPLINE_CURVE_WITH_KNOTS((3,2,2,2,2,2,2,2,2,2,2,2,2,2,2,2,2,2,2,2,2,2,
2,2,2,2,2,2,2,2,2,2,2,2,2,2,2,2,2,2,2,2,3),(0.,0.0238095238095238,0.0476190476190476,
0.0714285714285714,0.0952380952380952,0.119047619047619,0.142857142857143,
0.166666666666667,0.19047619047619,0.214285714285714,0.238095238095238,
0.261904761904762,0.285714285714286,0.309523809523809,0.333333333333334,
0.357142857142857,0.380952380952381,0.404761904761905,0.428571428571428,
0.452380952380952,0.476190476190476,0.5,0.523809523809524,0.547619047619048,
0.571428571428571,0.595238095238095,0.619047619047619,0.642857142857143,
0.666666666666667,0.690476190476191,0.714285714285714,0.738095238095238,
0.761904761904762,0.785714285714286,0.80952380952381,0.833333333333333,
0.857142857142857,0.880952380952381,0.904761904761905,0.928571428571429,
0.952380952380952,0.976190476190476,1.),.UNSPECIFIED.)
CURVE()
GEOMETRIC_REPRESENTATION_ITEM()
RATIONAL_B_SPLINE_CURVE((1.,0.866025403784439,1.,0.866025403784439,1.,0.866025403784439,
1.,0.866025403784439,1.,0.866025403784439,1.,0.866025403784439,1.,0.866025403784439,
1.,0.866025403784439,1.,0.866025403784439,1.,0.866025403784439,1.,0.866025403784439,
1.,0.866025403784439,1.,0.866025403784439,1.,0.866025403784439,1.,0.866025403784439,
1.,0.866025403784439,1.,0.866025403784439,1.,0.866025403784439,1.,0.866025403784439,
1.,0.866025403784439,1.,0.866025403784439,1.,0.866025403784439,1.,0.866025403784439,
1.,0.866025403784439,1.,0.866025403784439,1.,0.866025403784439,1.,0.866025403784439,
1.,0.866025403784439,1.,0.866025403784439,1.,0.866025403784439,1.,0.866025403784439,
1.,0.866025403784439,1.,0.866025403784439,1.,0.866025403784439,1.,0.866025403784439,
1.,0.866025403784439,1.,0.866025403784439,1.,0.866025403784439,1.,0.866025403784439,
1.,0.866025403784439,1.,0.866025403784439,1.,0.866025403784439,1.))
REPRESENTATION_ITEM('')
);
#190=(
BOUNDED_CURVE()
B_SPLINE_CURVE(1,(#5773,#5774),.UNSPECIFIED.,.F.,.F.)
B_SPLINE_CURVE_WITH_KNOTS((2,2),(0.,1.),.PIECEWISE_BEZIER_KNOTS.)
CURVE()
GEOMETRIC_REPRESENTATION_ITEM()
RATIONAL_B_SPLINE_CURVE((1.,1.))
REPRESENTATION_ITEM('')
);
#191=(
BOUNDED_CURVE()
B_SPLINE_CURVE(1,(#5778,#5779),.UNSPECIFIED.,.F.,.F.)
B_SPLINE_CURVE_WITH_KNOTS((2,2),(0.,1.),.PIECEWISE_BEZIER_KNOTS.)
CURVE()
GEOMETRIC_REPRESENTATION_ITEM()
RATIONAL_B_SPLINE_CURVE((1.,1.))
REPRESENTATION_ITEM('')
);
#192=(
BOUNDED_CURVE()
B_SPLINE_CURVE(1,(#5799,#5800),.UNSPECIFIED.,.F.,.F.)
B_SPLINE_CURVE_WITH_KNOTS((2,2),(0.,1.),.PIECEWISE_BEZIER_KNOTS.)
CURVE()
GEOMETRIC_REPRESENTATION_ITEM()
RATIONAL_B_SPLINE_CURVE((1.,1.))
REPRESENTATION_ITEM('')
);
#193=(
BOUNDED_CURVE()
B_SPLINE_CURVE(1,(#5802,#5803),.UNSPECIFIED.,.F.,.F.)
B_SPLINE_CURVE_WITH_KNOTS((2,2),(0.,1.),.PIECEWISE_BEZIER_KNOTS.)
CURVE()
GEOMETRIC_REPRESENTATION_ITEM()
RATIONAL_B_SPLINE_CURVE((1.,1.))
REPRESENTATION_ITEM('')
);
#194=(
BOUNDED_CURVE()
B_SPLINE_CURVE(3,(#5834,#5835,#5836,#5837),.UNSPECIFIED.,.F.,.F.)
B_SPLINE_CURVE_WITH_KNOTS((4,4),(0.,1.),.PIECEWISE_BEZIER_KNOTS.)
CURVE()
GEOMETRIC_REPRESENTATION_ITEM()
RATIONAL_B_SPLINE_CURVE((1.,0.771832455021048,0.771832455021048,1.))
REPRESENTATION_ITEM('')
);
#195=(
BOUNDED_CURVE()
B_SPLINE_CURVE(3,(#5849,#5850,#5851,#5852),.UNSPECIFIED.,.F.,.F.)
B_SPLINE_CURVE_WITH_KNOTS((4,4),(0.,1.),.PIECEWISE_BEZIER_KNOTS.)
CURVE()
GEOMETRIC_REPRESENTATION_ITEM()
RATIONAL_B_SPLINE_CURVE((1.,0.771832455021048,0.771832455021048,1.))
REPRESENTATION_ITEM('')
);
#196=(
BOUNDED_CURVE()
B_SPLINE_CURVE(1,(#5864,#5865),.UNSPECIFIED.,.F.,.F.)
B_SPLINE_CURVE_WITH_KNOTS((2,2),(0.,1.),.PIECEWISE_BEZIER_KNOTS.)
CURVE()
GEOMETRIC_REPRESENTATION_ITEM()
RATIONAL_B_SPLINE_CURVE((1.,1.))
REPRESENTATION_ITEM('')
);
#197=(
BOUNDED_CURVE()
B_SPLINE_CURVE(1,(#5869,#5870),.UNSPECIFIED.,.F.,.F.)
B_SPLINE_CURVE_WITH_KNOTS((2,2),(0.,1.),.PIECEWISE_BEZIER_KNOTS.)
CURVE()
GEOMETRIC_REPRESENTATION_ITEM()
RATIONAL_B_SPLINE_CURVE((1.,1.))
REPRESENTATION_ITEM('')
);
#198=(
BOUNDED_CURVE()
B_SPLINE_CURVE(1,(#5882,#5883),.UNSPECIFIED.,.F.,.F.)
B_SPLINE_CURVE_WITH_KNOTS((2,2),(0.,1.),.PIECEWISE_BEZIER_KNOTS.)
CURVE()
GEOMETRIC_REPRESENTATION_ITEM()
RATIONAL_B_SPLINE_CURVE((1.,1.))
REPRESENTATION_ITEM('')
);
#199=(
BOUNDED_CURVE()
B_SPLINE_CURVE(1,(#5887,#5888),.UNSPECIFIED.,.F.,.F.)
B_SPLINE_CURVE_WITH_KNOTS((2,2),(0.,1.),.PIECEWISE_BEZIER_KNOTS.)
CURVE()
GEOMETRIC_REPRESENTATION_ITEM()
RATIONAL_B_SPLINE_CURVE((1.,1.))
REPRESENTATION_ITEM('')
);
#200=(
BOUNDED_CURVE()
B_SPLINE_CURVE(1,(#5900,#5901),.UNSPECIFIED.,.F.,.F.)
B_SPLINE_CURVE_WITH_KNOTS((2,2),(0.,1.),.PIECEWISE_BEZIER_KNOTS.)
CURVE()
GEOMETRIC_REPRESENTATION_ITEM()
RATIONAL_B_SPLINE_CURVE((1.,1.))
REPRESENTATION_ITEM('')
);
#201=(
BOUNDED_CURVE()
B_SPLINE_CURVE(1,(#5905,#5906),.UNSPECIFIED.,.F.,.F.)
B_SPLINE_CURVE_WITH_KNOTS((2,2),(0.,1.),.PIECEWISE_BEZIER_KNOTS.)
CURVE()
GEOMETRIC_REPRESENTATION_ITEM()
RATIONAL_B_SPLINE_CURVE((1.,1.))
REPRESENTATION_ITEM('')
);
#202=(
BOUNDED_CURVE()
B_SPLINE_CURVE(1,(#5918,#5919),.UNSPECIFIED.,.F.,.F.)
B_SPLINE_CURVE_WITH_KNOTS((2,2),(0.,1.),.PIECEWISE_BEZIER_KNOTS.)
CURVE()
GEOMETRIC_REPRESENTATION_ITEM()
RATIONAL_B_SPLINE_CURVE((1.,1.))
REPRESENTATION_ITEM('')
);
#203=(
BOUNDED_CURVE()
B_SPLINE_CURVE(1,(#5923,#5924),.UNSPECIFIED.,.F.,.F.)
B_SPLINE_CURVE_WITH_KNOTS((2,2),(0.,1.),.PIECEWISE_BEZIER_KNOTS.)
CURVE()
GEOMETRIC_REPRESENTATION_ITEM()
RATIONAL_B_SPLINE_CURVE((1.,1.))
REPRESENTATION_ITEM('')
);
#204=(
BOUNDED_CURVE()
B_SPLINE_CURVE(1,(#5936,#5937),.UNSPECIFIED.,.F.,.F.)
B_SPLINE_CURVE_WITH_KNOTS((2,2),(0.,1.),.PIECEWISE_BEZIER_KNOTS.)
CURVE()
GEOMETRIC_REPRESENTATION_ITEM()
RATIONAL_B_SPLINE_CURVE((1.,1.))
REPRESENTATION_ITEM('')
);
#205=(
BOUNDED_CURVE()
B_SPLINE_CURVE(1,(#5941,#5942),.UNSPECIFIED.,.F.,.F.)
B_SPLINE_CURVE_WITH_KNOTS((2,2),(0.,1.),.PIECEWISE_BEZIER_KNOTS.)
CURVE()
GEOMETRIC_REPRESENTATION_ITEM()
RATIONAL_B_SPLINE_CURVE((1.,1.))
REPRESENTATION_ITEM('')
);
#206=(
BOUNDED_CURVE()
B_SPLINE_CURVE(1,(#5954,#5955),.UNSPECIFIED.,.F.,.F.)
B_SPLINE_CURVE_WITH_KNOTS((2,2),(0.,1.),.PIECEWISE_BEZIER_KNOTS.)
CURVE()
GEOMETRIC_REPRESENTATION_ITEM()
RATIONAL_B_SPLINE_CURVE((1.,1.))
REPRESENTATION_ITEM('')
);
#207=(
BOUNDED_CURVE()
B_SPLINE_CURVE(1,(#5971,#5972),.UNSPECIFIED.,.F.,.F.)
B_SPLINE_CURVE_WITH_KNOTS((2,2),(0.,1.),.PIECEWISE_BEZIER_KNOTS.)
CURVE()
GEOMETRIC_REPRESENTATION_ITEM()
RATIONAL_B_SPLINE_CURVE((1.,1.))
REPRESENTATION_ITEM('')
);
#208=(
BOUNDED_CURVE()
B_SPLINE_CURVE(2,(#6501,#6502,#6503,#6504,#6505,#6506,#6507,#6508,#6509,
#6510,#6511,#6512,#6513,#6514,#6515,#6516,#6517,#6518,#6519,#6520,#6521,
#6522,#6523,#6524,#6525,#6526,#6527,#6528,#6529,#6530,#6531,#6532,#6533,
#6534,#6535,#6536,#6537,#6538,#6539,#6540,#6541,#6542,#6543,#6544,#6545,
#6546,#6547,#6548,#6549,#6550,#6551,#6552,#6553,#6554,#6555,#6556,#6557,
#6558,#6559,#6560,#6561,#6562,#6563,#6564,#6565,#6566,#6567,#6568,#6569,
#6570,#6571,#6572,#6573,#6574,#6575,#6576,#6577,#6578,#6579,#6580,#6581,
#6582,#6583,#6584,#6585),.UNSPECIFIED.,.F.,.F.)
B_SPLINE_CURVE_WITH_KNOTS((3,2,2,2,2,2,2,2,2,2,2,2,2,2,2,2,2,2,2,2,2,2,
2,2,2,2,2,2,2,2,2,2,2,2,2,2,2,2,2,2,2,2,3),(0.,0.0238095238095238,0.0476190476190476,
0.0714285714285714,0.0952380952380952,0.119047619047619,0.142857142857143,
0.166666666666667,0.19047619047619,0.214285714285714,0.238095238095238,
0.261904761904762,0.285714285714286,0.309523809523809,0.333333333333334,
0.357142857142857,0.380952380952381,0.404761904761905,0.428571428571428,
0.452380952380952,0.476190476190476,0.5,0.523809523809524,0.547619047619048,
0.571428571428571,0.595238095238095,0.619047619047619,0.642857142857143,
0.666666666666667,0.690476190476191,0.714285714285714,0.738095238095238,
0.761904761904762,0.785714285714286,0.80952380952381,0.833333333333333,
0.857142857142857,0.880952380952381,0.904761904761905,0.928571428571429,
0.952380952380952,0.976190476190476,1.),.UNSPECIFIED.)
CURVE()
GEOMETRIC_REPRESENTATION_ITEM()
RATIONAL_B_SPLINE_CURVE((1.,0.866025403784439,1.,0.866025403784439,1.,0.866025403784439,
1.,0.866025403784439,1.,0.866025403784439,1.,0.866025403784439,1.,0.866025403784439,
1.,0.866025403784439,1.,0.866025403784439,1.,0.866025403784439,1.,0.866025403784439,
1.,0.866025403784439,1.,0.866025403784439,1.,0.866025403784439,1.,0.866025403784439,
1.,0.866025403784439,1.,0.866025403784439,1.,0.866025403784439,1.,0.866025403784439,
1.,0.866025403784439,1.,0.866025403784439,1.,0.866025403784439,1.,0.866025403784439,
1.,0.866025403784439,1.,0.866025403784439,1.,0.866025403784439,1.,0.866025403784439,
1.,0.866025403784439,1.,0.866025403784439,1.,0.866025403784439,1.,0.866025403784439,
1.,0.866025403784439,1.,0.866025403784439,1.,0.866025403784439,1.,0.866025403784439,
1.,0.866025403784439,1.,0.866025403784439,1.,0.866025403784439,1.,0.866025403784439,
1.,0.866025403784439,1.,0.866025403784439,1.,0.866025403784439,1.))
REPRESENTATION_ITEM('')
);
#209=(
BOUNDED_CURVE()
B_SPLINE_CURVE(2,(#6777,#6778,#6779,#6780,#6781,#6782,#6783,#6784,#6785,
#6786,#6787,#6788,#6789,#6790,#6791,#6792,#6793,#6794,#6795,#6796,#6797,
#6798,#6799,#6800,#6801,#6802,#6803,#6804,#6805,#6806,#6807,#6808,#6809,
#6810,#6811,#6812,#6813,#6814,#6815,#6816,#6817,#6818,#6819,#6820,#6821,
#6822,#6823,#6824,#6825,#6826,#6827,#6828,#6829,#6830,#6831,#6832,#6833,
#6834,#6835,#6836,#6837,#6838,#6839,#6840,#6841,#6842,#6843,#6844,#6845,
#6846,#6847,#6848,#6849,#6850,#6851,#6852,#6853,#6854,#6855,#6856,#6857,
#6858,#6859,#6860,#6861),.UNSPECIFIED.,.F.,.F.)
B_SPLINE_CURVE_WITH_KNOTS((3,2,2,2,2,2,2,2,2,2,2,2,2,2,2,2,2,2,2,2,2,2,
2,2,2,2,2,2,2,2,2,2,2,2,2,2,2,2,2,2,2,2,3),(0.,0.0238095238095238,0.0476190476190476,
0.0714285714285714,0.0952380952380952,0.119047619047619,0.142857142857143,
0.166666666666667,0.19047619047619,0.214285714285714,0.238095238095238,
0.261904761904762,0.285714285714286,0.309523809523809,0.333333333333334,
0.357142857142857,0.380952380952381,0.404761904761905,0.428571428571428,
0.452380952380952,0.476190476190476,0.5,0.523809523809524,0.547619047619048,
0.571428571428571,0.595238095238095,0.619047619047619,0.642857142857143,
0.666666666666667,0.690476190476191,0.714285714285714,0.738095238095238,
0.761904761904762,0.785714285714286,0.80952380952381,0.833333333333333,
0.857142857142857,0.880952380952381,0.904761904761905,0.928571428571429,
0.952380952380952,0.976190476190476,1.),.UNSPECIFIED.)
CURVE()
GEOMETRIC_REPRESENTATION_ITEM()
RATIONAL_B_SPLINE_CURVE((1.,0.866025403784439,1.,0.866025403784439,1.,0.866025403784439,
1.,0.866025403784439,1.,0.866025403784439,1.,0.866025403784439,1.,0.866025403784439,
1.,0.866025403784439,1.,0.866025403784439,1.,0.866025403784439,1.,0.866025403784439,
1.,0.866025403784439,1.,0.866025403784439,1.,0.866025403784439,1.,0.866025403784439,
1.,0.866025403784439,1.,0.866025403784439,1.,0.866025403784439,1.,0.866025403784439,
1.,0.866025403784439,1.,0.866025403784439,1.,0.866025403784439,1.,0.866025403784439,
1.,0.866025403784439,1.,0.866025403784439,1.,0.866025403784439,1.,0.866025403784439,
1.,0.866025403784439,1.,0.866025403784439,1.,0.866025403784439,1.,0.866025403784439,
1.,0.866025403784439,1.,0.866025403784439,1.,0.866025403784439,1.,0.866025403784439,
1.,0.866025403784439,1.,0.866025403784439,1.,0.866025403784439,1.,0.866025403784439,
1.,0.866025403784439,1.,0.866025403784439,1.,0.866025403784439,1.))
REPRESENTATION_ITEM('')
);
#210=ORIENTED_EDGE('',*,*,#632,.T.);
#211=ORIENTED_EDGE('',*,*,#633,.T.);
#212=ORIENTED_EDGE('',*,*,#634,.F.);
#213=ORIENTED_EDGE('',*,*,#635,.F.);
#214=ORIENTED_EDGE('',*,*,#636,.F.);
#215=ORIENTED_EDGE('',*,*,#637,.T.);
#216=ORIENTED_EDGE('',*,*,#638,.F.);
#217=ORIENTED_EDGE('',*,*,#639,.F.);
#218=ORIENTED_EDGE('',*,*,#640,.F.);
#219=ORIENTED_EDGE('',*,*,#641,.T.);
#220=ORIENTED_EDGE('',*,*,#642,.T.);
#221=ORIENTED_EDGE('',*,*,#643,.F.);
#222=ORIENTED_EDGE('',*,*,#644,.F.);
#223=ORIENTED_EDGE('',*,*,#645,.T.);
#224=ORIENTED_EDGE('',*,*,#646,.T.);
#225=ORIENTED_EDGE('',*,*,#647,.F.);
#226=ORIENTED_EDGE('',*,*,#648,.F.);
#227=ORIENTED_EDGE('',*,*,#649,.T.);
#228=ORIENTED_EDGE('',*,*,#650,.T.);
#229=ORIENTED_EDGE('',*,*,#651,.F.);
#230=ORIENTED_EDGE('',*,*,#652,.F.);
#231=ORIENTED_EDGE('',*,*,#653,.T.);
#232=ORIENTED_EDGE('',*,*,#654,.T.);
#233=ORIENTED_EDGE('',*,*,#655,.F.);
#234=ORIENTED_EDGE('',*,*,#656,.F.);
#235=ORIENTED_EDGE('',*,*,#657,.T.);
#236=ORIENTED_EDGE('',*,*,#658,.T.);
#237=ORIENTED_EDGE('',*,*,#659,.F.);
#238=ORIENTED_EDGE('',*,*,#660,.F.);
#239=ORIENTED_EDGE('',*,*,#661,.T.);
#240=ORIENTED_EDGE('',*,*,#662,.T.);
#241=ORIENTED_EDGE('',*,*,#663,.F.);
#242=ORIENTED_EDGE('',*,*,#641,.F.);
#243=ORIENTED_EDGE('',*,*,#664,.F.);
#244=ORIENTED_EDGE('',*,*,#665,.T.);
#245=ORIENTED_EDGE('',*,*,#639,.T.);
#246=ORIENTED_EDGE('',*,*,#666,.T.);
#247=ORIENTED_EDGE('',*,*,#645,.F.);
#248=ORIENTED_EDGE('',*,*,#667,.F.);
#249=ORIENTED_EDGE('',*,*,#643,.T.);
#250=ORIENTED_EDGE('',*,*,#668,.T.);
#251=ORIENTED_EDGE('',*,*,#649,.F.);
#252=ORIENTED_EDGE('',*,*,#669,.F.);
#253=ORIENTED_EDGE('',*,*,#647,.T.);
#254=ORIENTED_EDGE('',*,*,#670,.T.);
#255=ORIENTED_EDGE('',*,*,#653,.F.);
#256=ORIENTED_EDGE('',*,*,#671,.F.);
#257=ORIENTED_EDGE('',*,*,#651,.T.);
#258=ORIENTED_EDGE('',*,*,#672,.T.);
#259=ORIENTED_EDGE('',*,*,#657,.F.);
#260=ORIENTED_EDGE('',*,*,#673,.F.);
#261=ORIENTED_EDGE('',*,*,#655,.T.);
#262=ORIENTED_EDGE('',*,*,#674,.T.);
#263=ORIENTED_EDGE('',*,*,#661,.F.);
#264=ORIENTED_EDGE('',*,*,#675,.F.);
#265=ORIENTED_EDGE('',*,*,#659,.T.);
#266=ORIENTED_EDGE('',*,*,#676,.T.);
#267=ORIENTED_EDGE('',*,*,#677,.F.);
#268=ORIENTED_EDGE('',*,*,#663,.T.);
#269=ORIENTED_EDGE('',*,*,#678,.F.);
#270=ORIENTED_EDGE('',*,*,#679,.F.);
#271=ORIENTED_EDGE('',*,*,#680,.T.);
#272=ORIENTED_EDGE('',*,*,#681,.T.);
#273=ORIENTED_EDGE('',*,*,#682,.F.);
#274=ORIENTED_EDGE('',*,*,#683,.F.);
#275=ORIENTED_EDGE('',*,*,#684,.T.);
#276=ORIENTED_EDGE('',*,*,#685,.T.);
#277=ORIENTED_EDGE('',*,*,#686,.F.);
#278=ORIENTED_EDGE('',*,*,#687,.F.);
#279=ORIENTED_EDGE('',*,*,#688,.T.);
#280=ORIENTED_EDGE('',*,*,#689,.T.);
#281=ORIENTED_EDGE('',*,*,#690,.F.);
#282=ORIENTED_EDGE('',*,*,#691,.F.);
#283=ORIENTED_EDGE('',*,*,#692,.T.);
#284=ORIENTED_EDGE('',*,*,#693,.T.);
#285=ORIENTED_EDGE('',*,*,#694,.F.);
#286=ORIENTED_EDGE('',*,*,#695,.F.);
#287=ORIENTED_EDGE('',*,*,#696,.T.);
#288=ORIENTED_EDGE('',*,*,#697,.T.);
#289=ORIENTED_EDGE('',*,*,#698,.F.);
#290=ORIENTED_EDGE('',*,*,#699,.F.);
#291=ORIENTED_EDGE('',*,*,#700,.T.);
#292=ORIENTED_EDGE('',*,*,#701,.T.);
#293=ORIENTED_EDGE('',*,*,#684,.F.);
#294=ORIENTED_EDGE('',*,*,#702,.F.);
#295=ORIENTED_EDGE('',*,*,#682,.T.);
#296=ORIENTED_EDGE('',*,*,#703,.T.);
#297=ORIENTED_EDGE('',*,*,#688,.F.);
#298=ORIENTED_EDGE('',*,*,#704,.F.);
#299=ORIENTED_EDGE('',*,*,#686,.T.);
#300=ORIENTED_EDGE('',*,*,#705,.T.);
#301=ORIENTED_EDGE('',*,*,#692,.F.);
#302=ORIENTED_EDGE('',*,*,#706,.F.);
#303=ORIENTED_EDGE('',*,*,#690,.T.);
#304=ORIENTED_EDGE('',*,*,#707,.T.);
#305=ORIENTED_EDGE('',*,*,#696,.F.);
#306=ORIENTED_EDGE('',*,*,#708,.F.);
#307=ORIENTED_EDGE('',*,*,#694,.T.);
#308=ORIENTED_EDGE('',*,*,#709,.T.);
#309=ORIENTED_EDGE('',*,*,#700,.F.);
#310=ORIENTED_EDGE('',*,*,#710,.F.);
#311=ORIENTED_EDGE('',*,*,#698,.T.);
#312=ORIENTED_EDGE('',*,*,#711,.T.);
#313=ORIENTED_EDGE('',*,*,#712,.T.);
#314=ORIENTED_EDGE('',*,*,#713,.T.);
#315=ORIENTED_EDGE('',*,*,#714,.T.);
#316=ORIENTED_EDGE('',*,*,#715,.F.);
#317=ORIENTED_EDGE('',*,*,#716,.F.);
#318=ORIENTED_EDGE('',*,*,#717,.T.);
#319=ORIENTED_EDGE('',*,*,#718,.T.);
#320=ORIENTED_EDGE('',*,*,#719,.T.);
#321=ORIENTED_EDGE('',*,*,#720,.T.);
#322=ORIENTED_EDGE('',*,*,#721,.F.);
#323=ORIENTED_EDGE('',*,*,#722,.T.);
#324=ORIENTED_EDGE('',*,*,#723,.F.);
#325=ORIENTED_EDGE('',*,*,#724,.F.);
#326=ORIENTED_EDGE('',*,*,#725,.F.);
#327=ORIENTED_EDGE('',*,*,#724,.T.);
#328=ORIENTED_EDGE('',*,*,#713,.F.);
#329=ORIENTED_EDGE('',*,*,#726,.F.);
#330=ORIENTED_EDGE('',*,*,#721,.T.);
#331=ORIENTED_EDGE('',*,*,#727,.T.);
#332=ORIENTED_EDGE('',*,*,#728,.T.);
#333=ORIENTED_EDGE('',*,*,#729,.T.);
#334=ORIENTED_EDGE('',*,*,#730,.T.);
#335=ORIENTED_EDGE('',*,*,#731,.F.);
#336=ORIENTED_EDGE('',*,*,#732,.F.);
#337=ORIENTED_EDGE('',*,*,#733,.T.);
#338=ORIENTED_EDGE('',*,*,#734,.T.);
#339=ORIENTED_EDGE('',*,*,#735,.F.);
#340=ORIENTED_EDGE('',*,*,#736,.F.);
#341=ORIENTED_EDGE('',*,*,#737,.T.);
#342=ORIENTED_EDGE('',*,*,#738,.T.);
#343=ORIENTED_EDGE('',*,*,#739,.F.);
#344=ORIENTED_EDGE('',*,*,#740,.F.);
#345=ORIENTED_EDGE('',*,*,#741,.T.);
#346=ORIENTED_EDGE('',*,*,#742,.T.);
#347=ORIENTED_EDGE('',*,*,#743,.F.);
#348=ORIENTED_EDGE('',*,*,#744,.F.);
#349=ORIENTED_EDGE('',*,*,#745,.T.);
#350=ORIENTED_EDGE('',*,*,#746,.T.);
#351=ORIENTED_EDGE('',*,*,#747,.F.);
#352=ORIENTED_EDGE('',*,*,#748,.F.);
#353=ORIENTED_EDGE('',*,*,#749,.T.);
#354=ORIENTED_EDGE('',*,*,#750,.T.);
#355=ORIENTED_EDGE('',*,*,#751,.F.);
#356=ORIENTED_EDGE('',*,*,#752,.F.);
#357=ORIENTED_EDGE('',*,*,#753,.T.);
#358=ORIENTED_EDGE('',*,*,#754,.T.);
#359=ORIENTED_EDGE('',*,*,#755,.F.);
#360=ORIENTED_EDGE('',*,*,#756,.F.);
#361=ORIENTED_EDGE('',*,*,#757,.T.);
#362=ORIENTED_EDGE('',*,*,#758,.F.);
#363=ORIENTED_EDGE('',*,*,#759,.F.);
#364=ORIENTED_EDGE('',*,*,#760,.T.);
#365=ORIENTED_EDGE('',*,*,#729,.F.);
#366=ORIENTED_EDGE('',*,*,#761,.T.);
#367=ORIENTED_EDGE('',*,*,#762,.F.);
#368=ORIENTED_EDGE('',*,*,#755,.T.);
#369=ORIENTED_EDGE('',*,*,#763,.T.);
#370=ORIENTED_EDGE('',*,*,#764,.F.);
#371=ORIENTED_EDGE('',*,*,#765,.F.);
#372=ORIENTED_EDGE('',*,*,#766,.F.);
#373=ORIENTED_EDGE('',*,*,#767,.T.);
#374=ORIENTED_EDGE('',*,*,#768,.T.);
#375=ORIENTED_EDGE('',*,*,#769,.T.);
#376=ORIENTED_EDGE('',*,*,#770,.T.);
#377=ORIENTED_EDGE('',*,*,#771,.T.);
#378=ORIENTED_EDGE('',*,*,#772,.F.);
#379=ORIENTED_EDGE('',*,*,#773,.F.);
#380=ORIENTED_EDGE('',*,*,#774,.T.);
#381=ORIENTED_EDGE('',*,*,#775,.F.);
#382=ORIENTED_EDGE('',*,*,#776,.F.);
#383=ORIENTED_EDGE('',*,*,#777,.F.);
#384=ORIENTED_EDGE('',*,*,#778,.T.);
#385=ORIENTED_EDGE('',*,*,#779,.F.);
#386=ORIENTED_EDGE('',*,*,#770,.F.);
#387=ORIENTED_EDGE('',*,*,#780,.T.);
#388=ORIENTED_EDGE('',*,*,#781,.F.);
#389=ORIENTED_EDGE('',*,*,#782,.F.);
#390=ORIENTED_EDGE('',*,*,#783,.F.);
#391=ORIENTED_EDGE('',*,*,#784,.T.);
#392=ORIENTED_EDGE('',*,*,#768,.F.);
#393=ORIENTED_EDGE('',*,*,#785,.F.);
#394=ORIENTED_EDGE('',*,*,#786,.F.);
#395=ORIENTED_EDGE('',*,*,#787,.F.);
#396=ORIENTED_EDGE('',*,*,#788,.T.);
#397=ORIENTED_EDGE('',*,*,#789,.T.);
#398=ORIENTED_EDGE('',*,*,#759,.T.);
#399=ORIENTED_EDGE('',*,*,#790,.F.);
#400=ORIENTED_EDGE('',*,*,#791,.F.);
#401=ORIENTED_EDGE('',*,*,#792,.T.);
#402=ORIENTED_EDGE('',*,*,#771,.F.);
#403=ORIENTED_EDGE('',*,*,#779,.T.);
#404=ORIENTED_EDGE('',*,*,#793,.F.);
#405=ORIENTED_EDGE('',*,*,#794,.T.);
#406=ORIENTED_EDGE('',*,*,#791,.T.);
#407=ORIENTED_EDGE('',*,*,#795,.T.);
#408=ORIENTED_EDGE('',*,*,#796,.T.);
#409=ORIENTED_EDGE('',*,*,#767,.F.);
#410=ORIENTED_EDGE('',*,*,#797,.T.);
#411=ORIENTED_EDGE('',*,*,#793,.T.);
#412=ORIENTED_EDGE('',*,*,#785,.T.);
#413=ORIENTED_EDGE('',*,*,#783,.T.);
#414=ORIENTED_EDGE('',*,*,#798,.T.);
#415=ORIENTED_EDGE('',*,*,#781,.T.);
#416=ORIENTED_EDGE('',*,*,#799,.T.);
#417=ORIENTED_EDGE('',*,*,#757,.F.);
#418=ORIENTED_EDGE('',*,*,#800,.F.);
#419=ORIENTED_EDGE('',*,*,#761,.F.);
#420=ORIENTED_EDGE('',*,*,#728,.F.);
#421=ORIENTED_EDGE('',*,*,#730,.F.);
#422=ORIENTED_EDGE('',*,*,#760,.F.);
#423=ORIENTED_EDGE('',*,*,#801,.F.);
#424=ORIENTED_EDGE('',*,*,#802,.F.);
#425=ORIENTED_EDGE('',*,*,#774,.F.);
#426=ORIENTED_EDGE('',*,*,#803,.F.);
#427=ORIENTED_EDGE('',*,*,#775,.T.);
#428=ORIENTED_EDGE('',*,*,#802,.T.);
#429=ORIENTED_EDGE('',*,*,#801,.T.);
#430=ORIENTED_EDGE('',*,*,#765,.T.);
#431=ORIENTED_EDGE('',*,*,#804,.T.);
#432=ORIENTED_EDGE('',*,*,#805,.T.);
#433=ORIENTED_EDGE('',*,*,#753,.F.);
#434=ORIENTED_EDGE('',*,*,#806,.F.);
#435=ORIENTED_EDGE('',*,*,#788,.F.);
#436=ORIENTED_EDGE('',*,*,#807,.T.);
#437=ORIENTED_EDGE('',*,*,#776,.T.);
#438=ORIENTED_EDGE('',*,*,#805,.F.);
#439=ORIENTED_EDGE('',*,*,#804,.F.);
#440=ORIENTED_EDGE('',*,*,#764,.T.);
#441=ORIENTED_EDGE('',*,*,#808,.T.);
#442=ORIENTED_EDGE('',*,*,#809,.T.);
#443=ORIENTED_EDGE('',*,*,#810,.F.);
#444=ORIENTED_EDGE('',*,*,#750,.F.);
#445=ORIENTED_EDGE('',*,*,#749,.F.);
#446=ORIENTED_EDGE('',*,*,#811,.F.);
#447=ORIENTED_EDGE('',*,*,#751,.T.);
#448=ORIENTED_EDGE('',*,*,#810,.T.);
#449=ORIENTED_EDGE('',*,*,#812,.F.);
#450=ORIENTED_EDGE('',*,*,#746,.F.);
#451=ORIENTED_EDGE('',*,*,#745,.F.);
#452=ORIENTED_EDGE('',*,*,#813,.F.);
#453=ORIENTED_EDGE('',*,*,#747,.T.);
#454=ORIENTED_EDGE('',*,*,#812,.T.);
#455=ORIENTED_EDGE('',*,*,#814,.F.);
#456=ORIENTED_EDGE('',*,*,#742,.F.);
#457=ORIENTED_EDGE('',*,*,#741,.F.);
#458=ORIENTED_EDGE('',*,*,#815,.F.);
#459=ORIENTED_EDGE('',*,*,#743,.T.);
#460=ORIENTED_EDGE('',*,*,#814,.T.);
#461=ORIENTED_EDGE('',*,*,#816,.F.);
#462=ORIENTED_EDGE('',*,*,#738,.F.);
#463=ORIENTED_EDGE('',*,*,#737,.F.);
#464=ORIENTED_EDGE('',*,*,#817,.F.);
#465=ORIENTED_EDGE('',*,*,#739,.T.);
#466=ORIENTED_EDGE('',*,*,#816,.T.);
#467=ORIENTED_EDGE('',*,*,#818,.F.);
#468=ORIENTED_EDGE('',*,*,#734,.F.);
#469=ORIENTED_EDGE('',*,*,#733,.F.);
#470=ORIENTED_EDGE('',*,*,#819,.F.);
#471=ORIENTED_EDGE('',*,*,#735,.T.);
#472=ORIENTED_EDGE('',*,*,#818,.T.);
#473=ORIENTED_EDGE('',*,*,#799,.F.);
#474=ORIENTED_EDGE('',*,*,#780,.F.);
#475=ORIENTED_EDGE('',*,*,#769,.F.);
#476=ORIENTED_EDGE('',*,*,#784,.F.);
#477=ORIENTED_EDGE('',*,*,#811,.T.);
#478=ORIENTED_EDGE('',*,*,#748,.T.);
#479=ORIENTED_EDGE('',*,*,#813,.T.);
#480=ORIENTED_EDGE('',*,*,#744,.T.);
#481=ORIENTED_EDGE('',*,*,#815,.T.);
#482=ORIENTED_EDGE('',*,*,#740,.T.);
#483=ORIENTED_EDGE('',*,*,#817,.T.);
#484=ORIENTED_EDGE('',*,*,#736,.T.);
#485=ORIENTED_EDGE('',*,*,#819,.T.);
#486=ORIENTED_EDGE('',*,*,#732,.T.);
#487=ORIENTED_EDGE('',*,*,#763,.F.);
#488=ORIENTED_EDGE('',*,*,#754,.F.);
#489=ORIENTED_EDGE('',*,*,#807,.F.);
#490=ORIENTED_EDGE('',*,*,#787,.T.);
#491=ORIENTED_EDGE('',*,*,#820,.T.);
#492=ORIENTED_EDGE('',*,*,#821,.T.);
#493=ORIENTED_EDGE('',*,*,#777,.T.);
#494=ORIENTED_EDGE('',*,*,#809,.F.);
#495=ORIENTED_EDGE('',*,*,#808,.F.);
#496=ORIENTED_EDGE('',*,*,#795,.F.);
#497=ORIENTED_EDGE('',*,*,#778,.F.);
#498=ORIENTED_EDGE('',*,*,#821,.F.);
#499=ORIENTED_EDGE('',*,*,#820,.F.);
#500=ORIENTED_EDGE('',*,*,#786,.T.);
#501=ORIENTED_EDGE('',*,*,#796,.F.);
#502=ORIENTED_EDGE('',*,*,#762,.T.);
#503=ORIENTED_EDGE('',*,*,#800,.T.);
#504=ORIENTED_EDGE('',*,*,#756,.T.);
#505=ORIENTED_EDGE('',*,*,#789,.F.);
#506=ORIENTED_EDGE('',*,*,#806,.T.);
#507=ORIENTED_EDGE('',*,*,#752,.T.);
#508=ORIENTED_EDGE('',*,*,#727,.F.);
#509=ORIENTED_EDGE('',*,*,#725,.T.);
#510=ORIENTED_EDGE('',*,*,#822,.T.);
#511=ORIENTED_EDGE('',*,*,#719,.F.);
#512=ORIENTED_EDGE('',*,*,#823,.T.);
#513=ORIENTED_EDGE('',*,*,#824,.T.);
#514=ORIENTED_EDGE('',*,*,#731,.T.);
#515=ORIENTED_EDGE('',*,*,#803,.T.);
#516=ORIENTED_EDGE('',*,*,#773,.T.);
#517=ORIENTED_EDGE('',*,*,#825,.T.);
#518=ORIENTED_EDGE('',*,*,#790,.T.);
#519=ORIENTED_EDGE('',*,*,#758,.T.);
#520=ORIENTED_EDGE('',*,*,#825,.F.);
#521=ORIENTED_EDGE('',*,*,#772,.T.);
#522=ORIENTED_EDGE('',*,*,#798,.F.);
#523=ORIENTED_EDGE('',*,*,#782,.T.);
#524=ORIENTED_EDGE('',*,*,#797,.F.);
#525=ORIENTED_EDGE('',*,*,#766,.T.);
#526=ORIENTED_EDGE('',*,*,#792,.F.);
#527=ORIENTED_EDGE('',*,*,#794,.F.);
#528=ORIENTED_EDGE('',*,*,#826,.T.);
#529=ORIENTED_EDGE('',*,*,#711,.F.);
#530=ORIENTED_EDGE('',*,*,#697,.F.);
#531=ORIENTED_EDGE('',*,*,#709,.F.);
#532=ORIENTED_EDGE('',*,*,#693,.F.);
#533=ORIENTED_EDGE('',*,*,#707,.F.);
#534=ORIENTED_EDGE('',*,*,#689,.F.);
#535=ORIENTED_EDGE('',*,*,#705,.F.);
#536=ORIENTED_EDGE('',*,*,#685,.F.);
#537=ORIENTED_EDGE('',*,*,#703,.F.);
#538=ORIENTED_EDGE('',*,*,#681,.F.);
#539=ORIENTED_EDGE('',*,*,#827,.F.);
#540=ORIENTED_EDGE('',*,*,#828,.F.);
#541=ORIENTED_EDGE('',*,*,#667,.T.);
#542=ORIENTED_EDGE('',*,*,#644,.T.);
#543=ORIENTED_EDGE('',*,*,#669,.T.);
#544=ORIENTED_EDGE('',*,*,#648,.T.);
#545=ORIENTED_EDGE('',*,*,#671,.T.);
#546=ORIENTED_EDGE('',*,*,#652,.T.);
#547=ORIENTED_EDGE('',*,*,#673,.T.);
#548=ORIENTED_EDGE('',*,*,#656,.T.);
#549=ORIENTED_EDGE('',*,*,#675,.T.);
#550=ORIENTED_EDGE('',*,*,#660,.T.);
#551=ORIENTED_EDGE('',*,*,#677,.T.);
#552=ORIENTED_EDGE('',*,*,#722,.F.);
#553=ORIENTED_EDGE('',*,*,#824,.F.);
#554=ORIENTED_EDGE('',*,*,#829,.F.);
#555=ORIENTED_EDGE('',*,*,#717,.F.);
#556=ORIENTED_EDGE('',*,*,#714,.F.);
#557=ORIENTED_EDGE('',*,*,#723,.T.);
#558=ORIENTED_EDGE('',*,*,#716,.T.);
#559=ORIENTED_EDGE('',*,*,#830,.F.);
#560=ORIENTED_EDGE('',*,*,#822,.F.);
#561=ORIENTED_EDGE('',*,*,#726,.T.);
#562=ORIENTED_EDGE('',*,*,#720,.F.);
#563=ORIENTED_EDGE('',*,*,#823,.F.);
#564=ORIENTED_EDGE('',*,*,#718,.F.);
#565=ORIENTED_EDGE('',*,*,#829,.T.);
#566=ORIENTED_EDGE('',*,*,#712,.F.);
#567=ORIENTED_EDGE('',*,*,#826,.F.);
#568=ORIENTED_EDGE('',*,*,#678,.T.);
#569=ORIENTED_EDGE('',*,*,#831,.F.);
#570=ORIENTED_EDGE('',*,*,#701,.F.);
#571=ORIENTED_EDGE('',*,*,#715,.T.);
#572=ORIENTED_EDGE('',*,*,#830,.T.);
#573=ORIENTED_EDGE('',*,*,#831,.T.);
#574=ORIENTED_EDGE('',*,*,#662,.F.);
#575=ORIENTED_EDGE('',*,*,#676,.F.);
#576=ORIENTED_EDGE('',*,*,#658,.F.);
#577=ORIENTED_EDGE('',*,*,#674,.F.);
#578=ORIENTED_EDGE('',*,*,#654,.F.);
#579=ORIENTED_EDGE('',*,*,#672,.F.);
#580=ORIENTED_EDGE('',*,*,#650,.F.);
#581=ORIENTED_EDGE('',*,*,#670,.F.);
#582=ORIENTED_EDGE('',*,*,#646,.F.);
#583=ORIENTED_EDGE('',*,*,#668,.F.);
#584=ORIENTED_EDGE('',*,*,#642,.F.);
#585=ORIENTED_EDGE('',*,*,#666,.F.);
#586=ORIENTED_EDGE('',*,*,#832,.F.);
#587=ORIENTED_EDGE('',*,*,#833,.T.);
#588=ORIENTED_EDGE('',*,*,#679,.T.);
#589=ORIENTED_EDGE('',*,*,#702,.T.);
#590=ORIENTED_EDGE('',*,*,#683,.T.);
#591=ORIENTED_EDGE('',*,*,#704,.T.);
#592=ORIENTED_EDGE('',*,*,#687,.T.);
#593=ORIENTED_EDGE('',*,*,#706,.T.);
#594=ORIENTED_EDGE('',*,*,#691,.T.);
#595=ORIENTED_EDGE('',*,*,#708,.T.);
#596=ORIENTED_EDGE('',*,*,#695,.T.);
#597=ORIENTED_EDGE('',*,*,#710,.T.);
#598=ORIENTED_EDGE('',*,*,#699,.T.);
#599=ORIENTED_EDGE('',*,*,#680,.F.);
#600=ORIENTED_EDGE('',*,*,#833,.F.);
#601=ORIENTED_EDGE('',*,*,#834,.F.);
#602=ORIENTED_EDGE('',*,*,#827,.T.);
#603=ORIENTED_EDGE('',*,*,#664,.T.);
#604=ORIENTED_EDGE('',*,*,#640,.T.);
#605=ORIENTED_EDGE('',*,*,#828,.T.);
#606=ORIENTED_EDGE('',*,*,#835,.T.);
#607=ORIENTED_EDGE('',*,*,#836,.T.);
#608=ORIENTED_EDGE('',*,*,#837,.T.);
#609=ORIENTED_EDGE('',*,*,#665,.F.);
#610=ORIENTED_EDGE('',*,*,#835,.F.);
#611=ORIENTED_EDGE('',*,*,#834,.T.);
#612=ORIENTED_EDGE('',*,*,#638,.T.);
#613=ORIENTED_EDGE('',*,*,#838,.T.);
#614=ORIENTED_EDGE('',*,*,#839,.T.);
#615=ORIENTED_EDGE('',*,*,#836,.F.);
#616=ORIENTED_EDGE('',*,*,#832,.T.);
#617=ORIENTED_EDGE('',*,*,#637,.F.);
#618=ORIENTED_EDGE('',*,*,#840,.F.);
#619=ORIENTED_EDGE('',*,*,#838,.F.);
#620=ORIENTED_EDGE('',*,*,#632,.F.);
#621=ORIENTED_EDGE('',*,*,#841,.F.);
#622=ORIENTED_EDGE('',*,*,#839,.F.);
#623=ORIENTED_EDGE('',*,*,#840,.T.);
#624=ORIENTED_EDGE('',*,*,#636,.T.);
#625=ORIENTED_EDGE('',*,*,#837,.F.);
#626=ORIENTED_EDGE('',*,*,#634,.T.);
#627=ORIENTED_EDGE('',*,*,#842,.T.);
#628=ORIENTED_EDGE('',*,*,#633,.F.);
#629=ORIENTED_EDGE('',*,*,#841,.T.);
#630=ORIENTED_EDGE('',*,*,#635,.T.);
#631=ORIENTED_EDGE('',*,*,#842,.F.);
#632=EDGE_CURVE('',#843,#844,#981,.T.);
#633=EDGE_CURVE('',#844,#845,#119,.T.);
#634=EDGE_CURVE('',#846,#845,#982,.T.);
#635=EDGE_CURVE('',#843,#846,#120,.T.);
#636=EDGE_CURVE('',#847,#848,#983,.T.);
#637=EDGE_CURVE('',#847,#849,#121,.T.);
#638=EDGE_CURVE('',#850,#849,#94,.T.);
#639=EDGE_CURVE('',#848,#850,#122,.T.);
#640=EDGE_CURVE('',#851,#852,#95,.T.);
#641=EDGE_CURVE('',#851,#853,#123,.T.);
#642=EDGE_CURVE('',#853,#854,#124,.T.);
#643=EDGE_CURVE('',#852,#854,#125,.T.);
#644=EDGE_CURVE('',#855,#856,#126,.T.);
#645=EDGE_CURVE('',#855,#857,#127,.T.);
#646=EDGE_CURVE('',#857,#858,#128,.T.);
#647=EDGE_CURVE('',#856,#858,#129,.T.);
#648=EDGE_CURVE('',#859,#860,#130,.T.);
#649=EDGE_CURVE('',#859,#861,#131,.T.);
#650=EDGE_CURVE('',#861,#862,#132,.T.);
#651=EDGE_CURVE('',#860,#862,#133,.T.);
#652=EDGE_CURVE('',#863,#864,#134,.T.);
#653=EDGE_CURVE('',#863,#865,#135,.T.);
#654=EDGE_CURVE('',#865,#866,#136,.T.);
#655=EDGE_CURVE('',#864,#866,#137,.T.);
#656=EDGE_CURVE('',#867,#868,#138,.T.);
#657=EDGE_CURVE('',#867,#869,#139,.T.);
#658=EDGE_CURVE('',#869,#870,#140,.T.);
#659=EDGE_CURVE('',#868,#870,#141,.T.);
#660=EDGE_CURVE('',#871,#872,#142,.T.);
#661=EDGE_CURVE('',#871,#873,#143,.T.);
#662=EDGE_CURVE('',#873,#874,#144,.T.);
#663=EDGE_CURVE('',#872,#874,#145,.T.);
#664=EDGE_CURVE('',#875,#851,#96,.T.);
#665=EDGE_CURVE('',#875,#848,#97,.T.);
#666=EDGE_CURVE('',#850,#853,#146,.T.);
#667=EDGE_CURVE('',#852,#855,#147,.T.);
#668=EDGE_CURVE('',#854,#857,#148,.T.);
#669=EDGE_CURVE('',#856,#859,#149,.T.);
#670=EDGE_CURVE('',#858,#861,#150,.T.);
#671=EDGE_CURVE('',#860,#863,#151,.T.);
#672=EDGE_CURVE('',#862,#865,#152,.T.);
#673=EDGE_CURVE('',#864,#867,#153,.T.);
#674=EDGE_CURVE('',#866,#869,#154,.T.);
#675=EDGE_CURVE('',#868,#871,#155,.T.);
#676=EDGE_CURVE('',#870,#873,#156,.T.);
#677=EDGE_CURVE('',#872,#876,#157,.T.);
#678=EDGE_CURVE('',#876,#874,#984,.T.);
#679=EDGE_CURVE('',#877,#878,#158,.T.);
#680=EDGE_CURVE('',#877,#879,#159,.T.);
#681=EDGE_CURVE('',#879,#880,#160,.T.);
#682=EDGE_CURVE('',#878,#880,#161,.T.);
#683=EDGE_CURVE('',#881,#882,#162,.T.);
#684=EDGE_CURVE('',#881,#883,#163,.T.);
#685=EDGE_CURVE('',#883,#884,#164,.T.);
#686=EDGE_CURVE('',#882,#884,#165,.T.);
#687=EDGE_CURVE('',#885,#886,#166,.T.);
#688=EDGE_CURVE('',#885,#887,#167,.T.);
#689=EDGE_CURVE('',#887,#888,#168,.T.);
#690=EDGE_CURVE('',#886,#888,#169,.T.);
#691=EDGE_CURVE('',#889,#890,#170,.T.);
#692=EDGE_CURVE('',#889,#891,#171,.T.);
#693=EDGE_CURVE('',#891,#892,#172,.T.);
#694=EDGE_CURVE('',#890,#892,#173,.T.);
#695=EDGE_CURVE('',#893,#894,#174,.T.);
#696=EDGE_CURVE('',#893,#895,#175,.T.);
#697=EDGE_CURVE('',#895,#896,#176,.T.);
#698=EDGE_CURVE('',#894,#896,#177,.T.);
#699=EDGE_CURVE('',#897,#898,#178,.T.);
#700=EDGE_CURVE('',#897,#899,#179,.T.);
#701=EDGE_CURVE('',#899,#898,#985,.T.);
#702=EDGE_CURVE('',#878,#881,#180,.T.);
#703=EDGE_CURVE('',#880,#883,#181,.T.);
#704=EDGE_CURVE('',#882,#885,#182,.T.);
#705=EDGE_CURVE('',#884,#887,#183,.T.);
#706=EDGE_CURVE('',#886,#889,#184,.T.);
#707=EDGE_CURVE('',#888,#891,#185,.T.);
#708=EDGE_CURVE('',#890,#893,#186,.T.);
#709=EDGE_CURVE('',#892,#895,#187,.T.);
#710=EDGE_CURVE('',#894,#897,#188,.T.);
#711=EDGE_CURVE('',#896,#900,#189,.T.);
#712=EDGE_CURVE('',#900,#899,#986,.T.);
#713=EDGE_CURVE('',#901,#902,#987,.T.);
#714=EDGE_CURVE('',#902,#903,#190,.T.);
#715=EDGE_CURVE('',#904,#903,#988,.T.);
#716=EDGE_CURVE('',#905,#904,#191,.T.);
#717=EDGE_CURVE('',#905,#906,#989,.T.);
#718=EDGE_CURVE('',#906,#907,#34,.F.);
#719=EDGE_CURVE('',#907,#908,#990,.F.);
#720=EDGE_CURVE('',#908,#901,#35,.T.);
#721=EDGE_CURVE('',#909,#910,#991,.T.);
#722=EDGE_CURVE('',#909,#905,#192,.T.);
#723=EDGE_CURVE('',#902,#905,#992,.T.);
#724=EDGE_CURVE('',#910,#902,#193,.T.);
#725=EDGE_CURVE('',#910,#911,#993,.T.);
#726=EDGE_CURVE('',#911,#901,#98,.T.);
#727=EDGE_CURVE('',#910,#912,#194,.T.);
#728=EDGE_CURVE('',#912,#913,#994,.T.);
#729=EDGE_CURVE('',#913,#914,#99,.F.);
#730=EDGE_CURVE('',#914,#915,#995,.T.);
#731=EDGE_CURVE('',#909,#915,#195,.T.);
#732=EDGE_CURVE('',#916,#917,#996,.T.);
#733=EDGE_CURVE('',#916,#918,#196,.T.);
#734=EDGE_CURVE('',#918,#919,#997,.T.);
#735=EDGE_CURVE('',#917,#919,#197,.T.);
#736=EDGE_CURVE('',#920,#921,#998,.T.);
#737=EDGE_CURVE('',#920,#922,#198,.T.);
#738=EDGE_CURVE('',#922,#923,#999,.T.);
#739=EDGE_CURVE('',#921,#923,#199,.T.);
#740=EDGE_CURVE('',#924,#925,#1000,.T.);
#741=EDGE_CURVE('',#924,#926,#200,.T.);
#742=EDGE_CURVE('',#926,#927,#1001,.T.);
#743=EDGE_CURVE('',#925,#927,#201,.T.);
#744=EDGE_CURVE('',#928,#929,#1002,.T.);
#745=EDGE_CURVE('',#928,#930,#202,.T.);
#746=EDGE_CURVE('',#930,#931,#1003,.T.);
#747=EDGE_CURVE('',#929,#931,#203,.T.);
#748=EDGE_CURVE('',#932,#933,#1004,.T.);
#749=EDGE_CURVE('',#932,#934,#204,.T.);
#750=EDGE_CURVE('',#934,#935,#1005,.T.);
#751=EDGE_CURVE('',#933,#935,#205,.T.);
#752=EDGE_CURVE('',#936,#937,#1006,.T.);
#753=EDGE_CURVE('',#936,#938,#206,.T.);
#754=EDGE_CURVE('',#938,#939,#1007,.T.);
#755=EDGE_CURVE('',#937,#939,#36,.T.);
#756=EDGE_CURVE('',#940,#941,#1008,.F.);
#757=EDGE_CURVE('',#940,#912,#207,.T.);
#758=EDGE_CURVE('',#942,#912,#1009,.T.);
#759=EDGE_CURVE('',#941,#942,#100,.T.);
#760=EDGE_CURVE('',#943,#914,#101,.F.);
#761=EDGE_CURVE('',#913,#944,#102,.T.);
#762=EDGE_CURVE('',#937,#944,#37,.T.);
#763=EDGE_CURVE('',#939,#945,#38,.T.);
#764=EDGE_CURVE('',#946,#945,#39,.T.);
#765=EDGE_CURVE('',#943,#946,#40,.T.);
#766=EDGE_CURVE('',#947,#948,#1010,.F.);
#767=EDGE_CURVE('',#947,#949,#103,.T.);
#768=EDGE_CURVE('',#949,#950,#41,.F.);
#769=EDGE_CURVE('',#950,#951,#1011,.T.);
#770=EDGE_CURVE('',#951,#952,#42,.T.);
#771=EDGE_CURVE('',#952,#948,#104,.F.);
#772=EDGE_CURVE('',#953,#954,#43,.T.);
#773=EDGE_CURVE('',#955,#953,#105,.T.);
#774=EDGE_CURVE('',#955,#956,#106,.T.);
#775=EDGE_CURVE('',#957,#956,#44,.T.);
#776=EDGE_CURVE('',#958,#957,#45,.F.);
#777=EDGE_CURVE('',#959,#958,#46,.T.);
#778=EDGE_CURVE('',#959,#960,#47,.T.);
#779=EDGE_CURVE('',#952,#960,#48,.T.);
#780=EDGE_CURVE('',#951,#961,#49,.T.);
#781=EDGE_CURVE('',#954,#961,#50,.F.);
#782=EDGE_CURVE('',#962,#963,#51,.T.);
#783=EDGE_CURVE('',#964,#962,#52,.T.);
#784=EDGE_CURVE('',#964,#950,#53,.T.);
#785=EDGE_CURVE('',#965,#949,#54,.T.);
#786=EDGE_CURVE('',#966,#965,#55,.T.);
#787=EDGE_CURVE('',#967,#966,#56,.T.);
#788=EDGE_CURVE('',#967,#968,#57,.F.);
#789=EDGE_CURVE('',#968,#941,#58,.T.);
#790=EDGE_CURVE('',#963,#942,#107,.T.);
#791=EDGE_CURVE('',#969,#960,#108,.T.);
#792=EDGE_CURVE('',#969,#948,#59,.F.);
#793=EDGE_CURVE('',#970,#965,#1012,.T.);
#794=EDGE_CURVE('',#970,#969,#1013,.F.);
#795=EDGE_CURVE('',#960,#971,#1014,.T.);
#796=EDGE_CURVE('',#971,#965,#1015,.T.);
#797=EDGE_CURVE('',#947,#970,#60,.F.);
#798=EDGE_CURVE('',#962,#954,#1016,.F.);
#799=EDGE_CURVE('',#961,#964,#1017,.T.);
#800=EDGE_CURVE('',#944,#940,#1018,.F.);
#801=EDGE_CURVE('',#972,#943,#1019,.F.);
#802=EDGE_CURVE('',#956,#972,#1020,.F.);
#803=EDGE_CURVE('',#915,#955,#1021,.T.);
#804=EDGE_CURVE('',#946,#973,#1022,.T.);
#805=EDGE_CURVE('',#973,#957,#1023,.T.);
#806=EDGE_CURVE('',#968,#936,#1024,.T.);
#807=EDGE_CURVE('',#967,#938,#1025,.T.);
#808=EDGE_CURVE('',#945,#974,#1026,.T.);
#809=EDGE_CURVE('',#974,#958,#1027,.T.);
#810=EDGE_CURVE('',#935,#934,#1028,.T.);
#811=EDGE_CURVE('',#933,#932,#1029,.T.);
#812=EDGE_CURVE('',#931,#930,#1030,.T.);
#813=EDGE_CURVE('',#929,#928,#1031,.T.);
#814=EDGE_CURVE('',#927,#926,#1032,.T.);
#815=EDGE_CURVE('',#925,#924,#1033,.T.);
#816=EDGE_CURVE('',#923,#922,#1034,.T.);
#817=EDGE_CURVE('',#921,#920,#1035,.T.);
#818=EDGE_CURVE('',#919,#918,#1036,.T.);
#819=EDGE_CURVE('',#917,#916,#1037,.T.);
#820=EDGE_CURVE('',#966,#975,#1038,.T.);
#821=EDGE_CURVE('',#975,#959,#1039,.T.);
#822=EDGE_CURVE('',#911,#908,#109,.T.);
#823=EDGE_CURVE('',#907,#976,#110,.T.);
#824=EDGE_CURVE('',#976,#909,#1040,.T.);
#825=EDGE_CURVE('',#953,#963,#1041,.T.);
#826=EDGE_CURVE('',#876,#900,#111,.F.);
#827=EDGE_CURVE('',#977,#879,#208,.T.);
#828=EDGE_CURVE('',#852,#977,#61,.F.);
#829=EDGE_CURVE('',#906,#976,#112,.T.);
#830=EDGE_CURVE('',#903,#904,#1042,.T.);
#831=EDGE_CURVE('',#898,#874,#113,.T.);
#832=EDGE_CURVE('',#978,#850,#62,.F.);
#833=EDGE_CURVE('',#978,#877,#209,.T.);
#834=EDGE_CURVE('',#977,#978,#63,.F.);
#835=EDGE_CURVE('',#977,#875,#114,.T.);
#836=EDGE_CURVE('',#978,#979,#115,.T.);
#837=EDGE_CURVE('',#979,#848,#116,.T.);
#838=EDGE_CURVE('',#849,#980,#117,.T.);
#839=EDGE_CURVE('',#980,#979,#118,.T.);
#840=EDGE_CURVE('',#980,#847,#1043,.T.);
#841=EDGE_CURVE('',#844,#843,#1044,.T.);
#842=EDGE_CURVE('',#845,#846,#1045,.T.);
#843=VERTEX_POINT('',#1636);
#844=VERTEX_POINT('',#1637);
#845=VERTEX_POINT('',#1642);
#846=VERTEX_POINT('',#1644);
#847=VERTEX_POINT('',#1658);
#848=VERTEX_POINT('',#1659);
#849=VERTEX_POINT('',#1662);
#850=VERTEX_POINT('',#1671);
#851=VERTEX_POINT('',#1689);
#852=VERTEX_POINT('',#1690);
#853=VERTEX_POINT('',#1693);
#854=VERTEX_POINT('',#1779);
#855=VERTEX_POINT('',#1875);
#856=VERTEX_POINT('',#1876);
#857=VERTEX_POINT('',#1879);
#858=VERTEX_POINT('',#1965);
#859=VERTEX_POINT('',#2061);
#860=VERTEX_POINT('',#2062);
#861=VERTEX_POINT('',#2065);
#862=VERTEX_POINT('',#2151);
#863=VERTEX_POINT('',#2247);
#864=VERTEX_POINT('',#2248);
#865=VERTEX_POINT('',#2251);
#866=VERTEX_POINT('',#2337);
#867=VERTEX_POINT('',#2433);
#868=VERTEX_POINT('',#2434);
#869=VERTEX_POINT('',#2437);
#870=VERTEX_POINT('',#2523);
#871=VERTEX_POINT('',#2619);
#872=VERTEX_POINT('',#2620);
#873=VERTEX_POINT('',#2623);
#874=VERTEX_POINT('',#2709);
#875=VERTEX_POINT('',#2734);
#876=VERTEX_POINT('',#3839);
#877=VERTEX_POINT('',#3934);
#878=VERTEX_POINT('',#3935);
#879=VERTEX_POINT('',#3938);
#880=VERTEX_POINT('',#4024);
#881=VERTEX_POINT('',#4120);
#882=VERTEX_POINT('',#4121);
#883=VERTEX_POINT('',#4124);
#884=VERTEX_POINT('',#4210);
#885=VERTEX_POINT('',#4306);
#886=VERTEX_POINT('',#4307);
#887=VERTEX_POINT('',#4310);
#888=VERTEX_POINT('',#4396);
#889=VERTEX_POINT('',#4492);
#890=VERTEX_POINT('',#4493);
#891=VERTEX_POINT('',#4496);
#892=VERTEX_POINT('',#4582);
#893=VERTEX_POINT('',#4678);
#894=VERTEX_POINT('',#4679);
#895=VERTEX_POINT('',#4682);
#896=VERTEX_POINT('',#4768);
#897=VERTEX_POINT('',#4864);
#898=VERTEX_POINT('',#4865);
#899=VERTEX_POINT('',#4868);
#900=VERTEX_POINT('',#5760);
#901=VERTEX_POINT('',#5771);
#902=VERTEX_POINT('',#5772);
#903=VERTEX_POINT('',#5775);
#904=VERTEX_POINT('',#5777);
#905=VERTEX_POINT('',#5780);
#906=VERTEX_POINT('',#5782);
#907=VERTEX_POINT('',#5784);
#908=VERTEX_POINT('',#5786);
#909=VERTEX_POINT('',#5797);
#910=VERTEX_POINT('',#5798);
#911=VERTEX_POINT('',#5813);
#912=VERTEX_POINT('',#5838);
#913=VERTEX_POINT('',#5840);
#914=VERTEX_POINT('',#5846);
#915=VERTEX_POINT('',#5848);
#916=VERTEX_POINT('',#5862);
#917=VERTEX_POINT('',#5863);
#918=VERTEX_POINT('',#5866);
#919=VERTEX_POINT('',#5868);
#920=VERTEX_POINT('',#5880);
#921=VERTEX_POINT('',#5881);
#922=VERTEX_POINT('',#5884);
#923=VERTEX_POINT('',#5886);
#924=VERTEX_POINT('',#5898);
#925=VERTEX_POINT('',#5899);
#926=VERTEX_POINT('',#5902);
#927=VERTEX_POINT('',#5904);
#928=VERTEX_POINT('',#5916);
#929=VERTEX_POINT('',#5917);
#930=VERTEX_POINT('',#5920);
#931=VERTEX_POINT('',#5922);
#932=VERTEX_POINT('',#5934);
#933=VERTEX_POINT('',#5935);
#934=VERTEX_POINT('',#5938);
#935=VERTEX_POINT('',#5940);
#936=VERTEX_POINT('',#5952);
#937=VERTEX_POINT('',#5953);
#938=VERTEX_POINT('',#5956);
#939=VERTEX_POINT('',#5958);
#940=VERTEX_POINT('',#5969);
#941=VERTEX_POINT('',#5970);
#942=VERTEX_POINT('',#5974);
#943=VERTEX_POINT('',#5987);
#944=VERTEX_POINT('',#5992);
#945=VERTEX_POINT('',#5995);
#946=VERTEX_POINT('',#5997);
#947=VERTEX_POINT('',#6008);
#948=VERTEX_POINT('',#6009);
#949=VERTEX_POINT('',#6014);
#950=VERTEX_POINT('',#6016);
#951=VERTEX_POINT('',#6018);
#952=VERTEX_POINT('',#6020);
#953=VERTEX_POINT('',#6030);
#954=VERTEX_POINT('',#6031);
#955=VERTEX_POINT('',#6036);
#956=VERTEX_POINT('',#6041);
#957=VERTEX_POINT('',#6043);
#958=VERTEX_POINT('',#6045);
#959=VERTEX_POINT('',#6047);
#960=VERTEX_POINT('',#6049);
#961=VERTEX_POINT('',#6052);
#962=VERTEX_POINT('',#6059);
#963=VERTEX_POINT('',#6060);
#964=VERTEX_POINT('',#6062);
#965=VERTEX_POINT('',#6065);
#966=VERTEX_POINT('',#6067);
#967=VERTEX_POINT('',#6069);
#968=VERTEX_POINT('',#6071);
#969=VERTEX_POINT('',#6097);
#970=VERTEX_POINT('',#6128);
#971=VERTEX_POINT('',#6131);
#972=VERTEX_POINT('',#6176);
#973=VERTEX_POINT('',#6184);
#974=VERTEX_POINT('',#6211);
#975=VERTEX_POINT('',#6292);
#976=VERTEX_POINT('',#6348);
#977=VERTEX_POINT('',#6586);
#978=VERTEX_POINT('',#6776);
#979=VERTEX_POINT('',#7087);
#980=VERTEX_POINT('',#7147);
#981=CIRCLE('',#1379,0.00545460524662687);
#982=CIRCLE('',#1380,0.00841921400676225);
#983=CIRCLE('',#1381,0.006);
#984=CIRCLE('',#1382,0.006);
#985=CIRCLE('',#1383,0.007);
#986=CIRCLE('',#1384,0.007);
#987=CIRCLE('',#1385,0.00785);
#988=CIRCLE('',#1386,0.00785);
#989=CIRCLE('',#1387,0.00785);
#990=CIRCLE('',#1388,0.00785);
#991=CIRCLE('',#1389,0.00810423315195715);
#992=CIRCLE('',#1390,0.00785);
#993=CIRCLE('',#1391,0.00810423315195715);
#994=CIRCLE('',#1392,0.00933268577840236);
#995=CIRCLE('',#1393,0.00933268577840236);
#996=CIRCLE('',#1394,0.0008);
#997=CIRCLE('',#1395,0.0008);
#998=CIRCLE('',#1396,0.0008);
#999=CIRCLE('',#1397,0.0008);
#1000=CIRCLE('',#1398,0.0008);
#1001=CIRCLE('',#1399,0.0008);
#1002=CIRCLE('',#1400,0.0016);
#1003=CIRCLE('',#1401,0.0016);
#1004=CIRCLE('',#1402,0.0016);
#1005=CIRCLE('',#1403,0.0016);
#1006=CIRCLE('',#1404,0.0164648351928655);
#1007=CIRCLE('',#1405,0.0164648351928655);
#1008=CIRCLE('',#1406,0.00961326980708465);
#1009=CIRCLE('',#1407,0.00933268577840236);
#1010=CIRCLE('',#1408,0.00455);
#1011=CIRCLE('',#1409,0.00455);
#1012=CIRCLE('',#1410,0.000500024810249789);
#1013=CIRCLE('',#1411,0.00251010205144336);
#1014=CIRCLE('',#1412,0.0025);
#1015=CIRCLE('',#1413,0.0025);
#1016=CIRCLE('',#1414,0.00785);
#1017=CIRCLE('',#1415,0.00785);
#1018=CIRCLE('',#1416,0.00961326980708465);
#1019=CIRCLE('',#1417,0.00961326980708465);
#1020=CIRCLE('',#1418,0.00961326980708465);
#1021=CIRCLE('',#1419,0.00933268577840236);
#1022=CIRCLE('',#1420,0.0164648351928655);
#1023=CIRCLE('',#1421,0.0164648351928655);
#1024=CIRCLE('',#1422,0.0164648351928655);
#1025=CIRCLE('',#1423,0.0164648351928655);
#1026=CIRCLE('',#1424,0.0164648351928655);
#1027=CIRCLE('',#1425,0.0164648351928655);
#1028=CIRCLE('',#1426,0.0016);
#1029=CIRCLE('',#1427,0.0016);
#1030=CIRCLE('',#1428,0.0016);
#1031=CIRCLE('',#1429,0.0016);
#1032=CIRCLE('',#1430,0.0008);
#1033=CIRCLE('',#1431,0.0008);
#1034=CIRCLE('',#1432,0.0008);
#1035=CIRCLE('',#1433,0.0008);
#1036=CIRCLE('',#1434,0.0008);
#1037=CIRCLE('',#1435,0.0008);
#1038=CIRCLE('',#1436,0.0025);
#1039=CIRCLE('',#1437,0.0025);
#1040=CIRCLE('',#1438,0.00810423315195715);
#1041=CIRCLE('',#1439,0.009);
#1042=CIRCLE('',#1440,0.00785);
#1043=CIRCLE('',#1441,0.006);
#1044=CIRCLE('',#1442,0.00545460524662687);
#1045=CIRCLE('',#1443,0.00841921400676225);
#1046=EDGE_LOOP('',(#210,#211,#212,#213));
#1047=EDGE_LOOP('',(#214,#215,#216,#217));
#1048=EDGE_LOOP('',(#218,#219,#220,#221));
#1049=EDGE_LOOP('',(#222,#223,#224,#225));
#1050=EDGE_LOOP('',(#226,#227,#228,#229));
#1051=EDGE_LOOP('',(#230,#231,#232,#233));
#1052=EDGE_LOOP('',(#234,#235,#236,#237));
#1053=EDGE_LOOP('',(#238,#239,#240,#241));
#1054=EDGE_LOOP('',(#242,#243,#244,#245,#246));
#1055=EDGE_LOOP('',(#247,#248,#249,#250));
#1056=EDGE_LOOP('',(#251,#252,#253,#254));
#1057=EDGE_LOOP('',(#255,#256,#257,#258));
#1058=EDGE_LOOP('',(#259,#260,#261,#262));
#1059=EDGE_LOOP('',(#263,#264,#265,#266));
#1060=EDGE_LOOP('',(#267,#268,#269));
#1061=EDGE_LOOP('',(#270,#271,#272,#273));
#1062=EDGE_LOOP('',(#274,#275,#276,#277));
#1063=EDGE_LOOP('',(#278,#279,#280,#281));
#1064=EDGE_LOOP('',(#282,#283,#284,#285));
#1065=EDGE_LOOP('',(#286,#287,#288,#289));
#1066=EDGE_LOOP('',(#290,#291,#292));
#1067=EDGE_LOOP('',(#293,#294,#295,#296));
#1068=EDGE_LOOP('',(#297,#298,#299,#300));
#1069=EDGE_LOOP('',(#301,#302,#303,#304));
#1070=EDGE_LOOP('',(#305,#306,#307,#308));
#1071=EDGE_LOOP('',(#309,#310,#311,#312,#313));
#1072=EDGE_LOOP('',(#314,#315,#316,#317,#318,#319,#320,#321));
#1073=EDGE_LOOP('',(#322,#323,#324,#325));
#1074=EDGE_LOOP('',(#326,#327,#328,#329));
#1075=EDGE_LOOP('',(#330,#331,#332,#333,#334,#335));
#1076=EDGE_LOOP('',(#336,#337,#338,#339));
#1077=EDGE_LOOP('',(#340,#341,#342,#343));
#1078=EDGE_LOOP('',(#344,#345,#346,#347));
#1079=EDGE_LOOP('',(#348,#349,#350,#351));
#1080=EDGE_LOOP('',(#352,#353,#354,#355));
#1081=EDGE_LOOP('',(#356,#357,#358,#359));
#1082=EDGE_LOOP('',(#360,#361,#362,#363));
#1083=EDGE_LOOP('',(#364,#365,#366,#367,#368,#369,#370,#371));
#1084=EDGE_LOOP('',(#372,#373,#374,#375,#376,#377));
#1085=EDGE_LOOP('',(#378,#379,#380,#381,#382,#383,#384,#385,#386,#387,#388));
#1086=EDGE_LOOP('',(#389,#390,#391,#392,#393,#394,#395,#396,#397,#398,#399));
#1087=EDGE_LOOP('',(#400,#401,#402,#403));
#1088=EDGE_LOOP('',(#404,#405,#406,#407,#408));
#1089=EDGE_LOOP('',(#409,#410,#411,#412));
#1090=EDGE_LOOP('',(#413,#414,#415,#416));
#1091=EDGE_LOOP('',(#417,#418,#419,#420));
#1092=EDGE_LOOP('',(#421,#422,#423,#424,#425,#426));
#1093=EDGE_LOOP('',(#427,#428,#429,#430,#431,#432));
#1094=EDGE_LOOP('',(#433,#434,#435,#436));
#1095=EDGE_LOOP('',(#437,#438,#439,#440,#441,#442));
#1096=EDGE_LOOP('',(#443,#444));
#1097=EDGE_LOOP('',(#445,#446,#447,#448));
#1098=EDGE_LOOP('',(#449,#450));
#1099=EDGE_LOOP('',(#451,#452,#453,#454));
#1100=EDGE_LOOP('',(#455,#456));
#1101=EDGE_LOOP('',(#457,#458,#459,#460));
#1102=EDGE_LOOP('',(#461,#462));
#1103=EDGE_LOOP('',(#463,#464,#465,#466));
#1104=EDGE_LOOP('',(#467,#468));
#1105=EDGE_LOOP('',(#469,#470,#471,#472));
#1106=EDGE_LOOP('',(#473,#474,#475,#476));
#1107=EDGE_LOOP('',(#477,#478));
#1108=EDGE_LOOP('',(#479,#480));
#1109=EDGE_LOOP('',(#481,#482));
#1110=EDGE_LOOP('',(#483,#484));
#1111=EDGE_LOOP('',(#485,#486));
#1112=EDGE_LOOP('',(#487,#488,#489,#490,#491,#492,#493,#494,#495));
#1113=EDGE_LOOP('',(#496,#497,#498,#499,#500,#501));
#1114=EDGE_LOOP('',(#502,#503,#504,#505,#506,#507));
#1115=EDGE_LOOP('',(#508,#509,#510,#511,#512,#513,#514,#515,#516,#517,#518,
#519));
#1116=EDGE_LOOP('',(#520,#521,#522,#523));
#1117=EDGE_LOOP('',(#524,#525,#526,#527));
#1118=EDGE_LOOP('',(#528,#529,#530,#531,#532,#533,#534,#535,#536,#537,#538,
#539,#540,#541,#542,#543,#544,#545,#546,#547,#548,#549,#550,#551));
#1119=EDGE_LOOP('',(#552,#553,#554,#555));
#1120=EDGE_LOOP('',(#556,#557,#558,#559));
#1121=EDGE_LOOP('',(#560,#561,#562));
#1122=EDGE_LOOP('',(#563,#564,#565));
#1123=EDGE_LOOP('',(#566,#567,#568,#569,#570));
#1124=EDGE_LOOP('',(#571,#572));
#1125=EDGE_LOOP('',(#573,#574,#575,#576,#577,#578,#579,#580,#581,#582,#583,
#584,#585,#586,#587,#588,#589,#590,#591,#592,#593,#594,#595,#596,#597,#598));
#1126=EDGE_LOOP('',(#599,#600,#601,#602));
#1127=EDGE_LOOP('',(#603,#604,#605,#606));
#1128=EDGE_LOOP('',(#607,#608,#609,#610,#611));
#1129=EDGE_LOOP('',(#612,#613,#614,#615,#616));
#1130=EDGE_LOOP('',(#617,#618,#619));
#1131=EDGE_LOOP('',(#620,#621));
#1132=EDGE_LOOP('',(#622,#623,#624,#625));
#1133=EDGE_LOOP('',(#626,#627));
#1134=EDGE_LOOP('',(#628,#629,#630,#631));
#1135=FACE_BOUND('',#1046,.T.);
#1136=FACE_BOUND('',#1047,.T.);
#1137=FACE_BOUND('',#1048,.T.);
#1138=FACE_BOUND('',#1049,.T.);
#1139=FACE_BOUND('',#1050,.T.);
#1140=FACE_BOUND('',#1051,.T.);
#1141=FACE_BOUND('',#1052,.T.);
#1142=FACE_BOUND('',#1053,.T.);
#1143=FACE_BOUND('',#1054,.T.);
#1144=FACE_BOUND('',#1055,.T.);
#1145=FACE_BOUND('',#1056,.T.);
#1146=FACE_BOUND('',#1057,.T.);
#1147=FACE_BOUND('',#1058,.T.);
#1148=FACE_BOUND('',#1059,.T.);
#1149=FACE_BOUND('',#1060,.T.);
#1150=FACE_BOUND('',#1061,.T.);
#1151=FACE_BOUND('',#1062,.T.);
#1152=FACE_BOUND('',#1063,.T.);
#1153=FACE_BOUND('',#1064,.T.);
#1154=FACE_BOUND('',#1065,.T.);
#1155=FACE_BOUND('',#1066,.T.);
#1156=FACE_BOUND('',#1067,.T.);
#1157=FACE_BOUND('',#1068,.T.);
#1158=FACE_BOUND('',#1069,.T.);
#1159=FACE_BOUND('',#1070,.T.);
#1160=FACE_BOUND('',#1071,.T.);
#1161=FACE_BOUND('',#1072,.T.);
#1162=FACE_BOUND('',#1073,.T.);
#1163=FACE_BOUND('',#1074,.T.);
#1164=FACE_BOUND('',#1075,.T.);
#1165=FACE_BOUND('',#1076,.T.);
#1166=FACE_BOUND('',#1077,.T.);
#1167=FACE_BOUND('',#1078,.T.);
#1168=FACE_BOUND('',#1079,.T.);
#1169=FACE_BOUND('',#1080,.T.);
#1170=FACE_BOUND('',#1081,.T.);
#1171=FACE_BOUND('',#1082,.T.);
#1172=FACE_BOUND('',#1083,.T.);
#1173=FACE_BOUND('',#1084,.T.);
#1174=FACE_BOUND('',#1085,.T.);
#1175=FACE_BOUND('',#1086,.T.);
#1176=FACE_BOUND('',#1087,.T.);
#1177=FACE_BOUND('',#1088,.T.);
#1178=FACE_BOUND('',#1089,.T.);
#1179=FACE_BOUND('',#1090,.T.);
#1180=FACE_BOUND('',#1091,.T.);
#1181=FACE_BOUND('',#1092,.T.);
#1182=FACE_BOUND('',#1093,.T.);
#1183=FACE_BOUND('',#1094,.T.);
#1184=FACE_BOUND('',#1095,.T.);
#1185=FACE_BOUND('',#1096,.T.);
#1186=FACE_BOUND('',#1097,.T.);
#1187=FACE_BOUND('',#1098,.T.);
#1188=FACE_BOUND('',#1099,.T.);
#1189=FACE_BOUND('',#1100,.T.);
#1190=FACE_BOUND('',#1101,.T.);
#1191=FACE_BOUND('',#1102,.T.);
#1192=FACE_BOUND('',#1103,.T.);
#1193=FACE_BOUND('',#1104,.T.);
#1194=FACE_BOUND('',#1105,.T.);
#1195=FACE_BOUND('',#1106,.T.);
#1196=FACE_BOUND('',#1107,.T.);
#1197=FACE_BOUND('',#1108,.T.);
#1198=FACE_BOUND('',#1109,.T.);
#1199=FACE_BOUND('',#1110,.T.);
#1200=FACE_BOUND('',#1111,.T.);
#1201=FACE_BOUND('',#1112,.T.);
#1202=FACE_BOUND('',#1113,.T.);
#1203=FACE_BOUND('',#1114,.T.);
#1204=FACE_BOUND('',#1115,.T.);
#1205=FACE_BOUND('',#1116,.T.);
#1206=FACE_BOUND('',#1117,.T.);
#1207=FACE_BOUND('',#1118,.T.);
#1208=FACE_BOUND('',#1119,.T.);
#1209=FACE_BOUND('',#1120,.T.);
#1210=FACE_BOUND('',#1121,.T.);
#1211=FACE_BOUND('',#1122,.T.);
#1212=FACE_BOUND('',#1123,.T.);
#1213=FACE_BOUND('',#1124,.T.);
#1214=FACE_BOUND('',#1125,.T.);
#1215=FACE_BOUND('',#1126,.T.);
#1216=FACE_BOUND('',#1127,.T.);
#1217=FACE_BOUND('',#1128,.T.);
#1218=FACE_BOUND('',#1129,.T.);
#1219=FACE_BOUND('',#1130,.T.);
#1220=FACE_BOUND('',#1131,.T.);
#1221=FACE_BOUND('',#1132,.T.);
#1222=FACE_BOUND('',#1133,.T.);
#1223=FACE_BOUND('',#1134,.T.);
#1224=(
BOUNDED_SURFACE()
B_SPLINE_SURFACE(3,3,((#1607,#1608,#1609,#1610,#1611,#1612,#1613),(#1614,
#1615,#1616,#1617,#1618,#1619,#1620),(#1621,#1622,#1623,#1624,#1625,#1626,
#1627),(#1628,#1629,#1630,#1631,#1632,#1633,#1634)),.TOROIDAL_SURF.,.F.,
 .T.,.F.)
B_SPLINE_SURFACE_WITH_KNOTS((4,4),(4,3,4),(0.,1.),(0.,0.5,1.),
 .PIECEWISE_BEZIER_KNOTS.)
GEOMETRIC_REPRESENTATION_ITEM()
RATIONAL_B_SPLINE_SURFACE(((1.,0.333333333333333,0.333333333333333,1.,0.333333333333333,
0.333333333333333,1.),(0.686541976330886,0.228847325443629,0.228847325443629,
0.686541976330886,0.228847325443629,0.228847325443629,0.686541976330886),
(0.686541976330886,0.228847325443629,0.228847325443629,0.686541976330886,
0.228847325443629,0.228847325443629,0.686541976330886),(1.,0.333333333333333,
0.333333333333333,1.,0.333333333333333,0.333333333333333,1.)))
REPRESENTATION_ITEM('')
SURFACE()
);
#1225=(
BOUNDED_SURFACE()
B_SPLINE_SURFACE(3,1,((#1649,#1650),(#1651,#1652),(#1653,#1654),(#1655,
#1656)),.CYLINDRICAL_SURF.,.F.,.F.,.F.)
B_SPLINE_SURFACE_WITH_KNOTS((4,4),(2,2),(0.5,1.),(0.0454545454545455,0.115804195804196),
 .PIECEWISE_BEZIER_KNOTS.)
GEOMETRIC_REPRESENTATION_ITEM()
RATIONAL_B_SPLINE_SURFACE(((1.,1.),(0.333333333333333,0.333333333333333),
(0.333333333333333,0.333333333333333),(1.,1.)))
REPRESENTATION_ITEM('')
SURFACE()
);
#1226=(
BOUNDED_SURFACE()
B_SPLINE_SURFACE(3,1,((#1674,#1675),(#1676,#1677),(#1678,#1679),(#1680,
#1681)),.CYLINDRICAL_SURF.,.F.,.F.,.F.)
B_SPLINE_SURFACE_WITH_KNOTS((4,4),(2,2),(0.5,1.),(0.124622678745716,0.256023813355087),
 .PIECEWISE_BEZIER_KNOTS.)
GEOMETRIC_REPRESENTATION_ITEM()
RATIONAL_B_SPLINE_SURFACE(((1.,1.),(0.333333333333333,0.333333333333333),
(0.333333333333333,0.333333333333333),(1.,1.)))
REPRESENTATION_ITEM('')
SURFACE()
);
#1227=(
BOUNDED_SURFACE()
B_SPLINE_SURFACE(3,1,((#1782,#1783),(#1784,#1785),(#1786,#1787),(#1788,
#1789)),.CYLINDRICAL_SURF.,.F.,.F.,.F.)
B_SPLINE_SURFACE_WITH_KNOTS((4,4),(2,2),(0.5,1.),(0.273913438823176,0.395827706971386),
 .PIECEWISE_BEZIER_KNOTS.)
GEOMETRIC_REPRESENTATION_ITEM()
RATIONAL_B_SPLINE_SURFACE(((1.,1.),(0.333333333333333,0.333333333333333),
(0.333333333333333,0.333333333333333),(1.,1.)))
REPRESENTATION_ITEM('')
SURFACE()
);
#1228=(
BOUNDED_SURFACE()
B_SPLINE_SURFACE(3,1,((#1968,#1969),(#1970,#1971),(#1972,#1973),(#1974,
#1975)),.CYLINDRICAL_SURF.,.F.,.F.,.F.)
B_SPLINE_SURFACE_WITH_KNOTS((4,4),(2,2),(0.5,1.),(0.413773578683316,0.535687846831526),
 .PIECEWISE_BEZIER_KNOTS.)
GEOMETRIC_REPRESENTATION_ITEM()
RATIONAL_B_SPLINE_SURFACE(((1.,1.),(0.333333333333333,0.333333333333333),
(0.333333333333333,0.333333333333333),(1.,1.)))
REPRESENTATION_ITEM('')
SURFACE()
);
#1229=(
BOUNDED_SURFACE()
B_SPLINE_SURFACE(3,1,((#2154,#2155),(#2156,#2157),(#2158,#2159),(#2160,
#2161)),.CYLINDRICAL_SURF.,.F.,.F.,.F.)
B_SPLINE_SURFACE_WITH_KNOTS((4,4),(2,2),(0.5,1.),(0.553633718543456,0.675547986691666),
 .PIECEWISE_BEZIER_KNOTS.)
GEOMETRIC_REPRESENTATION_ITEM()
RATIONAL_B_SPLINE_SURFACE(((1.,1.),(0.333333333333333,0.333333333333333),
(0.333333333333333,0.333333333333333),(1.,1.)))
REPRESENTATION_ITEM('')
SURFACE()
);
#1230=(
BOUNDED_SURFACE()
B_SPLINE_SURFACE(3,1,((#2340,#2341),(#2342,#2343),(#2344,#2345),(#2346,
#2347)),.CYLINDRICAL_SURF.,.F.,.F.,.F.)
B_SPLINE_SURFACE_WITH_KNOTS((4,4),(2,2),(0.5,1.),(0.693493858403596,0.815408126551806),
 .PIECEWISE_BEZIER_KNOTS.)
GEOMETRIC_REPRESENTATION_ITEM()
RATIONAL_B_SPLINE_SURFACE(((1.,1.),(0.333333333333333,0.333333333333333),
(0.333333333333333,0.333333333333333),(1.,1.)))
REPRESENTATION_ITEM('')
SURFACE()
);
#1231=(
BOUNDED_SURFACE()
B_SPLINE_SURFACE(3,1,((#2526,#2527),(#2528,#2529),(#2530,#2531),(#2532,
#2533)),.CYLINDRICAL_SURF.,.F.,.F.,.F.)
B_SPLINE_SURFACE_WITH_KNOTS((4,4),(2,2),(0.5,1.),(0.833353998263736,0.955268266411946),
 .PIECEWISE_BEZIER_KNOTS.)
GEOMETRIC_REPRESENTATION_ITEM()
RATIONAL_B_SPLINE_SURFACE(((1.,1.),(0.333333333333333,0.333333333333333),
(0.333333333333333,0.333333333333333),(1.,1.)))
REPRESENTATION_ITEM('')
SURFACE()
);
#1232=(
BOUNDED_SURFACE()
B_SPLINE_SURFACE(3,1,((#2712,#2713),(#2714,#2715),(#2716,#2717),(#2718,
#2719),(#2720,#2721),(#2722,#2723),(#2724,#2725)),.UNSPECIFIED.,.F.,.F.,
 .F.)
B_SPLINE_SURFACE_WITH_KNOTS((4,3,4),(2,2),(0.996672436795436,1.,1.5),(0.0446153846153847,
0.186153846153846),.PIECEWISE_BEZIER_KNOTS.)
GEOMETRIC_REPRESENTATION_ITEM()
RATIONAL_B_SPLINE_SURFACE(((0.986778328596789,0.986778328596789),(0.991156025259512,
0.991156025259512),(0.995563249060582,0.995563249060582),(1.,1.),(0.333333333333333,
0.333333333333333),(0.333333333333333,0.333333333333333),(1.,1.)))
REPRESENTATION_ITEM('')
SURFACE()
);
#1233=(
BOUNDED_SURFACE()
B_SPLINE_SURFACE(3,1,((#2856,#2857),(#2858,#2859),(#2860,#2861),(#2862,
#2863)),.CYLINDRICAL_SURF.,.F.,.F.,.F.)
B_SPLINE_SURFACE_WITH_KNOTS((4,4),(2,2),(0.,0.5),(0.203983368893106,0.325897637041317),
 .PIECEWISE_BEZIER_KNOTS.)
GEOMETRIC_REPRESENTATION_ITEM()
RATIONAL_B_SPLINE_SURFACE(((1.,1.),(0.333333333333333,0.333333333333333),
(0.333333333333333,0.333333333333333),(1.,1.)))
REPRESENTATION_ITEM('')
SURFACE()
);
#1234=(
BOUNDED_SURFACE()
B_SPLINE_SURFACE(3,1,((#3034,#3035),(#3036,#3037),(#3038,#3039),(#3040,
#3041)),.CYLINDRICAL_SURF.,.F.,.F.,.F.)
B_SPLINE_SURFACE_WITH_KNOTS((4,4),(2,2),(0.,0.5),(0.343843508753246,0.465757776901456),
 .PIECEWISE_BEZIER_KNOTS.)
GEOMETRIC_REPRESENTATION_ITEM()
RATIONAL_B_SPLINE_SURFACE(((1.,1.),(0.333333333333333,0.333333333333333),
(0.333333333333333,0.333333333333333),(1.,1.)))
REPRESENTATION_ITEM('')
SURFACE()
);
#1235=(
BOUNDED_SURFACE()
B_SPLINE_SURFACE(3,1,((#3212,#3213),(#3214,#3215),(#3216,#3217),(#3218,
#3219)),.CYLINDRICAL_SURF.,.F.,.F.,.F.)
B_SPLINE_SURFACE_WITH_KNOTS((4,4),(2,2),(0.,0.5),(0.483703648613386,0.605617916761596),
 .PIECEWISE_BEZIER_KNOTS.)
GEOMETRIC_REPRESENTATION_ITEM()
RATIONAL_B_SPLINE_SURFACE(((1.,1.),(0.333333333333333,0.333333333333333),
(0.333333333333333,0.333333333333333),(1.,1.)))
REPRESENTATION_ITEM('')
SURFACE()
);
#1236=(
BOUNDED_SURFACE()
B_SPLINE_SURFACE(3,1,((#3390,#3391),(#3392,#3393),(#3394,#3395),(#3396,
#3397)),.CYLINDRICAL_SURF.,.F.,.F.,.F.)
B_SPLINE_SURFACE_WITH_KNOTS((4,4),(2,2),(0.,0.5),(0.623563788473526,0.745478056621736),
 .PIECEWISE_BEZIER_KNOTS.)
GEOMETRIC_REPRESENTATION_ITEM()
RATIONAL_B_SPLINE_SURFACE(((1.,1.),(0.333333333333333,0.333333333333333),
(0.333333333333333,0.333333333333333),(1.,1.)))
REPRESENTATION_ITEM('')
SURFACE()
);
#1237=(
BOUNDED_SURFACE()
B_SPLINE_SURFACE(3,1,((#3568,#3569),(#3570,#3571),(#3572,#3573),(#3574,
#3575)),.CYLINDRICAL_SURF.,.F.,.F.,.F.)
B_SPLINE_SURFACE_WITH_KNOTS((4,4),(2,2),(0.,0.5),(0.763423928333666,0.885338196481876),
 .PIECEWISE_BEZIER_KNOTS.)
GEOMETRIC_REPRESENTATION_ITEM()
RATIONAL_B_SPLINE_SURFACE(((1.,1.),(0.333333333333333,0.333333333333333),
(0.333333333333333,0.333333333333333),(1.,1.)))
REPRESENTATION_ITEM('')
SURFACE()
);
#1238=(
BOUNDED_SURFACE()
B_SPLINE_SURFACE(3,1,((#3746,#3747),(#3748,#3749),(#3750,#3751),(#3752,
#3753)),.CYLINDRICAL_SURF.,.F.,.F.,.F.)
B_SPLINE_SURFACE_WITH_KNOTS((4,4),(2,2),(0.,0.344572987136459),(0.903703648613386,
0.954545454545454),.PIECEWISE_BEZIER_KNOTS.)
GEOMETRIC_REPRESENTATION_ITEM()
RATIONAL_B_SPLINE_SURFACE(((1.,1.),(0.540569350484722,0.540569350484722),
(0.397753483540489,0.397753483540489),(0.571552399167302,0.571552399167302)))
REPRESENTATION_ITEM('')
SURFACE()
);
#1239=(
BOUNDED_SURFACE()
B_SPLINE_SURFACE(3,1,((#3841,#3842),(#3843,#3844),(#3845,#3846),(#3847,
#3848)),.CYLINDRICAL_SURF.,.F.,.F.,.F.)
B_SPLINE_SURFACE_WITH_KNOTS((4,4),(2,2),(0.5,1.),(0.12709741878708,0.262839483776561),
 .PIECEWISE_BEZIER_KNOTS.)
GEOMETRIC_REPRESENTATION_ITEM()
RATIONAL_B_SPLINE_SURFACE(((1.,1.),(0.333333333333333,0.333333333333333),
(0.333333333333333,0.333333333333333),(1.,1.)))
REPRESENTATION_ITEM('')
SURFACE()
);
#1240=(
BOUNDED_SURFACE()
B_SPLINE_SURFACE(3,1,((#4027,#4028),(#4029,#4030),(#4031,#4032),(#4033,
#4034)),.CYLINDRICAL_SURF.,.F.,.F.,.F.)
B_SPLINE_SURFACE_WITH_KNOTS((4,4),(2,2),(0.5,1.),(0.281148728406982,0.416890793396463),
 .PIECEWISE_BEZIER_KNOTS.)
GEOMETRIC_REPRESENTATION_ITEM()
RATIONAL_B_SPLINE_SURFACE(((1.,1.),(0.333333333333333,0.333333333333333),
(0.333333333333333,0.333333333333333),(1.,1.)))
REPRESENTATION_ITEM('')
SURFACE()
);
#1241=(
BOUNDED_SURFACE()
B_SPLINE_SURFACE(3,1,((#4213,#4214),(#4215,#4216),(#4217,#4218),(#4219,
#4220)),.CYLINDRICAL_SURF.,.F.,.F.,.F.)
B_SPLINE_SURFACE_WITH_KNOTS((4,4),(2,2),(0.5,1.),(0.435200038026888,0.570942103016366),
 .PIECEWISE_BEZIER_KNOTS.)
GEOMETRIC_REPRESENTATION_ITEM()
RATIONAL_B_SPLINE_SURFACE(((1.,1.),(0.333333333333333,0.333333333333333),
(0.333333333333333,0.333333333333333),(1.,1.)))
REPRESENTATION_ITEM('')
SURFACE()
);
#1242=(
BOUNDED_SURFACE()
B_SPLINE_SURFACE(3,1,((#4399,#4400),(#4401,#4402),(#4403,#4404),(#4405,
#4406)),.CYLINDRICAL_SURF.,.F.,.F.,.F.)
B_SPLINE_SURFACE_WITH_KNOTS((4,4),(2,2),(0.5,1.),(0.589251347646786,0.724993412636267),
 .PIECEWISE_BEZIER_KNOTS.)
GEOMETRIC_REPRESENTATION_ITEM()
RATIONAL_B_SPLINE_SURFACE(((1.,1.),(0.333333333333333,0.333333333333333),
(0.333333333333333,0.333333333333333),(1.,1.)))
REPRESENTATION_ITEM('')
SURFACE()
);
#1243=(
BOUNDED_SURFACE()
B_SPLINE_SURFACE(3,1,((#4585,#4586),(#4587,#4588),(#4589,#4590),(#4591,
#4592)),.CYLINDRICAL_SURF.,.F.,.F.,.F.)
B_SPLINE_SURFACE_WITH_KNOTS((4,4),(2,2),(0.5,1.),(0.743302657266688,0.879044722256174),
 .PIECEWISE_BEZIER_KNOTS.)
GEOMETRIC_REPRESENTATION_ITEM()
RATIONAL_B_SPLINE_SURFACE(((1.,1.),(0.333333333333333,0.333333333333333),
(0.333333333333333,0.333333333333333),(1.,1.)))
REPRESENTATION_ITEM('')
SURFACE()
);
#1244=(
BOUNDED_SURFACE()
B_SPLINE_SURFACE(3,1,((#4771,#4772),(#4773,#4774),(#4775,#4776),(#4777,
#4778)),.CYLINDRICAL_SURF.,.F.,.F.,.F.)
B_SPLINE_SURFACE_WITH_KNOTS((4,4),(2,2),(0.5,0.848826160199374),(0.897820441581464,
0.954545454545455),.PIECEWISE_BEZIER_KNOTS.)
GEOMETRIC_REPRESENTATION_ITEM()
RATIONAL_B_SPLINE_SURFACE(((1.,1.),(0.534898453067502,0.534898453067502),
(0.394276079573508,0.394276079573508),(0.578132879518018,0.578132879518018)))
REPRESENTATION_ITEM('')
SURFACE()
);
#1245=(
BOUNDED_SURFACE()
B_SPLINE_SURFACE(3,1,((#4870,#4871),(#4872,#4873),(#4874,#4875),(#4876,
#4877)),.CYLINDRICAL_SURF.,.F.,.F.,.F.)
B_SPLINE_SURFACE_WITH_KNOTS((4,4),(2,2),(0.,0.5),(0.204123073597031,0.339865138586512),
 .PIECEWISE_BEZIER_KNOTS.)
GEOMETRIC_REPRESENTATION_ITEM()
RATIONAL_B_SPLINE_SURFACE(((1.,1.),(0.333333333333333,0.333333333333333),
(0.333333333333333,0.333333333333333),(1.,1.)))
REPRESENTATION_ITEM('')
SURFACE()
);
#1246=(
BOUNDED_SURFACE()
B_SPLINE_SURFACE(3,1,((#5048,#5049),(#5050,#5051),(#5052,#5053),(#5054,
#5055)),.CYLINDRICAL_SURF.,.F.,.F.,.F.)
B_SPLINE_SURFACE_WITH_KNOTS((4,4),(2,2),(0.,0.5),(0.358174383216933,0.493916448206414),
 .PIECEWISE_BEZIER_KNOTS.)
GEOMETRIC_REPRESENTATION_ITEM()
RATIONAL_B_SPLINE_SURFACE(((1.,1.),(0.333333333333333,0.333333333333333),
(0.333333333333333,0.333333333333333),(1.,1.)))
REPRESENTATION_ITEM('')
SURFACE()
);
#1247=(
BOUNDED_SURFACE()
B_SPLINE_SURFACE(3,1,((#5226,#5227),(#5228,#5229),(#5230,#5231),(#5232,
#5233)),.CYLINDRICAL_SURF.,.F.,.F.,.F.)
B_SPLINE_SURFACE_WITH_KNOTS((4,4),(2,2),(0.,0.5),(0.512225692836839,0.647967757826317),
 .PIECEWISE_BEZIER_KNOTS.)
GEOMETRIC_REPRESENTATION_ITEM()
RATIONAL_B_SPLINE_SURFACE(((1.,1.),(0.333333333333333,0.333333333333333),
(0.333333333333333,0.333333333333333),(1.,1.)))
REPRESENTATION_ITEM('')
SURFACE()
);
#1248=(
BOUNDED_SURFACE()
B_SPLINE_SURFACE(3,1,((#5404,#5405),(#5406,#5407),(#5408,#5409),(#5410,
#5411)),.CYLINDRICAL_SURF.,.F.,.F.,.F.)
B_SPLINE_SURFACE_WITH_KNOTS((4,4),(2,2),(0.,0.5),(0.666277002456737,0.802019067446219),
 .PIECEWISE_BEZIER_KNOTS.)
GEOMETRIC_REPRESENTATION_ITEM()
RATIONAL_B_SPLINE_SURFACE(((1.,1.),(0.333333333333333,0.333333333333333),
(0.333333333333333,0.333333333333333),(1.,1.)))
REPRESENTATION_ITEM('')
SURFACE()
);
#1249=(
BOUNDED_SURFACE()
B_SPLINE_SURFACE(3,1,((#5582,#5583),(#5584,#5585),(#5586,#5587),(#5588,
#5589)),.CYLINDRICAL_SURF.,.F.,.F.,.F.)
B_SPLINE_SURFACE_WITH_KNOTS((4,4),(2,2),(0.,0.5),(0.820332632842653,0.954545454545455),
 .PIECEWISE_BEZIER_KNOTS.)
GEOMETRIC_REPRESENTATION_ITEM()
RATIONAL_B_SPLINE_SURFACE(((1.,1.),(0.333333333333333,0.333333333333333),
(0.333333333333333,0.333333333333333),(1.,1.)))
REPRESENTATION_ITEM('')
SURFACE()
);
#1250=(
BOUNDED_SURFACE()
B_SPLINE_SURFACE(3,1,((#5762,#5763),(#5764,#5765),(#5766,#5767),(#5768,
#5769)),.CYLINDRICAL_SURF.,.F.,.F.,.F.)
B_SPLINE_SURFACE_WITH_KNOTS((4,4),(2,2),(0.,0.5),(0.408636025337364,0.954545454545455),
 .PIECEWISE_BEZIER_KNOTS.)
GEOMETRIC_REPRESENTATION_ITEM()
RATIONAL_B_SPLINE_SURFACE(((1.,1.),(0.333333333333333,0.333333333333333),
(0.333333333333333,0.333333333333333),(1.,1.)))
REPRESENTATION_ITEM('')
SURFACE()
);
#1251=(
BOUNDED_SURFACE()
B_SPLINE_SURFACE(1,3,((#5788,#5789,#5790,#5791),(#5792,#5793,#5794,#5795)),
 .CONICAL_SURF.,.F.,.F.,.F.)
B_SPLINE_SURFACE_WITH_KNOTS((2,2),(4,4),(0.164635481841986,0.190841212908988),
(0.5,1.),.PIECEWISE_BEZIER_KNOTS.)
GEOMETRIC_REPRESENTATION_ITEM()
RATIONAL_B_SPLINE_SURFACE(((1.,0.333333333333333,0.333333333333333,1.),
(1.,0.333333333333333,0.333333333333333,1.)))
REPRESENTATION_ITEM('')
SURFACE()
);
#1252=(
BOUNDED_SURFACE()
B_SPLINE_SURFACE(1,3,((#5804,#5805,#5806,#5807),(#5808,#5809,#5810,#5811)),
 .CONICAL_SURF.,.F.,.F.,.F.)
B_SPLINE_SURFACE_WITH_KNOTS((2,2),(4,4),(0.164635481841986,0.190841212908989),
(0.,0.0966668125290598),.PIECEWISE_BEZIER_KNOTS.)
GEOMETRIC_REPRESENTATION_ITEM()
RATIONAL_B_SPLINE_SURFACE(((1.,0.87111091662792,0.767140426974583,0.688088531039988),
(1.,0.87111091662792,0.767140426974583,0.688088531039988)))
REPRESENTATION_ITEM('')
SURFACE()
);
#1253=(
BOUNDED_SURFACE()
B_SPLINE_SURFACE(3,3,((#5818,#5819,#5820,#5821),(#5822,#5823,#5824,#5825),
(#5826,#5827,#5828,#5829),(#5830,#5831,#5832,#5833)),.TOROIDAL_SURF.,.F.,
 .F.,.F.)
B_SPLINE_SURFACE_WITH_KNOTS((4,4),(4,4),(0.124047475313703,0.922698803733034),
(0.5,1.),.PIECEWISE_BEZIER_KNOTS.)
GEOMETRIC_REPRESENTATION_ITEM()
RATIONAL_B_SPLINE_SURFACE(((0.925622149598475,0.308540716532825,0.308540716532825,
0.925622149598475),(0.788605264800703,0.262868421600234,0.262868421600234,
0.788605264800703),(0.797123666873167,0.265707888957722,0.265707888957722,
0.797123666873167),(0.951177355815866,0.317059118605289,0.317059118605289,
0.951177355815866)))
REPRESENTATION_ITEM('')
SURFACE()
);
#1254=(
BOUNDED_SURFACE()
B_SPLINE_SURFACE(3,1,((#5853,#5854),(#5855,#5856),(#5857,#5858),(#5859,
#5860)),.CYLINDRICAL_SURF.,.F.,.F.,.F.)
B_SPLINE_SURFACE_WITH_KNOTS((4,4),(2,2),(0.5,1.),(0.0454545454545454,0.954545454545455),
 .PIECEWISE_BEZIER_KNOTS.)
GEOMETRIC_REPRESENTATION_ITEM()
RATIONAL_B_SPLINE_SURFACE(((1.,1.),(0.333333333333333,0.333333333333333),
(0.333333333333333,0.333333333333333),(1.,1.)))
REPRESENTATION_ITEM('')
SURFACE()
);
#1255=(
BOUNDED_SURFACE()
B_SPLINE_SURFACE(3,1,((#5871,#5872),(#5873,#5874),(#5875,#5876),(#5877,
#5878)),.CYLINDRICAL_SURF.,.F.,.F.,.F.)
B_SPLINE_SURFACE_WITH_KNOTS((4,4),(2,2),(0.5,1.),(0.0454545454545454,0.954545454545455),
 .PIECEWISE_BEZIER_KNOTS.)
GEOMETRIC_REPRESENTATION_ITEM()
RATIONAL_B_SPLINE_SURFACE(((1.,1.),(0.333333333333333,0.333333333333333),
(0.333333333333333,0.333333333333333),(1.,1.)))
REPRESENTATION_ITEM('')
SURFACE()
);
#1256=(
BOUNDED_SURFACE()
B_SPLINE_SURFACE(3,1,((#5889,#5890),(#5891,#5892),(#5893,#5894),(#5895,
#5896)),.CYLINDRICAL_SURF.,.F.,.F.,.F.)
B_SPLINE_SURFACE_WITH_KNOTS((4,4),(2,2),(0.5,1.),(0.0454545454545454,0.954545454545455),
 .PIECEWISE_BEZIER_KNOTS.)
GEOMETRIC_REPRESENTATION_ITEM()
RATIONAL_B_SPLINE_SURFACE(((1.,1.),(0.333333333333333,0.333333333333333),
(0.333333333333333,0.333333333333333),(1.,1.)))
REPRESENTATION_ITEM('')
SURFACE()
);
#1257=(
BOUNDED_SURFACE()
B_SPLINE_SURFACE(3,1,((#5907,#5908),(#5909,#5910),(#5911,#5912),(#5913,
#5914)),.CYLINDRICAL_SURF.,.F.,.F.,.F.)
B_SPLINE_SURFACE_WITH_KNOTS((4,4),(2,2),(0.5,1.),(0.0454545454545454,0.954545454545455),
 .PIECEWISE_BEZIER_KNOTS.)
GEOMETRIC_REPRESENTATION_ITEM()
RATIONAL_B_SPLINE_SURFACE(((1.,1.),(0.333333333333333,0.333333333333333),
(0.333333333333333,0.333333333333333),(1.,1.)))
REPRESENTATION_ITEM('')
SURFACE()
);
#1258=(
BOUNDED_SURFACE()
B_SPLINE_SURFACE(3,1,((#5925,#5926),(#5927,#5928),(#5929,#5930),(#5931,
#5932)),.CYLINDRICAL_SURF.,.F.,.F.,.F.)
B_SPLINE_SURFACE_WITH_KNOTS((4,4),(2,2),(0.5,1.),(0.0454545454545454,0.954545454545455),
 .PIECEWISE_BEZIER_KNOTS.)
GEOMETRIC_REPRESENTATION_ITEM()
RATIONAL_B_SPLINE_SURFACE(((1.,1.),(0.333333333333333,0.333333333333333),
(0.333333333333333,0.333333333333333),(1.,1.)))
REPRESENTATION_ITEM('')
SURFACE()
);
#1259=(
BOUNDED_SURFACE()
B_SPLINE_SURFACE(3,1,((#5943,#5944),(#5945,#5946),(#5947,#5948),(#5949,
#5950)),.CYLINDRICAL_SURF.,.F.,.F.,.F.)
B_SPLINE_SURFACE_WITH_KNOTS((4,4),(2,2),(0.885356677564354,1.),(0.0454545454545455,
0.954545454545454),.PIECEWISE_BEZIER_KNOTS.)
GEOMETRIC_REPRESENTATION_ITEM()
RATIONAL_B_SPLINE_SURFACE(((0.646571441290084,0.646571441290084),(0.7293327171825,
0.7293327171825),(0.847142236752472,0.847142236752472),(1.,1.)))
REPRESENTATION_ITEM('')
SURFACE()
);
#1260=(
BOUNDED_SURFACE()
B_SPLINE_SURFACE(1,3,((#5960,#5961,#5962,#5963),(#5964,#5965,#5966,#5967)),
 .CONICAL_SURF.,.F.,.F.,.F.)
B_SPLINE_SURFACE_WITH_KNOTS((2,2),(4,4),(0.00908767680518995,0.0380095917511359),
(0.,0.105290395377226),.PIECEWISE_BEZIER_KNOTS.)
GEOMETRIC_REPRESENTATION_ITEM()
RATIONAL_B_SPLINE_SURFACE(((1.,0.859612806163699,0.748788458617245,0.667526957360638),
(1.,0.859612806163699,0.748788458617245,0.667526957360638)))
REPRESENTATION_ITEM('')
SURFACE()
);
#1261=(
BOUNDED_SURFACE()
B_SPLINE_SURFACE(3,1,((#5999,#6000),(#6001,#6002),(#6003,#6004),(#6005,
#6006)),.CYLINDRICAL_SURF.,.F.,.F.,.F.)
B_SPLINE_SURFACE_WITH_KNOTS((4,4),(2,2),(0.,1.),(0.,1.),
 .PIECEWISE_BEZIER_KNOTS.)
GEOMETRIC_REPRESENTATION_ITEM()
RATIONAL_B_SPLINE_SURFACE(((1.,1.),(0.807582389099618,0.807582389099618),
(0.807582389099618,0.807582389099618),(1.,1.)))
REPRESENTATION_ITEM('')
SURFACE()
);
#1262=(
BOUNDED_SURFACE()
B_SPLINE_SURFACE(3,1,((#6077,#6078),(#6079,#6080),(#6081,#6082),(#6083,
#6084)),.CYLINDRICAL_SURF.,.F.,.F.,.F.)
B_SPLINE_SURFACE_WITH_KNOTS((4,4),(2,2),(0.328392136380157,0.673683280310908),
(0.0454545454545457,0.954545454545454),.PIECEWISE_BEZIER_KNOTS.)
GEOMETRIC_REPRESENTATION_ITEM()
RATIONAL_B_SPLINE_SURFACE(((0.981609222041352,0.981609222041352),(0.978315226971986,
0.978315226971986),(0.978335145675602,0.978335145675602),(0.9816689781522,
0.9816689781522)))
REPRESENTATION_ITEM('')
SURFACE()
);
#1263=(
BOUNDED_SURFACE()
B_SPLINE_SURFACE(3,3,((#6099,#6100,#6101,#6102,#6103,#6104,#6105),(#6106,
#6107,#6108,#6109,#6110,#6111,#6112),(#6113,#6114,#6115,#6116,#6117,#6118,
#6119),(#6120,#6121,#6122,#6123,#6124,#6125,#6126)),.TOROIDAL_SURF.,.F.,
 .F.,.F.)
B_SPLINE_SURFACE_WITH_KNOTS((4,4),(4,3,4),(0.326320183204264,0.673683320779655),
(0.000690640200167591,0.5,0.999308646512931),.PIECEWISE_BEZIER_KNOTS.)
GEOMETRIC_REPRESENTATION_ITEM()
RATIONAL_B_SPLINE_SURFACE(((0.980819465439996,0.776404955165849,0.776688091102675,
0.981668873250474,0.776688383927362,0.776404955975213,0.980818589394027),
(0.977468595543889,0.773752446643002,0.774034615274712,0.978315101439018,
0.774034907098993,0.773752447449601,0.977467722490842),(0.977468629345728,
0.773752473400133,0.774034642041601,0.97831513527013,0.774034933865892,
0.773752474206732,0.97746775629265),(0.980819566845511,0.776405035437242,
0.776688171403341,0.981668974743809,0.776688464228058,0.776405036246606,
0.980818690799451)))
REPRESENTATION_ITEM('')
SURFACE()
);
#1264=(
BOUNDED_SURFACE()
B_SPLINE_SURFACE(3,1,((#6133,#6134),(#6135,#6136),(#6137,#6138),(#6139,
#6140)),.CYLINDRICAL_SURF.,.F.,.F.,.F.)
B_SPLINE_SURFACE_WITH_KNOTS((4,4),(2,2),(0.,1.),(0.,1.),
 .PIECEWISE_BEZIER_KNOTS.)
GEOMETRIC_REPRESENTATION_ITEM()
RATIONAL_B_SPLINE_SURFACE(((1.,1.),(0.972319731305199,0.972319731305199),
(0.972319731305199,0.972319731305199),(1.,1.)))
REPRESENTATION_ITEM('')
SURFACE()
);
#1265=(
BOUNDED_SURFACE()
B_SPLINE_SURFACE(3,1,((#6142,#6143),(#6144,#6145),(#6146,#6147),(#6148,
#6149)),.CYLINDRICAL_SURF.,.F.,.F.,.F.)
B_SPLINE_SURFACE_WITH_KNOTS((4,4),(2,2),(0.309392855057727,0.405728372416864),
(0.0454545454545455,0.0867768595041322),.PIECEWISE_BEZIER_KNOTS.)
GEOMETRIC_REPRESENTATION_ITEM()
RATIONAL_B_SPLINE_SURFACE(((0.528220089855265,0.528220089855265),(0.558735510758851,
0.558735510758851),(0.613999016742043,0.613999016742043),(0.694010607804843,
0.694010607804843)))
REPRESENTATION_ITEM('')
SURFACE()
);
#1266=(
BOUNDED_SURFACE()
B_SPLINE_SURFACE(1,3,((#6152,#6153,#6154,#6155),(#6156,#6157,#6158,#6159)),
 .CONICAL_SURF.,.F.,.F.,.F.)
B_SPLINE_SURFACE_WITH_KNOTS((2,2),(4,4),(0.00908767680518997,0.0380095917511358),
(0.782379895342601,1.),.PIECEWISE_BEZIER_KNOTS.)
GEOMETRIC_REPRESENTATION_ITEM()
RATIONAL_B_SPLINE_SURFACE(((0.508387660979182,0.545969080783195,0.709839860456801,
1.),(0.508387660979182,0.545969080783195,0.709839860456801,1.)))
REPRESENTATION_ITEM('')
SURFACE()
);
#1267=(
BOUNDED_SURFACE()
B_SPLINE_SURFACE(1,3,((#6161,#6162,#6163,#6164,#6165,#6166,#6167),(#6168,
#6169,#6170,#6171,#6172,#6173,#6174)),.CONICAL_SURF.,.F.,.F.,.F.)
B_SPLINE_SURFACE_WITH_KNOTS((2,2),(4,3,4),(0.00908767680518995,0.0380095917511406),
(0.179293329630952,0.5,0.719525126947696),.PIECEWISE_BEZIER_KNOTS.)
GEOMETRIC_REPRESENTATION_ITEM()
RATIONAL_B_SPLINE_SURFACE(((0.539995465877417,0.419056261467075,0.572391106174603,
1.,0.707299830736405,0.543109745103216,0.507429743100432),(0.539995465877417,
0.419056261467075,0.572391106174603,1.,0.707299830736405,0.543109745103216,
0.507429743100432)))
REPRESENTATION_ITEM('')
SURFACE()
);
#1268=(
BOUNDED_SURFACE()
B_SPLINE_SURFACE(3,1,((#6186,#6187),(#6188,#6189),(#6190,#6191),(#6192,
#6193)),.CYLINDRICAL_SURF.,.F.,.F.,.F.)
B_SPLINE_SURFACE_WITH_KNOTS((4,4),(2,2),(0.,0.122602326916434),(0.0454545454545452,
0.954545454545454),.PIECEWISE_BEZIER_KNOTS.)
GEOMETRIC_REPRESENTATION_ITEM()
RATIONAL_B_SPLINE_SURFACE(((1.,1.),(0.836530230778088,0.836530230778088),
(0.713144009730374,0.713144009730374),(0.629841336856857,0.629841336856857)))
REPRESENTATION_ITEM('')
SURFACE()
);
#1269=(
BOUNDED_SURFACE()
B_SPLINE_SURFACE(3,1,((#6196,#6197),(#6198,#6199),(#6200,#6201),(#6202,
#6203),(#6204,#6205),(#6206,#6207),(#6208,#6209)),.CYLINDRICAL_SURF.,.F.,
 .F.,.F.)
B_SPLINE_SURFACE_WITH_KNOTS((4,3,4),(2,2),(0.167434406357247,0.5,0.614643322435646),
(0.0454545454545454,0.954545454545454),.PIECEWISE_BEZIER_KNOTS.)
GEOMETRIC_REPRESENTATION_ITEM()
RATIONAL_B_SPLINE_SURFACE(((0.554536618028643,0.554536618028643),(0.408091414485876,
0.408091414485876),(0.556579208476329,0.556579208476329),(1.,1.),(0.847142236752472,
0.847142236752472),(0.7293327171825,0.7293327171825),(0.646571441290084,
0.646571441290084)))
REPRESENTATION_ITEM('')
SURFACE()
);
#1270=(
BOUNDED_SURFACE()
B_SPLINE_SURFACE(3,1,((#6218,#6219),(#6220,#6221),(#6222,#6223),(#6224,
#6225)),.CYLINDRICAL_SURF.,.F.,.F.,.F.)
B_SPLINE_SURFACE_WITH_KNOTS((4,4),(2,2),(0.,0.5),(0.0454545454545454,0.954545454545455),
 .PIECEWISE_BEZIER_KNOTS.)
GEOMETRIC_REPRESENTATION_ITEM()
RATIONAL_B_SPLINE_SURFACE(((1.,1.),(0.333333333333333,0.333333333333333),
(0.333333333333333,0.333333333333333),(1.,1.)))
REPRESENTATION_ITEM('')
SURFACE()
);
#1271=(
BOUNDED_SURFACE()
B_SPLINE_SURFACE(3,1,((#6232,#6233),(#6234,#6235),(#6236,#6237),(#6238,
#6239)),.CYLINDRICAL_SURF.,.F.,.F.,.F.)
B_SPLINE_SURFACE_WITH_KNOTS((4,4),(2,2),(0.,0.5),(0.0454545454545453,0.954545454545455),
 .PIECEWISE_BEZIER_KNOTS.)
GEOMETRIC_REPRESENTATION_ITEM()
RATIONAL_B_SPLINE_SURFACE(((1.,1.),(0.333333333333333,0.333333333333333),
(0.333333333333333,0.333333333333333),(1.,1.)))
REPRESENTATION_ITEM('')
SURFACE()
);
#1272=(
BOUNDED_SURFACE()
B_SPLINE_SURFACE(3,1,((#6246,#6247),(#6248,#6249),(#6250,#6251),(#6252,
#6253)),.CYLINDRICAL_SURF.,.F.,.F.,.F.)
B_SPLINE_SURFACE_WITH_KNOTS((4,4),(2,2),(0.,0.5),(0.0454545454545454,0.954545454545455),
 .PIECEWISE_BEZIER_KNOTS.)
GEOMETRIC_REPRESENTATION_ITEM()
RATIONAL_B_SPLINE_SURFACE(((1.,1.),(0.333333333333333,0.333333333333333),
(0.333333333333333,0.333333333333333),(1.,1.)))
REPRESENTATION_ITEM('')
SURFACE()
);
#1273=(
BOUNDED_SURFACE()
B_SPLINE_SURFACE(3,1,((#6260,#6261),(#6262,#6263),(#6264,#6265),(#6266,
#6267)),.CYLINDRICAL_SURF.,.F.,.F.,.F.)
B_SPLINE_SURFACE_WITH_KNOTS((4,4),(2,2),(0.,0.5),(0.0454545454545454,0.954545454545455),
 .PIECEWISE_BEZIER_KNOTS.)
GEOMETRIC_REPRESENTATION_ITEM()
RATIONAL_B_SPLINE_SURFACE(((1.,1.),(0.333333333333333,0.333333333333333),
(0.333333333333333,0.333333333333333),(1.,1.)))
REPRESENTATION_ITEM('')
SURFACE()
);
#1274=(
BOUNDED_SURFACE()
B_SPLINE_SURFACE(3,1,((#6274,#6275),(#6276,#6277),(#6278,#6279),(#6280,
#6281)),.CYLINDRICAL_SURF.,.F.,.F.,.F.)
B_SPLINE_SURFACE_WITH_KNOTS((4,4),(2,2),(0.,0.5),(0.0454545454545454,0.954545454545455),
 .PIECEWISE_BEZIER_KNOTS.)
GEOMETRIC_REPRESENTATION_ITEM()
RATIONAL_B_SPLINE_SURFACE(((1.,1.),(0.333333333333333,0.333333333333333),
(0.333333333333333,0.333333333333333),(1.,1.)))
REPRESENTATION_ITEM('')
SURFACE()
);
#1275=(
BOUNDED_SURFACE()
B_SPLINE_SURFACE(3,1,((#6294,#6295),(#6296,#6297),(#6298,#6299),(#6300,
#6301),(#6302,#6303),(#6304,#6305),(#6306,#6307)),.CYLINDRICAL_SURF.,.F.,
 .F.,.F.)
B_SPLINE_SURFACE_WITH_KNOTS((4,3,4),(2,2),(0.,0.5,1.),(0.0454545454545455,
0.954545454545455),.PIECEWISE_BEZIER_KNOTS.)
GEOMETRIC_REPRESENTATION_ITEM()
RATIONAL_B_SPLINE_SURFACE(((1.,1.),(0.795563519626975,0.795563519626975),
(0.795563519626975,0.795563519626975),(1.,1.),(0.795563519626976,0.795563519626976),
(0.795563519626976,0.795563519626976),(1.,1.)))
REPRESENTATION_ITEM('')
SURFACE()
);
#1276=(
BOUNDED_SURFACE()
B_SPLINE_SURFACE(3,3,((#6312,#6313,#6314,#6315,#6316,#6317,#6318),(#6319,
#6320,#6321,#6322,#6323,#6324,#6325),(#6326,#6327,#6328,#6329,#6330,#6331,
#6332),(#6333,#6334,#6335,#6336,#6337,#6338,#6339)),.TOROIDAL_SURF.,.F.,
 .T.,.F.)
B_SPLINE_SURFACE_WITH_KNOTS((4,4),(4,3,4),(0.,1.),(0.,0.5,1.),
 .PIECEWISE_BEZIER_KNOTS.)
GEOMETRIC_REPRESENTATION_ITEM()
RATIONAL_B_SPLINE_SURFACE(((1.,0.333333333333333,0.333333333333333,1.,0.333333333333333,
0.333333333333333,1.),(0.771832455021048,0.257277485007016,0.257277485007016,
0.771832455021048,0.257277485007016,0.257277485007016,0.771832455021048),
(0.771832455021048,0.257277485007016,0.257277485007016,0.771832455021048,
0.257277485007016,0.257277485007016,0.771832455021048),(1.,0.333333333333333,
0.333333333333333,1.,0.333333333333333,0.333333333333333,1.)))
REPRESENTATION_ITEM('')
SURFACE()
);
#1277=(
BOUNDED_SURFACE()
B_SPLINE_SURFACE(1,2,((#6359,#6360,#6361,#6362,#6363,#6364,#6365,#6366,
#6367,#6368,#6369,#6370,#6371,#6372,#6373,#6374,#6375,#6376,#6377,#6378,
#6379,#6380,#6381,#6382,#6383,#6384,#6385,#6386,#6387,#6388,#6389,#6390,
#6391,#6392,#6393,#6394,#6395,#6396,#6397,#6398,#6399,#6400,#6401,#6402,
#6403,#6404,#6405,#6406,#6407,#6408,#6409,#6410,#6411,#6412,#6413,#6414,
#6415,#6416,#6417,#6418,#6419,#6420,#6421,#6422,#6423,#6424,#6425,#6426,
#6427),(#6428,#6429,#6430,#6431,#6432,#6433,#6434,#6435,#6436,#6437,#6438,
#6439,#6440,#6441,#6442,#6443,#6444,#6445,#6446,#6447,#6448,#6449,#6450,
#6451,#6452,#6453,#6454,#6455,#6456,#6457,#6458,#6459,#6460,#6461,#6462,
#6463,#6464,#6465,#6466,#6467,#6468,#6469,#6470,#6471,#6472,#6473,#6474,
#6475,#6476,#6477,#6478,#6479,#6480,#6481,#6482,#6483,#6484,#6485,#6486,
#6487,#6488,#6489,#6490,#6491,#6492,#6493,#6494,#6495,#6496)),
 .UNSPECIFIED.,.F.,.F.,.F.)
B_SPLINE_SURFACE_WITH_KNOTS((2,2),(3,2,2,2,2,2,2,2,2,2,2,2,2,2,2,2,2,2,
2,2,2,2,2,2,2,2,2,2,2,2,2,2,2,2,3),(0.,1.),(0.,0.0238095238095238,0.0476190476190476,
0.0714285714285714,0.0952380952380952,0.119047619047619,0.142857142857143,
0.166666666666667,0.19047619047619,0.214285714285714,0.238095238095238,
0.261904761904762,0.285714285714286,0.309523809523809,0.333333333333334,
0.357142857142857,0.380952380952381,0.404761904761905,0.428571428571428,
0.452380952380952,0.476190476190476,0.5,0.523809523809524,0.547619047619048,
0.571428571428571,0.595238095238095,0.619047619047619,0.642857142857143,
0.666666666666667,0.690476190476191,0.714285714285714,0.738095238095238,
0.761904761904762,0.785714285714286,0.789663052115646),
 .PIECEWISE_BEZIER_KNOTS.)
GEOMETRIC_REPRESENTATION_ITEM()
RATIONAL_B_SPLINE_SURFACE(((1.,0.866025403784439,1.,0.866025403784439,1.,
0.866025403784439,1.,0.866025403784439,1.,0.866025403784439,1.,0.866025403784439,
1.,0.866025403784439,1.,0.866025403784439,1.,0.866025403784439,1.,0.866025403784439,
1.,0.866025403784439,1.,0.866025403784439,1.,0.866025403784439,1.,0.866025403784439,
1.,0.866025403784439,1.,0.866025403784439,1.,0.866025403784439,1.,0.866025403784439,
1.,0.866025403784439,1.,0.866025403784439,1.,0.866025403784439,1.,0.866025403784439,
1.,0.866025403784439,1.,0.866025403784439,1.,0.866025403784439,1.,0.866025403784439,
1.,0.866025403784439,1.,0.866025403784439,1.,0.866025403784439,1.,0.866025403784439,
1.,0.866025403784439,1.,0.866025403784439,1.,0.866025403784439,1.,0.977780555864786,
0.962931220864045),(1.,0.866025403784439,1.,0.866025403784439,1.,0.866025403784439,
1.,0.866025403784439,1.,0.866025403784439,1.,0.866025403784439,1.,0.866025403784439,
1.,0.866025403784439,1.,0.866025403784439,1.,0.866025403784439,1.,0.866025403784439,
1.,0.866025403784439,1.,0.866025403784439,1.,0.866025403784439,1.,0.866025403784439,
1.,0.866025403784439,1.,0.866025403784439,1.,0.866025403784439,1.,0.866025403784439,
1.,0.866025403784439,1.,0.866025403784439,1.,0.866025403784439,1.,0.866025403784439,
1.,0.866025403784439,1.,0.866025403784439,1.,0.866025403784439,1.,0.866025403784439,
1.,0.866025403784439,1.,0.866025403784439,1.,0.866025403784439,1.,0.866025403784439,
1.,0.866025403784439,1.,0.866025403784439,1.,0.977780555864786,0.962931220864045)))
REPRESENTATION_ITEM('')
SURFACE()
);
#1278=(
BOUNDED_SURFACE()
B_SPLINE_SURFACE(1,3,((#6588,#6589,#6590,#6591),(#6592,#6593,#6594,#6595)),
 .CONICAL_SURF.,.F.,.F.,.F.)
B_SPLINE_SURFACE_WITH_KNOTS((2,2),(4,4),(0.164635481841986,0.190841212908988),
(0.187353176328096,0.5),.PIECEWISE_BEZIER_KNOTS.)
GEOMETRIC_REPRESENTATION_ITEM()
RATIONAL_B_SPLINE_SURFACE(((0.531396996129429,0.426936567147271,0.583137568437461,
1.),(0.531396996129429,0.426936567147271,0.583137568437461,1.)))
REPRESENTATION_ITEM('')
SURFACE()
);
#1279=(
BOUNDED_SURFACE()
B_SPLINE_SURFACE(3,1,((#6600,#6601),(#6602,#6603),(#6604,#6605),(#6606,
#6607)),.CYLINDRICAL_SURF.,.F.,.F.,.F.)
B_SPLINE_SURFACE_WITH_KNOTS((4,4),(2,2),(0.5,1.),(0.458677685950413,0.954545454545455),
 .PIECEWISE_BEZIER_KNOTS.)
GEOMETRIC_REPRESENTATION_ITEM()
RATIONAL_B_SPLINE_SURFACE(((1.,1.),(0.333333333333333,0.333333333333333),
(0.333333333333333,0.333333333333333),(1.,1.)))
REPRESENTATION_ITEM('')
SURFACE()
);
#1280=(
BOUNDED_SURFACE()
B_SPLINE_SURFACE(1,2,((#6625,#6626,#6627,#6628,#6629,#6630,#6631,#6632,
#6633,#6634,#6635,#6636,#6637,#6638,#6639,#6640,#6641,#6642,#6643,#6644,
#6645,#6646,#6647,#6648,#6649,#6650,#6651,#6652,#6653,#6654,#6655,#6656,
#6657,#6658,#6659,#6660,#6661,#6662,#6663,#6664,#6665,#6666,#6667,#6668,
#6669,#6670,#6671,#6672,#6673,#6674,#6675,#6676,#6677,#6678,#6679,#6680,
#6681,#6682,#6683,#6684,#6685,#6686,#6687,#6688,#6689,#6690,#6691,#6692,
#6693,#6694,#6695,#6696,#6697,#6698,#6699),(#6700,#6701,#6702,#6703,#6704,
#6705,#6706,#6707,#6708,#6709,#6710,#6711,#6712,#6713,#6714,#6715,#6716,
#6717,#6718,#6719,#6720,#6721,#6722,#6723,#6724,#6725,#6726,#6727,#6728,
#6729,#6730,#6731,#6732,#6733,#6734,#6735,#6736,#6737,#6738,#6739,#6740,
#6741,#6742,#6743,#6744,#6745,#6746,#6747,#6748,#6749,#6750,#6751,#6752,
#6753,#6754,#6755,#6756,#6757,#6758,#6759,#6760,#6761,#6762,#6763,#6764,
#6765,#6766,#6767,#6768,#6769,#6770,#6771,#6772,#6773,#6774)),
 .UNSPECIFIED.,.F.,.F.,.F.)
B_SPLINE_SURFACE_WITH_KNOTS((2,2),(3,2,2,2,2,2,2,2,2,2,2,2,2,2,2,2,2,2,
2,2,2,2,2,2,2,2,2,2,2,2,2,2,2,2,2,2,2,3),(0.,1.),(0.,0.0238095238095238,
0.0476190476190476,0.0714285714285714,0.0952380952380952,0.119047619047619,
0.142857142857143,0.166666666666667,0.19047619047619,0.214285714285714,
0.238095238095238,0.261904761904762,0.285714285714286,0.309523809523809,
0.333333333333334,0.357142857142857,0.380952380952381,0.404761904761905,
0.428571428571428,0.452380952380952,0.476190476190476,0.5,0.523809523809524,
0.547619047619048,0.571428571428571,0.595238095238095,0.619047619047619,
0.642857142857143,0.666666666666667,0.690476190476191,0.714285714285714,
0.738095238095238,0.761904761904762,0.785714285714286,0.80952380952381,
0.833333333333333,0.857142857142857,0.862285714285714),
 .PIECEWISE_BEZIER_KNOTS.)
GEOMETRIC_REPRESENTATION_ITEM()
RATIONAL_B_SPLINE_SURFACE(((1.,0.866025403784439,1.,0.866025403784439,1.,
0.866025403784439,1.,0.866025403784439,1.,0.866025403784439,1.,0.866025403784439,
1.,0.866025403784439,1.,0.866025403784439,1.,0.866025403784439,1.,0.866025403784439,
1.,0.866025403784439,1.,0.866025403784439,1.,0.866025403784439,1.,0.866025403784439,
1.,0.866025403784439,1.,0.866025403784439,1.,0.866025403784439,1.,0.866025403784439,
1.,0.866025403784439,1.,0.866025403784439,1.,0.866025403784439,1.,0.866025403784439,
1.,0.866025403784439,1.,0.866025403784439,1.,0.866025403784439,1.,0.866025403784439,
1.,0.866025403784439,1.,0.866025403784439,1.,0.866025403784439,1.,0.866025403784439,
1.,0.866025403784439,1.,0.866025403784439,1.,0.866025403784439,1.,0.866025403784439,
1.,0.866025403784439,1.,0.866025403784439,1.,0.971061487217438,0.954624411956944),
(1.,0.866025403784439,1.,0.866025403784439,1.,0.866025403784439,1.,0.866025403784439,
1.,0.866025403784439,1.,0.866025403784439,1.,0.866025403784439,1.,0.866025403784439,
1.,0.866025403784439,1.,0.866025403784439,1.,0.866025403784439,1.,0.866025403784439,
1.,0.866025403784439,1.,0.866025403784439,1.,0.866025403784439,1.,0.866025403784439,
1.,0.866025403784439,1.,0.866025403784439,1.,0.866025403784439,1.,0.866025403784439,
1.,0.866025403784439,1.,0.866025403784439,1.,0.866025403784439,1.,0.866025403784439,
1.,0.866025403784439,1.,0.866025403784439,1.,0.866025403784439,1.,0.866025403784439,
1.,0.866025403784439,1.,0.866025403784439,1.,0.866025403784439,1.,0.866025403784439,
1.,0.866025403784439,1.,0.866025403784439,1.,0.866025403784439,1.,0.866025403784439,
1.,0.971061487217438,0.954624411956944)))
REPRESENTATION_ITEM('')
SURFACE()
);
#1281=(
BOUNDED_SURFACE()
B_SPLINE_SURFACE(3,1,((#6862,#6863),(#6864,#6865),(#6866,#6867),(#6868,
#6869)),.CYLINDRICAL_SURF.,.F.,.F.,.F.)
B_SPLINE_SURFACE_WITH_KNOTS((4,4),(2,2),(0.,0.5),(0.0500717639771287,0.18581382896661),
 .PIECEWISE_BEZIER_KNOTS.)
GEOMETRIC_REPRESENTATION_ITEM()
RATIONAL_B_SPLINE_SURFACE(((1.,1.),(0.333333333333333,0.333333333333333),
(0.333333333333333,0.333333333333333),(1.,1.)))
REPRESENTATION_ITEM('')
SURFACE()
);
#1282=(
BOUNDED_SURFACE()
B_SPLINE_SURFACE(3,1,((#7152,#7153),(#7154,#7155),(#7156,#7157),(#7158,
#7159)),.CYLINDRICAL_SURF.,.F.,.F.,.F.)
B_SPLINE_SURFACE_WITH_KNOTS((4,4),(2,2),(0.400151880780083,0.5),(0.0454545454545455,
0.0548741987414862),.PIECEWISE_BEZIER_KNOTS.)
GEOMETRIC_REPRESENTATION_ITEM()
RATIONAL_B_SPLINE_SURFACE(((0.680364698414369,0.680364698414369),(0.7603240738449,
0.7603240738449),(0.866869174373443,0.866869174373443),(1.,1.)))
REPRESENTATION_ITEM('')
SURFACE()
);
#1283=(
BOUNDED_SURFACE()
B_SPLINE_SURFACE(3,3,((#7171,#7172,#7173,#7174,#7175,#7176,#7177),(#7178,
#7179,#7180,#7181,#7182,#7183,#7184),(#7185,#7186,#7187,#7188,#7189,#7190,
#7191),(#7192,#7193,#7194,#7195,#7196,#7197,#7198)),.TOROIDAL_SURF.,.F.,
 .T.,.F.)
B_SPLINE_SURFACE_WITH_KNOTS((4,4),(4,3,4),(0.,1.),(0.,0.5,1.),
 .PIECEWISE_BEZIER_KNOTS.)
GEOMETRIC_REPRESENTATION_ITEM()
RATIONAL_B_SPLINE_SURFACE(((1.,0.333333333333333,0.333333333333333,1.,0.333333333333333,
0.333333333333333,1.),(0.686541976330886,0.228847325443629,0.228847325443629,
0.686541976330886,0.228847325443629,0.228847325443629,0.686541976330886),
(0.686541976330886,0.228847325443629,0.228847325443629,0.686541976330886,
0.228847325443629,0.228847325443629,0.686541976330886),(1.,0.333333333333333,
0.333333333333333,1.,0.333333333333333,0.333333333333333,1.)))
REPRESENTATION_ITEM('')
SURFACE()
);
#1284=ADVANCED_FACE('',(#1135),#1224,.F.);
#1285=ADVANCED_FACE('',(#1136),#1225,.F.);
#1286=ADVANCED_FACE('',(#1137),#1226,.F.);
#1287=ADVANCED_FACE('',(#1138),#1227,.F.);
#1288=ADVANCED_FACE('',(#1139),#1228,.F.);
#1289=ADVANCED_FACE('',(#1140),#1229,.F.);
#1290=ADVANCED_FACE('',(#1141),#1230,.F.);
#1291=ADVANCED_FACE('',(#1142),#1231,.F.);
#1292=ADVANCED_FACE('',(#1143),#1232,.F.);
#1293=ADVANCED_FACE('',(#1144),#1233,.F.);
#1294=ADVANCED_FACE('',(#1145),#1234,.F.);
#1295=ADVANCED_FACE('',(#1146),#1235,.F.);
#1296=ADVANCED_FACE('',(#1147),#1236,.F.);
#1297=ADVANCED_FACE('',(#1148),#1237,.F.);
#1298=ADVANCED_FACE('',(#1149),#1238,.F.);
#1299=ADVANCED_FACE('',(#1150),#1239,.F.);
#1300=ADVANCED_FACE('',(#1151),#1240,.F.);
#1301=ADVANCED_FACE('',(#1152),#1241,.F.);
#1302=ADVANCED_FACE('',(#1153),#1242,.F.);
#1303=ADVANCED_FACE('',(#1154),#1243,.F.);
#1304=ADVANCED_FACE('',(#1155),#1244,.F.);
#1305=ADVANCED_FACE('',(#1156),#1245,.F.);
#1306=ADVANCED_FACE('',(#1157),#1246,.F.);
#1307=ADVANCED_FACE('',(#1158),#1247,.F.);
#1308=ADVANCED_FACE('',(#1159),#1248,.F.);
#1309=ADVANCED_FACE('',(#1160),#1249,.F.);
#1310=ADVANCED_FACE('',(#1161),#1250,.T.);
#1311=ADVANCED_FACE('',(#1162),#1251,.T.);
#1312=ADVANCED_FACE('',(#1163),#1252,.T.);
#1313=ADVANCED_FACE('',(#1164),#1253,.T.);
#1314=ADVANCED_FACE('',(#1165),#1254,.F.);
#1315=ADVANCED_FACE('',(#1166),#1255,.F.);
#1316=ADVANCED_FACE('',(#1167),#1256,.F.);
#1317=ADVANCED_FACE('',(#1168),#1257,.F.);
#1318=ADVANCED_FACE('',(#1169),#1258,.F.);
#1319=ADVANCED_FACE('',(#1170),#1259,.T.);
#1320=ADVANCED_FACE('',(#1171),#1260,.T.);
#1321=ADVANCED_FACE('',(#1172),#12,.F.);
#1322=ADVANCED_FACE('',(#1173),#1261,.F.);
#1323=ADVANCED_FACE('',(#1174),#13,.F.);
#1324=ADVANCED_FACE('',(#1175),#14,.F.);
#1325=ADVANCED_FACE('',(#1176),#1262,.T.);
#1326=ADVANCED_FACE('',(#1177),#1263,.T.);
#1327=ADVANCED_FACE('',(#1178),#1264,.T.);
#1328=ADVANCED_FACE('',(#1179),#1265,.T.);
#1329=ADVANCED_FACE('',(#1180),#1266,.T.);
#1330=ADVANCED_FACE('',(#1181),#1267,.T.);
#1331=ADVANCED_FACE('',(#1182),#15,.T.);
#1332=ADVANCED_FACE('',(#1183),#1268,.T.);
#1333=ADVANCED_FACE('',(#1184),#1269,.T.);
#1334=ADVANCED_FACE('',(#1185),#16,.T.);
#1335=ADVANCED_FACE('',(#1186),#1270,.F.);
#1336=ADVANCED_FACE('',(#1187),#17,.T.);
#1337=ADVANCED_FACE('',(#1188),#1271,.F.);
#1338=ADVANCED_FACE('',(#1189),#18,.T.);
#1339=ADVANCED_FACE('',(#1190),#1272,.F.);
#1340=ADVANCED_FACE('',(#1191),#19,.T.);
#1341=ADVANCED_FACE('',(#1192),#1273,.F.);
#1342=ADVANCED_FACE('',(#1193),#20,.T.);
#1343=ADVANCED_FACE('',(#1194),#1274,.F.);
#1344=ADVANCED_FACE('',(#1195),#21,.T.);
#1345=ADVANCED_FACE('',(#1196,#1197,#1198,#1199,#1200,#1201),#22,.T.);
#1346=ADVANCED_FACE('',(#1202),#1275,.F.);
#1347=ADVANCED_FACE('',(#1203),#23,.T.);
#1348=ADVANCED_FACE('',(#1204),#1276,.T.);
#1349=ADVANCED_FACE('',(#1205),#24,.F.);
#1350=ADVANCED_FACE('',(#1206),#25,.F.);
#1351=ADVANCED_FACE('',(#1207),#1277,.F.);
#1352=ADVANCED_FACE('',(#1208),#1278,.T.);
#1353=ADVANCED_FACE('',(#1209),#1279,.T.);
#1354=ADVANCED_FACE('',(#1210),#26,.F.);
#1355=ADVANCED_FACE('',(#1211),#27,.F.);
#1356=ADVANCED_FACE('',(#1212,#1213),#28,.T.);
#1357=ADVANCED_FACE('',(#1214),#1280,.F.);
#1358=ADVANCED_FACE('',(#1215),#1281,.F.);
#1359=ADVANCED_FACE('',(#1216),#29,.F.);
#1360=ADVANCED_FACE('',(#1217),#30,.F.);
#1361=ADVANCED_FACE('',(#1218),#31,.F.);
#1362=ADVANCED_FACE('',(#1219),#1282,.F.);
#1363=ADVANCED_FACE('',(#1220,#1221),#32,.T.);
#1364=ADVANCED_FACE('',(#1222),#33,.T.);
#1365=ADVANCED_FACE('',(#1223),#1283,.F.);
#1366=CLOSED_SHELL('',(#1284,#1285,#1286,#1287,#1288,#1289,#1290,#1291,
#1292,#1293,#1294,#1295,#1296,#1297,#1298,#1299,#1300,#1301,#1302,#1303,
#1304,#1305,#1306,#1307,#1308,#1309,#1310,#1311,#1312,#1313,#1314,#1315,
#1316,#1317,#1318,#1319,#1320,#1321,#1322,#1323,#1324,#1325,#1326,#1327,
#1328,#1329,#1330,#1331,#1332,#1333,#1334,#1335,#1336,#1337,#1338,#1339,
#1340,#1341,#1342,#1343,#1344,#1345,#1346,#1347,#1348,#1349,#1350,#1351,
#1352,#1353,#1354,#1355,#1356,#1357,#1358,#1359,#1360,#1361,#1362,#1363,
#1364,#1365));
#1367=STYLED_ITEM('',(#1368),#1375);
#1368=PRESENTATION_STYLE_ASSIGNMENT((#1369));
#1369=SURFACE_STYLE_USAGE(.BOTH.,#1370);
#1370=SURFACE_SIDE_STYLE('',(#1371));
#1371=SURFACE_STYLE_FILL_AREA(#1372);
#1372=FILL_AREA_STYLE('',(#1373));
#1373=FILL_AREA_STYLE_COLOUR('',#1374);
#1374=COLOUR_RGB('',0.917647058823529,0.917647058823529,0.917647058823529);
#1375=MANIFOLD_SOLID_BREP('new v2 concept v48',#1366);
#1376=SHAPE_DEFINITION_REPRESENTATION(#7205,#1377);
#1377=SHAPE_REPRESENTATION('new v2 concept v48',(#1378),#7200);
#1378=AXIS2_PLACEMENT_3D('',#1606,#1444,#1445);
#1379=AXIS2_PLACEMENT_3D('',#1635,#1446,#1447);
#1380=AXIS2_PLACEMENT_3D('',#1643,#1448,#1449);
#1381=AXIS2_PLACEMENT_3D('',#1657,#1450,#1451);
#1382=AXIS2_PLACEMENT_3D('',#3840,#1452,#1453);
#1383=AXIS2_PLACEMENT_3D('',#4869,#1454,#1455);
#1384=AXIS2_PLACEMENT_3D('',#5761,#1456,#1457);
#1385=AXIS2_PLACEMENT_3D('',#5770,#1458,#1459);
#1386=AXIS2_PLACEMENT_3D('',#5776,#1460,#1461);
#1387=AXIS2_PLACEMENT_3D('',#5781,#1462,#1463);
#1388=AXIS2_PLACEMENT_3D('',#5785,#1465,#1466);
#1389=AXIS2_PLACEMENT_3D('',#5796,#1468,#1469);
#1390=AXIS2_PLACEMENT_3D('',#5801,#1470,#1471);
#1391=AXIS2_PLACEMENT_3D('',#5812,#1472,#1473);
#1392=AXIS2_PLACEMENT_3D('',#5839,#1474,#1475);
#1393=AXIS2_PLACEMENT_3D('',#5847,#1476,#1477);
#1394=AXIS2_PLACEMENT_3D('',#5861,#1478,#1479);
#1395=AXIS2_PLACEMENT_3D('',#5867,#1480,#1481);
#1396=AXIS2_PLACEMENT_3D('',#5879,#1482,#1483);
#1397=AXIS2_PLACEMENT_3D('',#5885,#1484,#1485);
#1398=AXIS2_PLACEMENT_3D('',#5897,#1486,#1487);
#1399=AXIS2_PLACEMENT_3D('',#5903,#1488,#1489);
#1400=AXIS2_PLACEMENT_3D('',#5915,#1490,#1491);
#1401=AXIS2_PLACEMENT_3D('',#5921,#1492,#1493);
#1402=AXIS2_PLACEMENT_3D('',#5933,#1494,#1495);
#1403=AXIS2_PLACEMENT_3D('',#5939,#1496,#1497);
#1404=AXIS2_PLACEMENT_3D('',#5951,#1498,#1499);
#1405=AXIS2_PLACEMENT_3D('',#5957,#1500,#1501);
#1406=AXIS2_PLACEMENT_3D('',#5968,#1503,#1504);
#1407=AXIS2_PLACEMENT_3D('',#5973,#1505,#1506);
#1408=AXIS2_PLACEMENT_3D('',#6007,#1511,#1512);
#1409=AXIS2_PLACEMENT_3D('',#6017,#1514,#1515);
#1410=AXIS2_PLACEMENT_3D('',#6127,#1534,#1535);
#1411=AXIS2_PLACEMENT_3D('',#6129,#1536,#1537);
#1412=AXIS2_PLACEMENT_3D('',#6130,#1538,#1539);
#1413=AXIS2_PLACEMENT_3D('',#6132,#1540,#1541);
#1414=AXIS2_PLACEMENT_3D('',#6150,#1543,#1544);
#1415=AXIS2_PLACEMENT_3D('',#6151,#1545,#1546);
#1416=AXIS2_PLACEMENT_3D('',#6160,#1547,#1548);
#1417=AXIS2_PLACEMENT_3D('',#6175,#1549,#1550);
#1418=AXIS2_PLACEMENT_3D('',#6177,#1551,#1552);
#1419=AXIS2_PLACEMENT_3D('',#6178,#1553,#1554);
#1420=AXIS2_PLACEMENT_3D('',#6183,#1555,#1556);
#1421=AXIS2_PLACEMENT_3D('',#6185,#1557,#1558);
#1422=AXIS2_PLACEMENT_3D('',#6194,#1559,#1560);
#1423=AXIS2_PLACEMENT_3D('',#6195,#1561,#1562);
#1424=AXIS2_PLACEMENT_3D('',#6210,#1563,#1564);
#1425=AXIS2_PLACEMENT_3D('',#6212,#1565,#1566);
#1426=AXIS2_PLACEMENT_3D('',#6217,#1567,#1568);
#1427=AXIS2_PLACEMENT_3D('',#6226,#1569,#1570);
#1428=AXIS2_PLACEMENT_3D('',#6231,#1571,#1572);
#1429=AXIS2_PLACEMENT_3D('',#6240,#1573,#1574);
#1430=AXIS2_PLACEMENT_3D('',#6245,#1575,#1576);
#1431=AXIS2_PLACEMENT_3D('',#6254,#1577,#1578);
#1432=AXIS2_PLACEMENT_3D('',#6259,#1579,#1580);
#1433=AXIS2_PLACEMENT_3D('',#6268,#1581,#1582);
#1434=AXIS2_PLACEMENT_3D('',#6273,#1583,#1584);
#1435=AXIS2_PLACEMENT_3D('',#6282,#1585,#1586);
#1436=AXIS2_PLACEMENT_3D('',#6291,#1587,#1588);
#1437=AXIS2_PLACEMENT_3D('',#6293,#1589,#1590);
#1438=AXIS2_PLACEMENT_3D('',#6349,#1591,#1592);
#1439=AXIS2_PLACEMENT_3D('',#6350,#1593,#1594);
#1440=AXIS2_PLACEMENT_3D('',#6608,#1596,#1597);
#1441=AXIS2_PLACEMENT_3D('',#7160,#1600,#1601);
#1442=AXIS2_PLACEMENT_3D('',#7165,#1602,#1603);
#1443=AXIS2_PLACEMENT_3D('',#7170,#1604,#1605);
#1444=DIRECTION('',(0.,0.,1.));
#1445=DIRECTION('',(1.,0.,0.));
#1446=DIRECTION('',(0.,0.,1.));
#1447=DIRECTION('',(1.,0.,0.));
#1448=DIRECTION('',(0.,0.,1.));
#1449=DIRECTION('',(1.,0.,0.));
#1450=DIRECTION('',(0.,0.,1.));
#1451=DIRECTION('',(1.,0.,0.));
#1452=DIRECTION('',(0.,0.,-1.));
#1453=DIRECTION('',(-1.,0.,0.));
#1454=DIRECTION('',(0.,0.,1.));
#1455=DIRECTION('',(1.,0.,0.));
#1456=DIRECTION('',(0.,0.,1.));
#1457=DIRECTION('',(1.,0.,0.));
#1458=DIRECTION('',(0.,0.,1.));
#1459=DIRECTION('',(1.,0.,0.));
#1460=DIRECTION('',(0.,0.,1.));
#1461=DIRECTION('',(1.,0.,0.));
#1462=DIRECTION('',(0.,0.,1.));
#1463=DIRECTION('',(1.,0.,0.));
#1464=DIRECTION('',(0.,0.,1.));
#1465=DIRECTION('',(0.,0.,-1.));
#1466=DIRECTION('',(-1.,0.,0.));
#1467=DIRECTION('',(0.,0.,1.));
#1468=DIRECTION('',(0.,0.,-1.));
#1469=DIRECTION('',(-1.,0.,0.));
#1470=DIRECTION('',(0.,0.,1.));
#1471=DIRECTION('',(1.,0.,0.));
#1472=DIRECTION('',(0.,0.,-1.));
#1473=DIRECTION('',(-1.,0.,0.));
#1474=DIRECTION('',(0.,0.,1.));
#1475=DIRECTION('',(1.,0.,0.));
#1476=DIRECTION('',(0.,0.,1.));
#1477=DIRECTION('',(1.,0.,0.));
#1478=DIRECTION('',(0.,0.,1.));
#1479=DIRECTION('',(-1.,-1.22464679914735E-16,0.));
#1480=DIRECTION('',(0.,0.,1.));
#1481=DIRECTION('',(-1.,-1.22464679914735E-16,0.));
#1482=DIRECTION('',(0.,0.,1.));
#1483=DIRECTION('',(-1.,-1.22464679914735E-16,0.));
#1484=DIRECTION('',(0.,0.,1.));
#1485=DIRECTION('',(-1.,0.,0.));
#1486=DIRECTION('',(0.,0.,1.));
#1487=DIRECTION('',(-1.,-1.22464679914735E-16,0.));
#1488=DIRECTION('',(0.,0.,1.));
#1489=DIRECTION('',(-1.,0.,0.));
#1490=DIRECTION('',(0.,0.,1.));
#1491=DIRECTION('',(-1.,-1.22464679914735E-16,0.));
#1492=DIRECTION('',(0.,0.,1.));
#1493=DIRECTION('',(-1.,-1.22464679914735E-16,0.));
#1494=DIRECTION('',(0.,0.,1.));
#1495=DIRECTION('',(-1.,-1.22464679914735E-16,0.));
#1496=DIRECTION('',(0.,0.,1.));
#1497=DIRECTION('',(-1.,0.,0.));
#1498=DIRECTION('',(0.,0.,1.));
#1499=DIRECTION('',(1.,0.,0.));
#1500=DIRECTION('',(0.,0.,1.));
#1501=DIRECTION('',(1.,1.22464679914735E-16,0.));
#1502=DIRECTION('',(0.,0.,-1.));
#1503=DIRECTION('',(0.,0.,1.));
#1504=DIRECTION('',(1.,0.,0.));
#1505=DIRECTION('',(0.,0.,1.));
#1506=DIRECTION('',(1.,0.,0.));
#1507=DIRECTION('',(1.,6.40318891449902E-17,0.));
#1508=DIRECTION('',(1.,6.40318891449902E-17,0.));
#1509=DIRECTION('',(0.,0.,-1.));
#1510=DIRECTION('',(1.,6.40318891449902E-17,0.));
#1511=DIRECTION('',(0.,0.,1.));
#1512=DIRECTION('',(1.,0.,0.));
#1513=DIRECTION('',(0.,0.,1.));
#1514=DIRECTION('',(0.,0.,-1.));
#1515=DIRECTION('',(-1.,0.,0.));
#1516=DIRECTION('',(0.,0.,1.));
#1517=DIRECTION('',(0.710505153405847,-0.703691997242923,0.));
#1518=DIRECTION('',(0.710505153405847,-0.703691997242923,0.));
#1519=DIRECTION('',(0.,0.,-1.));
#1520=DIRECTION('',(-0.710505153405847,0.703691997242923,0.));
#1521=DIRECTION('',(0.,0.,1.));
#1522=DIRECTION('',(0.710505153405847,-0.703691997242923,0.));
#1523=DIRECTION('',(-0.710505153405847,0.703691997242923,0.));
#1524=DIRECTION('',(0.,0.,1.));
#1525=DIRECTION('',(-0.710505153405847,0.703691997242923,0.));
#1526=DIRECTION('',(0.,0.,1.));
#1527=DIRECTION('',(0.710505153405847,-0.703691997242923,0.));
#1528=DIRECTION('',(-0.710505153405847,0.703691997242923,0.));
#1529=DIRECTION('',(0.,0.,1.));
#1530=DIRECTION('',(0.710505153405847,-0.703691997242923,0.));
#1531=DIRECTION('',(0.,0.,-1.));
#1532=DIRECTION('',(0.710505153405847,-0.703691997242923,0.));
#1533=DIRECTION('',(0.710505153405847,-0.703691997242923,0.));
#1534=DIRECTION('',(-0.701063648733416,0.713098634266535,-0.000313419514879287));
#1535=DIRECTION('',(-0.000250659345369833,0.000193088778073084,0.999999949943307));
#1536=DIRECTION('',(0.,0.,-1.));
#1537=DIRECTION('',(-1.,0.,0.));
#1538=DIRECTION('',(0.,0.,-1.));
#1539=DIRECTION('',(0.717485403564504,-0.696573539313604,0.));
#1540=DIRECTION('',(0.,0.,-1.));
#1541=DIRECTION('',(0.717485403564504,-0.696573539313604,0.));
#1542=DIRECTION('',(-0.710505153405847,0.703691997242923,0.));
#1543=DIRECTION('',(0.,0.,1.));
#1544=DIRECTION('',(1.,0.,0.));
#1545=DIRECTION('',(0.,0.,1.));
#1546=DIRECTION('',(1.,0.,0.));
#1547=DIRECTION('',(0.,0.,1.));
#1548=DIRECTION('',(1.,0.,0.));
#1549=DIRECTION('',(0.,0.,1.));
#1550=DIRECTION('',(1.,0.,0.));
#1551=DIRECTION('',(0.,0.,1.));
#1552=DIRECTION('',(1.,0.,0.));
#1553=DIRECTION('',(0.,0.,1.));
#1554=DIRECTION('',(1.,0.,0.));
#1555=DIRECTION('',(0.,0.,1.));
#1556=DIRECTION('',(1.,0.,0.));
#1557=DIRECTION('',(0.,0.,1.));
#1558=DIRECTION('',(1.,0.,0.));
#1559=DIRECTION('',(0.,0.,1.));
#1560=DIRECTION('',(1.,0.,0.));
#1561=DIRECTION('',(0.,0.,1.));
#1562=DIRECTION('',(1.,1.22464679914735E-16,0.));
#1563=DIRECTION('',(0.,0.,1.));
#1564=DIRECTION('',(1.,1.22464679914735E-16,0.));
#1565=DIRECTION('',(0.,0.,1.));
#1566=DIRECTION('',(1.,1.22464679914735E-16,0.));
#1567=DIRECTION('',(0.,0.,1.));
#1568=DIRECTION('',(-1.,0.,0.));
#1569=DIRECTION('',(0.,0.,1.));
#1570=DIRECTION('',(-1.,-1.22464679914735E-16,0.));
#1571=DIRECTION('',(0.,0.,1.));
#1572=DIRECTION('',(-1.,-1.22464679914735E-16,0.));
#1573=DIRECTION('',(0.,0.,1.));
#1574=DIRECTION('',(-1.,-1.22464679914735E-16,0.));
#1575=DIRECTION('',(0.,0.,1.));
#1576=DIRECTION('',(-1.,0.,0.));
#1577=DIRECTION('',(0.,0.,1.));
#1578=DIRECTION('',(-1.,-1.22464679914735E-16,0.));
#1579=DIRECTION('',(0.,0.,1.));
#1580=DIRECTION('',(-1.,0.,0.));
#1581=DIRECTION('',(0.,0.,1.));
#1582=DIRECTION('',(-1.,-1.22464679914735E-16,0.));
#1583=DIRECTION('',(0.,0.,1.));
#1584=DIRECTION('',(-1.,-1.22464679914735E-16,0.));
#1585=DIRECTION('',(0.,0.,1.));
#1586=DIRECTION('',(-1.,-1.22464679914735E-16,0.));
#1587=DIRECTION('',(0.,0.,1.));
#1588=DIRECTION('',(1.,1.22464679914735E-16,0.));
#1589=DIRECTION('',(0.,0.,1.));
#1590=DIRECTION('',(1.,1.22464679914735E-16,0.));
#1591=DIRECTION('',(0.,0.,-1.));
#1592=DIRECTION('',(-1.,0.,0.));
#1593=DIRECTION('',(0.,0.,1.));
#1594=DIRECTION('',(1.,0.,0.));
#1595=DIRECTION('',(-0.965925826289068,0.,0.258819045102521));
#1596=DIRECTION('',(0.,0.,1.));
#1597=DIRECTION('',(1.,0.,0.));
#1598=DIRECTION('',(0.965925826289068,0.,0.258819045102521));
#1599=DIRECTION('',(0.,0.,1.));
#1600=DIRECTION('',(0.,0.,1.));
#1601=DIRECTION('',(1.,0.,0.));
#1602=DIRECTION('',(0.,0.,1.));
#1603=DIRECTION('',(1.,0.,0.));
#1604=DIRECTION('',(0.,0.,1.));
#1605=DIRECTION('',(1.,0.,0.));
#1606=CARTESIAN_POINT('',(0.,0.,0.));
#1607=CARTESIAN_POINT('',(0.00473118411109838,4.33680868994202E-19,0.0171710430412724));
#1608=CARTESIAN_POINT('',(0.00473118411109838,0.00946236822219676,0.0171710430412724));
#1609=CARTESIAN_POINT('',(-0.00473118411109838,0.00946236822219676,0.0171710430412724));
#1610=CARTESIAN_POINT('',(-0.00473118411109838,4.33680868994202E-19,0.0171710430412724));
#1611=CARTESIAN_POINT('',(-0.00473118411109838,-0.00946236822219676,0.0171710430412724));
#1612=CARTESIAN_POINT('',(0.00473118411109838,-0.00946236822219676,0.0171710430412724));
#1613=CARTESIAN_POINT('',(0.00473118411109838,4.33680868994202E-19,0.0171710430412724));
#1614=CARTESIAN_POINT('',(0.00879785153265156,4.33680868994202E-19,0.0165240788150777));
#1615=CARTESIAN_POINT('',(0.00879785153265156,0.0175957030653031,0.0165240788150777));
#1616=CARTESIAN_POINT('',(-0.00879785153265156,0.0175957030653031,0.0165240788150777));
#1617=CARTESIAN_POINT('',(-0.00879785153265156,4.33680868994202E-19,0.0165240788150777));
#1618=CARTESIAN_POINT('',(-0.00879785153265156,-0.0175957030653031,0.0165240788150777));
#1619=CARTESIAN_POINT('',(0.00879785153265156,-0.0175957030653031,0.0165240788150777));
#1620=CARTESIAN_POINT('',(0.00879785153265156,4.33680868994202E-19,0.0165240788150777));
#1621=CARTESIAN_POINT('',(0.0104037249069778,4.33680868994202E-19,0.0127323091315226));
#1622=CARTESIAN_POINT('',(0.0104037249069778,0.0208074498139555,0.0127323091315226));
#1623=CARTESIAN_POINT('',(-0.0104037249069778,0.0208074498139555,0.0127323091315226));
#1624=CARTESIAN_POINT('',(-0.0104037249069778,4.33680868994202E-19,0.0127323091315226));
#1625=CARTESIAN_POINT('',(-0.0104037249069778,-0.0208074498139555,0.0127323091315226));
#1626=CARTESIAN_POINT('',(0.0104037249069778,-0.0208074498139555,0.0127323091315226));
#1627=CARTESIAN_POINT('',(0.0104037249069778,4.33680868994202E-19,0.0127323091315226));
#1628=CARTESIAN_POINT('',(0.00803868255153954,4.33680868994202E-19,0.00936141588425397));
#1629=CARTESIAN_POINT('',(0.00803868255153954,0.0160773651030791,0.00936141588425397));
#1630=CARTESIAN_POINT('',(-0.00803868255153954,0.0160773651030791,0.00936141588425397));
#1631=CARTESIAN_POINT('',(-0.00803868255153954,4.33680868994202E-19,0.00936141588425397));
#1632=CARTESIAN_POINT('',(-0.00803868255153954,-0.0160773651030791,0.00936141588425397));
#1633=CARTESIAN_POINT('',(0.00803868255153954,-0.0160773651030791,0.00936141588425397));
#1634=CARTESIAN_POINT('',(0.00803868255153954,4.33680868994202E-19,0.00936141588425397));
#1635=CARTESIAN_POINT('',(1.7347234759768E-18,4.33680868994202E-19,0.017));
#1636=CARTESIAN_POINT('',(0.00545460524662687,4.33680868994202E-19,0.017));
#1637=CARTESIAN_POINT('',(-0.00545460524662687,4.33680868994202E-19,0.017));
#1638=CARTESIAN_POINT('',(-0.00473118411109838,4.33680868994202E-19,0.0171710430412724));
#1639=CARTESIAN_POINT('',(-0.00879785153265156,4.33680868994202E-19,0.0165240788150777));
#1640=CARTESIAN_POINT('',(-0.0104037249069778,4.33680868994202E-19,0.0127323091315226));
#1641=CARTESIAN_POINT('',(-0.00803868255153954,4.33680868994202E-19,0.00936141588425397));
#1642=CARTESIAN_POINT('',(-0.00841921400676225,4.33680868994202E-19,0.01));
#1643=CARTESIAN_POINT('',(1.7347234759768E-18,4.33680868994202E-19,0.01));
#1644=CARTESIAN_POINT('',(0.00841921400676225,4.33680868994202E-19,0.01));
#1645=CARTESIAN_POINT('',(0.00473118411109838,4.33680868994202E-19,0.0171710430412724));
#1646=CARTESIAN_POINT('',(0.00879785153265156,4.33680868994202E-19,0.0165240788150777));
#1647=CARTESIAN_POINT('',(0.0104037249069778,4.33680868994202E-19,0.0127323091315226));
#1648=CARTESIAN_POINT('',(0.00803868255153954,4.33680868994202E-19,0.00936141588425397));
#1649=CARTESIAN_POINT('',(-0.006,1.48845613046368E-18,0.017));
#1650=CARTESIAN_POINT('',(-0.006,1.48845613046368E-18,0.018006));
#1651=CARTESIAN_POINT('',(-0.006,-0.012,0.017));
#1652=CARTESIAN_POINT('',(-0.006,-0.012,0.018006));
#1653=CARTESIAN_POINT('',(0.006,-0.012,0.017));
#1654=CARTESIAN_POINT('',(0.006,-0.012,0.018006));
#1655=CARTESIAN_POINT('',(0.006,7.53668050975267E-19,0.017));
#1656=CARTESIAN_POINT('',(0.006,7.53668050975267E-19,0.018006));
#1657=CARTESIAN_POINT('',(0.,7.53668050975267E-19,0.017));
#1658=CARTESIAN_POINT('',(-0.006,1.48845613046368E-18,0.017));
#1659=CARTESIAN_POINT('',(0.00599956996508111,-7.57654848616482E-6,0.0170046601644125));
#1660=CARTESIAN_POINT('',(-0.006,1.48845613046368E-18,0.01635));
#1661=CARTESIAN_POINT('',(-0.006,1.48845613046368E-18,0.03065));
#1662=CARTESIAN_POINT('',(-0.006,-2.07654187581868E-14,0.0171338976560669));
#1663=CARTESIAN_POINT('',(0.006,7.53668050975267E-19,0.018));
#1664=CARTESIAN_POINT('',(0.006,-0.000792866219419747,0.0179635827541332));
#1665=CARTESIAN_POINT('',(0.00568625221466368,-0.00235375086713063,0.0178918284686807));
#1666=CARTESIAN_POINT('',(0.00391013452416025,-0.00502595490866341,0.0177472544865354));
#1667=CARTESIAN_POINT('',(5.76094097988692E-6,-0.00664863733447962,0.017567107763328));
#1668=CARTESIAN_POINT('',(-0.00470132863622006,-0.00470402998983695,0.0173504737400888));
#1669=CARTESIAN_POINT('',(-0.00599999999999458,-0.00156670317407713,0.0172060761196898));
#1670=CARTESIAN_POINT('',(-0.006,-2.07654187581868E-14,0.0171338976560668));
#1671=CARTESIAN_POINT('',(0.006,7.53668050975267E-19,0.018));
#1672=CARTESIAN_POINT('',(0.006,7.53668050975267E-19,0.01635));
#1673=CARTESIAN_POINT('',(0.006,7.53668050975267E-19,0.03065));
#1674=CARTESIAN_POINT('',(-0.006,1.48845613046368E-18,0.0181321043060637));
#1675=CARTESIAN_POINT('',(-0.006,1.48845613046368E-18,0.0200111405309778));
#1676=CARTESIAN_POINT('',(-0.006,-0.012,0.0181321043060637));
#1677=CARTESIAN_POINT('',(-0.006,-0.012,0.0200111405309777));
#1678=CARTESIAN_POINT('',(0.006,-0.012,0.0181321043060637));
#1679=CARTESIAN_POINT('',(0.006,-0.012,0.0200111405309777));
#1680=CARTESIAN_POINT('',(0.006,7.53668050975267E-19,0.0181321043060637));
#1681=CARTESIAN_POINT('',(0.006,7.53668050975267E-19,0.0200111405309778));
#1682=CARTESIAN_POINT('',(-0.006,7.03570483763633E-19,0.0181432448370415));
#1683=CARTESIAN_POINT('',(-0.006,-0.00156688692262743,0.018237292729322));
#1684=CARTESIAN_POINT('',(-0.00470471236425517,-0.00469618312489415,0.018426617279337));
#1685=CARTESIAN_POINT('',(-6.85138029751351E-6,-0.00665136022952184,0.0187097154397331));
#1686=CARTESIAN_POINT('',(0.00469852265399735,-0.0046983602814654,0.0189937417989554));
#1687=CARTESIAN_POINT('',(0.006,-0.00158538439430385,0.019181971999348));
#1688=CARTESIAN_POINT('',(0.006,7.53668050975267E-19,0.0192772983848622));
#1689=CARTESIAN_POINT('',(-0.006,6.76465429451495E-19,0.0181432448370415));
#1690=CARTESIAN_POINT('',(0.006,7.53668050975267E-19,0.0192772983848622));
#1691=CARTESIAN_POINT('',(-0.006,1.48845613046368E-18,0.01635));
#1692=CARTESIAN_POINT('',(-0.006,1.48845613046368E-18,0.03065));
#1693=CARTESIAN_POINT('',(-0.006,1.48845613046368E-18,0.019));
#1694=CARTESIAN_POINT('',(0.006,7.53668050975267E-19,0.018));
#1695=CARTESIAN_POINT('',(0.006,0.00346410161513775,0.0181666666666667));
#1696=CARTESIAN_POINT('',(0.003,0.00519615242270663,0.0183333333333334));
#1697=CARTESIAN_POINT('',(4.24230095489963E-19,0.00692820323027551,0.0185));
#1698=CARTESIAN_POINT('',(-0.003,0.00519615242270663,0.0186666666666667));
#1699=CARTESIAN_POINT('',(-0.006,0.00346410161513775,0.0188333333333334));
#1700=CARTESIAN_POINT('',(-0.006,1.48845613046368E-18,0.019));
#1701=CARTESIAN_POINT('',(-0.006,-0.00346410161513775,0.0191666666666667));
#1702=CARTESIAN_POINT('',(-0.003,-0.00519615242270663,0.0193333333333334));
#1703=CARTESIAN_POINT('',(-1.27269028646989E-18,-0.00692820323027551,0.0195));
#1704=CARTESIAN_POINT('',(0.003,-0.00519615242270663,0.0196666666666666));
#1705=CARTESIAN_POINT('',(0.006,-0.00346410161513775,0.0198333333333333));
#1706=CARTESIAN_POINT('',(0.006,-7.15908108001557E-19,0.02));
#1707=CARTESIAN_POINT('',(0.00600000000000001,0.00346410161513775,0.0201666666666667));
#1708=CARTESIAN_POINT('',(0.003,0.00519615242270663,0.0203333333333334));
#1709=CARTESIAN_POINT('',(8.27463107387721E-18,0.00692820323027551,0.0205));
#1710=CARTESIAN_POINT('',(-0.003,0.00519615242270664,0.0206666666666666));
#1711=CARTESIAN_POINT('',(-0.006,0.00346410161513775,0.0208333333333333));
#1712=CARTESIAN_POINT('',(-0.006,2.9580322894405E-18,0.021));
#1713=CARTESIAN_POINT('',(-0.00600000000000001,-0.00346410161513775,0.0211666666666666));
#1714=CARTESIAN_POINT('',(-0.003,-0.00519615242270663,0.0213333333333333));
#1715=CARTESIAN_POINT('',(-2.96961066842974E-18,-0.00692820323027551,0.0215));
#1716=CARTESIAN_POINT('',(0.003,-0.00519615242270664,0.0216666666666667));
#1717=CARTESIAN_POINT('',(0.006,-0.00346410161513775,0.0218333333333333));
#1718=CARTESIAN_POINT('',(0.006,-2.18548426697838E-18,0.022));
#1719=CARTESIAN_POINT('',(0.00600000000000001,0.00346410161513775,0.0221666666666667));
#1720=CARTESIAN_POINT('',(0.003,0.00519615242270663,0.0223333333333334));
#1721=CARTESIAN_POINT('',(1.61250320522645E-17,0.00692820323027551,0.0225));
#1722=CARTESIAN_POINT('',(-0.003,0.00519615242270664,0.0226666666666667));
#1723=CARTESIAN_POINT('',(-0.006,0.00346410161513775,0.0228333333333333));
#1724=CARTESIAN_POINT('',(-0.006,1.50857494848188E-17,0.023));
#1725=CARTESIAN_POINT('',(-0.00600000000000001,-0.00346410161513775,0.0231666666666667));
#1726=CARTESIAN_POINT('',(-0.003,-0.00519615242270663,0.0233333333333333));
#1727=CARTESIAN_POINT('',(-1.69734922432444E-17,-0.00692820323027551,0.0235));
#1728=CARTESIAN_POINT('',(0.003,-0.00519615242270664,0.0236666666666667));
#1729=CARTESIAN_POINT('',(0.00599999999999998,-0.00346410161513775,0.0238333333333333));
#1730=CARTESIAN_POINT('',(0.006,-3.65506042595521E-18,0.024));
#1731=CARTESIAN_POINT('',(0.00600000000000001,0.00346410161513775,0.0241666666666667));
#1732=CARTESIAN_POINT('',(0.003,0.00519615242270663,0.0243333333333333));
#1733=CARTESIAN_POINT('',(1.78219524342243E-17,0.00692820323027551,0.0245));
#1734=CARTESIAN_POINT('',(-0.003,0.00519615242270664,0.0246666666666667));
#1735=CARTESIAN_POINT('',(-0.00599999999999998,0.00346410161513775,0.0248333333333333));
#1736=CARTESIAN_POINT('',(-0.006,5.89718460739415E-18,0.025));
#1737=CARTESIAN_POINT('',(-0.00600000000000001,-0.00346410161513775,0.0251666666666666));
#1738=CARTESIAN_POINT('',(-0.003,-0.00519615242270663,0.0253333333333334));
#1739=CARTESIAN_POINT('',(-1.86704126252043E-17,-0.00692820323027551,0.0255));
#1740=CARTESIAN_POINT('',(0.003,-0.00519615242270664,0.0256666666666667));
#1741=CARTESIAN_POINT('',(0.00599999999999998,-0.00346410161513775,0.0258333333333333));
#1742=CARTESIAN_POINT('',(0.006,-5.12463658493203E-18,0.026));
#1743=CARTESIAN_POINT('',(0.00600000000000001,0.00346410161513775,0.0261666666666666));
#1744=CARTESIAN_POINT('',(0.003,0.00519615242270663,0.0263333333333334));
#1745=CARTESIAN_POINT('',(1.95188728161842E-17,0.00692820323027551,0.0265));
#1746=CARTESIAN_POINT('',(-0.003,0.00519615242270664,0.0266666666666667));
#1747=CARTESIAN_POINT('',(-0.00599999999999998,0.00346410161513775,0.0268333333333333));
#1748=CARTESIAN_POINT('',(-0.006,2.8683042839174E-17,0.027));
#1749=CARTESIAN_POINT('',(-0.00600000000000001,-0.00346410161513775,0.0271666666666667));
#1750=CARTESIAN_POINT('',(-0.003,-0.00519615242270663,0.0273333333333333));
#1751=CARTESIAN_POINT('',(-2.03673330071641E-17,-0.00692820323027551,0.0275));
#1752=CARTESIAN_POINT('',(0.003,-0.00519615242270664,0.0276666666666667));
#1753=CARTESIAN_POINT('',(0.00599999999999998,-0.00346410161513775,0.0278333333333334));
#1754=CARTESIAN_POINT('',(0.006,-2.79104948167119E-17,0.028));
#1755=CARTESIAN_POINT('',(0.00600000000000001,0.00346410161513775,0.0281666666666667));
#1756=CARTESIAN_POINT('',(0.003,0.00519615242270663,0.0283333333333333));
#1757=CARTESIAN_POINT('',(4.58297155838536E-17,0.00692820323027551,0.0285));
#1758=CARTESIAN_POINT('',(-0.003,0.00519615242270665,0.0286666666666667));
#1759=CARTESIAN_POINT('',(-0.006,0.00346410161513775,0.0288333333333333));
#1760=CARTESIAN_POINT('',(-0.006,3.01526189981508E-17,0.029));
#1761=CARTESIAN_POINT('',(-0.00600000000000001,-0.00346410161513775,0.0291666666666667));
#1762=CARTESIAN_POINT('',(-0.00300000000000004,-0.00519615242270661,0.0293333333333334));
#1763=CARTESIAN_POINT('',(-2.2064253389124E-17,-0.00692820323027551,0.0295));
#1764=CARTESIAN_POINT('',(0.00299999999999996,-0.00519615242270665,0.0296666666666667));
#1765=CARTESIAN_POINT('',(0.00599999999999998,-0.00346410161513775,0.0298333333333333));
#1766=CARTESIAN_POINT('',(0.006,-8.06378890288568E-18,0.03));
#1767=CARTESIAN_POINT('',(0.00600000000000002,0.00346410161513775,0.0301666666666666));
#1768=CARTESIAN_POINT('',(0.003,0.00519615242270663,0.0303333333333334));
#1769=CARTESIAN_POINT('',(4.75266359658135E-17,0.00692820323027551,0.0305));
#1770=CARTESIAN_POINT('',(-0.003,0.00519615242270665,0.0306666666666667));
#1771=CARTESIAN_POINT('',(-0.006,0.00346410161513775,0.0308333333333333));
#1772=CARTESIAN_POINT('',(-0.006,3.16221951571276E-17,0.031));
#1773=CARTESIAN_POINT('',(-0.00600000000000001,-0.00346410161513775,0.0311666666666667));
#1774=CARTESIAN_POINT('',(-0.00300000000000004,-0.00519615242270661,0.0313333333333334));
#1775=CARTESIAN_POINT('',(-2.37611737710838E-17,-0.00692820323027551,0.0315));
#1776=CARTESIAN_POINT('',(0.00299999999999996,-0.00519615242270666,0.0316666666666666));
#1777=CARTESIAN_POINT('',(0.00599999999999998,-0.00346410161513775,0.0318333333333333));
#1778=CARTESIAN_POINT('',(0.006,-9.5333650618625E-18,0.032));
#1779=CARTESIAN_POINT('',(0.006,-7.15908108001557E-19,0.02));
#1780=CARTESIAN_POINT('',(0.006,7.53668050975267E-19,0.01635));
#1781=CARTESIAN_POINT('',(0.006,7.53668050975267E-19,0.03065));
#1782=CARTESIAN_POINT('',(-0.006,1.48845613046368E-18,0.0202669621751714));
#1783=CARTESIAN_POINT('',(-0.006,1.48845613046368E-18,0.0220103362096908));
#1784=CARTESIAN_POINT('',(-0.006,-0.012,0.0202669621751714));
#1785=CARTESIAN_POINT('',(-0.006,-0.012,0.0220103362096908));
#1786=CARTESIAN_POINT('',(0.006,-0.012,0.0202669621751714));
#1787=CARTESIAN_POINT('',(0.006,-0.012,0.0220103362096908));
#1788=CARTESIAN_POINT('',(0.006,7.53668050975267E-19,0.0202669621751714));
#1789=CARTESIAN_POINT('',(0.006,7.53668050975267E-19,0.0220103362096908));
#1790=CARTESIAN_POINT('',(0.006,7.53668050975267E-19,0.0192772983848622));
#1791=CARTESIAN_POINT('',(0.006,0.00346410161513775,0.0194439650515289));
#1792=CARTESIAN_POINT('',(0.003,0.00519615242270663,0.0196106317181956));
#1793=CARTESIAN_POINT('',(4.24230095489963E-19,0.00692820323027551,0.0197772983848622));
#1794=CARTESIAN_POINT('',(-0.003,0.00519615242270663,0.0199439650515289));
#1795=CARTESIAN_POINT('',(-0.006,0.00346410161513775,0.0201106317181956));
#1796=CARTESIAN_POINT('',(-0.006,1.48845613046368E-18,0.0202772983848622));
#1797=CARTESIAN_POINT('',(-0.006,-0.00346410161513775,0.0204439650515289));
#1798=CARTESIAN_POINT('',(-0.003,-0.00519615242270663,0.0206106317181956));
#1799=CARTESIAN_POINT('',(-1.27269028646989E-18,-0.00692820323027551,0.0207772983848622));
#1800=CARTESIAN_POINT('',(0.003,-0.00519615242270663,0.0209439650515289));
#1801=CARTESIAN_POINT('',(0.006,-0.00346410161513775,0.0211106317181956));
#1802=CARTESIAN_POINT('',(0.006,-7.15908108001557E-19,0.0212772983848622));
#1803=CARTESIAN_POINT('',(0.00600000000000001,0.00346410161513775,0.0214439650515289));
#1804=CARTESIAN_POINT('',(0.003,0.00519615242270663,0.0216106317181956));
#1805=CARTESIAN_POINT('',(8.27463107387721E-18,0.00692820323027551,0.0217772983848623));
#1806=CARTESIAN_POINT('',(-0.003,0.00519615242270664,0.0219439650515289));
#1807=CARTESIAN_POINT('',(-0.006,0.00346410161513775,0.0221106317181956));
#1808=CARTESIAN_POINT('',(-0.006,2.9580322894405E-18,0.0222772983848623));
#1809=CARTESIAN_POINT('',(-0.00600000000000001,-0.00346410161513775,0.0224439650515289));
#1810=CARTESIAN_POINT('',(-0.003,-0.00519615242270663,0.0226106317181956));
#1811=CARTESIAN_POINT('',(-2.96961066842974E-18,-0.00692820323027551,0.0227772983848622));
#1812=CARTESIAN_POINT('',(0.003,-0.00519615242270664,0.0229439650515289));
#1813=CARTESIAN_POINT('',(0.006,-0.00346410161513775,0.0231106317181956));
#1814=CARTESIAN_POINT('',(0.006,-2.18548426697838E-18,0.0232772983848622));
#1815=CARTESIAN_POINT('',(0.00600000000000001,0.00346410161513775,0.0234439650515289));
#1816=CARTESIAN_POINT('',(0.003,0.00519615242270663,0.0236106317181956));
#1817=CARTESIAN_POINT('',(1.61250320522645E-17,0.00692820323027551,0.0237772983848622));
#1818=CARTESIAN_POINT('',(-0.003,0.00519615242270664,0.0239439650515289));
#1819=CARTESIAN_POINT('',(-0.006,0.00346410161513775,0.0241106317181955));
#1820=CARTESIAN_POINT('',(-0.006,1.50857494848188E-17,0.0242772983848622));
#1821=CARTESIAN_POINT('',(-0.00600000000000001,-0.00346410161513775,0.0244439650515289));
#1822=CARTESIAN_POINT('',(-0.003,-0.00519615242270663,0.0246106317181956));
#1823=CARTESIAN_POINT('',(-1.69734922432444E-17,-0.00692820323027551,0.0247772983848622));
#1824=CARTESIAN_POINT('',(0.003,-0.00519615242270664,0.0249439650515289));
#1825=CARTESIAN_POINT('',(0.00599999999999998,-0.00346410161513775,0.0251106317181956));
#1826=CARTESIAN_POINT('',(0.006,-3.65506042595521E-18,0.0252772983848622));
#1827=CARTESIAN_POINT('',(0.00600000000000001,0.00346410161513775,0.0254439650515289));
#1828=CARTESIAN_POINT('',(0.003,0.00519615242270663,0.0256106317181956));
#1829=CARTESIAN_POINT('',(1.78219524342243E-17,0.00692820323027551,0.0257772983848623));
#1830=CARTESIAN_POINT('',(-0.003,0.00519615242270664,0.0259439650515289));
#1831=CARTESIAN_POINT('',(-0.00599999999999998,0.00346410161513775,0.0261106317181956));
#1832=CARTESIAN_POINT('',(-0.006,5.89718460739415E-18,0.0262772983848623));
#1833=CARTESIAN_POINT('',(-0.00600000000000001,-0.00346410161513775,0.0264439650515289));
#1834=CARTESIAN_POINT('',(-0.003,-0.00519615242270663,0.0266106317181956));
#1835=CARTESIAN_POINT('',(-1.86704126252043E-17,-0.00692820323027551,0.0267772983848623));
#1836=CARTESIAN_POINT('',(0.003,-0.00519615242270664,0.0269439650515289));
#1837=CARTESIAN_POINT('',(0.00599999999999998,-0.00346410161513775,0.0271106317181956));
#1838=CARTESIAN_POINT('',(0.006,-5.12463658493203E-18,0.0272772983848622));
#1839=CARTESIAN_POINT('',(0.00600000000000001,0.00346410161513775,0.0274439650515289));
#1840=CARTESIAN_POINT('',(0.003,0.00519615242270663,0.0276106317181956));
#1841=CARTESIAN_POINT('',(1.95188728161842E-17,0.00692820323027551,0.0277772983848622));
#1842=CARTESIAN_POINT('',(-0.003,0.00519615242270664,0.0279439650515289));
#1843=CARTESIAN_POINT('',(-0.00599999999999998,0.00346410161513775,0.0281106317181956));
#1844=CARTESIAN_POINT('',(-0.006,2.8683042839174E-17,0.0282772983848622));
#1845=CARTESIAN_POINT('',(-0.00600000000000001,-0.00346410161513775,0.0284439650515289));
#1846=CARTESIAN_POINT('',(-0.003,-0.00519615242270663,0.0286106317181956));
#1847=CARTESIAN_POINT('',(-2.03673330071641E-17,-0.00692820323027551,0.0287772983848622));
#1848=CARTESIAN_POINT('',(0.003,-0.00519615242270664,0.0289439650515289));
#1849=CARTESIAN_POINT('',(0.00599999999999998,-0.00346410161513775,0.0291106317181956));
#1850=CARTESIAN_POINT('',(0.006,-2.79104948167119E-17,0.0292772983848622));
#1851=CARTESIAN_POINT('',(0.00600000000000001,0.00346410161513775,0.0294439650515289));
#1852=CARTESIAN_POINT('',(0.003,0.00519615242270663,0.0296106317181956));
#1853=CARTESIAN_POINT('',(4.58297155838536E-17,0.00692820323027551,0.0297772983848623));
#1854=CARTESIAN_POINT('',(-0.003,0.00519615242270665,0.0299439650515289));
#1855=CARTESIAN_POINT('',(-0.006,0.00346410161513775,0.0301106317181956));
#1856=CARTESIAN_POINT('',(-0.006,3.01526189981508E-17,0.0302772983848623));
#1857=CARTESIAN_POINT('',(-0.00600000000000001,-0.00346410161513775,0.0304439650515289));
#1858=CARTESIAN_POINT('',(-0.00300000000000004,-0.00519615242270661,0.0306106317181956));
#1859=CARTESIAN_POINT('',(-2.2064253389124E-17,-0.00692820323027551,0.0307772983848623));
#1860=CARTESIAN_POINT('',(0.00299999999999996,-0.00519615242270665,0.0309439650515289));
#1861=CARTESIAN_POINT('',(0.00599999999999998,-0.00346410161513775,0.0311106317181956));
#1862=CARTESIAN_POINT('',(0.006,-8.06378890288568E-18,0.0312772983848622));
#1863=CARTESIAN_POINT('',(0.00600000000000002,0.00346410161513775,0.0314439650515289));
#1864=CARTESIAN_POINT('',(0.003,0.00519615242270663,0.0316106317181956));
#1865=CARTESIAN_POINT('',(4.75266359658135E-17,0.00692820323027551,0.0317772983848622));
#1866=CARTESIAN_POINT('',(-0.003,0.00519615242270665,0.0319439650515289));
#1867=CARTESIAN_POINT('',(-0.006,0.00346410161513775,0.0321106317181956));
#1868=CARTESIAN_POINT('',(-0.006,3.16221951571276E-17,0.0322772983848622));
#1869=CARTESIAN_POINT('',(-0.00600000000000001,-0.00346410161513775,0.0324439650515289));
#1870=CARTESIAN_POINT('',(-0.00300000000000004,-0.00519615242270661,0.0326106317181956));
#1871=CARTESIAN_POINT('',(-2.37611737710838E-17,-0.00692820323027551,0.0327772983848622));
#1872=CARTESIAN_POINT('',(0.00299999999999996,-0.00519615242270666,0.0329439650515289));
#1873=CARTESIAN_POINT('',(0.00599999999999998,-0.00346410161513775,0.0331106317181955));
#1874=CARTESIAN_POINT('',(0.006,-9.5333650618625E-18,0.0332772983848623));
#1875=CARTESIAN_POINT('',(-0.006,1.48845613046368E-18,0.0202772983848622));
#1876=CARTESIAN_POINT('',(0.006,-7.15908108001557E-19,0.0212772983848622));
#1877=CARTESIAN_POINT('',(-0.006,1.48845613046368E-18,0.01635));
#1878=CARTESIAN_POINT('',(-0.006,1.48845613046368E-18,0.03065));
#1879=CARTESIAN_POINT('',(-0.006,2.9580322894405E-18,0.021));
#1880=CARTESIAN_POINT('',(0.006,7.53668050975267E-19,0.018));
#1881=CARTESIAN_POINT('',(0.006,0.00346410161513775,0.0181666666666667));
#1882=CARTESIAN_POINT('',(0.003,0.00519615242270663,0.0183333333333334));
#1883=CARTESIAN_POINT('',(4.24230095489963E-19,0.00692820323027551,0.0185));
#1884=CARTESIAN_POINT('',(-0.003,0.00519615242270663,0.0186666666666667));
#1885=CARTESIAN_POINT('',(-0.006,0.00346410161513775,0.0188333333333334));
#1886=CARTESIAN_POINT('',(-0.006,1.48845613046368E-18,0.019));
#1887=CARTESIAN_POINT('',(-0.006,-0.00346410161513775,0.0191666666666667));
#1888=CARTESIAN_POINT('',(-0.003,-0.00519615242270663,0.0193333333333334));
#1889=CARTESIAN_POINT('',(-1.27269028646989E-18,-0.00692820323027551,0.0195));
#1890=CARTESIAN_POINT('',(0.003,-0.00519615242270663,0.0196666666666666));
#1891=CARTESIAN_POINT('',(0.006,-0.00346410161513775,0.0198333333333333));
#1892=CARTESIAN_POINT('',(0.006,-7.15908108001557E-19,0.02));
#1893=CARTESIAN_POINT('',(0.00600000000000001,0.00346410161513775,0.0201666666666667));
#1894=CARTESIAN_POINT('',(0.003,0.00519615242270663,0.0203333333333334));
#1895=CARTESIAN_POINT('',(8.27463107387721E-18,0.00692820323027551,0.0205));
#1896=CARTESIAN_POINT('',(-0.003,0.00519615242270664,0.0206666666666666));
#1897=CARTESIAN_POINT('',(-0.006,0.00346410161513775,0.0208333333333333));
#1898=CARTESIAN_POINT('',(-0.006,2.9580322894405E-18,0.021));
#1899=CARTESIAN_POINT('',(-0.00600000000000001,-0.00346410161513775,0.0211666666666666));
#1900=CARTESIAN_POINT('',(-0.003,-0.00519615242270663,0.0213333333333333));
#1901=CARTESIAN_POINT('',(-2.96961066842974E-18,-0.00692820323027551,0.0215));
#1902=CARTESIAN_POINT('',(0.003,-0.00519615242270664,0.0216666666666667));
#1903=CARTESIAN_POINT('',(0.006,-0.00346410161513775,0.0218333333333333));
#1904=CARTESIAN_POINT('',(0.006,-2.18548426697838E-18,0.022));
#1905=CARTESIAN_POINT('',(0.00600000000000001,0.00346410161513775,0.0221666666666667));
#1906=CARTESIAN_POINT('',(0.003,0.00519615242270663,0.0223333333333334));
#1907=CARTESIAN_POINT('',(1.61250320522645E-17,0.00692820323027551,0.0225));
#1908=CARTESIAN_POINT('',(-0.003,0.00519615242270664,0.0226666666666667));
#1909=CARTESIAN_POINT('',(-0.006,0.00346410161513775,0.0228333333333333));
#1910=CARTESIAN_POINT('',(-0.006,1.50857494848188E-17,0.023));
#1911=CARTESIAN_POINT('',(-0.00600000000000001,-0.00346410161513775,0.0231666666666667));
#1912=CARTESIAN_POINT('',(-0.003,-0.00519615242270663,0.0233333333333333));
#1913=CARTESIAN_POINT('',(-1.69734922432444E-17,-0.00692820323027551,0.0235));
#1914=CARTESIAN_POINT('',(0.003,-0.00519615242270664,0.0236666666666667));
#1915=CARTESIAN_POINT('',(0.00599999999999998,-0.00346410161513775,0.0238333333333333));
#1916=CARTESIAN_POINT('',(0.006,-3.65506042595521E-18,0.024));
#1917=CARTESIAN_POINT('',(0.00600000000000001,0.00346410161513775,0.0241666666666667));
#1918=CARTESIAN_POINT('',(0.003,0.00519615242270663,0.0243333333333333));
#1919=CARTESIAN_POINT('',(1.78219524342243E-17,0.00692820323027551,0.0245));
#1920=CARTESIAN_POINT('',(-0.003,0.00519615242270664,0.0246666666666667));
#1921=CARTESIAN_POINT('',(-0.00599999999999998,0.00346410161513775,0.0248333333333333));
#1922=CARTESIAN_POINT('',(-0.006,5.89718460739415E-18,0.025));
#1923=CARTESIAN_POINT('',(-0.00600000000000001,-0.00346410161513775,0.0251666666666666));
#1924=CARTESIAN_POINT('',(-0.003,-0.00519615242270663,0.0253333333333334));
#1925=CARTESIAN_POINT('',(-1.86704126252043E-17,-0.00692820323027551,0.0255));
#1926=CARTESIAN_POINT('',(0.003,-0.00519615242270664,0.0256666666666667));
#1927=CARTESIAN_POINT('',(0.00599999999999998,-0.00346410161513775,0.0258333333333333));
#1928=CARTESIAN_POINT('',(0.006,-5.12463658493203E-18,0.026));
#1929=CARTESIAN_POINT('',(0.00600000000000001,0.00346410161513775,0.0261666666666666));
#1930=CARTESIAN_POINT('',(0.003,0.00519615242270663,0.0263333333333334));
#1931=CARTESIAN_POINT('',(1.95188728161842E-17,0.00692820323027551,0.0265));
#1932=CARTESIAN_POINT('',(-0.003,0.00519615242270664,0.0266666666666667));
#1933=CARTESIAN_POINT('',(-0.00599999999999998,0.00346410161513775,0.0268333333333333));
#1934=CARTESIAN_POINT('',(-0.006,2.8683042839174E-17,0.027));
#1935=CARTESIAN_POINT('',(-0.00600000000000001,-0.00346410161513775,0.0271666666666667));
#1936=CARTESIAN_POINT('',(-0.003,-0.00519615242270663,0.0273333333333333));
#1937=CARTESIAN_POINT('',(-2.03673330071641E-17,-0.00692820323027551,0.0275));
#1938=CARTESIAN_POINT('',(0.003,-0.00519615242270664,0.0276666666666667));
#1939=CARTESIAN_POINT('',(0.00599999999999998,-0.00346410161513775,0.0278333333333334));
#1940=CARTESIAN_POINT('',(0.006,-2.79104948167119E-17,0.028));
#1941=CARTESIAN_POINT('',(0.00600000000000001,0.00346410161513775,0.0281666666666667));
#1942=CARTESIAN_POINT('',(0.003,0.00519615242270663,0.0283333333333333));
#1943=CARTESIAN_POINT('',(4.58297155838536E-17,0.00692820323027551,0.0285));
#1944=CARTESIAN_POINT('',(-0.003,0.00519615242270665,0.0286666666666667));
#1945=CARTESIAN_POINT('',(-0.006,0.00346410161513775,0.0288333333333333));
#1946=CARTESIAN_POINT('',(-0.006,3.01526189981508E-17,0.029));
#1947=CARTESIAN_POINT('',(-0.00600000000000001,-0.00346410161513775,0.0291666666666667));
#1948=CARTESIAN_POINT('',(-0.00300000000000004,-0.00519615242270661,0.0293333333333334));
#1949=CARTESIAN_POINT('',(-2.2064253389124E-17,-0.00692820323027551,0.0295));
#1950=CARTESIAN_POINT('',(0.00299999999999996,-0.00519615242270665,0.0296666666666667));
#1951=CARTESIAN_POINT('',(0.00599999999999998,-0.00346410161513775,0.0298333333333333));
#1952=CARTESIAN_POINT('',(0.006,-8.06378890288568E-18,0.03));
#1953=CARTESIAN_POINT('',(0.00600000000000002,0.00346410161513775,0.0301666666666666));
#1954=CARTESIAN_POINT('',(0.003,0.00519615242270663,0.0303333333333334));
#1955=CARTESIAN_POINT('',(4.75266359658135E-17,0.00692820323027551,0.0305));
#1956=CARTESIAN_POINT('',(-0.003,0.00519615242270665,0.0306666666666667));
#1957=CARTESIAN_POINT('',(-0.006,0.00346410161513775,0.0308333333333333));
#1958=CARTESIAN_POINT('',(-0.006,3.16221951571276E-17,0.031));
#1959=CARTESIAN_POINT('',(-0.00600000000000001,-0.00346410161513775,0.0311666666666667));
#1960=CARTESIAN_POINT('',(-0.00300000000000004,-0.00519615242270661,0.0313333333333334));
#1961=CARTESIAN_POINT('',(-2.37611737710838E-17,-0.00692820323027551,0.0315));
#1962=CARTESIAN_POINT('',(0.00299999999999996,-0.00519615242270666,0.0316666666666666));
#1963=CARTESIAN_POINT('',(0.00599999999999998,-0.00346410161513775,0.0318333333333333));
#1964=CARTESIAN_POINT('',(0.006,-9.5333650618625E-18,0.032));
#1965=CARTESIAN_POINT('',(0.006,-2.18548426697838E-18,0.022));
#1966=CARTESIAN_POINT('',(0.006,7.53668050975267E-19,0.01635));
#1967=CARTESIAN_POINT('',(0.006,7.53668050975267E-19,0.03065));
#1968=CARTESIAN_POINT('',(-0.006,1.48845613046368E-18,0.0222669621751714));
#1969=CARTESIAN_POINT('',(-0.006,1.48845613046368E-18,0.0240103362096908));
#1970=CARTESIAN_POINT('',(-0.006,-0.012,0.0222669621751714));
#1971=CARTESIAN_POINT('',(-0.006,-0.012,0.0240103362096908));
#1972=CARTESIAN_POINT('',(0.006,-0.012,0.0222669621751714));
#1973=CARTESIAN_POINT('',(0.006,-0.012,0.0240103362096908));
#1974=CARTESIAN_POINT('',(0.006,7.53668050975267E-19,0.0222669621751714));
#1975=CARTESIAN_POINT('',(0.006,7.53668050975267E-19,0.0240103362096908));
#1976=CARTESIAN_POINT('',(0.006,7.53668050975267E-19,0.0192772983848622));
#1977=CARTESIAN_POINT('',(0.006,0.00346410161513775,0.0194439650515289));
#1978=CARTESIAN_POINT('',(0.003,0.00519615242270663,0.0196106317181956));
#1979=CARTESIAN_POINT('',(4.24230095489963E-19,0.00692820323027551,0.0197772983848622));
#1980=CARTESIAN_POINT('',(-0.003,0.00519615242270663,0.0199439650515289));
#1981=CARTESIAN_POINT('',(-0.006,0.00346410161513775,0.0201106317181956));
#1982=CARTESIAN_POINT('',(-0.006,1.48845613046368E-18,0.0202772983848622));
#1983=CARTESIAN_POINT('',(-0.006,-0.00346410161513775,0.0204439650515289));
#1984=CARTESIAN_POINT('',(-0.003,-0.00519615242270663,0.0206106317181956));
#1985=CARTESIAN_POINT('',(-1.27269028646989E-18,-0.00692820323027551,0.0207772983848622));
#1986=CARTESIAN_POINT('',(0.003,-0.00519615242270663,0.0209439650515289));
#1987=CARTESIAN_POINT('',(0.006,-0.00346410161513775,0.0211106317181956));
#1988=CARTESIAN_POINT('',(0.006,-7.15908108001557E-19,0.0212772983848622));
#1989=CARTESIAN_POINT('',(0.00600000000000001,0.00346410161513775,0.0214439650515289));
#1990=CARTESIAN_POINT('',(0.003,0.00519615242270663,0.0216106317181956));
#1991=CARTESIAN_POINT('',(8.27463107387721E-18,0.00692820323027551,0.0217772983848623));
#1992=CARTESIAN_POINT('',(-0.003,0.00519615242270664,0.0219439650515289));
#1993=CARTESIAN_POINT('',(-0.006,0.00346410161513775,0.0221106317181956));
#1994=CARTESIAN_POINT('',(-0.006,2.9580322894405E-18,0.0222772983848623));
#1995=CARTESIAN_POINT('',(-0.00600000000000001,-0.00346410161513775,0.0224439650515289));
#1996=CARTESIAN_POINT('',(-0.003,-0.00519615242270663,0.0226106317181956));
#1997=CARTESIAN_POINT('',(-2.96961066842974E-18,-0.00692820323027551,0.0227772983848622));
#1998=CARTESIAN_POINT('',(0.003,-0.00519615242270664,0.0229439650515289));
#1999=CARTESIAN_POINT('',(0.006,-0.00346410161513775,0.0231106317181956));
#2000=CARTESIAN_POINT('',(0.006,-2.18548426697838E-18,0.0232772983848622));
#2001=CARTESIAN_POINT('',(0.00600000000000001,0.00346410161513775,0.0234439650515289));
#2002=CARTESIAN_POINT('',(0.003,0.00519615242270663,0.0236106317181956));
#2003=CARTESIAN_POINT('',(1.61250320522645E-17,0.00692820323027551,0.0237772983848622));
#2004=CARTESIAN_POINT('',(-0.003,0.00519615242270664,0.0239439650515289));
#2005=CARTESIAN_POINT('',(-0.006,0.00346410161513775,0.0241106317181955));
#2006=CARTESIAN_POINT('',(-0.006,1.50857494848188E-17,0.0242772983848622));
#2007=CARTESIAN_POINT('',(-0.00600000000000001,-0.00346410161513775,0.0244439650515289));
#2008=CARTESIAN_POINT('',(-0.003,-0.00519615242270663,0.0246106317181956));
#2009=CARTESIAN_POINT('',(-1.69734922432444E-17,-0.00692820323027551,0.0247772983848622));
#2010=CARTESIAN_POINT('',(0.003,-0.00519615242270664,0.0249439650515289));
#2011=CARTESIAN_POINT('',(0.00599999999999998,-0.00346410161513775,0.0251106317181956));
#2012=CARTESIAN_POINT('',(0.006,-3.65506042595521E-18,0.0252772983848622));
#2013=CARTESIAN_POINT('',(0.00600000000000001,0.00346410161513775,0.0254439650515289));
#2014=CARTESIAN_POINT('',(0.003,0.00519615242270663,0.0256106317181956));
#2015=CARTESIAN_POINT('',(1.78219524342243E-17,0.00692820323027551,0.0257772983848623));
#2016=CARTESIAN_POINT('',(-0.003,0.00519615242270664,0.0259439650515289));
#2017=CARTESIAN_POINT('',(-0.00599999999999998,0.00346410161513775,0.0261106317181956));
#2018=CARTESIAN_POINT('',(-0.006,5.89718460739415E-18,0.0262772983848623));
#2019=CARTESIAN_POINT('',(-0.00600000000000001,-0.00346410161513775,0.0264439650515289));
#2020=CARTESIAN_POINT('',(-0.003,-0.00519615242270663,0.0266106317181956));
#2021=CARTESIAN_POINT('',(-1.86704126252043E-17,-0.00692820323027551,0.0267772983848623));
#2022=CARTESIAN_POINT('',(0.003,-0.00519615242270664,0.0269439650515289));
#2023=CARTESIAN_POINT('',(0.00599999999999998,-0.00346410161513775,0.0271106317181956));
#2024=CARTESIAN_POINT('',(0.006,-5.12463658493203E-18,0.0272772983848622));
#2025=CARTESIAN_POINT('',(0.00600000000000001,0.00346410161513775,0.0274439650515289));
#2026=CARTESIAN_POINT('',(0.003,0.00519615242270663,0.0276106317181956));
#2027=CARTESIAN_POINT('',(1.95188728161842E-17,0.00692820323027551,0.0277772983848622));
#2028=CARTESIAN_POINT('',(-0.003,0.00519615242270664,0.0279439650515289));
#2029=CARTESIAN_POINT('',(-0.00599999999999998,0.00346410161513775,0.0281106317181956));
#2030=CARTESIAN_POINT('',(-0.006,2.8683042839174E-17,0.0282772983848622));
#2031=CARTESIAN_POINT('',(-0.00600000000000001,-0.00346410161513775,0.0284439650515289));
#2032=CARTESIAN_POINT('',(-0.003,-0.00519615242270663,0.0286106317181956));
#2033=CARTESIAN_POINT('',(-2.03673330071641E-17,-0.00692820323027551,0.0287772983848622));
#2034=CARTESIAN_POINT('',(0.003,-0.00519615242270664,0.0289439650515289));
#2035=CARTESIAN_POINT('',(0.00599999999999998,-0.00346410161513775,0.0291106317181956));
#2036=CARTESIAN_POINT('',(0.006,-2.79104948167119E-17,0.0292772983848622));
#2037=CARTESIAN_POINT('',(0.00600000000000001,0.00346410161513775,0.0294439650515289));
#2038=CARTESIAN_POINT('',(0.003,0.00519615242270663,0.0296106317181956));
#2039=CARTESIAN_POINT('',(4.58297155838536E-17,0.00692820323027551,0.0297772983848623));
#2040=CARTESIAN_POINT('',(-0.003,0.00519615242270665,0.0299439650515289));
#2041=CARTESIAN_POINT('',(-0.006,0.00346410161513775,0.0301106317181956));
#2042=CARTESIAN_POINT('',(-0.006,3.01526189981508E-17,0.0302772983848623));
#2043=CARTESIAN_POINT('',(-0.00600000000000001,-0.00346410161513775,0.0304439650515289));
#2044=CARTESIAN_POINT('',(-0.00300000000000004,-0.00519615242270661,0.0306106317181956));
#2045=CARTESIAN_POINT('',(-2.2064253389124E-17,-0.00692820323027551,0.0307772983848623));
#2046=CARTESIAN_POINT('',(0.00299999999999996,-0.00519615242270665,0.0309439650515289));
#2047=CARTESIAN_POINT('',(0.00599999999999998,-0.00346410161513775,0.0311106317181956));
#2048=CARTESIAN_POINT('',(0.006,-8.06378890288568E-18,0.0312772983848622));
#2049=CARTESIAN_POINT('',(0.00600000000000002,0.00346410161513775,0.0314439650515289));
#2050=CARTESIAN_POINT('',(0.003,0.00519615242270663,0.0316106317181956));
#2051=CARTESIAN_POINT('',(4.75266359658135E-17,0.00692820323027551,0.0317772983848622));
#2052=CARTESIAN_POINT('',(-0.003,0.00519615242270665,0.0319439650515289));
#2053=CARTESIAN_POINT('',(-0.006,0.00346410161513775,0.0321106317181956));
#2054=CARTESIAN_POINT('',(-0.006,3.16221951571276E-17,0.0322772983848622));
#2055=CARTESIAN_POINT('',(-0.00600000000000001,-0.00346410161513775,0.0324439650515289));
#2056=CARTESIAN_POINT('',(-0.00300000000000004,-0.00519615242270661,0.0326106317181956));
#2057=CARTESIAN_POINT('',(-2.37611737710838E-17,-0.00692820323027551,0.0327772983848622));
#2058=CARTESIAN_POINT('',(0.00299999999999996,-0.00519615242270666,0.0329439650515289));
#2059=CARTESIAN_POINT('',(0.00599999999999998,-0.00346410161513775,0.0331106317181955));
#2060=CARTESIAN_POINT('',(0.006,-9.5333650618625E-18,0.0332772983848623));
#2061=CARTESIAN_POINT('',(-0.006,2.9580322894405E-18,0.0222772983848623));
#2062=CARTESIAN_POINT('',(0.006,-2.18548426697838E-18,0.0232772983848622));
#2063=CARTESIAN_POINT('',(-0.006,1.48845613046368E-18,0.01635));
#2064=CARTESIAN_POINT('',(-0.006,1.48845613046368E-18,0.03065));
#2065=CARTESIAN_POINT('',(-0.006,1.50857494848188E-17,0.023));
#2066=CARTESIAN_POINT('',(0.006,7.53668050975267E-19,0.018));
#2067=CARTESIAN_POINT('',(0.006,0.00346410161513775,0.0181666666666667));
#2068=CARTESIAN_POINT('',(0.003,0.00519615242270663,0.0183333333333334));
#2069=CARTESIAN_POINT('',(4.24230095489963E-19,0.00692820323027551,0.0185));
#2070=CARTESIAN_POINT('',(-0.003,0.00519615242270663,0.0186666666666667));
#2071=CARTESIAN_POINT('',(-0.006,0.00346410161513775,0.0188333333333334));
#2072=CARTESIAN_POINT('',(-0.006,1.48845613046368E-18,0.019));
#2073=CARTESIAN_POINT('',(-0.006,-0.00346410161513775,0.0191666666666667));
#2074=CARTESIAN_POINT('',(-0.003,-0.00519615242270663,0.0193333333333334));
#2075=CARTESIAN_POINT('',(-1.27269028646989E-18,-0.00692820323027551,0.0195));
#2076=CARTESIAN_POINT('',(0.003,-0.00519615242270663,0.0196666666666666));
#2077=CARTESIAN_POINT('',(0.006,-0.00346410161513775,0.0198333333333333));
#2078=CARTESIAN_POINT('',(0.006,-7.15908108001557E-19,0.02));
#2079=CARTESIAN_POINT('',(0.00600000000000001,0.00346410161513775,0.0201666666666667));
#2080=CARTESIAN_POINT('',(0.003,0.00519615242270663,0.0203333333333334));
#2081=CARTESIAN_POINT('',(8.27463107387721E-18,0.00692820323027551,0.0205));
#2082=CARTESIAN_POINT('',(-0.003,0.00519615242270664,0.0206666666666666));
#2083=CARTESIAN_POINT('',(-0.006,0.00346410161513775,0.0208333333333333));
#2084=CARTESIAN_POINT('',(-0.006,2.9580322894405E-18,0.021));
#2085=CARTESIAN_POINT('',(-0.00600000000000001,-0.00346410161513775,0.0211666666666666));
#2086=CARTESIAN_POINT('',(-0.003,-0.00519615242270663,0.0213333333333333));
#2087=CARTESIAN_POINT('',(-2.96961066842974E-18,-0.00692820323027551,0.0215));
#2088=CARTESIAN_POINT('',(0.003,-0.00519615242270664,0.0216666666666667));
#2089=CARTESIAN_POINT('',(0.006,-0.00346410161513775,0.0218333333333333));
#2090=CARTESIAN_POINT('',(0.006,-2.18548426697838E-18,0.022));
#2091=CARTESIAN_POINT('',(0.00600000000000001,0.00346410161513775,0.0221666666666667));
#2092=CARTESIAN_POINT('',(0.003,0.00519615242270663,0.0223333333333334));
#2093=CARTESIAN_POINT('',(1.61250320522645E-17,0.00692820323027551,0.0225));
#2094=CARTESIAN_POINT('',(-0.003,0.00519615242270664,0.0226666666666667));
#2095=CARTESIAN_POINT('',(-0.006,0.00346410161513775,0.0228333333333333));
#2096=CARTESIAN_POINT('',(-0.006,1.50857494848188E-17,0.023));
#2097=CARTESIAN_POINT('',(-0.00600000000000001,-0.00346410161513775,0.0231666666666667));
#2098=CARTESIAN_POINT('',(-0.003,-0.00519615242270663,0.0233333333333333));
#2099=CARTESIAN_POINT('',(-1.69734922432444E-17,-0.00692820323027551,0.0235));
#2100=CARTESIAN_POINT('',(0.003,-0.00519615242270664,0.0236666666666667));
#2101=CARTESIAN_POINT('',(0.00599999999999998,-0.00346410161513775,0.0238333333333333));
#2102=CARTESIAN_POINT('',(0.006,-3.65506042595521E-18,0.024));
#2103=CARTESIAN_POINT('',(0.00600000000000001,0.00346410161513775,0.0241666666666667));
#2104=CARTESIAN_POINT('',(0.003,0.00519615242270663,0.0243333333333333));
#2105=CARTESIAN_POINT('',(1.78219524342243E-17,0.00692820323027551,0.0245));
#2106=CARTESIAN_POINT('',(-0.003,0.00519615242270664,0.0246666666666667));
#2107=CARTESIAN_POINT('',(-0.00599999999999998,0.00346410161513775,0.0248333333333333));
#2108=CARTESIAN_POINT('',(-0.006,5.89718460739415E-18,0.025));
#2109=CARTESIAN_POINT('',(-0.00600000000000001,-0.00346410161513775,0.0251666666666666));
#2110=CARTESIAN_POINT('',(-0.003,-0.00519615242270663,0.0253333333333334));
#2111=CARTESIAN_POINT('',(-1.86704126252043E-17,-0.00692820323027551,0.0255));
#2112=CARTESIAN_POINT('',(0.003,-0.00519615242270664,0.0256666666666667));
#2113=CARTESIAN_POINT('',(0.00599999999999998,-0.00346410161513775,0.0258333333333333));
#2114=CARTESIAN_POINT('',(0.006,-5.12463658493203E-18,0.026));
#2115=CARTESIAN_POINT('',(0.00600000000000001,0.00346410161513775,0.0261666666666666));
#2116=CARTESIAN_POINT('',(0.003,0.00519615242270663,0.0263333333333334));
#2117=CARTESIAN_POINT('',(1.95188728161842E-17,0.00692820323027551,0.0265));
#2118=CARTESIAN_POINT('',(-0.003,0.00519615242270664,0.0266666666666667));
#2119=CARTESIAN_POINT('',(-0.00599999999999998,0.00346410161513775,0.0268333333333333));
#2120=CARTESIAN_POINT('',(-0.006,2.8683042839174E-17,0.027));
#2121=CARTESIAN_POINT('',(-0.00600000000000001,-0.00346410161513775,0.0271666666666667));
#2122=CARTESIAN_POINT('',(-0.003,-0.00519615242270663,0.0273333333333333));
#2123=CARTESIAN_POINT('',(-2.03673330071641E-17,-0.00692820323027551,0.0275));
#2124=CARTESIAN_POINT('',(0.003,-0.00519615242270664,0.0276666666666667));
#2125=CARTESIAN_POINT('',(0.00599999999999998,-0.00346410161513775,0.0278333333333334));
#2126=CARTESIAN_POINT('',(0.006,-2.79104948167119E-17,0.028));
#2127=CARTESIAN_POINT('',(0.00600000000000001,0.00346410161513775,0.0281666666666667));
#2128=CARTESIAN_POINT('',(0.003,0.00519615242270663,0.0283333333333333));
#2129=CARTESIAN_POINT('',(4.58297155838536E-17,0.00692820323027551,0.0285));
#2130=CARTESIAN_POINT('',(-0.003,0.00519615242270665,0.0286666666666667));
#2131=CARTESIAN_POINT('',(-0.006,0.00346410161513775,0.0288333333333333));
#2132=CARTESIAN_POINT('',(-0.006,3.01526189981508E-17,0.029));
#2133=CARTESIAN_POINT('',(-0.00600000000000001,-0.00346410161513775,0.0291666666666667));
#2134=CARTESIAN_POINT('',(-0.00300000000000004,-0.00519615242270661,0.0293333333333334));
#2135=CARTESIAN_POINT('',(-2.2064253389124E-17,-0.00692820323027551,0.0295));
#2136=CARTESIAN_POINT('',(0.00299999999999996,-0.00519615242270665,0.0296666666666667));
#2137=CARTESIAN_POINT('',(0.00599999999999998,-0.00346410161513775,0.0298333333333333));
#2138=CARTESIAN_POINT('',(0.006,-8.06378890288568E-18,0.03));
#2139=CARTESIAN_POINT('',(0.00600000000000002,0.00346410161513775,0.0301666666666666));
#2140=CARTESIAN_POINT('',(0.003,0.00519615242270663,0.0303333333333334));
#2141=CARTESIAN_POINT('',(4.75266359658135E-17,0.00692820323027551,0.0305));
#2142=CARTESIAN_POINT('',(-0.003,0.00519615242270665,0.0306666666666667));
#2143=CARTESIAN_POINT('',(-0.006,0.00346410161513775,0.0308333333333333));
#2144=CARTESIAN_POINT('',(-0.006,3.16221951571276E-17,0.031));
#2145=CARTESIAN_POINT('',(-0.00600000000000001,-0.00346410161513775,0.0311666666666667));
#2146=CARTESIAN_POINT('',(-0.00300000000000004,-0.00519615242270661,0.0313333333333334));
#2147=CARTESIAN_POINT('',(-2.37611737710838E-17,-0.00692820323027551,0.0315));
#2148=CARTESIAN_POINT('',(0.00299999999999996,-0.00519615242270666,0.0316666666666666));
#2149=CARTESIAN_POINT('',(0.00599999999999998,-0.00346410161513775,0.0318333333333333));
#2150=CARTESIAN_POINT('',(0.006,-9.5333650618625E-18,0.032));
#2151=CARTESIAN_POINT('',(0.006,-3.65506042595521E-18,0.024));
#2152=CARTESIAN_POINT('',(0.006,7.53668050975267E-19,0.01635));
#2153=CARTESIAN_POINT('',(0.006,7.53668050975267E-19,0.03065));
#2154=CARTESIAN_POINT('',(-0.006,1.48845613046368E-18,0.0242669621751714));
#2155=CARTESIAN_POINT('',(-0.006,1.48845613046368E-18,0.0260103362096908));
#2156=CARTESIAN_POINT('',(-0.006,-0.012,0.0242669621751714));
#2157=CARTESIAN_POINT('',(-0.006,-0.012,0.0260103362096908));
#2158=CARTESIAN_POINT('',(0.006,-0.012,0.0242669621751714));
#2159=CARTESIAN_POINT('',(0.006,-0.012,0.0260103362096908));
#2160=CARTESIAN_POINT('',(0.006,7.53668050975267E-19,0.0242669621751714));
#2161=CARTESIAN_POINT('',(0.006,7.53668050975267E-19,0.0260103362096908));
#2162=CARTESIAN_POINT('',(0.006,7.53668050975267E-19,0.0192772983848622));
#2163=CARTESIAN_POINT('',(0.006,0.00346410161513775,0.0194439650515289));
#2164=CARTESIAN_POINT('',(0.003,0.00519615242270663,0.0196106317181956));
#2165=CARTESIAN_POINT('',(4.24230095489963E-19,0.00692820323027551,0.0197772983848622));
#2166=CARTESIAN_POINT('',(-0.003,0.00519615242270663,0.0199439650515289));
#2167=CARTESIAN_POINT('',(-0.006,0.00346410161513775,0.0201106317181956));
#2168=CARTESIAN_POINT('',(-0.006,1.48845613046368E-18,0.0202772983848622));
#2169=CARTESIAN_POINT('',(-0.006,-0.00346410161513775,0.0204439650515289));
#2170=CARTESIAN_POINT('',(-0.003,-0.00519615242270663,0.0206106317181956));
#2171=CARTESIAN_POINT('',(-1.27269028646989E-18,-0.00692820323027551,0.0207772983848622));
#2172=CARTESIAN_POINT('',(0.003,-0.00519615242270663,0.0209439650515289));
#2173=CARTESIAN_POINT('',(0.006,-0.00346410161513775,0.0211106317181956));
#2174=CARTESIAN_POINT('',(0.006,-7.15908108001557E-19,0.0212772983848622));
#2175=CARTESIAN_POINT('',(0.00600000000000001,0.00346410161513775,0.0214439650515289));
#2176=CARTESIAN_POINT('',(0.003,0.00519615242270663,0.0216106317181956));
#2177=CARTESIAN_POINT('',(8.27463107387721E-18,0.00692820323027551,0.0217772983848623));
#2178=CARTESIAN_POINT('',(-0.003,0.00519615242270664,0.0219439650515289));
#2179=CARTESIAN_POINT('',(-0.006,0.00346410161513775,0.0221106317181956));
#2180=CARTESIAN_POINT('',(-0.006,2.9580322894405E-18,0.0222772983848623));
#2181=CARTESIAN_POINT('',(-0.00600000000000001,-0.00346410161513775,0.0224439650515289));
#2182=CARTESIAN_POINT('',(-0.003,-0.00519615242270663,0.0226106317181956));
#2183=CARTESIAN_POINT('',(-2.96961066842974E-18,-0.00692820323027551,0.0227772983848622));
#2184=CARTESIAN_POINT('',(0.003,-0.00519615242270664,0.0229439650515289));
#2185=CARTESIAN_POINT('',(0.006,-0.00346410161513775,0.0231106317181956));
#2186=CARTESIAN_POINT('',(0.006,-2.18548426697838E-18,0.0232772983848622));
#2187=CARTESIAN_POINT('',(0.00600000000000001,0.00346410161513775,0.0234439650515289));
#2188=CARTESIAN_POINT('',(0.003,0.00519615242270663,0.0236106317181956));
#2189=CARTESIAN_POINT('',(1.61250320522645E-17,0.00692820323027551,0.0237772983848622));
#2190=CARTESIAN_POINT('',(-0.003,0.00519615242270664,0.0239439650515289));
#2191=CARTESIAN_POINT('',(-0.006,0.00346410161513775,0.0241106317181955));
#2192=CARTESIAN_POINT('',(-0.006,1.50857494848188E-17,0.0242772983848622));
#2193=CARTESIAN_POINT('',(-0.00600000000000001,-0.00346410161513775,0.0244439650515289));
#2194=CARTESIAN_POINT('',(-0.003,-0.00519615242270663,0.0246106317181956));
#2195=CARTESIAN_POINT('',(-1.69734922432444E-17,-0.00692820323027551,0.0247772983848622));
#2196=CARTESIAN_POINT('',(0.003,-0.00519615242270664,0.0249439650515289));
#2197=CARTESIAN_POINT('',(0.00599999999999998,-0.00346410161513775,0.0251106317181956));
#2198=CARTESIAN_POINT('',(0.006,-3.65506042595521E-18,0.0252772983848622));
#2199=CARTESIAN_POINT('',(0.00600000000000001,0.00346410161513775,0.0254439650515289));
#2200=CARTESIAN_POINT('',(0.003,0.00519615242270663,0.0256106317181956));
#2201=CARTESIAN_POINT('',(1.78219524342243E-17,0.00692820323027551,0.0257772983848623));
#2202=CARTESIAN_POINT('',(-0.003,0.00519615242270664,0.0259439650515289));
#2203=CARTESIAN_POINT('',(-0.00599999999999998,0.00346410161513775,0.0261106317181956));
#2204=CARTESIAN_POINT('',(-0.006,5.89718460739415E-18,0.0262772983848623));
#2205=CARTESIAN_POINT('',(-0.00600000000000001,-0.00346410161513775,0.0264439650515289));
#2206=CARTESIAN_POINT('',(-0.003,-0.00519615242270663,0.0266106317181956));
#2207=CARTESIAN_POINT('',(-1.86704126252043E-17,-0.00692820323027551,0.0267772983848623));
#2208=CARTESIAN_POINT('',(0.003,-0.00519615242270664,0.0269439650515289));
#2209=CARTESIAN_POINT('',(0.00599999999999998,-0.00346410161513775,0.0271106317181956));
#2210=CARTESIAN_POINT('',(0.006,-5.12463658493203E-18,0.0272772983848622));
#2211=CARTESIAN_POINT('',(0.00600000000000001,0.00346410161513775,0.0274439650515289));
#2212=CARTESIAN_POINT('',(0.003,0.00519615242270663,0.0276106317181956));
#2213=CARTESIAN_POINT('',(1.95188728161842E-17,0.00692820323027551,0.0277772983848622));
#2214=CARTESIAN_POINT('',(-0.003,0.00519615242270664,0.0279439650515289));
#2215=CARTESIAN_POINT('',(-0.00599999999999998,0.00346410161513775,0.0281106317181956));
#2216=CARTESIAN_POINT('',(-0.006,2.8683042839174E-17,0.0282772983848622));
#2217=CARTESIAN_POINT('',(-0.00600000000000001,-0.00346410161513775,0.0284439650515289));
#2218=CARTESIAN_POINT('',(-0.003,-0.00519615242270663,0.0286106317181956));
#2219=CARTESIAN_POINT('',(-2.03673330071641E-17,-0.00692820323027551,0.0287772983848622));
#2220=CARTESIAN_POINT('',(0.003,-0.00519615242270664,0.0289439650515289));
#2221=CARTESIAN_POINT('',(0.00599999999999998,-0.00346410161513775,0.0291106317181956));
#2222=CARTESIAN_POINT('',(0.006,-2.79104948167119E-17,0.0292772983848622));
#2223=CARTESIAN_POINT('',(0.00600000000000001,0.00346410161513775,0.0294439650515289));
#2224=CARTESIAN_POINT('',(0.003,0.00519615242270663,0.0296106317181956));
#2225=CARTESIAN_POINT('',(4.58297155838536E-17,0.00692820323027551,0.0297772983848623));
#2226=CARTESIAN_POINT('',(-0.003,0.00519615242270665,0.0299439650515289));
#2227=CARTESIAN_POINT('',(-0.006,0.00346410161513775,0.0301106317181956));
#2228=CARTESIAN_POINT('',(-0.006,3.01526189981508E-17,0.0302772983848623));
#2229=CARTESIAN_POINT('',(-0.00600000000000001,-0.00346410161513775,0.0304439650515289));
#2230=CARTESIAN_POINT('',(-0.00300000000000004,-0.00519615242270661,0.0306106317181956));
#2231=CARTESIAN_POINT('',(-2.2064253389124E-17,-0.00692820323027551,0.0307772983848623));
#2232=CARTESIAN_POINT('',(0.00299999999999996,-0.00519615242270665,0.0309439650515289));
#2233=CARTESIAN_POINT('',(0.00599999999999998,-0.00346410161513775,0.0311106317181956));
#2234=CARTESIAN_POINT('',(0.006,-8.06378890288568E-18,0.0312772983848622));
#2235=CARTESIAN_POINT('',(0.00600000000000002,0.00346410161513775,0.0314439650515289));
#2236=CARTESIAN_POINT('',(0.003,0.00519615242270663,0.0316106317181956));
#2237=CARTESIAN_POINT('',(4.75266359658135E-17,0.00692820323027551,0.0317772983848622));
#2238=CARTESIAN_POINT('',(-0.003,0.00519615242270665,0.0319439650515289));
#2239=CARTESIAN_POINT('',(-0.006,0.00346410161513775,0.0321106317181956));
#2240=CARTESIAN_POINT('',(-0.006,3.16221951571276E-17,0.0322772983848622));
#2241=CARTESIAN_POINT('',(-0.00600000000000001,-0.00346410161513775,0.0324439650515289));
#2242=CARTESIAN_POINT('',(-0.00300000000000004,-0.00519615242270661,0.0326106317181956));
#2243=CARTESIAN_POINT('',(-2.37611737710838E-17,-0.00692820323027551,0.0327772983848622));
#2244=CARTESIAN_POINT('',(0.00299999999999996,-0.00519615242270666,0.0329439650515289));
#2245=CARTESIAN_POINT('',(0.00599999999999998,-0.00346410161513775,0.0331106317181955));
#2246=CARTESIAN_POINT('',(0.006,-9.5333650618625E-18,0.0332772983848623));
#2247=CARTESIAN_POINT('',(-0.006,1.50857494848188E-17,0.0242772983848622));
#2248=CARTESIAN_POINT('',(0.006,-3.65506042595521E-18,0.0252772983848622));
#2249=CARTESIAN_POINT('',(-0.006,1.48845613046368E-18,0.01635));
#2250=CARTESIAN_POINT('',(-0.006,1.48845613046368E-18,0.03065));
#2251=CARTESIAN_POINT('',(-0.006,5.89718460739415E-18,0.025));
#2252=CARTESIAN_POINT('',(0.006,7.53668050975267E-19,0.018));
#2253=CARTESIAN_POINT('',(0.006,0.00346410161513775,0.0181666666666667));
#2254=CARTESIAN_POINT('',(0.003,0.00519615242270663,0.0183333333333334));
#2255=CARTESIAN_POINT('',(4.24230095489963E-19,0.00692820323027551,0.0185));
#2256=CARTESIAN_POINT('',(-0.003,0.00519615242270663,0.0186666666666667));
#2257=CARTESIAN_POINT('',(-0.006,0.00346410161513775,0.0188333333333334));
#2258=CARTESIAN_POINT('',(-0.006,1.48845613046368E-18,0.019));
#2259=CARTESIAN_POINT('',(-0.006,-0.00346410161513775,0.0191666666666667));
#2260=CARTESIAN_POINT('',(-0.003,-0.00519615242270663,0.0193333333333334));
#2261=CARTESIAN_POINT('',(-1.27269028646989E-18,-0.00692820323027551,0.0195));
#2262=CARTESIAN_POINT('',(0.003,-0.00519615242270663,0.0196666666666666));
#2263=CARTESIAN_POINT('',(0.006,-0.00346410161513775,0.0198333333333333));
#2264=CARTESIAN_POINT('',(0.006,-7.15908108001557E-19,0.02));
#2265=CARTESIAN_POINT('',(0.00600000000000001,0.00346410161513775,0.0201666666666667));
#2266=CARTESIAN_POINT('',(0.003,0.00519615242270663,0.0203333333333334));
#2267=CARTESIAN_POINT('',(8.27463107387721E-18,0.00692820323027551,0.0205));
#2268=CARTESIAN_POINT('',(-0.003,0.00519615242270664,0.0206666666666666));
#2269=CARTESIAN_POINT('',(-0.006,0.00346410161513775,0.0208333333333333));
#2270=CARTESIAN_POINT('',(-0.006,2.9580322894405E-18,0.021));
#2271=CARTESIAN_POINT('',(-0.00600000000000001,-0.00346410161513775,0.0211666666666666));
#2272=CARTESIAN_POINT('',(-0.003,-0.00519615242270663,0.0213333333333333));
#2273=CARTESIAN_POINT('',(-2.96961066842974E-18,-0.00692820323027551,0.0215));
#2274=CARTESIAN_POINT('',(0.003,-0.00519615242270664,0.0216666666666667));
#2275=CARTESIAN_POINT('',(0.006,-0.00346410161513775,0.0218333333333333));
#2276=CARTESIAN_POINT('',(0.006,-2.18548426697838E-18,0.022));
#2277=CARTESIAN_POINT('',(0.00600000000000001,0.00346410161513775,0.0221666666666667));
#2278=CARTESIAN_POINT('',(0.003,0.00519615242270663,0.0223333333333334));
#2279=CARTESIAN_POINT('',(1.61250320522645E-17,0.00692820323027551,0.0225));
#2280=CARTESIAN_POINT('',(-0.003,0.00519615242270664,0.0226666666666667));
#2281=CARTESIAN_POINT('',(-0.006,0.00346410161513775,0.0228333333333333));
#2282=CARTESIAN_POINT('',(-0.006,1.50857494848188E-17,0.023));
#2283=CARTESIAN_POINT('',(-0.00600000000000001,-0.00346410161513775,0.0231666666666667));
#2284=CARTESIAN_POINT('',(-0.003,-0.00519615242270663,0.0233333333333333));
#2285=CARTESIAN_POINT('',(-1.69734922432444E-17,-0.00692820323027551,0.0235));
#2286=CARTESIAN_POINT('',(0.003,-0.00519615242270664,0.0236666666666667));
#2287=CARTESIAN_POINT('',(0.00599999999999998,-0.00346410161513775,0.0238333333333333));
#2288=CARTESIAN_POINT('',(0.006,-3.65506042595521E-18,0.024));
#2289=CARTESIAN_POINT('',(0.00600000000000001,0.00346410161513775,0.0241666666666667));
#2290=CARTESIAN_POINT('',(0.003,0.00519615242270663,0.0243333333333333));
#2291=CARTESIAN_POINT('',(1.78219524342243E-17,0.00692820323027551,0.0245));
#2292=CARTESIAN_POINT('',(-0.003,0.00519615242270664,0.0246666666666667));
#2293=CARTESIAN_POINT('',(-0.00599999999999998,0.00346410161513775,0.0248333333333333));
#2294=CARTESIAN_POINT('',(-0.006,5.89718460739415E-18,0.025));
#2295=CARTESIAN_POINT('',(-0.00600000000000001,-0.00346410161513775,0.0251666666666666));
#2296=CARTESIAN_POINT('',(-0.003,-0.00519615242270663,0.0253333333333334));
#2297=CARTESIAN_POINT('',(-1.86704126252043E-17,-0.00692820323027551,0.0255));
#2298=CARTESIAN_POINT('',(0.003,-0.00519615242270664,0.0256666666666667));
#2299=CARTESIAN_POINT('',(0.00599999999999998,-0.00346410161513775,0.0258333333333333));
#2300=CARTESIAN_POINT('',(0.006,-5.12463658493203E-18,0.026));
#2301=CARTESIAN_POINT('',(0.00600000000000001,0.00346410161513775,0.0261666666666666));
#2302=CARTESIAN_POINT('',(0.003,0.00519615242270663,0.0263333333333334));
#2303=CARTESIAN_POINT('',(1.95188728161842E-17,0.00692820323027551,0.0265));
#2304=CARTESIAN_POINT('',(-0.003,0.00519615242270664,0.0266666666666667));
#2305=CARTESIAN_POINT('',(-0.00599999999999998,0.00346410161513775,0.0268333333333333));
#2306=CARTESIAN_POINT('',(-0.006,2.8683042839174E-17,0.027));
#2307=CARTESIAN_POINT('',(-0.00600000000000001,-0.00346410161513775,0.0271666666666667));
#2308=CARTESIAN_POINT('',(-0.003,-0.00519615242270663,0.0273333333333333));
#2309=CARTESIAN_POINT('',(-2.03673330071641E-17,-0.00692820323027551,0.0275));
#2310=CARTESIAN_POINT('',(0.003,-0.00519615242270664,0.0276666666666667));
#2311=CARTESIAN_POINT('',(0.00599999999999998,-0.00346410161513775,0.0278333333333334));
#2312=CARTESIAN_POINT('',(0.006,-2.79104948167119E-17,0.028));
#2313=CARTESIAN_POINT('',(0.00600000000000001,0.00346410161513775,0.0281666666666667));
#2314=CARTESIAN_POINT('',(0.003,0.00519615242270663,0.0283333333333333));
#2315=CARTESIAN_POINT('',(4.58297155838536E-17,0.00692820323027551,0.0285));
#2316=CARTESIAN_POINT('',(-0.003,0.00519615242270665,0.0286666666666667));
#2317=CARTESIAN_POINT('',(-0.006,0.00346410161513775,0.0288333333333333));
#2318=CARTESIAN_POINT('',(-0.006,3.01526189981508E-17,0.029));
#2319=CARTESIAN_POINT('',(-0.00600000000000001,-0.00346410161513775,0.0291666666666667));
#2320=CARTESIAN_POINT('',(-0.00300000000000004,-0.00519615242270661,0.0293333333333334));
#2321=CARTESIAN_POINT('',(-2.2064253389124E-17,-0.00692820323027551,0.0295));
#2322=CARTESIAN_POINT('',(0.00299999999999996,-0.00519615242270665,0.0296666666666667));
#2323=CARTESIAN_POINT('',(0.00599999999999998,-0.00346410161513775,0.0298333333333333));
#2324=CARTESIAN_POINT('',(0.006,-8.06378890288568E-18,0.03));
#2325=CARTESIAN_POINT('',(0.00600000000000002,0.00346410161513775,0.0301666666666666));
#2326=CARTESIAN_POINT('',(0.003,0.00519615242270663,0.0303333333333334));
#2327=CARTESIAN_POINT('',(4.75266359658135E-17,0.00692820323027551,0.0305));
#2328=CARTESIAN_POINT('',(-0.003,0.00519615242270665,0.0306666666666667));
#2329=CARTESIAN_POINT('',(-0.006,0.00346410161513775,0.0308333333333333));
#2330=CARTESIAN_POINT('',(-0.006,3.16221951571276E-17,0.031));
#2331=CARTESIAN_POINT('',(-0.00600000000000001,-0.00346410161513775,0.0311666666666667));
#2332=CARTESIAN_POINT('',(-0.00300000000000004,-0.00519615242270661,0.0313333333333334));
#2333=CARTESIAN_POINT('',(-2.37611737710838E-17,-0.00692820323027551,0.0315));
#2334=CARTESIAN_POINT('',(0.00299999999999996,-0.00519615242270666,0.0316666666666666));
#2335=CARTESIAN_POINT('',(0.00599999999999998,-0.00346410161513775,0.0318333333333333));
#2336=CARTESIAN_POINT('',(0.006,-9.5333650618625E-18,0.032));
#2337=CARTESIAN_POINT('',(0.006,-5.12463658493203E-18,0.026));
#2338=CARTESIAN_POINT('',(0.006,7.53668050975267E-19,0.01635));
#2339=CARTESIAN_POINT('',(0.006,7.53668050975267E-19,0.03065));
#2340=CARTESIAN_POINT('',(-0.006,1.48845613046368E-18,0.0262669621751714));
#2341=CARTESIAN_POINT('',(-0.006,1.48845613046368E-18,0.0280103362096908));
#2342=CARTESIAN_POINT('',(-0.006,-0.012,0.0262669621751714));
#2343=CARTESIAN_POINT('',(-0.006,-0.012,0.0280103362096908));
#2344=CARTESIAN_POINT('',(0.006,-0.012,0.0262669621751714));
#2345=CARTESIAN_POINT('',(0.006,-0.012,0.0280103362096908));
#2346=CARTESIAN_POINT('',(0.006,7.53668050975267E-19,0.0262669621751714));
#2347=CARTESIAN_POINT('',(0.006,7.53668050975267E-19,0.0280103362096908));
#2348=CARTESIAN_POINT('',(0.006,7.53668050975267E-19,0.0192772983848622));
#2349=CARTESIAN_POINT('',(0.006,0.00346410161513775,0.0194439650515289));
#2350=CARTESIAN_POINT('',(0.003,0.00519615242270663,0.0196106317181956));
#2351=CARTESIAN_POINT('',(4.24230095489963E-19,0.00692820323027551,0.0197772983848622));
#2352=CARTESIAN_POINT('',(-0.003,0.00519615242270663,0.0199439650515289));
#2353=CARTESIAN_POINT('',(-0.006,0.00346410161513775,0.0201106317181956));
#2354=CARTESIAN_POINT('',(-0.006,1.48845613046368E-18,0.0202772983848622));
#2355=CARTESIAN_POINT('',(-0.006,-0.00346410161513775,0.0204439650515289));
#2356=CARTESIAN_POINT('',(-0.003,-0.00519615242270663,0.0206106317181956));
#2357=CARTESIAN_POINT('',(-1.27269028646989E-18,-0.00692820323027551,0.0207772983848622));
#2358=CARTESIAN_POINT('',(0.003,-0.00519615242270663,0.0209439650515289));
#2359=CARTESIAN_POINT('',(0.006,-0.00346410161513775,0.0211106317181956));
#2360=CARTESIAN_POINT('',(0.006,-7.15908108001557E-19,0.0212772983848622));
#2361=CARTESIAN_POINT('',(0.00600000000000001,0.00346410161513775,0.0214439650515289));
#2362=CARTESIAN_POINT('',(0.003,0.00519615242270663,0.0216106317181956));
#2363=CARTESIAN_POINT('',(8.27463107387721E-18,0.00692820323027551,0.0217772983848623));
#2364=CARTESIAN_POINT('',(-0.003,0.00519615242270664,0.0219439650515289));
#2365=CARTESIAN_POINT('',(-0.006,0.00346410161513775,0.0221106317181956));
#2366=CARTESIAN_POINT('',(-0.006,2.9580322894405E-18,0.0222772983848623));
#2367=CARTESIAN_POINT('',(-0.00600000000000001,-0.00346410161513775,0.0224439650515289));
#2368=CARTESIAN_POINT('',(-0.003,-0.00519615242270663,0.0226106317181956));
#2369=CARTESIAN_POINT('',(-2.96961066842974E-18,-0.00692820323027551,0.0227772983848622));
#2370=CARTESIAN_POINT('',(0.003,-0.00519615242270664,0.0229439650515289));
#2371=CARTESIAN_POINT('',(0.006,-0.00346410161513775,0.0231106317181956));
#2372=CARTESIAN_POINT('',(0.006,-2.18548426697838E-18,0.0232772983848622));
#2373=CARTESIAN_POINT('',(0.00600000000000001,0.00346410161513775,0.0234439650515289));
#2374=CARTESIAN_POINT('',(0.003,0.00519615242270663,0.0236106317181956));
#2375=CARTESIAN_POINT('',(1.61250320522645E-17,0.00692820323027551,0.0237772983848622));
#2376=CARTESIAN_POINT('',(-0.003,0.00519615242270664,0.0239439650515289));
#2377=CARTESIAN_POINT('',(-0.006,0.00346410161513775,0.0241106317181955));
#2378=CARTESIAN_POINT('',(-0.006,1.50857494848188E-17,0.0242772983848622));
#2379=CARTESIAN_POINT('',(-0.00600000000000001,-0.00346410161513775,0.0244439650515289));
#2380=CARTESIAN_POINT('',(-0.003,-0.00519615242270663,0.0246106317181956));
#2381=CARTESIAN_POINT('',(-1.69734922432444E-17,-0.00692820323027551,0.0247772983848622));
#2382=CARTESIAN_POINT('',(0.003,-0.00519615242270664,0.0249439650515289));
#2383=CARTESIAN_POINT('',(0.00599999999999998,-0.00346410161513775,0.0251106317181956));
#2384=CARTESIAN_POINT('',(0.006,-3.65506042595521E-18,0.0252772983848622));
#2385=CARTESIAN_POINT('',(0.00600000000000001,0.00346410161513775,0.0254439650515289));
#2386=CARTESIAN_POINT('',(0.003,0.00519615242270663,0.0256106317181956));
#2387=CARTESIAN_POINT('',(1.78219524342243E-17,0.00692820323027551,0.0257772983848623));
#2388=CARTESIAN_POINT('',(-0.003,0.00519615242270664,0.0259439650515289));
#2389=CARTESIAN_POINT('',(-0.00599999999999998,0.00346410161513775,0.0261106317181956));
#2390=CARTESIAN_POINT('',(-0.006,5.89718460739415E-18,0.0262772983848623));
#2391=CARTESIAN_POINT('',(-0.00600000000000001,-0.00346410161513775,0.0264439650515289));
#2392=CARTESIAN_POINT('',(-0.003,-0.00519615242270663,0.0266106317181956));
#2393=CARTESIAN_POINT('',(-1.86704126252043E-17,-0.00692820323027551,0.0267772983848623));
#2394=CARTESIAN_POINT('',(0.003,-0.00519615242270664,0.0269439650515289));
#2395=CARTESIAN_POINT('',(0.00599999999999998,-0.00346410161513775,0.0271106317181956));
#2396=CARTESIAN_POINT('',(0.006,-5.12463658493203E-18,0.0272772983848622));
#2397=CARTESIAN_POINT('',(0.00600000000000001,0.00346410161513775,0.0274439650515289));
#2398=CARTESIAN_POINT('',(0.003,0.00519615242270663,0.0276106317181956));
#2399=CARTESIAN_POINT('',(1.95188728161842E-17,0.00692820323027551,0.0277772983848622));
#2400=CARTESIAN_POINT('',(-0.003,0.00519615242270664,0.0279439650515289));
#2401=CARTESIAN_POINT('',(-0.00599999999999998,0.00346410161513775,0.0281106317181956));
#2402=CARTESIAN_POINT('',(-0.006,2.8683042839174E-17,0.0282772983848622));
#2403=CARTESIAN_POINT('',(-0.00600000000000001,-0.00346410161513775,0.0284439650515289));
#2404=CARTESIAN_POINT('',(-0.003,-0.00519615242270663,0.0286106317181956));
#2405=CARTESIAN_POINT('',(-2.03673330071641E-17,-0.00692820323027551,0.0287772983848622));
#2406=CARTESIAN_POINT('',(0.003,-0.00519615242270664,0.0289439650515289));
#2407=CARTESIAN_POINT('',(0.00599999999999998,-0.00346410161513775,0.0291106317181956));
#2408=CARTESIAN_POINT('',(0.006,-2.79104948167119E-17,0.0292772983848622));
#2409=CARTESIAN_POINT('',(0.00600000000000001,0.00346410161513775,0.0294439650515289));
#2410=CARTESIAN_POINT('',(0.003,0.00519615242270663,0.0296106317181956));
#2411=CARTESIAN_POINT('',(4.58297155838536E-17,0.00692820323027551,0.0297772983848623));
#2412=CARTESIAN_POINT('',(-0.003,0.00519615242270665,0.0299439650515289));
#2413=CARTESIAN_POINT('',(-0.006,0.00346410161513775,0.0301106317181956));
#2414=CARTESIAN_POINT('',(-0.006,3.01526189981508E-17,0.0302772983848623));
#2415=CARTESIAN_POINT('',(-0.00600000000000001,-0.00346410161513775,0.0304439650515289));
#2416=CARTESIAN_POINT('',(-0.00300000000000004,-0.00519615242270661,0.0306106317181956));
#2417=CARTESIAN_POINT('',(-2.2064253389124E-17,-0.00692820323027551,0.0307772983848623));
#2418=CARTESIAN_POINT('',(0.00299999999999996,-0.00519615242270665,0.0309439650515289));
#2419=CARTESIAN_POINT('',(0.00599999999999998,-0.00346410161513775,0.0311106317181956));
#2420=CARTESIAN_POINT('',(0.006,-8.06378890288568E-18,0.0312772983848622));
#2421=CARTESIAN_POINT('',(0.00600000000000002,0.00346410161513775,0.0314439650515289));
#2422=CARTESIAN_POINT('',(0.003,0.00519615242270663,0.0316106317181956));
#2423=CARTESIAN_POINT('',(4.75266359658135E-17,0.00692820323027551,0.0317772983848622));
#2424=CARTESIAN_POINT('',(-0.003,0.00519615242270665,0.0319439650515289));
#2425=CARTESIAN_POINT('',(-0.006,0.00346410161513775,0.0321106317181956));
#2426=CARTESIAN_POINT('',(-0.006,3.16221951571276E-17,0.0322772983848622));
#2427=CARTESIAN_POINT('',(-0.00600000000000001,-0.00346410161513775,0.0324439650515289));
#2428=CARTESIAN_POINT('',(-0.00300000000000004,-0.00519615242270661,0.0326106317181956));
#2429=CARTESIAN_POINT('',(-2.37611737710838E-17,-0.00692820323027551,0.0327772983848622));
#2430=CARTESIAN_POINT('',(0.00299999999999996,-0.00519615242270666,0.0329439650515289));
#2431=CARTESIAN_POINT('',(0.00599999999999998,-0.00346410161513775,0.0331106317181955));
#2432=CARTESIAN_POINT('',(0.006,-9.5333650618625E-18,0.0332772983848623));
#2433=CARTESIAN_POINT('',(-0.006,5.89718460739415E-18,0.0262772983848623));
#2434=CARTESIAN_POINT('',(0.006,-5.12463658493203E-18,0.0272772983848622));
#2435=CARTESIAN_POINT('',(-0.006,1.48845613046368E-18,0.01635));
#2436=CARTESIAN_POINT('',(-0.006,1.48845613046368E-18,0.03065));
#2437=CARTESIAN_POINT('',(-0.006,2.8683042839174E-17,0.027));
#2438=CARTESIAN_POINT('',(0.006,7.53668050975267E-19,0.018));
#2439=CARTESIAN_POINT('',(0.006,0.00346410161513775,0.0181666666666667));
#2440=CARTESIAN_POINT('',(0.003,0.00519615242270663,0.0183333333333334));
#2441=CARTESIAN_POINT('',(4.24230095489963E-19,0.00692820323027551,0.0185));
#2442=CARTESIAN_POINT('',(-0.003,0.00519615242270663,0.0186666666666667));
#2443=CARTESIAN_POINT('',(-0.006,0.00346410161513775,0.0188333333333334));
#2444=CARTESIAN_POINT('',(-0.006,1.48845613046368E-18,0.019));
#2445=CARTESIAN_POINT('',(-0.006,-0.00346410161513775,0.0191666666666667));
#2446=CARTESIAN_POINT('',(-0.003,-0.00519615242270663,0.0193333333333334));
#2447=CARTESIAN_POINT('',(-1.27269028646989E-18,-0.00692820323027551,0.0195));
#2448=CARTESIAN_POINT('',(0.003,-0.00519615242270663,0.0196666666666666));
#2449=CARTESIAN_POINT('',(0.006,-0.00346410161513775,0.0198333333333333));
#2450=CARTESIAN_POINT('',(0.006,-7.15908108001557E-19,0.02));
#2451=CARTESIAN_POINT('',(0.00600000000000001,0.00346410161513775,0.0201666666666667));
#2452=CARTESIAN_POINT('',(0.003,0.00519615242270663,0.0203333333333334));
#2453=CARTESIAN_POINT('',(8.27463107387721E-18,0.00692820323027551,0.0205));
#2454=CARTESIAN_POINT('',(-0.003,0.00519615242270664,0.0206666666666666));
#2455=CARTESIAN_POINT('',(-0.006,0.00346410161513775,0.0208333333333333));
#2456=CARTESIAN_POINT('',(-0.006,2.9580322894405E-18,0.021));
#2457=CARTESIAN_POINT('',(-0.00600000000000001,-0.00346410161513775,0.0211666666666666));
#2458=CARTESIAN_POINT('',(-0.003,-0.00519615242270663,0.0213333333333333));
#2459=CARTESIAN_POINT('',(-2.96961066842974E-18,-0.00692820323027551,0.0215));
#2460=CARTESIAN_POINT('',(0.003,-0.00519615242270664,0.0216666666666667));
#2461=CARTESIAN_POINT('',(0.006,-0.00346410161513775,0.0218333333333333));
#2462=CARTESIAN_POINT('',(0.006,-2.18548426697838E-18,0.022));
#2463=CARTESIAN_POINT('',(0.00600000000000001,0.00346410161513775,0.0221666666666667));
#2464=CARTESIAN_POINT('',(0.003,0.00519615242270663,0.0223333333333334));
#2465=CARTESIAN_POINT('',(1.61250320522645E-17,0.00692820323027551,0.0225));
#2466=CARTESIAN_POINT('',(-0.003,0.00519615242270664,0.0226666666666667));
#2467=CARTESIAN_POINT('',(-0.006,0.00346410161513775,0.0228333333333333));
#2468=CARTESIAN_POINT('',(-0.006,1.50857494848188E-17,0.023));
#2469=CARTESIAN_POINT('',(-0.00600000000000001,-0.00346410161513775,0.0231666666666667));
#2470=CARTESIAN_POINT('',(-0.003,-0.00519615242270663,0.0233333333333333));
#2471=CARTESIAN_POINT('',(-1.69734922432444E-17,-0.00692820323027551,0.0235));
#2472=CARTESIAN_POINT('',(0.003,-0.00519615242270664,0.0236666666666667));
#2473=CARTESIAN_POINT('',(0.00599999999999998,-0.00346410161513775,0.0238333333333333));
#2474=CARTESIAN_POINT('',(0.006,-3.65506042595521E-18,0.024));
#2475=CARTESIAN_POINT('',(0.00600000000000001,0.00346410161513775,0.0241666666666667));
#2476=CARTESIAN_POINT('',(0.003,0.00519615242270663,0.0243333333333333));
#2477=CARTESIAN_POINT('',(1.78219524342243E-17,0.00692820323027551,0.0245));
#2478=CARTESIAN_POINT('',(-0.003,0.00519615242270664,0.0246666666666667));
#2479=CARTESIAN_POINT('',(-0.00599999999999998,0.00346410161513775,0.0248333333333333));
#2480=CARTESIAN_POINT('',(-0.006,5.89718460739415E-18,0.025));
#2481=CARTESIAN_POINT('',(-0.00600000000000001,-0.00346410161513775,0.0251666666666666));
#2482=CARTESIAN_POINT('',(-0.003,-0.00519615242270663,0.0253333333333334));
#2483=CARTESIAN_POINT('',(-1.86704126252043E-17,-0.00692820323027551,0.0255));
#2484=CARTESIAN_POINT('',(0.003,-0.00519615242270664,0.0256666666666667));
#2485=CARTESIAN_POINT('',(0.00599999999999998,-0.00346410161513775,0.0258333333333333));
#2486=CARTESIAN_POINT('',(0.006,-5.12463658493203E-18,0.026));
#2487=CARTESIAN_POINT('',(0.00600000000000001,0.00346410161513775,0.0261666666666666));
#2488=CARTESIAN_POINT('',(0.003,0.00519615242270663,0.0263333333333334));
#2489=CARTESIAN_POINT('',(1.95188728161842E-17,0.00692820323027551,0.0265));
#2490=CARTESIAN_POINT('',(-0.003,0.00519615242270664,0.0266666666666667));
#2491=CARTESIAN_POINT('',(-0.00599999999999998,0.00346410161513775,0.0268333333333333));
#2492=CARTESIAN_POINT('',(-0.006,2.8683042839174E-17,0.027));
#2493=CARTESIAN_POINT('',(-0.00600000000000001,-0.00346410161513775,0.0271666666666667));
#2494=CARTESIAN_POINT('',(-0.003,-0.00519615242270663,0.0273333333333333));
#2495=CARTESIAN_POINT('',(-2.03673330071641E-17,-0.00692820323027551,0.0275));
#2496=CARTESIAN_POINT('',(0.003,-0.00519615242270664,0.0276666666666667));
#2497=CARTESIAN_POINT('',(0.00599999999999998,-0.00346410161513775,0.0278333333333334));
#2498=CARTESIAN_POINT('',(0.006,-2.79104948167119E-17,0.028));
#2499=CARTESIAN_POINT('',(0.00600000000000001,0.00346410161513775,0.0281666666666667));
#2500=CARTESIAN_POINT('',(0.003,0.00519615242270663,0.0283333333333333));
#2501=CARTESIAN_POINT('',(4.58297155838536E-17,0.00692820323027551,0.0285));
#2502=CARTESIAN_POINT('',(-0.003,0.00519615242270665,0.0286666666666667));
#2503=CARTESIAN_POINT('',(-0.006,0.00346410161513775,0.0288333333333333));
#2504=CARTESIAN_POINT('',(-0.006,3.01526189981508E-17,0.029));
#2505=CARTESIAN_POINT('',(-0.00600000000000001,-0.00346410161513775,0.0291666666666667));
#2506=CARTESIAN_POINT('',(-0.00300000000000004,-0.00519615242270661,0.0293333333333334));
#2507=CARTESIAN_POINT('',(-2.2064253389124E-17,-0.00692820323027551,0.0295));
#2508=CARTESIAN_POINT('',(0.00299999999999996,-0.00519615242270665,0.0296666666666667));
#2509=CARTESIAN_POINT('',(0.00599999999999998,-0.00346410161513775,0.0298333333333333));
#2510=CARTESIAN_POINT('',(0.006,-8.06378890288568E-18,0.03));
#2511=CARTESIAN_POINT('',(0.00600000000000002,0.00346410161513775,0.0301666666666666));
#2512=CARTESIAN_POINT('',(0.003,0.00519615242270663,0.0303333333333334));
#2513=CARTESIAN_POINT('',(4.75266359658135E-17,0.00692820323027551,0.0305));
#2514=CARTESIAN_POINT('',(-0.003,0.00519615242270665,0.0306666666666667));
#2515=CARTESIAN_POINT('',(-0.006,0.00346410161513775,0.0308333333333333));
#2516=CARTESIAN_POINT('',(-0.006,3.16221951571276E-17,0.031));
#2517=CARTESIAN_POINT('',(-0.00600000000000001,-0.00346410161513775,0.0311666666666667));
#2518=CARTESIAN_POINT('',(-0.00300000000000004,-0.00519615242270661,0.0313333333333334));
#2519=CARTESIAN_POINT('',(-2.37611737710838E-17,-0.00692820323027551,0.0315));
#2520=CARTESIAN_POINT('',(0.00299999999999996,-0.00519615242270666,0.0316666666666666));
#2521=CARTESIAN_POINT('',(0.00599999999999998,-0.00346410161513775,0.0318333333333333));
#2522=CARTESIAN_POINT('',(0.006,-9.5333650618625E-18,0.032));
#2523=CARTESIAN_POINT('',(0.006,-2.79104948167119E-17,0.028));
#2524=CARTESIAN_POINT('',(0.006,7.53668050975267E-19,0.01635));
#2525=CARTESIAN_POINT('',(0.006,7.53668050975267E-19,0.03065));
#2526=CARTESIAN_POINT('',(-0.006,1.48845613046368E-18,0.0282669621751714));
#2527=CARTESIAN_POINT('',(-0.006,1.48845613046368E-18,0.0300103362096908));
#2528=CARTESIAN_POINT('',(-0.006,-0.012,0.0282669621751714));
#2529=CARTESIAN_POINT('',(-0.006,-0.012,0.0300103362096908));
#2530=CARTESIAN_POINT('',(0.006,-0.012,0.0282669621751714));
#2531=CARTESIAN_POINT('',(0.006,-0.012,0.0300103362096908));
#2532=CARTESIAN_POINT('',(0.006,7.53668050975267E-19,0.0282669621751714));
#2533=CARTESIAN_POINT('',(0.006,7.53668050975267E-19,0.0300103362096908));
#2534=CARTESIAN_POINT('',(0.006,7.53668050975267E-19,0.0192772983848622));
#2535=CARTESIAN_POINT('',(0.006,0.00346410161513775,0.0194439650515289));
#2536=CARTESIAN_POINT('',(0.003,0.00519615242270663,0.0196106317181956));
#2537=CARTESIAN_POINT('',(4.24230095489963E-19,0.00692820323027551,0.0197772983848622));
#2538=CARTESIAN_POINT('',(-0.003,0.00519615242270663,0.0199439650515289));
#2539=CARTESIAN_POINT('',(-0.006,0.00346410161513775,0.0201106317181956));
#2540=CARTESIAN_POINT('',(-0.006,1.48845613046368E-18,0.0202772983848622));
#2541=CARTESIAN_POINT('',(-0.006,-0.00346410161513775,0.0204439650515289));
#2542=CARTESIAN_POINT('',(-0.003,-0.00519615242270663,0.0206106317181956));
#2543=CARTESIAN_POINT('',(-1.27269028646989E-18,-0.00692820323027551,0.0207772983848622));
#2544=CARTESIAN_POINT('',(0.003,-0.00519615242270663,0.0209439650515289));
#2545=CARTESIAN_POINT('',(0.006,-0.00346410161513775,0.0211106317181956));
#2546=CARTESIAN_POINT('',(0.006,-7.15908108001557E-19,0.0212772983848622));
#2547=CARTESIAN_POINT('',(0.00600000000000001,0.00346410161513775,0.0214439650515289));
#2548=CARTESIAN_POINT('',(0.003,0.00519615242270663,0.0216106317181956));
#2549=CARTESIAN_POINT('',(8.27463107387721E-18,0.00692820323027551,0.0217772983848623));
#2550=CARTESIAN_POINT('',(-0.003,0.00519615242270664,0.0219439650515289));
#2551=CARTESIAN_POINT('',(-0.006,0.00346410161513775,0.0221106317181956));
#2552=CARTESIAN_POINT('',(-0.006,2.9580322894405E-18,0.0222772983848623));
#2553=CARTESIAN_POINT('',(-0.00600000000000001,-0.00346410161513775,0.0224439650515289));
#2554=CARTESIAN_POINT('',(-0.003,-0.00519615242270663,0.0226106317181956));
#2555=CARTESIAN_POINT('',(-2.96961066842974E-18,-0.00692820323027551,0.0227772983848622));
#2556=CARTESIAN_POINT('',(0.003,-0.00519615242270664,0.0229439650515289));
#2557=CARTESIAN_POINT('',(0.006,-0.00346410161513775,0.0231106317181956));
#2558=CARTESIAN_POINT('',(0.006,-2.18548426697838E-18,0.0232772983848622));
#2559=CARTESIAN_POINT('',(0.00600000000000001,0.00346410161513775,0.0234439650515289));
#2560=CARTESIAN_POINT('',(0.003,0.00519615242270663,0.0236106317181956));
#2561=CARTESIAN_POINT('',(1.61250320522645E-17,0.00692820323027551,0.0237772983848622));
#2562=CARTESIAN_POINT('',(-0.003,0.00519615242270664,0.0239439650515289));
#2563=CARTESIAN_POINT('',(-0.006,0.00346410161513775,0.0241106317181955));
#2564=CARTESIAN_POINT('',(-0.006,1.50857494848188E-17,0.0242772983848622));
#2565=CARTESIAN_POINT('',(-0.00600000000000001,-0.00346410161513775,0.0244439650515289));
#2566=CARTESIAN_POINT('',(-0.003,-0.00519615242270663,0.0246106317181956));
#2567=CARTESIAN_POINT('',(-1.69734922432444E-17,-0.00692820323027551,0.0247772983848622));
#2568=CARTESIAN_POINT('',(0.003,-0.00519615242270664,0.0249439650515289));
#2569=CARTESIAN_POINT('',(0.00599999999999998,-0.00346410161513775,0.0251106317181956));
#2570=CARTESIAN_POINT('',(0.006,-3.65506042595521E-18,0.0252772983848622));
#2571=CARTESIAN_POINT('',(0.00600000000000001,0.00346410161513775,0.0254439650515289));
#2572=CARTESIAN_POINT('',(0.003,0.00519615242270663,0.0256106317181956));
#2573=CARTESIAN_POINT('',(1.78219524342243E-17,0.00692820323027551,0.0257772983848623));
#2574=CARTESIAN_POINT('',(-0.003,0.00519615242270664,0.0259439650515289));
#2575=CARTESIAN_POINT('',(-0.00599999999999998,0.00346410161513775,0.0261106317181956));
#2576=CARTESIAN_POINT('',(-0.006,5.89718460739415E-18,0.0262772983848623));
#2577=CARTESIAN_POINT('',(-0.00600000000000001,-0.00346410161513775,0.0264439650515289));
#2578=CARTESIAN_POINT('',(-0.003,-0.00519615242270663,0.0266106317181956));
#2579=CARTESIAN_POINT('',(-1.86704126252043E-17,-0.00692820323027551,0.0267772983848623));
#2580=CARTESIAN_POINT('',(0.003,-0.00519615242270664,0.0269439650515289));
#2581=CARTESIAN_POINT('',(0.00599999999999998,-0.00346410161513775,0.0271106317181956));
#2582=CARTESIAN_POINT('',(0.006,-5.12463658493203E-18,0.0272772983848622));
#2583=CARTESIAN_POINT('',(0.00600000000000001,0.00346410161513775,0.0274439650515289));
#2584=CARTESIAN_POINT('',(0.003,0.00519615242270663,0.0276106317181956));
#2585=CARTESIAN_POINT('',(1.95188728161842E-17,0.00692820323027551,0.0277772983848622));
#2586=CARTESIAN_POINT('',(-0.003,0.00519615242270664,0.0279439650515289));
#2587=CARTESIAN_POINT('',(-0.00599999999999998,0.00346410161513775,0.0281106317181956));
#2588=CARTESIAN_POINT('',(-0.006,2.8683042839174E-17,0.0282772983848622));
#2589=CARTESIAN_POINT('',(-0.00600000000000001,-0.00346410161513775,0.0284439650515289));
#2590=CARTESIAN_POINT('',(-0.003,-0.00519615242270663,0.0286106317181956));
#2591=CARTESIAN_POINT('',(-2.03673330071641E-17,-0.00692820323027551,0.0287772983848622));
#2592=CARTESIAN_POINT('',(0.003,-0.00519615242270664,0.0289439650515289));
#2593=CARTESIAN_POINT('',(0.00599999999999998,-0.00346410161513775,0.0291106317181956));
#2594=CARTESIAN_POINT('',(0.006,-2.79104948167119E-17,0.0292772983848622));
#2595=CARTESIAN_POINT('',(0.00600000000000001,0.00346410161513775,0.0294439650515289));
#2596=CARTESIAN_POINT('',(0.003,0.00519615242270663,0.0296106317181956));
#2597=CARTESIAN_POINT('',(4.58297155838536E-17,0.00692820323027551,0.0297772983848623));
#2598=CARTESIAN_POINT('',(-0.003,0.00519615242270665,0.0299439650515289));
#2599=CARTESIAN_POINT('',(-0.006,0.00346410161513775,0.0301106317181956));
#2600=CARTESIAN_POINT('',(-0.006,3.01526189981508E-17,0.0302772983848623));
#2601=CARTESIAN_POINT('',(-0.00600000000000001,-0.00346410161513775,0.0304439650515289));
#2602=CARTESIAN_POINT('',(-0.00300000000000004,-0.00519615242270661,0.0306106317181956));
#2603=CARTESIAN_POINT('',(-2.2064253389124E-17,-0.00692820323027551,0.0307772983848623));
#2604=CARTESIAN_POINT('',(0.00299999999999996,-0.00519615242270665,0.0309439650515289));
#2605=CARTESIAN_POINT('',(0.00599999999999998,-0.00346410161513775,0.0311106317181956));
#2606=CARTESIAN_POINT('',(0.006,-8.06378890288568E-18,0.0312772983848622));
#2607=CARTESIAN_POINT('',(0.00600000000000002,0.00346410161513775,0.0314439650515289));
#2608=CARTESIAN_POINT('',(0.003,0.00519615242270663,0.0316106317181956));
#2609=CARTESIAN_POINT('',(4.75266359658135E-17,0.00692820323027551,0.0317772983848622));
#2610=CARTESIAN_POINT('',(-0.003,0.00519615242270665,0.0319439650515289));
#2611=CARTESIAN_POINT('',(-0.006,0.00346410161513775,0.0321106317181956));
#2612=CARTESIAN_POINT('',(-0.006,3.16221951571276E-17,0.0322772983848622));
#2613=CARTESIAN_POINT('',(-0.00600000000000001,-0.00346410161513775,0.0324439650515289));
#2614=CARTESIAN_POINT('',(-0.00300000000000004,-0.00519615242270661,0.0326106317181956));
#2615=CARTESIAN_POINT('',(-2.37611737710838E-17,-0.00692820323027551,0.0327772983848622));
#2616=CARTESIAN_POINT('',(0.00299999999999996,-0.00519615242270666,0.0329439650515289));
#2617=CARTESIAN_POINT('',(0.00599999999999998,-0.00346410161513775,0.0331106317181955));
#2618=CARTESIAN_POINT('',(0.006,-9.5333650618625E-18,0.0332772983848623));
#2619=CARTESIAN_POINT('',(-0.006,2.8683042839174E-17,0.0282772983848622));
#2620=CARTESIAN_POINT('',(0.006,-2.79104948167119E-17,0.0292772983848622));
#2621=CARTESIAN_POINT('',(-0.006,1.48845613046368E-18,0.01635));
#2622=CARTESIAN_POINT('',(-0.006,1.48845613046368E-18,0.03065));
#2623=CARTESIAN_POINT('',(-0.006,3.01526189981508E-17,0.029));
#2624=CARTESIAN_POINT('',(0.006,7.53668050975267E-19,0.018));
#2625=CARTESIAN_POINT('',(0.006,0.00346410161513775,0.0181666666666667));
#2626=CARTESIAN_POINT('',(0.003,0.00519615242270663,0.0183333333333334));
#2627=CARTESIAN_POINT('',(4.24230095489963E-19,0.00692820323027551,0.0185));
#2628=CARTESIAN_POINT('',(-0.003,0.00519615242270663,0.0186666666666667));
#2629=CARTESIAN_POINT('',(-0.006,0.00346410161513775,0.0188333333333334));
#2630=CARTESIAN_POINT('',(-0.006,1.48845613046368E-18,0.019));
#2631=CARTESIAN_POINT('',(-0.006,-0.00346410161513775,0.0191666666666667));
#2632=CARTESIAN_POINT('',(-0.003,-0.00519615242270663,0.0193333333333334));
#2633=CARTESIAN_POINT('',(-1.27269028646989E-18,-0.00692820323027551,0.0195));
#2634=CARTESIAN_POINT('',(0.003,-0.00519615242270663,0.0196666666666666));
#2635=CARTESIAN_POINT('',(0.006,-0.00346410161513775,0.0198333333333333));
#2636=CARTESIAN_POINT('',(0.006,-7.15908108001557E-19,0.02));
#2637=CARTESIAN_POINT('',(0.00600000000000001,0.00346410161513775,0.0201666666666667));
#2638=CARTESIAN_POINT('',(0.003,0.00519615242270663,0.0203333333333334));
#2639=CARTESIAN_POINT('',(8.27463107387721E-18,0.00692820323027551,0.0205));
#2640=CARTESIAN_POINT('',(-0.003,0.00519615242270664,0.0206666666666666));
#2641=CARTESIAN_POINT('',(-0.006,0.00346410161513775,0.0208333333333333));
#2642=CARTESIAN_POINT('',(-0.006,2.9580322894405E-18,0.021));
#2643=CARTESIAN_POINT('',(-0.00600000000000001,-0.00346410161513775,0.0211666666666666));
#2644=CARTESIAN_POINT('',(-0.003,-0.00519615242270663,0.0213333333333333));
#2645=CARTESIAN_POINT('',(-2.96961066842974E-18,-0.00692820323027551,0.0215));
#2646=CARTESIAN_POINT('',(0.003,-0.00519615242270664,0.0216666666666667));
#2647=CARTESIAN_POINT('',(0.006,-0.00346410161513775,0.0218333333333333));
#2648=CARTESIAN_POINT('',(0.006,-2.18548426697838E-18,0.022));
#2649=CARTESIAN_POINT('',(0.00600000000000001,0.00346410161513775,0.0221666666666667));
#2650=CARTESIAN_POINT('',(0.003,0.00519615242270663,0.0223333333333334));
#2651=CARTESIAN_POINT('',(1.61250320522645E-17,0.00692820323027551,0.0225));
#2652=CARTESIAN_POINT('',(-0.003,0.00519615242270664,0.0226666666666667));
#2653=CARTESIAN_POINT('',(-0.006,0.00346410161513775,0.0228333333333333));
#2654=CARTESIAN_POINT('',(-0.006,1.50857494848188E-17,0.023));
#2655=CARTESIAN_POINT('',(-0.00600000000000001,-0.00346410161513775,0.0231666666666667));
#2656=CARTESIAN_POINT('',(-0.003,-0.00519615242270663,0.0233333333333333));
#2657=CARTESIAN_POINT('',(-1.69734922432444E-17,-0.00692820323027551,0.0235));
#2658=CARTESIAN_POINT('',(0.003,-0.00519615242270664,0.0236666666666667));
#2659=CARTESIAN_POINT('',(0.00599999999999998,-0.00346410161513775,0.0238333333333333));
#2660=CARTESIAN_POINT('',(0.006,-3.65506042595521E-18,0.024));
#2661=CARTESIAN_POINT('',(0.00600000000000001,0.00346410161513775,0.0241666666666667));
#2662=CARTESIAN_POINT('',(0.003,0.00519615242270663,0.0243333333333333));
#2663=CARTESIAN_POINT('',(1.78219524342243E-17,0.00692820323027551,0.0245));
#2664=CARTESIAN_POINT('',(-0.003,0.00519615242270664,0.0246666666666667));
#2665=CARTESIAN_POINT('',(-0.00599999999999998,0.00346410161513775,0.0248333333333333));
#2666=CARTESIAN_POINT('',(-0.006,5.89718460739415E-18,0.025));
#2667=CARTESIAN_POINT('',(-0.00600000000000001,-0.00346410161513775,0.0251666666666666));
#2668=CARTESIAN_POINT('',(-0.003,-0.00519615242270663,0.0253333333333334));
#2669=CARTESIAN_POINT('',(-1.86704126252043E-17,-0.00692820323027551,0.0255));
#2670=CARTESIAN_POINT('',(0.003,-0.00519615242270664,0.0256666666666667));
#2671=CARTESIAN_POINT('',(0.00599999999999998,-0.00346410161513775,0.0258333333333333));
#2672=CARTESIAN_POINT('',(0.006,-5.12463658493203E-18,0.026));
#2673=CARTESIAN_POINT('',(0.00600000000000001,0.00346410161513775,0.0261666666666666));
#2674=CARTESIAN_POINT('',(0.003,0.00519615242270663,0.0263333333333334));
#2675=CARTESIAN_POINT('',(1.95188728161842E-17,0.00692820323027551,0.0265));
#2676=CARTESIAN_POINT('',(-0.003,0.00519615242270664,0.0266666666666667));
#2677=CARTESIAN_POINT('',(-0.00599999999999998,0.00346410161513775,0.0268333333333333));
#2678=CARTESIAN_POINT('',(-0.006,2.8683042839174E-17,0.027));
#2679=CARTESIAN_POINT('',(-0.00600000000000001,-0.00346410161513775,0.0271666666666667));
#2680=CARTESIAN_POINT('',(-0.003,-0.00519615242270663,0.0273333333333333));
#2681=CARTESIAN_POINT('',(-2.03673330071641E-17,-0.00692820323027551,0.0275));
#2682=CARTESIAN_POINT('',(0.003,-0.00519615242270664,0.0276666666666667));
#2683=CARTESIAN_POINT('',(0.00599999999999998,-0.00346410161513775,0.0278333333333334));
#2684=CARTESIAN_POINT('',(0.006,-2.79104948167119E-17,0.028));
#2685=CARTESIAN_POINT('',(0.00600000000000001,0.00346410161513775,0.0281666666666667));
#2686=CARTESIAN_POINT('',(0.003,0.00519615242270663,0.0283333333333333));
#2687=CARTESIAN_POINT('',(4.58297155838536E-17,0.00692820323027551,0.0285));
#2688=CARTESIAN_POINT('',(-0.003,0.00519615242270665,0.0286666666666667));
#2689=CARTESIAN_POINT('',(-0.006,0.00346410161513775,0.0288333333333333));
#2690=CARTESIAN_POINT('',(-0.006,3.01526189981508E-17,0.029));
#2691=CARTESIAN_POINT('',(-0.00600000000000001,-0.00346410161513775,0.0291666666666667));
#2692=CARTESIAN_POINT('',(-0.00300000000000004,-0.00519615242270661,0.0293333333333334));
#2693=CARTESIAN_POINT('',(-2.2064253389124E-17,-0.00692820323027551,0.0295));
#2694=CARTESIAN_POINT('',(0.00299999999999996,-0.00519615242270665,0.0296666666666667));
#2695=CARTESIAN_POINT('',(0.00599999999999998,-0.00346410161513775,0.0298333333333333));
#2696=CARTESIAN_POINT('',(0.006,-8.06378890288568E-18,0.03));
#2697=CARTESIAN_POINT('',(0.00600000000000002,0.00346410161513775,0.0301666666666666));
#2698=CARTESIAN_POINT('',(0.003,0.00519615242270663,0.0303333333333334));
#2699=CARTESIAN_POINT('',(4.75266359658135E-17,0.00692820323027551,0.0305));
#2700=CARTESIAN_POINT('',(-0.003,0.00519615242270665,0.0306666666666667));
#2701=CARTESIAN_POINT('',(-0.006,0.00346410161513775,0.0308333333333333));
#2702=CARTESIAN_POINT('',(-0.006,3.16221951571276E-17,0.031));
#2703=CARTESIAN_POINT('',(-0.00600000000000001,-0.00346410161513775,0.0311666666666667));
#2704=CARTESIAN_POINT('',(-0.00300000000000004,-0.00519615242270661,0.0313333333333334));
#2705=CARTESIAN_POINT('',(-2.37611737710838E-17,-0.00692820323027551,0.0315));
#2706=CARTESIAN_POINT('',(0.00299999999999996,-0.00519615242270666,0.0316666666666666));
#2707=CARTESIAN_POINT('',(0.00599999999999998,-0.00346410161513775,0.0318333333333333));
#2708=CARTESIAN_POINT('',(0.006,-9.5333650618625E-18,0.032));
#2709=CARTESIAN_POINT('',(0.006,-8.06378890288568E-18,0.03));
#2710=CARTESIAN_POINT('',(0.006,7.53668050975267E-19,0.01635));
#2711=CARTESIAN_POINT('',(0.006,7.53668050975267E-19,0.03065));
#2712=CARTESIAN_POINT('',(0.00599946139018779,-8.03929576889617E-5,0.016988));
#2713=CARTESIAN_POINT('',(0.00599946139018779,-8.03929576889617E-5,0.019012));
#2714=CARTESIAN_POINT('',(0.00599982125636573,-5.35373312481615E-5,0.016988));
#2715=CARTESIAN_POINT('',(0.00599982125636573,-5.35373312481615E-5,0.019012));
#2716=CARTESIAN_POINT('',(0.006,-2.67391405434326E-5,0.016988));
#2717=CARTESIAN_POINT('',(0.006,-2.67391405434326E-5,0.019012));
#2718=CARTESIAN_POINT('',(0.006,7.53668050975267E-19,0.016988));
#2719=CARTESIAN_POINT('',(0.006,7.53668050975267E-19,0.019012));
#2720=CARTESIAN_POINT('',(0.006,0.012,0.016988));
#2721=CARTESIAN_POINT('',(0.006,0.012,0.019012));
#2722=CARTESIAN_POINT('',(-0.006,0.012,0.016988));
#2723=CARTESIAN_POINT('',(-0.006,0.012,0.019012));
#2724=CARTESIAN_POINT('',(-0.006,1.48845613046368E-18,0.016988));
#2725=CARTESIAN_POINT('',(-0.006,1.48845613046368E-18,0.019012));
#2726=CARTESIAN_POINT('',(0.00599998390904707,1.38957251229636E-5,0.0170104610936426));
#2727=CARTESIAN_POINT('',(0.00599814902754586,0.000806172442234422,0.0170580981818567));
#2728=CARTESIAN_POINT('',(0.00568126468244664,0.00236516671356319,0.017151897659227));
#2729=CARTESIAN_POINT('',(0.0039014668479884,0.0050320072140511,0.0173409478239219));
#2730=CARTESIAN_POINT('',(-2.05140694150442E-6,0.00664761452689729,0.017576603997238));
#2731=CARTESIAN_POINT('',(-0.00470304594514594,0.00470064439497082,0.0178596750412019));
#2732=CARTESIAN_POINT('',(-0.006,0.00156606951176273,0.0180492460075031));
#2733=CARTESIAN_POINT('',(-0.006,2.77710713864216E-18,0.0181432448370415));
#2734=CARTESIAN_POINT('',(0.00599998390904712,1.38957251229637E-5,0.0170104610936426));
#2735=CARTESIAN_POINT('',(0.007,7.53668050975267E-19,0.0190093491924311));
#2736=CARTESIAN_POINT('',(0.00699479621714946,-0.000229109163802005,0.0189989325053367));
#2737=CARTESIAN_POINT('',(0.00697831781700769,-0.000457704109279282,0.0189885158573621));
#2738=CARTESIAN_POINT('',(0.00684035897476579,-0.00159263263459007,0.0189364325066761));
#2739=CARTESIAN_POINT('',(0.0065498852337584,-0.00247403581262396,0.0188947657979044));
#2740=CARTESIAN_POINT('',(0.00565866294310919,-0.00405273986843103,0.0188114323220296));
#2741=CARTESIAN_POINT('',(0.00505825015955895,-0.00474940889377134,0.0187697655539217));
#2742=CARTESIAN_POINT('',(0.00364330287986333,-0.00585641742080708,0.0186864319570113));
#2743=CARTESIAN_POINT('',(0.00282931655179295,-0.0062663053370817,0.0186447651262161));
#2744=CARTESIAN_POINT('',(0.00111407088873441,-0.00674271354367161,0.0185614314014844));
#2745=CARTESIAN_POINT('',(0.000213481816573567,-0.00680902510660767,0.0185197645047311));
#2746=CARTESIAN_POINT('',(-0.00153721358612896,-0.0065942635356039,0.0184364306450252));
#2747=CARTESIAN_POINT('',(-0.00238662805434683,-0.00631325228385696,0.0183947636787773));
#2748=CARTESIAN_POINT('',(-0.00390738643084967,-0.00545248678802079,0.0183114296770239));
#2749=CARTESIAN_POINT('',(-0.00457811973996715,-0.00487305303671226,0.018269762637096));
#2750=CARTESIAN_POINT('',(-0.005643242338526,-0.00350841545440538,0.0181864284852767));
#2751=CARTESIAN_POINT('',(-0.00603719379045228,-0.0027237358882481,0.0181447613677959));
#2752=CARTESIAN_POINT('',(-0.00649414768591642,-0.00107099600805703,0.0180614270575944));
#2753=CARTESIAN_POINT('',(-0.0065569475940495,-0.000203581385433773,0.0180197598582792));
#2754=CARTESIAN_POINT('',(-0.0063481227135863,0.0014819208331683,0.0179364253809359));
#2755=CARTESIAN_POINT('',(-0.00607655657980772,0.00229934064219232,0.0178947580955977));
#2756=CARTESIAN_POINT('',(-0.00524621608398726,0.00376213528867041,0.017811423441137));
#2757=CARTESIAN_POINT('',(-0.00468775004003974,0.00440692082198882,0.0177697560646363));
#2758=CARTESIAN_POINT('',(-0.00337339872085009,0.00543012742596681,0.0176864212246132));
#2759=CARTESIAN_POINT('',(-0.00261801767514579,0.00580812527011186,0.0176447537515435));
#2760=CARTESIAN_POINT('',(-0.00102777444107903,0.0062455880406423,0.0175614187148715));
#2761=CARTESIAN_POINT('',(-0.000193533055406953,0.00630485570902306,0.0175197511402032));
#2762=CARTESIAN_POINT('',(0.00142676934839742,0.00610192982635706,0.0174364158958727));
#2763=CARTESIAN_POINT('',(0.00221218757733059,0.00583979041537811,0.0173947482139175));
#2764=CARTESIAN_POINT('',(0.00361699721150917,0.00503984306561791,0.0173114127502605));
#2765=CARTESIAN_POINT('',(0.0042358207822435,0.00450232763231038,0.0172697449549926));
#2766=CARTESIAN_POINT('',(0.00521707851391752,0.00323823834881387,0.0171864092596416));
#2767=CARTESIAN_POINT('',(0.00557910355567599,0.0025121467717419,0.0171447413446712));
#2768=CARTESIAN_POINT('',(0.00594479299579324,0.00117535969834167,0.0170718223970337));
#2769=CARTESIAN_POINT('',(0.00601580811632483,0.000581532358703081,0.0170405720680951));
#2770=CARTESIAN_POINT('',(0.00599942468800181,-7.61151088683263E-6,0.017009320328825));
#2771=CARTESIAN_POINT('',(0.006,7.53668050975267E-19,0.018));
#2772=CARTESIAN_POINT('',(0.006,0.00346410161513775,0.0181666666666667));
#2773=CARTESIAN_POINT('',(0.003,0.00519615242270663,0.0183333333333334));
#2774=CARTESIAN_POINT('',(4.24230095489963E-19,0.00692820323027551,0.0185));
#2775=CARTESIAN_POINT('',(-0.003,0.00519615242270663,0.0186666666666667));
#2776=CARTESIAN_POINT('',(-0.006,0.00346410161513775,0.0188333333333334));
#2777=CARTESIAN_POINT('',(-0.006,1.48845613046368E-18,0.019));
#2778=CARTESIAN_POINT('',(-0.006,-0.00346410161513775,0.0191666666666667));
#2779=CARTESIAN_POINT('',(-0.003,-0.00519615242270663,0.0193333333333334));
#2780=CARTESIAN_POINT('',(-1.27269028646989E-18,-0.00692820323027551,0.0195));
#2781=CARTESIAN_POINT('',(0.003,-0.00519615242270663,0.0196666666666666));
#2782=CARTESIAN_POINT('',(0.006,-0.00346410161513775,0.0198333333333333));
#2783=CARTESIAN_POINT('',(0.006,-7.15908108001557E-19,0.02));
#2784=CARTESIAN_POINT('',(0.00600000000000001,0.00346410161513775,0.0201666666666667));
#2785=CARTESIAN_POINT('',(0.003,0.00519615242270663,0.0203333333333334));
#2786=CARTESIAN_POINT('',(8.27463107387721E-18,0.00692820323027551,0.0205));
#2787=CARTESIAN_POINT('',(-0.003,0.00519615242270664,0.0206666666666666));
#2788=CARTESIAN_POINT('',(-0.006,0.00346410161513775,0.0208333333333333));
#2789=CARTESIAN_POINT('',(-0.006,2.9580322894405E-18,0.021));
#2790=CARTESIAN_POINT('',(-0.00600000000000001,-0.00346410161513775,0.0211666666666666));
#2791=CARTESIAN_POINT('',(-0.003,-0.00519615242270663,0.0213333333333333));
#2792=CARTESIAN_POINT('',(-2.96961066842974E-18,-0.00692820323027551,0.0215));
#2793=CARTESIAN_POINT('',(0.003,-0.00519615242270664,0.0216666666666667));
#2794=CARTESIAN_POINT('',(0.006,-0.00346410161513775,0.0218333333333333));
#2795=CARTESIAN_POINT('',(0.006,-2.18548426697838E-18,0.022));
#2796=CARTESIAN_POINT('',(0.00600000000000001,0.00346410161513775,0.0221666666666667));
#2797=CARTESIAN_POINT('',(0.003,0.00519615242270663,0.0223333333333334));
#2798=CARTESIAN_POINT('',(1.61250320522645E-17,0.00692820323027551,0.0225));
#2799=CARTESIAN_POINT('',(-0.003,0.00519615242270664,0.0226666666666667));
#2800=CARTESIAN_POINT('',(-0.006,0.00346410161513775,0.0228333333333333));
#2801=CARTESIAN_POINT('',(-0.006,1.50857494848188E-17,0.023));
#2802=CARTESIAN_POINT('',(-0.00600000000000001,-0.00346410161513775,0.0231666666666667));
#2803=CARTESIAN_POINT('',(-0.003,-0.00519615242270663,0.0233333333333333));
#2804=CARTESIAN_POINT('',(-1.69734922432444E-17,-0.00692820323027551,0.0235));
#2805=CARTESIAN_POINT('',(0.003,-0.00519615242270664,0.0236666666666667));
#2806=CARTESIAN_POINT('',(0.00599999999999998,-0.00346410161513775,0.0238333333333333));
#2807=CARTESIAN_POINT('',(0.006,-3.65506042595521E-18,0.024));
#2808=CARTESIAN_POINT('',(0.00600000000000001,0.00346410161513775,0.0241666666666667));
#2809=CARTESIAN_POINT('',(0.003,0.00519615242270663,0.0243333333333333));
#2810=CARTESIAN_POINT('',(1.78219524342243E-17,0.00692820323027551,0.0245));
#2811=CARTESIAN_POINT('',(-0.003,0.00519615242270664,0.0246666666666667));
#2812=CARTESIAN_POINT('',(-0.00599999999999998,0.00346410161513775,0.0248333333333333));
#2813=CARTESIAN_POINT('',(-0.006,5.89718460739415E-18,0.025));
#2814=CARTESIAN_POINT('',(-0.00600000000000001,-0.00346410161513775,0.0251666666666666));
#2815=CARTESIAN_POINT('',(-0.003,-0.00519615242270663,0.0253333333333334));
#2816=CARTESIAN_POINT('',(-1.86704126252043E-17,-0.00692820323027551,0.0255));
#2817=CARTESIAN_POINT('',(0.003,-0.00519615242270664,0.0256666666666667));
#2818=CARTESIAN_POINT('',(0.00599999999999998,-0.00346410161513775,0.0258333333333333));
#2819=CARTESIAN_POINT('',(0.006,-5.12463658493203E-18,0.026));
#2820=CARTESIAN_POINT('',(0.00600000000000001,0.00346410161513775,0.0261666666666666));
#2821=CARTESIAN_POINT('',(0.003,0.00519615242270663,0.0263333333333334));
#2822=CARTESIAN_POINT('',(1.95188728161842E-17,0.00692820323027551,0.0265));
#2823=CARTESIAN_POINT('',(-0.003,0.00519615242270664,0.0266666666666667));
#2824=CARTESIAN_POINT('',(-0.00599999999999998,0.00346410161513775,0.0268333333333333));
#2825=CARTESIAN_POINT('',(-0.006,2.8683042839174E-17,0.027));
#2826=CARTESIAN_POINT('',(-0.00600000000000001,-0.00346410161513775,0.0271666666666667));
#2827=CARTESIAN_POINT('',(-0.003,-0.00519615242270663,0.0273333333333333));
#2828=CARTESIAN_POINT('',(-2.03673330071641E-17,-0.00692820323027551,0.0275));
#2829=CARTESIAN_POINT('',(0.003,-0.00519615242270664,0.0276666666666667));
#2830=CARTESIAN_POINT('',(0.00599999999999998,-0.00346410161513775,0.0278333333333334));
#2831=CARTESIAN_POINT('',(0.006,-2.79104948167119E-17,0.028));
#2832=CARTESIAN_POINT('',(0.00600000000000001,0.00346410161513775,0.0281666666666667));
#2833=CARTESIAN_POINT('',(0.003,0.00519615242270663,0.0283333333333333));
#2834=CARTESIAN_POINT('',(4.58297155838536E-17,0.00692820323027551,0.0285));
#2835=CARTESIAN_POINT('',(-0.003,0.00519615242270665,0.0286666666666667));
#2836=CARTESIAN_POINT('',(-0.006,0.00346410161513775,0.0288333333333333));
#2837=CARTESIAN_POINT('',(-0.006,3.01526189981508E-17,0.029));
#2838=CARTESIAN_POINT('',(-0.00600000000000001,-0.00346410161513775,0.0291666666666667));
#2839=CARTESIAN_POINT('',(-0.00300000000000004,-0.00519615242270661,0.0293333333333334));
#2840=CARTESIAN_POINT('',(-2.2064253389124E-17,-0.00692820323027551,0.0295));
#2841=CARTESIAN_POINT('',(0.00299999999999996,-0.00519615242270665,0.0296666666666667));
#2842=CARTESIAN_POINT('',(0.00599999999999998,-0.00346410161513775,0.0298333333333333));
#2843=CARTESIAN_POINT('',(0.006,-8.06378890288568E-18,0.03));
#2844=CARTESIAN_POINT('',(0.00600000000000002,0.00346410161513775,0.0301666666666666));
#2845=CARTESIAN_POINT('',(0.003,0.00519615242270663,0.0303333333333334));
#2846=CARTESIAN_POINT('',(4.75266359658135E-17,0.00692820323027551,0.0305));
#2847=CARTESIAN_POINT('',(-0.003,0.00519615242270665,0.0306666666666667));
#2848=CARTESIAN_POINT('',(-0.006,0.00346410161513775,0.0308333333333333));
#2849=CARTESIAN_POINT('',(-0.006,3.16221951571276E-17,0.031));
#2850=CARTESIAN_POINT('',(-0.00600000000000001,-0.00346410161513775,0.0311666666666667));
#2851=CARTESIAN_POINT('',(-0.00300000000000004,-0.00519615242270661,0.0313333333333334));
#2852=CARTESIAN_POINT('',(-2.37611737710838E-17,-0.00692820323027551,0.0315));
#2853=CARTESIAN_POINT('',(0.00299999999999996,-0.00519615242270666,0.0316666666666666));
#2854=CARTESIAN_POINT('',(0.00599999999999998,-0.00346410161513775,0.0318333333333333));
#2855=CARTESIAN_POINT('',(0.006,-9.5333650618625E-18,0.032));
#2856=CARTESIAN_POINT('',(0.006,7.53668050975267E-19,0.0192669621751714));
#2857=CARTESIAN_POINT('',(0.006,7.53668050975267E-19,0.0210103362096908));
#2858=CARTESIAN_POINT('',(0.006,0.012,0.0192669621751714));
#2859=CARTESIAN_POINT('',(0.006,0.012,0.0210103362096908));
#2860=CARTESIAN_POINT('',(-0.006,0.012,0.0192669621751714));
#2861=CARTESIAN_POINT('',(-0.006,0.012,0.0210103362096908));
#2862=CARTESIAN_POINT('',(-0.006,1.48845613046368E-18,0.0192669621751714));
#2863=CARTESIAN_POINT('',(-0.006,1.48845613046368E-18,0.0210103362096908));
#2864=CARTESIAN_POINT('',(0.006,7.53668050975267E-19,0.0192772983848622));
#2865=CARTESIAN_POINT('',(0.006,0.00346410161513775,0.0194439650515289));
#2866=CARTESIAN_POINT('',(0.003,0.00519615242270663,0.0196106317181956));
#2867=CARTESIAN_POINT('',(4.24230095489963E-19,0.00692820323027551,0.0197772983848622));
#2868=CARTESIAN_POINT('',(-0.003,0.00519615242270663,0.0199439650515289));
#2869=CARTESIAN_POINT('',(-0.006,0.00346410161513775,0.0201106317181956));
#2870=CARTESIAN_POINT('',(-0.006,1.48845613046368E-18,0.0202772983848622));
#2871=CARTESIAN_POINT('',(-0.006,-0.00346410161513775,0.0204439650515289));
#2872=CARTESIAN_POINT('',(-0.003,-0.00519615242270663,0.0206106317181956));
#2873=CARTESIAN_POINT('',(-1.27269028646989E-18,-0.00692820323027551,0.0207772983848622));
#2874=CARTESIAN_POINT('',(0.003,-0.00519615242270663,0.0209439650515289));
#2875=CARTESIAN_POINT('',(0.006,-0.00346410161513775,0.0211106317181956));
#2876=CARTESIAN_POINT('',(0.006,-7.15908108001557E-19,0.0212772983848622));
#2877=CARTESIAN_POINT('',(0.00600000000000001,0.00346410161513775,0.0214439650515289));
#2878=CARTESIAN_POINT('',(0.003,0.00519615242270663,0.0216106317181956));
#2879=CARTESIAN_POINT('',(8.27463107387721E-18,0.00692820323027551,0.0217772983848623));
#2880=CARTESIAN_POINT('',(-0.003,0.00519615242270664,0.0219439650515289));
#2881=CARTESIAN_POINT('',(-0.006,0.00346410161513775,0.0221106317181956));
#2882=CARTESIAN_POINT('',(-0.006,2.9580322894405E-18,0.0222772983848623));
#2883=CARTESIAN_POINT('',(-0.00600000000000001,-0.00346410161513775,0.0224439650515289));
#2884=CARTESIAN_POINT('',(-0.003,-0.00519615242270663,0.0226106317181956));
#2885=CARTESIAN_POINT('',(-2.96961066842974E-18,-0.00692820323027551,0.0227772983848622));
#2886=CARTESIAN_POINT('',(0.003,-0.00519615242270664,0.0229439650515289));
#2887=CARTESIAN_POINT('',(0.006,-0.00346410161513775,0.0231106317181956));
#2888=CARTESIAN_POINT('',(0.006,-2.18548426697838E-18,0.0232772983848622));
#2889=CARTESIAN_POINT('',(0.00600000000000001,0.00346410161513775,0.0234439650515289));
#2890=CARTESIAN_POINT('',(0.003,0.00519615242270663,0.0236106317181956));
#2891=CARTESIAN_POINT('',(1.61250320522645E-17,0.00692820323027551,0.0237772983848622));
#2892=CARTESIAN_POINT('',(-0.003,0.00519615242270664,0.0239439650515289));
#2893=CARTESIAN_POINT('',(-0.006,0.00346410161513775,0.0241106317181955));
#2894=CARTESIAN_POINT('',(-0.006,1.50857494848188E-17,0.0242772983848622));
#2895=CARTESIAN_POINT('',(-0.00600000000000001,-0.00346410161513775,0.0244439650515289));
#2896=CARTESIAN_POINT('',(-0.003,-0.00519615242270663,0.0246106317181956));
#2897=CARTESIAN_POINT('',(-1.69734922432444E-17,-0.00692820323027551,0.0247772983848622));
#2898=CARTESIAN_POINT('',(0.003,-0.00519615242270664,0.0249439650515289));
#2899=CARTESIAN_POINT('',(0.00599999999999998,-0.00346410161513775,0.0251106317181956));
#2900=CARTESIAN_POINT('',(0.006,-3.65506042595521E-18,0.0252772983848622));
#2901=CARTESIAN_POINT('',(0.00600000000000001,0.00346410161513775,0.0254439650515289));
#2902=CARTESIAN_POINT('',(0.003,0.00519615242270663,0.0256106317181956));
#2903=CARTESIAN_POINT('',(1.78219524342243E-17,0.00692820323027551,0.0257772983848623));
#2904=CARTESIAN_POINT('',(-0.003,0.00519615242270664,0.0259439650515289));
#2905=CARTESIAN_POINT('',(-0.00599999999999998,0.00346410161513775,0.0261106317181956));
#2906=CARTESIAN_POINT('',(-0.006,5.89718460739415E-18,0.0262772983848623));
#2907=CARTESIAN_POINT('',(-0.00600000000000001,-0.00346410161513775,0.0264439650515289));
#2908=CARTESIAN_POINT('',(-0.003,-0.00519615242270663,0.0266106317181956));
#2909=CARTESIAN_POINT('',(-1.86704126252043E-17,-0.00692820323027551,0.0267772983848623));
#2910=CARTESIAN_POINT('',(0.003,-0.00519615242270664,0.0269439650515289));
#2911=CARTESIAN_POINT('',(0.00599999999999998,-0.00346410161513775,0.0271106317181956));
#2912=CARTESIAN_POINT('',(0.006,-5.12463658493203E-18,0.0272772983848622));
#2913=CARTESIAN_POINT('',(0.00600000000000001,0.00346410161513775,0.0274439650515289));
#2914=CARTESIAN_POINT('',(0.003,0.00519615242270663,0.0276106317181956));
#2915=CARTESIAN_POINT('',(1.95188728161842E-17,0.00692820323027551,0.0277772983848622));
#2916=CARTESIAN_POINT('',(-0.003,0.00519615242270664,0.0279439650515289));
#2917=CARTESIAN_POINT('',(-0.00599999999999998,0.00346410161513775,0.0281106317181956));
#2918=CARTESIAN_POINT('',(-0.006,2.8683042839174E-17,0.0282772983848622));
#2919=CARTESIAN_POINT('',(-0.00600000000000001,-0.00346410161513775,0.0284439650515289));
#2920=CARTESIAN_POINT('',(-0.003,-0.00519615242270663,0.0286106317181956));
#2921=CARTESIAN_POINT('',(-2.03673330071641E-17,-0.00692820323027551,0.0287772983848622));
#2922=CARTESIAN_POINT('',(0.003,-0.00519615242270664,0.0289439650515289));
#2923=CARTESIAN_POINT('',(0.00599999999999998,-0.00346410161513775,0.0291106317181956));
#2924=CARTESIAN_POINT('',(0.006,-2.79104948167119E-17,0.0292772983848622));
#2925=CARTESIAN_POINT('',(0.00600000000000001,0.00346410161513775,0.0294439650515289));
#2926=CARTESIAN_POINT('',(0.003,0.00519615242270663,0.0296106317181956));
#2927=CARTESIAN_POINT('',(4.58297155838536E-17,0.00692820323027551,0.0297772983848623));
#2928=CARTESIAN_POINT('',(-0.003,0.00519615242270665,0.0299439650515289));
#2929=CARTESIAN_POINT('',(-0.006,0.00346410161513775,0.0301106317181956));
#2930=CARTESIAN_POINT('',(-0.006,3.01526189981508E-17,0.0302772983848623));
#2931=CARTESIAN_POINT('',(-0.00600000000000001,-0.00346410161513775,0.0304439650515289));
#2932=CARTESIAN_POINT('',(-0.00300000000000004,-0.00519615242270661,0.0306106317181956));
#2933=CARTESIAN_POINT('',(-2.2064253389124E-17,-0.00692820323027551,0.0307772983848623));
#2934=CARTESIAN_POINT('',(0.00299999999999996,-0.00519615242270665,0.0309439650515289));
#2935=CARTESIAN_POINT('',(0.00599999999999998,-0.00346410161513775,0.0311106317181956));
#2936=CARTESIAN_POINT('',(0.006,-8.06378890288568E-18,0.0312772983848622));
#2937=CARTESIAN_POINT('',(0.00600000000000002,0.00346410161513775,0.0314439650515289));
#2938=CARTESIAN_POINT('',(0.003,0.00519615242270663,0.0316106317181956));
#2939=CARTESIAN_POINT('',(4.75266359658135E-17,0.00692820323027551,0.0317772983848622));
#2940=CARTESIAN_POINT('',(-0.003,0.00519615242270665,0.0319439650515289));
#2941=CARTESIAN_POINT('',(-0.006,0.00346410161513775,0.0321106317181956));
#2942=CARTESIAN_POINT('',(-0.006,3.16221951571276E-17,0.0322772983848622));
#2943=CARTESIAN_POINT('',(-0.00600000000000001,-0.00346410161513775,0.0324439650515289));
#2944=CARTESIAN_POINT('',(-0.00300000000000004,-0.00519615242270661,0.0326106317181956));
#2945=CARTESIAN_POINT('',(-2.37611737710838E-17,-0.00692820323027551,0.0327772983848622));
#2946=CARTESIAN_POINT('',(0.00299999999999996,-0.00519615242270666,0.0329439650515289));
#2947=CARTESIAN_POINT('',(0.00599999999999998,-0.00346410161513775,0.0331106317181955));
#2948=CARTESIAN_POINT('',(0.006,-9.5333650618625E-18,0.0332772983848623));
#2949=CARTESIAN_POINT('',(0.006,7.53668050975267E-19,0.018));
#2950=CARTESIAN_POINT('',(0.006,0.00346410161513775,0.0181666666666667));
#2951=CARTESIAN_POINT('',(0.003,0.00519615242270663,0.0183333333333334));
#2952=CARTESIAN_POINT('',(4.24230095489963E-19,0.00692820323027551,0.0185));
#2953=CARTESIAN_POINT('',(-0.003,0.00519615242270663,0.0186666666666667));
#2954=CARTESIAN_POINT('',(-0.006,0.00346410161513775,0.0188333333333334));
#2955=CARTESIAN_POINT('',(-0.006,1.48845613046368E-18,0.019));
#2956=CARTESIAN_POINT('',(-0.006,-0.00346410161513775,0.0191666666666667));
#2957=CARTESIAN_POINT('',(-0.003,-0.00519615242270663,0.0193333333333334));
#2958=CARTESIAN_POINT('',(-1.27269028646989E-18,-0.00692820323027551,0.0195));
#2959=CARTESIAN_POINT('',(0.003,-0.00519615242270663,0.0196666666666666));
#2960=CARTESIAN_POINT('',(0.006,-0.00346410161513775,0.0198333333333333));
#2961=CARTESIAN_POINT('',(0.006,-7.15908108001557E-19,0.02));
#2962=CARTESIAN_POINT('',(0.00600000000000001,0.00346410161513775,0.0201666666666667));
#2963=CARTESIAN_POINT('',(0.003,0.00519615242270663,0.0203333333333334));
#2964=CARTESIAN_POINT('',(8.27463107387721E-18,0.00692820323027551,0.0205));
#2965=CARTESIAN_POINT('',(-0.003,0.00519615242270664,0.0206666666666666));
#2966=CARTESIAN_POINT('',(-0.006,0.00346410161513775,0.0208333333333333));
#2967=CARTESIAN_POINT('',(-0.006,2.9580322894405E-18,0.021));
#2968=CARTESIAN_POINT('',(-0.00600000000000001,-0.00346410161513775,0.0211666666666666));
#2969=CARTESIAN_POINT('',(-0.003,-0.00519615242270663,0.0213333333333333));
#2970=CARTESIAN_POINT('',(-2.96961066842974E-18,-0.00692820323027551,0.0215));
#2971=CARTESIAN_POINT('',(0.003,-0.00519615242270664,0.0216666666666667));
#2972=CARTESIAN_POINT('',(0.006,-0.00346410161513775,0.0218333333333333));
#2973=CARTESIAN_POINT('',(0.006,-2.18548426697838E-18,0.022));
#2974=CARTESIAN_POINT('',(0.00600000000000001,0.00346410161513775,0.0221666666666667));
#2975=CARTESIAN_POINT('',(0.003,0.00519615242270663,0.0223333333333334));
#2976=CARTESIAN_POINT('',(1.61250320522645E-17,0.00692820323027551,0.0225));
#2977=CARTESIAN_POINT('',(-0.003,0.00519615242270664,0.0226666666666667));
#2978=CARTESIAN_POINT('',(-0.006,0.00346410161513775,0.0228333333333333));
#2979=CARTESIAN_POINT('',(-0.006,1.50857494848188E-17,0.023));
#2980=CARTESIAN_POINT('',(-0.00600000000000001,-0.00346410161513775,0.0231666666666667));
#2981=CARTESIAN_POINT('',(-0.003,-0.00519615242270663,0.0233333333333333));
#2982=CARTESIAN_POINT('',(-1.69734922432444E-17,-0.00692820323027551,0.0235));
#2983=CARTESIAN_POINT('',(0.003,-0.00519615242270664,0.0236666666666667));
#2984=CARTESIAN_POINT('',(0.00599999999999998,-0.00346410161513775,0.0238333333333333));
#2985=CARTESIAN_POINT('',(0.006,-3.65506042595521E-18,0.024));
#2986=CARTESIAN_POINT('',(0.00600000000000001,0.00346410161513775,0.0241666666666667));
#2987=CARTESIAN_POINT('',(0.003,0.00519615242270663,0.0243333333333333));
#2988=CARTESIAN_POINT('',(1.78219524342243E-17,0.00692820323027551,0.0245));
#2989=CARTESIAN_POINT('',(-0.003,0.00519615242270664,0.0246666666666667));
#2990=CARTESIAN_POINT('',(-0.00599999999999998,0.00346410161513775,0.0248333333333333));
#2991=CARTESIAN_POINT('',(-0.006,5.89718460739415E-18,0.025));
#2992=CARTESIAN_POINT('',(-0.00600000000000001,-0.00346410161513775,0.0251666666666666));
#2993=CARTESIAN_POINT('',(-0.003,-0.00519615242270663,0.0253333333333334));
#2994=CARTESIAN_POINT('',(-1.86704126252043E-17,-0.00692820323027551,0.0255));
#2995=CARTESIAN_POINT('',(0.003,-0.00519615242270664,0.0256666666666667));
#2996=CARTESIAN_POINT('',(0.00599999999999998,-0.00346410161513775,0.0258333333333333));
#2997=CARTESIAN_POINT('',(0.006,-5.12463658493203E-18,0.026));
#2998=CARTESIAN_POINT('',(0.00600000000000001,0.00346410161513775,0.0261666666666666));
#2999=CARTESIAN_POINT('',(0.003,0.00519615242270663,0.0263333333333334));
#3000=CARTESIAN_POINT('',(1.95188728161842E-17,0.00692820323027551,0.0265));
#3001=CARTESIAN_POINT('',(-0.003,0.00519615242270664,0.0266666666666667));
#3002=CARTESIAN_POINT('',(-0.00599999999999998,0.00346410161513775,0.0268333333333333));
#3003=CARTESIAN_POINT('',(-0.006,2.8683042839174E-17,0.027));
#3004=CARTESIAN_POINT('',(-0.00600000000000001,-0.00346410161513775,0.0271666666666667));
#3005=CARTESIAN_POINT('',(-0.003,-0.00519615242270663,0.0273333333333333));
#3006=CARTESIAN_POINT('',(-2.03673330071641E-17,-0.00692820323027551,0.0275));
#3007=CARTESIAN_POINT('',(0.003,-0.00519615242270664,0.0276666666666667));
#3008=CARTESIAN_POINT('',(0.00599999999999998,-0.00346410161513775,0.0278333333333334));
#3009=CARTESIAN_POINT('',(0.006,-2.79104948167119E-17,0.028));
#3010=CARTESIAN_POINT('',(0.00600000000000001,0.00346410161513775,0.0281666666666667));
#3011=CARTESIAN_POINT('',(0.003,0.00519615242270663,0.0283333333333333));
#3012=CARTESIAN_POINT('',(4.58297155838536E-17,0.00692820323027551,0.0285));
#3013=CARTESIAN_POINT('',(-0.003,0.00519615242270665,0.0286666666666667));
#3014=CARTESIAN_POINT('',(-0.006,0.00346410161513775,0.0288333333333333));
#3015=CARTESIAN_POINT('',(-0.006,3.01526189981508E-17,0.029));
#3016=CARTESIAN_POINT('',(-0.00600000000000001,-0.00346410161513775,0.0291666666666667));
#3017=CARTESIAN_POINT('',(-0.00300000000000004,-0.00519615242270661,0.0293333333333334));
#3018=CARTESIAN_POINT('',(-2.2064253389124E-17,-0.00692820323027551,0.0295));
#3019=CARTESIAN_POINT('',(0.00299999999999996,-0.00519615242270665,0.0296666666666667));
#3020=CARTESIAN_POINT('',(0.00599999999999998,-0.00346410161513775,0.0298333333333333));
#3021=CARTESIAN_POINT('',(0.006,-8.06378890288568E-18,0.03));
#3022=CARTESIAN_POINT('',(0.00600000000000002,0.00346410161513775,0.0301666666666666));
#3023=CARTESIAN_POINT('',(0.003,0.00519615242270663,0.0303333333333334));
#3024=CARTESIAN_POINT('',(4.75266359658135E-17,0.00692820323027551,0.0305));
#3025=CARTESIAN_POINT('',(-0.003,0.00519615242270665,0.0306666666666667));
#3026=CARTESIAN_POINT('',(-0.006,0.00346410161513775,0.0308333333333333));
#3027=CARTESIAN_POINT('',(-0.006,3.16221951571276E-17,0.031));
#3028=CARTESIAN_POINT('',(-0.00600000000000001,-0.00346410161513775,0.0311666666666667));
#3029=CARTESIAN_POINT('',(-0.00300000000000004,-0.00519615242270661,0.0313333333333334));
#3030=CARTESIAN_POINT('',(-2.37611737710838E-17,-0.00692820323027551,0.0315));
#3031=CARTESIAN_POINT('',(0.00299999999999996,-0.00519615242270666,0.0316666666666666));
#3032=CARTESIAN_POINT('',(0.00599999999999998,-0.00346410161513775,0.0318333333333333));
#3033=CARTESIAN_POINT('',(0.006,-9.5333650618625E-18,0.032));
#3034=CARTESIAN_POINT('',(0.006,7.53668050975267E-19,0.0212669621751714));
#3035=CARTESIAN_POINT('',(0.006,7.53668050975267E-19,0.0230103362096908));
#3036=CARTESIAN_POINT('',(0.006,0.012,0.0212669621751714));
#3037=CARTESIAN_POINT('',(0.006,0.012,0.0230103362096908));
#3038=CARTESIAN_POINT('',(-0.006,0.012,0.0212669621751714));
#3039=CARTESIAN_POINT('',(-0.006,0.012,0.0230103362096908));
#3040=CARTESIAN_POINT('',(-0.006,1.48845613046368E-18,0.0212669621751714));
#3041=CARTESIAN_POINT('',(-0.006,1.48845613046368E-18,0.0230103362096908));
#3042=CARTESIAN_POINT('',(0.006,7.53668050975267E-19,0.0192772983848622));
#3043=CARTESIAN_POINT('',(0.006,0.00346410161513775,0.0194439650515289));
#3044=CARTESIAN_POINT('',(0.003,0.00519615242270663,0.0196106317181956));
#3045=CARTESIAN_POINT('',(4.24230095489963E-19,0.00692820323027551,0.0197772983848622));
#3046=CARTESIAN_POINT('',(-0.003,0.00519615242270663,0.0199439650515289));
#3047=CARTESIAN_POINT('',(-0.006,0.00346410161513775,0.0201106317181956));
#3048=CARTESIAN_POINT('',(-0.006,1.48845613046368E-18,0.0202772983848622));
#3049=CARTESIAN_POINT('',(-0.006,-0.00346410161513775,0.0204439650515289));
#3050=CARTESIAN_POINT('',(-0.003,-0.00519615242270663,0.0206106317181956));
#3051=CARTESIAN_POINT('',(-1.27269028646989E-18,-0.00692820323027551,0.0207772983848622));
#3052=CARTESIAN_POINT('',(0.003,-0.00519615242270663,0.0209439650515289));
#3053=CARTESIAN_POINT('',(0.006,-0.00346410161513775,0.0211106317181956));
#3054=CARTESIAN_POINT('',(0.006,-7.15908108001557E-19,0.0212772983848622));
#3055=CARTESIAN_POINT('',(0.00600000000000001,0.00346410161513775,0.0214439650515289));
#3056=CARTESIAN_POINT('',(0.003,0.00519615242270663,0.0216106317181956));
#3057=CARTESIAN_POINT('',(8.27463107387721E-18,0.00692820323027551,0.0217772983848623));
#3058=CARTESIAN_POINT('',(-0.003,0.00519615242270664,0.0219439650515289));
#3059=CARTESIAN_POINT('',(-0.006,0.00346410161513775,0.0221106317181956));
#3060=CARTESIAN_POINT('',(-0.006,2.9580322894405E-18,0.0222772983848623));
#3061=CARTESIAN_POINT('',(-0.00600000000000001,-0.00346410161513775,0.0224439650515289));
#3062=CARTESIAN_POINT('',(-0.003,-0.00519615242270663,0.0226106317181956));
#3063=CARTESIAN_POINT('',(-2.96961066842974E-18,-0.00692820323027551,0.0227772983848622));
#3064=CARTESIAN_POINT('',(0.003,-0.00519615242270664,0.0229439650515289));
#3065=CARTESIAN_POINT('',(0.006,-0.00346410161513775,0.0231106317181956));
#3066=CARTESIAN_POINT('',(0.006,-2.18548426697838E-18,0.0232772983848622));
#3067=CARTESIAN_POINT('',(0.00600000000000001,0.00346410161513775,0.0234439650515289));
#3068=CARTESIAN_POINT('',(0.003,0.00519615242270663,0.0236106317181956));
#3069=CARTESIAN_POINT('',(1.61250320522645E-17,0.00692820323027551,0.0237772983848622));
#3070=CARTESIAN_POINT('',(-0.003,0.00519615242270664,0.0239439650515289));
#3071=CARTESIAN_POINT('',(-0.006,0.00346410161513775,0.0241106317181955));
#3072=CARTESIAN_POINT('',(-0.006,1.50857494848188E-17,0.0242772983848622));
#3073=CARTESIAN_POINT('',(-0.00600000000000001,-0.00346410161513775,0.0244439650515289));
#3074=CARTESIAN_POINT('',(-0.003,-0.00519615242270663,0.0246106317181956));
#3075=CARTESIAN_POINT('',(-1.69734922432444E-17,-0.00692820323027551,0.0247772983848622));
#3076=CARTESIAN_POINT('',(0.003,-0.00519615242270664,0.0249439650515289));
#3077=CARTESIAN_POINT('',(0.00599999999999998,-0.00346410161513775,0.0251106317181956));
#3078=CARTESIAN_POINT('',(0.006,-3.65506042595521E-18,0.0252772983848622));
#3079=CARTESIAN_POINT('',(0.00600000000000001,0.00346410161513775,0.0254439650515289));
#3080=CARTESIAN_POINT('',(0.003,0.00519615242270663,0.0256106317181956));
#3081=CARTESIAN_POINT('',(1.78219524342243E-17,0.00692820323027551,0.0257772983848623));
#3082=CARTESIAN_POINT('',(-0.003,0.00519615242270664,0.0259439650515289));
#3083=CARTESIAN_POINT('',(-0.00599999999999998,0.00346410161513775,0.0261106317181956));
#3084=CARTESIAN_POINT('',(-0.006,5.89718460739415E-18,0.0262772983848623));
#3085=CARTESIAN_POINT('',(-0.00600000000000001,-0.00346410161513775,0.0264439650515289));
#3086=CARTESIAN_POINT('',(-0.003,-0.00519615242270663,0.0266106317181956));
#3087=CARTESIAN_POINT('',(-1.86704126252043E-17,-0.00692820323027551,0.0267772983848623));
#3088=CARTESIAN_POINT('',(0.003,-0.00519615242270664,0.0269439650515289));
#3089=CARTESIAN_POINT('',(0.00599999999999998,-0.00346410161513775,0.0271106317181956));
#3090=CARTESIAN_POINT('',(0.006,-5.12463658493203E-18,0.0272772983848622));
#3091=CARTESIAN_POINT('',(0.00600000000000001,0.00346410161513775,0.0274439650515289));
#3092=CARTESIAN_POINT('',(0.003,0.00519615242270663,0.0276106317181956));
#3093=CARTESIAN_POINT('',(1.95188728161842E-17,0.00692820323027551,0.0277772983848622));
#3094=CARTESIAN_POINT('',(-0.003,0.00519615242270664,0.0279439650515289));
#3095=CARTESIAN_POINT('',(-0.00599999999999998,0.00346410161513775,0.0281106317181956));
#3096=CARTESIAN_POINT('',(-0.006,2.8683042839174E-17,0.0282772983848622));
#3097=CARTESIAN_POINT('',(-0.00600000000000001,-0.00346410161513775,0.0284439650515289));
#3098=CARTESIAN_POINT('',(-0.003,-0.00519615242270663,0.0286106317181956));
#3099=CARTESIAN_POINT('',(-2.03673330071641E-17,-0.00692820323027551,0.0287772983848622));
#3100=CARTESIAN_POINT('',(0.003,-0.00519615242270664,0.0289439650515289));
#3101=CARTESIAN_POINT('',(0.00599999999999998,-0.00346410161513775,0.0291106317181956));
#3102=CARTESIAN_POINT('',(0.006,-2.79104948167119E-17,0.0292772983848622));
#3103=CARTESIAN_POINT('',(0.00600000000000001,0.00346410161513775,0.0294439650515289));
#3104=CARTESIAN_POINT('',(0.003,0.00519615242270663,0.0296106317181956));
#3105=CARTESIAN_POINT('',(4.58297155838536E-17,0.00692820323027551,0.0297772983848623));
#3106=CARTESIAN_POINT('',(-0.003,0.00519615242270665,0.0299439650515289));
#3107=CARTESIAN_POINT('',(-0.006,0.00346410161513775,0.0301106317181956));
#3108=CARTESIAN_POINT('',(-0.006,3.01526189981508E-17,0.0302772983848623));
#3109=CARTESIAN_POINT('',(-0.00600000000000001,-0.00346410161513775,0.0304439650515289));
#3110=CARTESIAN_POINT('',(-0.00300000000000004,-0.00519615242270661,0.0306106317181956));
#3111=CARTESIAN_POINT('',(-2.2064253389124E-17,-0.00692820323027551,0.0307772983848623));
#3112=CARTESIAN_POINT('',(0.00299999999999996,-0.00519615242270665,0.0309439650515289));
#3113=CARTESIAN_POINT('',(0.00599999999999998,-0.00346410161513775,0.0311106317181956));
#3114=CARTESIAN_POINT('',(0.006,-8.06378890288568E-18,0.0312772983848622));
#3115=CARTESIAN_POINT('',(0.00600000000000002,0.00346410161513775,0.0314439650515289));
#3116=CARTESIAN_POINT('',(0.003,0.00519615242270663,0.0316106317181956));
#3117=CARTESIAN_POINT('',(4.75266359658135E-17,0.00692820323027551,0.0317772983848622));
#3118=CARTESIAN_POINT('',(-0.003,0.00519615242270665,0.0319439650515289));
#3119=CARTESIAN_POINT('',(-0.006,0.00346410161513775,0.0321106317181956));
#3120=CARTESIAN_POINT('',(-0.006,3.16221951571276E-17,0.0322772983848622));
#3121=CARTESIAN_POINT('',(-0.00600000000000001,-0.00346410161513775,0.0324439650515289));
#3122=CARTESIAN_POINT('',(-0.00300000000000004,-0.00519615242270661,0.0326106317181956));
#3123=CARTESIAN_POINT('',(-2.37611737710838E-17,-0.00692820323027551,0.0327772983848622));
#3124=CARTESIAN_POINT('',(0.00299999999999996,-0.00519615242270666,0.0329439650515289));
#3125=CARTESIAN_POINT('',(0.00599999999999998,-0.00346410161513775,0.0331106317181955));
#3126=CARTESIAN_POINT('',(0.006,-9.5333650618625E-18,0.0332772983848623));
#3127=CARTESIAN_POINT('',(0.006,7.53668050975267E-19,0.018));
#3128=CARTESIAN_POINT('',(0.006,0.00346410161513775,0.0181666666666667));
#3129=CARTESIAN_POINT('',(0.003,0.00519615242270663,0.0183333333333334));
#3130=CARTESIAN_POINT('',(4.24230095489963E-19,0.00692820323027551,0.0185));
#3131=CARTESIAN_POINT('',(-0.003,0.00519615242270663,0.0186666666666667));
#3132=CARTESIAN_POINT('',(-0.006,0.00346410161513775,0.0188333333333334));
#3133=CARTESIAN_POINT('',(-0.006,1.48845613046368E-18,0.019));
#3134=CARTESIAN_POINT('',(-0.006,-0.00346410161513775,0.0191666666666667));
#3135=CARTESIAN_POINT('',(-0.003,-0.00519615242270663,0.0193333333333334));
#3136=CARTESIAN_POINT('',(-1.27269028646989E-18,-0.00692820323027551,0.0195));
#3137=CARTESIAN_POINT('',(0.003,-0.00519615242270663,0.0196666666666666));
#3138=CARTESIAN_POINT('',(0.006,-0.00346410161513775,0.0198333333333333));
#3139=CARTESIAN_POINT('',(0.006,-7.15908108001557E-19,0.02));
#3140=CARTESIAN_POINT('',(0.00600000000000001,0.00346410161513775,0.0201666666666667));
#3141=CARTESIAN_POINT('',(0.003,0.00519615242270663,0.0203333333333334));
#3142=CARTESIAN_POINT('',(8.27463107387721E-18,0.00692820323027551,0.0205));
#3143=CARTESIAN_POINT('',(-0.003,0.00519615242270664,0.0206666666666666));
#3144=CARTESIAN_POINT('',(-0.006,0.00346410161513775,0.0208333333333333));
#3145=CARTESIAN_POINT('',(-0.006,2.9580322894405E-18,0.021));
#3146=CARTESIAN_POINT('',(-0.00600000000000001,-0.00346410161513775,0.0211666666666666));
#3147=CARTESIAN_POINT('',(-0.003,-0.00519615242270663,0.0213333333333333));
#3148=CARTESIAN_POINT('',(-2.96961066842974E-18,-0.00692820323027551,0.0215));
#3149=CARTESIAN_POINT('',(0.003,-0.00519615242270664,0.0216666666666667));
#3150=CARTESIAN_POINT('',(0.006,-0.00346410161513775,0.0218333333333333));
#3151=CARTESIAN_POINT('',(0.006,-2.18548426697838E-18,0.022));
#3152=CARTESIAN_POINT('',(0.00600000000000001,0.00346410161513775,0.0221666666666667));
#3153=CARTESIAN_POINT('',(0.003,0.00519615242270663,0.0223333333333334));
#3154=CARTESIAN_POINT('',(1.61250320522645E-17,0.00692820323027551,0.0225));
#3155=CARTESIAN_POINT('',(-0.003,0.00519615242270664,0.0226666666666667));
#3156=CARTESIAN_POINT('',(-0.006,0.00346410161513775,0.0228333333333333));
#3157=CARTESIAN_POINT('',(-0.006,1.50857494848188E-17,0.023));
#3158=CARTESIAN_POINT('',(-0.00600000000000001,-0.00346410161513775,0.0231666666666667));
#3159=CARTESIAN_POINT('',(-0.003,-0.00519615242270663,0.0233333333333333));
#3160=CARTESIAN_POINT('',(-1.69734922432444E-17,-0.00692820323027551,0.0235));
#3161=CARTESIAN_POINT('',(0.003,-0.00519615242270664,0.0236666666666667));
#3162=CARTESIAN_POINT('',(0.00599999999999998,-0.00346410161513775,0.0238333333333333));
#3163=CARTESIAN_POINT('',(0.006,-3.65506042595521E-18,0.024));
#3164=CARTESIAN_POINT('',(0.00600000000000001,0.00346410161513775,0.0241666666666667));
#3165=CARTESIAN_POINT('',(0.003,0.00519615242270663,0.0243333333333333));
#3166=CARTESIAN_POINT('',(1.78219524342243E-17,0.00692820323027551,0.0245));
#3167=CARTESIAN_POINT('',(-0.003,0.00519615242270664,0.0246666666666667));
#3168=CARTESIAN_POINT('',(-0.00599999999999998,0.00346410161513775,0.0248333333333333));
#3169=CARTESIAN_POINT('',(-0.006,5.89718460739415E-18,0.025));
#3170=CARTESIAN_POINT('',(-0.00600000000000001,-0.00346410161513775,0.0251666666666666));
#3171=CARTESIAN_POINT('',(-0.003,-0.00519615242270663,0.0253333333333334));
#3172=CARTESIAN_POINT('',(-1.86704126252043E-17,-0.00692820323027551,0.0255));
#3173=CARTESIAN_POINT('',(0.003,-0.00519615242270664,0.0256666666666667));
#3174=CARTESIAN_POINT('',(0.00599999999999998,-0.00346410161513775,0.0258333333333333));
#3175=CARTESIAN_POINT('',(0.006,-5.12463658493203E-18,0.026));
#3176=CARTESIAN_POINT('',(0.00600000000000001,0.00346410161513775,0.0261666666666666));
#3177=CARTESIAN_POINT('',(0.003,0.00519615242270663,0.0263333333333334));
#3178=CARTESIAN_POINT('',(1.95188728161842E-17,0.00692820323027551,0.0265));
#3179=CARTESIAN_POINT('',(-0.003,0.00519615242270664,0.0266666666666667));
#3180=CARTESIAN_POINT('',(-0.00599999999999998,0.00346410161513775,0.0268333333333333));
#3181=CARTESIAN_POINT('',(-0.006,2.8683042839174E-17,0.027));
#3182=CARTESIAN_POINT('',(-0.00600000000000001,-0.00346410161513775,0.0271666666666667));
#3183=CARTESIAN_POINT('',(-0.003,-0.00519615242270663,0.0273333333333333));
#3184=CARTESIAN_POINT('',(-2.03673330071641E-17,-0.00692820323027551,0.0275));
#3185=CARTESIAN_POINT('',(0.003,-0.00519615242270664,0.0276666666666667));
#3186=CARTESIAN_POINT('',(0.00599999999999998,-0.00346410161513775,0.0278333333333334));
#3187=CARTESIAN_POINT('',(0.006,-2.79104948167119E-17,0.028));
#3188=CARTESIAN_POINT('',(0.00600000000000001,0.00346410161513775,0.0281666666666667));
#3189=CARTESIAN_POINT('',(0.003,0.00519615242270663,0.0283333333333333));
#3190=CARTESIAN_POINT('',(4.58297155838536E-17,0.00692820323027551,0.0285));
#3191=CARTESIAN_POINT('',(-0.003,0.00519615242270665,0.0286666666666667));
#3192=CARTESIAN_POINT('',(-0.006,0.00346410161513775,0.0288333333333333));
#3193=CARTESIAN_POINT('',(-0.006,3.01526189981508E-17,0.029));
#3194=CARTESIAN_POINT('',(-0.00600000000000001,-0.00346410161513775,0.0291666666666667));
#3195=CARTESIAN_POINT('',(-0.00300000000000004,-0.00519615242270661,0.0293333333333334));
#3196=CARTESIAN_POINT('',(-2.2064253389124E-17,-0.00692820323027551,0.0295));
#3197=CARTESIAN_POINT('',(0.00299999999999996,-0.00519615242270665,0.0296666666666667));
#3198=CARTESIAN_POINT('',(0.00599999999999998,-0.00346410161513775,0.0298333333333333));
#3199=CARTESIAN_POINT('',(0.006,-8.06378890288568E-18,0.03));
#3200=CARTESIAN_POINT('',(0.00600000000000002,0.00346410161513775,0.0301666666666666));
#3201=CARTESIAN_POINT('',(0.003,0.00519615242270663,0.0303333333333334));
#3202=CARTESIAN_POINT('',(4.75266359658135E-17,0.00692820323027551,0.0305));
#3203=CARTESIAN_POINT('',(-0.003,0.00519615242270665,0.0306666666666667));
#3204=CARTESIAN_POINT('',(-0.006,0.00346410161513775,0.0308333333333333));
#3205=CARTESIAN_POINT('',(-0.006,3.16221951571276E-17,0.031));
#3206=CARTESIAN_POINT('',(-0.00600000000000001,-0.00346410161513775,0.0311666666666667));
#3207=CARTESIAN_POINT('',(-0.00300000000000004,-0.00519615242270661,0.0313333333333334));
#3208=CARTESIAN_POINT('',(-2.37611737710838E-17,-0.00692820323027551,0.0315));
#3209=CARTESIAN_POINT('',(0.00299999999999996,-0.00519615242270666,0.0316666666666666));
#3210=CARTESIAN_POINT('',(0.00599999999999998,-0.00346410161513775,0.0318333333333333));
#3211=CARTESIAN_POINT('',(0.006,-9.5333650618625E-18,0.032));
#3212=CARTESIAN_POINT('',(0.006,7.53668050975267E-19,0.0232669621751714));
#3213=CARTESIAN_POINT('',(0.006,7.53668050975267E-19,0.0250103362096908));
#3214=CARTESIAN_POINT('',(0.006,0.012,0.0232669621751714));
#3215=CARTESIAN_POINT('',(0.006,0.012,0.0250103362096908));
#3216=CARTESIAN_POINT('',(-0.006,0.012,0.0232669621751714));
#3217=CARTESIAN_POINT('',(-0.006,0.012,0.0250103362096908));
#3218=CARTESIAN_POINT('',(-0.006,1.48845613046368E-18,0.0232669621751714));
#3219=CARTESIAN_POINT('',(-0.006,1.48845613046368E-18,0.0250103362096908));
#3220=CARTESIAN_POINT('',(0.006,7.53668050975267E-19,0.0192772983848622));
#3221=CARTESIAN_POINT('',(0.006,0.00346410161513775,0.0194439650515289));
#3222=CARTESIAN_POINT('',(0.003,0.00519615242270663,0.0196106317181956));
#3223=CARTESIAN_POINT('',(4.24230095489963E-19,0.00692820323027551,0.0197772983848622));
#3224=CARTESIAN_POINT('',(-0.003,0.00519615242270663,0.0199439650515289));
#3225=CARTESIAN_POINT('',(-0.006,0.00346410161513775,0.0201106317181956));
#3226=CARTESIAN_POINT('',(-0.006,1.48845613046368E-18,0.0202772983848622));
#3227=CARTESIAN_POINT('',(-0.006,-0.00346410161513775,0.0204439650515289));
#3228=CARTESIAN_POINT('',(-0.003,-0.00519615242270663,0.0206106317181956));
#3229=CARTESIAN_POINT('',(-1.27269028646989E-18,-0.00692820323027551,0.0207772983848622));
#3230=CARTESIAN_POINT('',(0.003,-0.00519615242270663,0.0209439650515289));
#3231=CARTESIAN_POINT('',(0.006,-0.00346410161513775,0.0211106317181956));
#3232=CARTESIAN_POINT('',(0.006,-7.15908108001557E-19,0.0212772983848622));
#3233=CARTESIAN_POINT('',(0.00600000000000001,0.00346410161513775,0.0214439650515289));
#3234=CARTESIAN_POINT('',(0.003,0.00519615242270663,0.0216106317181956));
#3235=CARTESIAN_POINT('',(8.27463107387721E-18,0.00692820323027551,0.0217772983848623));
#3236=CARTESIAN_POINT('',(-0.003,0.00519615242270664,0.0219439650515289));
#3237=CARTESIAN_POINT('',(-0.006,0.00346410161513775,0.0221106317181956));
#3238=CARTESIAN_POINT('',(-0.006,2.9580322894405E-18,0.0222772983848623));
#3239=CARTESIAN_POINT('',(-0.00600000000000001,-0.00346410161513775,0.0224439650515289));
#3240=CARTESIAN_POINT('',(-0.003,-0.00519615242270663,0.0226106317181956));
#3241=CARTESIAN_POINT('',(-2.96961066842974E-18,-0.00692820323027551,0.0227772983848622));
#3242=CARTESIAN_POINT('',(0.003,-0.00519615242270664,0.0229439650515289));
#3243=CARTESIAN_POINT('',(0.006,-0.00346410161513775,0.0231106317181956));
#3244=CARTESIAN_POINT('',(0.006,-2.18548426697838E-18,0.0232772983848622));
#3245=CARTESIAN_POINT('',(0.00600000000000001,0.00346410161513775,0.0234439650515289));
#3246=CARTESIAN_POINT('',(0.003,0.00519615242270663,0.0236106317181956));
#3247=CARTESIAN_POINT('',(1.61250320522645E-17,0.00692820323027551,0.0237772983848622));
#3248=CARTESIAN_POINT('',(-0.003,0.00519615242270664,0.0239439650515289));
#3249=CARTESIAN_POINT('',(-0.006,0.00346410161513775,0.0241106317181955));
#3250=CARTESIAN_POINT('',(-0.006,1.50857494848188E-17,0.0242772983848622));
#3251=CARTESIAN_POINT('',(-0.00600000000000001,-0.00346410161513775,0.0244439650515289));
#3252=CARTESIAN_POINT('',(-0.003,-0.00519615242270663,0.0246106317181956));
#3253=CARTESIAN_POINT('',(-1.69734922432444E-17,-0.00692820323027551,0.0247772983848622));
#3254=CARTESIAN_POINT('',(0.003,-0.00519615242270664,0.0249439650515289));
#3255=CARTESIAN_POINT('',(0.00599999999999998,-0.00346410161513775,0.0251106317181956));
#3256=CARTESIAN_POINT('',(0.006,-3.65506042595521E-18,0.0252772983848622));
#3257=CARTESIAN_POINT('',(0.00600000000000001,0.00346410161513775,0.0254439650515289));
#3258=CARTESIAN_POINT('',(0.003,0.00519615242270663,0.0256106317181956));
#3259=CARTESIAN_POINT('',(1.78219524342243E-17,0.00692820323027551,0.0257772983848623));
#3260=CARTESIAN_POINT('',(-0.003,0.00519615242270664,0.0259439650515289));
#3261=CARTESIAN_POINT('',(-0.00599999999999998,0.00346410161513775,0.0261106317181956));
#3262=CARTESIAN_POINT('',(-0.006,5.89718460739415E-18,0.0262772983848623));
#3263=CARTESIAN_POINT('',(-0.00600000000000001,-0.00346410161513775,0.0264439650515289));
#3264=CARTESIAN_POINT('',(-0.003,-0.00519615242270663,0.0266106317181956));
#3265=CARTESIAN_POINT('',(-1.86704126252043E-17,-0.00692820323027551,0.0267772983848623));
#3266=CARTESIAN_POINT('',(0.003,-0.00519615242270664,0.0269439650515289));
#3267=CARTESIAN_POINT('',(0.00599999999999998,-0.00346410161513775,0.0271106317181956));
#3268=CARTESIAN_POINT('',(0.006,-5.12463658493203E-18,0.0272772983848622));
#3269=CARTESIAN_POINT('',(0.00600000000000001,0.00346410161513775,0.0274439650515289));
#3270=CARTESIAN_POINT('',(0.003,0.00519615242270663,0.0276106317181956));
#3271=CARTESIAN_POINT('',(1.95188728161842E-17,0.00692820323027551,0.0277772983848622));
#3272=CARTESIAN_POINT('',(-0.003,0.00519615242270664,0.0279439650515289));
#3273=CARTESIAN_POINT('',(-0.00599999999999998,0.00346410161513775,0.0281106317181956));
#3274=CARTESIAN_POINT('',(-0.006,2.8683042839174E-17,0.0282772983848622));
#3275=CARTESIAN_POINT('',(-0.00600000000000001,-0.00346410161513775,0.0284439650515289));
#3276=CARTESIAN_POINT('',(-0.003,-0.00519615242270663,0.0286106317181956));
#3277=CARTESIAN_POINT('',(-2.03673330071641E-17,-0.00692820323027551,0.0287772983848622));
#3278=CARTESIAN_POINT('',(0.003,-0.00519615242270664,0.0289439650515289));
#3279=CARTESIAN_POINT('',(0.00599999999999998,-0.00346410161513775,0.0291106317181956));
#3280=CARTESIAN_POINT('',(0.006,-2.79104948167119E-17,0.0292772983848622));
#3281=CARTESIAN_POINT('',(0.00600000000000001,0.00346410161513775,0.0294439650515289));
#3282=CARTESIAN_POINT('',(0.003,0.00519615242270663,0.0296106317181956));
#3283=CARTESIAN_POINT('',(4.58297155838536E-17,0.00692820323027551,0.0297772983848623));
#3284=CARTESIAN_POINT('',(-0.003,0.00519615242270665,0.0299439650515289));
#3285=CARTESIAN_POINT('',(-0.006,0.00346410161513775,0.0301106317181956));
#3286=CARTESIAN_POINT('',(-0.006,3.01526189981508E-17,0.0302772983848623));
#3287=CARTESIAN_POINT('',(-0.00600000000000001,-0.00346410161513775,0.0304439650515289));
#3288=CARTESIAN_POINT('',(-0.00300000000000004,-0.00519615242270661,0.0306106317181956));
#3289=CARTESIAN_POINT('',(-2.2064253389124E-17,-0.00692820323027551,0.0307772983848623));
#3290=CARTESIAN_POINT('',(0.00299999999999996,-0.00519615242270665,0.0309439650515289));
#3291=CARTESIAN_POINT('',(0.00599999999999998,-0.00346410161513775,0.0311106317181956));
#3292=CARTESIAN_POINT('',(0.006,-8.06378890288568E-18,0.0312772983848622));
#3293=CARTESIAN_POINT('',(0.00600000000000002,0.00346410161513775,0.0314439650515289));
#3294=CARTESIAN_POINT('',(0.003,0.00519615242270663,0.0316106317181956));
#3295=CARTESIAN_POINT('',(4.75266359658135E-17,0.00692820323027551,0.0317772983848622));
#3296=CARTESIAN_POINT('',(-0.003,0.00519615242270665,0.0319439650515289));
#3297=CARTESIAN_POINT('',(-0.006,0.00346410161513775,0.0321106317181956));
#3298=CARTESIAN_POINT('',(-0.006,3.16221951571276E-17,0.0322772983848622));
#3299=CARTESIAN_POINT('',(-0.00600000000000001,-0.00346410161513775,0.0324439650515289));
#3300=CARTESIAN_POINT('',(-0.00300000000000004,-0.00519615242270661,0.0326106317181956));
#3301=CARTESIAN_POINT('',(-2.37611737710838E-17,-0.00692820323027551,0.0327772983848622));
#3302=CARTESIAN_POINT('',(0.00299999999999996,-0.00519615242270666,0.0329439650515289));
#3303=CARTESIAN_POINT('',(0.00599999999999998,-0.00346410161513775,0.0331106317181955));
#3304=CARTESIAN_POINT('',(0.006,-9.5333650618625E-18,0.0332772983848623));
#3305=CARTESIAN_POINT('',(0.006,7.53668050975267E-19,0.018));
#3306=CARTESIAN_POINT('',(0.006,0.00346410161513775,0.0181666666666667));
#3307=CARTESIAN_POINT('',(0.003,0.00519615242270663,0.0183333333333334));
#3308=CARTESIAN_POINT('',(4.24230095489963E-19,0.00692820323027551,0.0185));
#3309=CARTESIAN_POINT('',(-0.003,0.00519615242270663,0.0186666666666667));
#3310=CARTESIAN_POINT('',(-0.006,0.00346410161513775,0.0188333333333334));
#3311=CARTESIAN_POINT('',(-0.006,1.48845613046368E-18,0.019));
#3312=CARTESIAN_POINT('',(-0.006,-0.00346410161513775,0.0191666666666667));
#3313=CARTESIAN_POINT('',(-0.003,-0.00519615242270663,0.0193333333333334));
#3314=CARTESIAN_POINT('',(-1.27269028646989E-18,-0.00692820323027551,0.0195));
#3315=CARTESIAN_POINT('',(0.003,-0.00519615242270663,0.0196666666666666));
#3316=CARTESIAN_POINT('',(0.006,-0.00346410161513775,0.0198333333333333));
#3317=CARTESIAN_POINT('',(0.006,-7.15908108001557E-19,0.02));
#3318=CARTESIAN_POINT('',(0.00600000000000001,0.00346410161513775,0.0201666666666667));
#3319=CARTESIAN_POINT('',(0.003,0.00519615242270663,0.0203333333333334));
#3320=CARTESIAN_POINT('',(8.27463107387721E-18,0.00692820323027551,0.0205));
#3321=CARTESIAN_POINT('',(-0.003,0.00519615242270664,0.0206666666666666));
#3322=CARTESIAN_POINT('',(-0.006,0.00346410161513775,0.0208333333333333));
#3323=CARTESIAN_POINT('',(-0.006,2.9580322894405E-18,0.021));
#3324=CARTESIAN_POINT('',(-0.00600000000000001,-0.00346410161513775,0.0211666666666666));
#3325=CARTESIAN_POINT('',(-0.003,-0.00519615242270663,0.0213333333333333));
#3326=CARTESIAN_POINT('',(-2.96961066842974E-18,-0.00692820323027551,0.0215));
#3327=CARTESIAN_POINT('',(0.003,-0.00519615242270664,0.0216666666666667));
#3328=CARTESIAN_POINT('',(0.006,-0.00346410161513775,0.0218333333333333));
#3329=CARTESIAN_POINT('',(0.006,-2.18548426697838E-18,0.022));
#3330=CARTESIAN_POINT('',(0.00600000000000001,0.00346410161513775,0.0221666666666667));
#3331=CARTESIAN_POINT('',(0.003,0.00519615242270663,0.0223333333333334));
#3332=CARTESIAN_POINT('',(1.61250320522645E-17,0.00692820323027551,0.0225));
#3333=CARTESIAN_POINT('',(-0.003,0.00519615242270664,0.0226666666666667));
#3334=CARTESIAN_POINT('',(-0.006,0.00346410161513775,0.0228333333333333));
#3335=CARTESIAN_POINT('',(-0.006,1.50857494848188E-17,0.023));
#3336=CARTESIAN_POINT('',(-0.00600000000000001,-0.00346410161513775,0.0231666666666667));
#3337=CARTESIAN_POINT('',(-0.003,-0.00519615242270663,0.0233333333333333));
#3338=CARTESIAN_POINT('',(-1.69734922432444E-17,-0.00692820323027551,0.0235));
#3339=CARTESIAN_POINT('',(0.003,-0.00519615242270664,0.0236666666666667));
#3340=CARTESIAN_POINT('',(0.00599999999999998,-0.00346410161513775,0.0238333333333333));
#3341=CARTESIAN_POINT('',(0.006,-3.65506042595521E-18,0.024));
#3342=CARTESIAN_POINT('',(0.00600000000000001,0.00346410161513775,0.0241666666666667));
#3343=CARTESIAN_POINT('',(0.003,0.00519615242270663,0.0243333333333333));
#3344=CARTESIAN_POINT('',(1.78219524342243E-17,0.00692820323027551,0.0245));
#3345=CARTESIAN_POINT('',(-0.003,0.00519615242270664,0.0246666666666667));
#3346=CARTESIAN_POINT('',(-0.00599999999999998,0.00346410161513775,0.0248333333333333));
#3347=CARTESIAN_POINT('',(-0.006,5.89718460739415E-18,0.025));
#3348=CARTESIAN_POINT('',(-0.00600000000000001,-0.00346410161513775,0.0251666666666666));
#3349=CARTESIAN_POINT('',(-0.003,-0.00519615242270663,0.0253333333333334));
#3350=CARTESIAN_POINT('',(-1.86704126252043E-17,-0.00692820323027551,0.0255));
#3351=CARTESIAN_POINT('',(0.003,-0.00519615242270664,0.0256666666666667));
#3352=CARTESIAN_POINT('',(0.00599999999999998,-0.00346410161513775,0.0258333333333333));
#3353=CARTESIAN_POINT('',(0.006,-5.12463658493203E-18,0.026));
#3354=CARTESIAN_POINT('',(0.00600000000000001,0.00346410161513775,0.0261666666666666));
#3355=CARTESIAN_POINT('',(0.003,0.00519615242270663,0.0263333333333334));
#3356=CARTESIAN_POINT('',(1.95188728161842E-17,0.00692820323027551,0.0265));
#3357=CARTESIAN_POINT('',(-0.003,0.00519615242270664,0.0266666666666667));
#3358=CARTESIAN_POINT('',(-0.00599999999999998,0.00346410161513775,0.0268333333333333));
#3359=CARTESIAN_POINT('',(-0.006,2.8683042839174E-17,0.027));
#3360=CARTESIAN_POINT('',(-0.00600000000000001,-0.00346410161513775,0.0271666666666667));
#3361=CARTESIAN_POINT('',(-0.003,-0.00519615242270663,0.0273333333333333));
#3362=CARTESIAN_POINT('',(-2.03673330071641E-17,-0.00692820323027551,0.0275));
#3363=CARTESIAN_POINT('',(0.003,-0.00519615242270664,0.0276666666666667));
#3364=CARTESIAN_POINT('',(0.00599999999999998,-0.00346410161513775,0.0278333333333334));
#3365=CARTESIAN_POINT('',(0.006,-2.79104948167119E-17,0.028));
#3366=CARTESIAN_POINT('',(0.00600000000000001,0.00346410161513775,0.0281666666666667));
#3367=CARTESIAN_POINT('',(0.003,0.00519615242270663,0.0283333333333333));
#3368=CARTESIAN_POINT('',(4.58297155838536E-17,0.00692820323027551,0.0285));
#3369=CARTESIAN_POINT('',(-0.003,0.00519615242270665,0.0286666666666667));
#3370=CARTESIAN_POINT('',(-0.006,0.00346410161513775,0.0288333333333333));
#3371=CARTESIAN_POINT('',(-0.006,3.01526189981508E-17,0.029));
#3372=CARTESIAN_POINT('',(-0.00600000000000001,-0.00346410161513775,0.0291666666666667));
#3373=CARTESIAN_POINT('',(-0.00300000000000004,-0.00519615242270661,0.0293333333333334));
#3374=CARTESIAN_POINT('',(-2.2064253389124E-17,-0.00692820323027551,0.0295));
#3375=CARTESIAN_POINT('',(0.00299999999999996,-0.00519615242270665,0.0296666666666667));
#3376=CARTESIAN_POINT('',(0.00599999999999998,-0.00346410161513775,0.0298333333333333));
#3377=CARTESIAN_POINT('',(0.006,-8.06378890288568E-18,0.03));
#3378=CARTESIAN_POINT('',(0.00600000000000002,0.00346410161513775,0.0301666666666666));
#3379=CARTESIAN_POINT('',(0.003,0.00519615242270663,0.0303333333333334));
#3380=CARTESIAN_POINT('',(4.75266359658135E-17,0.00692820323027551,0.0305));
#3381=CARTESIAN_POINT('',(-0.003,0.00519615242270665,0.0306666666666667));
#3382=CARTESIAN_POINT('',(-0.006,0.00346410161513775,0.0308333333333333));
#3383=CARTESIAN_POINT('',(-0.006,3.16221951571276E-17,0.031));
#3384=CARTESIAN_POINT('',(-0.00600000000000001,-0.00346410161513775,0.0311666666666667));
#3385=CARTESIAN_POINT('',(-0.00300000000000004,-0.00519615242270661,0.0313333333333334));
#3386=CARTESIAN_POINT('',(-2.37611737710838E-17,-0.00692820323027551,0.0315));
#3387=CARTESIAN_POINT('',(0.00299999999999996,-0.00519615242270666,0.0316666666666666));
#3388=CARTESIAN_POINT('',(0.00599999999999998,-0.00346410161513775,0.0318333333333333));
#3389=CARTESIAN_POINT('',(0.006,-9.5333650618625E-18,0.032));
#3390=CARTESIAN_POINT('',(0.006,7.53668050975267E-19,0.0252669621751714));
#3391=CARTESIAN_POINT('',(0.006,7.53668050975267E-19,0.0270103362096908));
#3392=CARTESIAN_POINT('',(0.006,0.012,0.0252669621751714));
#3393=CARTESIAN_POINT('',(0.006,0.012,0.0270103362096908));
#3394=CARTESIAN_POINT('',(-0.006,0.012,0.0252669621751714));
#3395=CARTESIAN_POINT('',(-0.006,0.012,0.0270103362096908));
#3396=CARTESIAN_POINT('',(-0.006,1.48845613046368E-18,0.0252669621751714));
#3397=CARTESIAN_POINT('',(-0.006,1.48845613046368E-18,0.0270103362096908));
#3398=CARTESIAN_POINT('',(0.006,7.53668050975267E-19,0.0192772983848622));
#3399=CARTESIAN_POINT('',(0.006,0.00346410161513775,0.0194439650515289));
#3400=CARTESIAN_POINT('',(0.003,0.00519615242270663,0.0196106317181956));
#3401=CARTESIAN_POINT('',(4.24230095489963E-19,0.00692820323027551,0.0197772983848622));
#3402=CARTESIAN_POINT('',(-0.003,0.00519615242270663,0.0199439650515289));
#3403=CARTESIAN_POINT('',(-0.006,0.00346410161513775,0.0201106317181956));
#3404=CARTESIAN_POINT('',(-0.006,1.48845613046368E-18,0.0202772983848622));
#3405=CARTESIAN_POINT('',(-0.006,-0.00346410161513775,0.0204439650515289));
#3406=CARTESIAN_POINT('',(-0.003,-0.00519615242270663,0.0206106317181956));
#3407=CARTESIAN_POINT('',(-1.27269028646989E-18,-0.00692820323027551,0.0207772983848622));
#3408=CARTESIAN_POINT('',(0.003,-0.00519615242270663,0.0209439650515289));
#3409=CARTESIAN_POINT('',(0.006,-0.00346410161513775,0.0211106317181956));
#3410=CARTESIAN_POINT('',(0.006,-7.15908108001557E-19,0.0212772983848622));
#3411=CARTESIAN_POINT('',(0.00600000000000001,0.00346410161513775,0.0214439650515289));
#3412=CARTESIAN_POINT('',(0.003,0.00519615242270663,0.0216106317181956));
#3413=CARTESIAN_POINT('',(8.27463107387721E-18,0.00692820323027551,0.0217772983848623));
#3414=CARTESIAN_POINT('',(-0.003,0.00519615242270664,0.0219439650515289));
#3415=CARTESIAN_POINT('',(-0.006,0.00346410161513775,0.0221106317181956));
#3416=CARTESIAN_POINT('',(-0.006,2.9580322894405E-18,0.0222772983848623));
#3417=CARTESIAN_POINT('',(-0.00600000000000001,-0.00346410161513775,0.0224439650515289));
#3418=CARTESIAN_POINT('',(-0.003,-0.00519615242270663,0.0226106317181956));
#3419=CARTESIAN_POINT('',(-2.96961066842974E-18,-0.00692820323027551,0.0227772983848622));
#3420=CARTESIAN_POINT('',(0.003,-0.00519615242270664,0.0229439650515289));
#3421=CARTESIAN_POINT('',(0.006,-0.00346410161513775,0.0231106317181956));
#3422=CARTESIAN_POINT('',(0.006,-2.18548426697838E-18,0.0232772983848622));
#3423=CARTESIAN_POINT('',(0.00600000000000001,0.00346410161513775,0.0234439650515289));
#3424=CARTESIAN_POINT('',(0.003,0.00519615242270663,0.0236106317181956));
#3425=CARTESIAN_POINT('',(1.61250320522645E-17,0.00692820323027551,0.0237772983848622));
#3426=CARTESIAN_POINT('',(-0.003,0.00519615242270664,0.0239439650515289));
#3427=CARTESIAN_POINT('',(-0.006,0.00346410161513775,0.0241106317181955));
#3428=CARTESIAN_POINT('',(-0.006,1.50857494848188E-17,0.0242772983848622));
#3429=CARTESIAN_POINT('',(-0.00600000000000001,-0.00346410161513775,0.0244439650515289));
#3430=CARTESIAN_POINT('',(-0.003,-0.00519615242270663,0.0246106317181956));
#3431=CARTESIAN_POINT('',(-1.69734922432444E-17,-0.00692820323027551,0.0247772983848622));
#3432=CARTESIAN_POINT('',(0.003,-0.00519615242270664,0.0249439650515289));
#3433=CARTESIAN_POINT('',(0.00599999999999998,-0.00346410161513775,0.0251106317181956));
#3434=CARTESIAN_POINT('',(0.006,-3.65506042595521E-18,0.0252772983848622));
#3435=CARTESIAN_POINT('',(0.00600000000000001,0.00346410161513775,0.0254439650515289));
#3436=CARTESIAN_POINT('',(0.003,0.00519615242270663,0.0256106317181956));
#3437=CARTESIAN_POINT('',(1.78219524342243E-17,0.00692820323027551,0.0257772983848623));
#3438=CARTESIAN_POINT('',(-0.003,0.00519615242270664,0.0259439650515289));
#3439=CARTESIAN_POINT('',(-0.00599999999999998,0.00346410161513775,0.0261106317181956));
#3440=CARTESIAN_POINT('',(-0.006,5.89718460739415E-18,0.0262772983848623));
#3441=CARTESIAN_POINT('',(-0.00600000000000001,-0.00346410161513775,0.0264439650515289));
#3442=CARTESIAN_POINT('',(-0.003,-0.00519615242270663,0.0266106317181956));
#3443=CARTESIAN_POINT('',(-1.86704126252043E-17,-0.00692820323027551,0.0267772983848623));
#3444=CARTESIAN_POINT('',(0.003,-0.00519615242270664,0.0269439650515289));
#3445=CARTESIAN_POINT('',(0.00599999999999998,-0.00346410161513775,0.0271106317181956));
#3446=CARTESIAN_POINT('',(0.006,-5.12463658493203E-18,0.0272772983848622));
#3447=CARTESIAN_POINT('',(0.00600000000000001,0.00346410161513775,0.0274439650515289));
#3448=CARTESIAN_POINT('',(0.003,0.00519615242270663,0.0276106317181956));
#3449=CARTESIAN_POINT('',(1.95188728161842E-17,0.00692820323027551,0.0277772983848622));
#3450=CARTESIAN_POINT('',(-0.003,0.00519615242270664,0.0279439650515289));
#3451=CARTESIAN_POINT('',(-0.00599999999999998,0.00346410161513775,0.0281106317181956));
#3452=CARTESIAN_POINT('',(-0.006,2.8683042839174E-17,0.0282772983848622));
#3453=CARTESIAN_POINT('',(-0.00600000000000001,-0.00346410161513775,0.0284439650515289));
#3454=CARTESIAN_POINT('',(-0.003,-0.00519615242270663,0.0286106317181956));
#3455=CARTESIAN_POINT('',(-2.03673330071641E-17,-0.00692820323027551,0.0287772983848622));
#3456=CARTESIAN_POINT('',(0.003,-0.00519615242270664,0.0289439650515289));
#3457=CARTESIAN_POINT('',(0.00599999999999998,-0.00346410161513775,0.0291106317181956));
#3458=CARTESIAN_POINT('',(0.006,-2.79104948167119E-17,0.0292772983848622));
#3459=CARTESIAN_POINT('',(0.00600000000000001,0.00346410161513775,0.0294439650515289));
#3460=CARTESIAN_POINT('',(0.003,0.00519615242270663,0.0296106317181956));
#3461=CARTESIAN_POINT('',(4.58297155838536E-17,0.00692820323027551,0.0297772983848623));
#3462=CARTESIAN_POINT('',(-0.003,0.00519615242270665,0.0299439650515289));
#3463=CARTESIAN_POINT('',(-0.006,0.00346410161513775,0.0301106317181956));
#3464=CARTESIAN_POINT('',(-0.006,3.01526189981508E-17,0.0302772983848623));
#3465=CARTESIAN_POINT('',(-0.00600000000000001,-0.00346410161513775,0.0304439650515289));
#3466=CARTESIAN_POINT('',(-0.00300000000000004,-0.00519615242270661,0.0306106317181956));
#3467=CARTESIAN_POINT('',(-2.2064253389124E-17,-0.00692820323027551,0.0307772983848623));
#3468=CARTESIAN_POINT('',(0.00299999999999996,-0.00519615242270665,0.0309439650515289));
#3469=CARTESIAN_POINT('',(0.00599999999999998,-0.00346410161513775,0.0311106317181956));
#3470=CARTESIAN_POINT('',(0.006,-8.06378890288568E-18,0.0312772983848622));
#3471=CARTESIAN_POINT('',(0.00600000000000002,0.00346410161513775,0.0314439650515289));
#3472=CARTESIAN_POINT('',(0.003,0.00519615242270663,0.0316106317181956));
#3473=CARTESIAN_POINT('',(4.75266359658135E-17,0.00692820323027551,0.0317772983848622));
#3474=CARTESIAN_POINT('',(-0.003,0.00519615242270665,0.0319439650515289));
#3475=CARTESIAN_POINT('',(-0.006,0.00346410161513775,0.0321106317181956));
#3476=CARTESIAN_POINT('',(-0.006,3.16221951571276E-17,0.0322772983848622));
#3477=CARTESIAN_POINT('',(-0.00600000000000001,-0.00346410161513775,0.0324439650515289));
#3478=CARTESIAN_POINT('',(-0.00300000000000004,-0.00519615242270661,0.0326106317181956));
#3479=CARTESIAN_POINT('',(-2.37611737710838E-17,-0.00692820323027551,0.0327772983848622));
#3480=CARTESIAN_POINT('',(0.00299999999999996,-0.00519615242270666,0.0329439650515289));
#3481=CARTESIAN_POINT('',(0.00599999999999998,-0.00346410161513775,0.0331106317181955));
#3482=CARTESIAN_POINT('',(0.006,-9.5333650618625E-18,0.0332772983848623));
#3483=CARTESIAN_POINT('',(0.006,7.53668050975267E-19,0.018));
#3484=CARTESIAN_POINT('',(0.006,0.00346410161513775,0.0181666666666667));
#3485=CARTESIAN_POINT('',(0.003,0.00519615242270663,0.0183333333333334));
#3486=CARTESIAN_POINT('',(4.24230095489963E-19,0.00692820323027551,0.0185));
#3487=CARTESIAN_POINT('',(-0.003,0.00519615242270663,0.0186666666666667));
#3488=CARTESIAN_POINT('',(-0.006,0.00346410161513775,0.0188333333333334));
#3489=CARTESIAN_POINT('',(-0.006,1.48845613046368E-18,0.019));
#3490=CARTESIAN_POINT('',(-0.006,-0.00346410161513775,0.0191666666666667));
#3491=CARTESIAN_POINT('',(-0.003,-0.00519615242270663,0.0193333333333334));
#3492=CARTESIAN_POINT('',(-1.27269028646989E-18,-0.00692820323027551,0.0195));
#3493=CARTESIAN_POINT('',(0.003,-0.00519615242270663,0.0196666666666666));
#3494=CARTESIAN_POINT('',(0.006,-0.00346410161513775,0.0198333333333333));
#3495=CARTESIAN_POINT('',(0.006,-7.15908108001557E-19,0.02));
#3496=CARTESIAN_POINT('',(0.00600000000000001,0.00346410161513775,0.0201666666666667));
#3497=CARTESIAN_POINT('',(0.003,0.00519615242270663,0.0203333333333334));
#3498=CARTESIAN_POINT('',(8.27463107387721E-18,0.00692820323027551,0.0205));
#3499=CARTESIAN_POINT('',(-0.003,0.00519615242270664,0.0206666666666666));
#3500=CARTESIAN_POINT('',(-0.006,0.00346410161513775,0.0208333333333333));
#3501=CARTESIAN_POINT('',(-0.006,2.9580322894405E-18,0.021));
#3502=CARTESIAN_POINT('',(-0.00600000000000001,-0.00346410161513775,0.0211666666666666));
#3503=CARTESIAN_POINT('',(-0.003,-0.00519615242270663,0.0213333333333333));
#3504=CARTESIAN_POINT('',(-2.96961066842974E-18,-0.00692820323027551,0.0215));
#3505=CARTESIAN_POINT('',(0.003,-0.00519615242270664,0.0216666666666667));
#3506=CARTESIAN_POINT('',(0.006,-0.00346410161513775,0.0218333333333333));
#3507=CARTESIAN_POINT('',(0.006,-2.18548426697838E-18,0.022));
#3508=CARTESIAN_POINT('',(0.00600000000000001,0.00346410161513775,0.0221666666666667));
#3509=CARTESIAN_POINT('',(0.003,0.00519615242270663,0.0223333333333334));
#3510=CARTESIAN_POINT('',(1.61250320522645E-17,0.00692820323027551,0.0225));
#3511=CARTESIAN_POINT('',(-0.003,0.00519615242270664,0.0226666666666667));
#3512=CARTESIAN_POINT('',(-0.006,0.00346410161513775,0.0228333333333333));
#3513=CARTESIAN_POINT('',(-0.006,1.50857494848188E-17,0.023));
#3514=CARTESIAN_POINT('',(-0.00600000000000001,-0.00346410161513775,0.0231666666666667));
#3515=CARTESIAN_POINT('',(-0.003,-0.00519615242270663,0.0233333333333333));
#3516=CARTESIAN_POINT('',(-1.69734922432444E-17,-0.00692820323027551,0.0235));
#3517=CARTESIAN_POINT('',(0.003,-0.00519615242270664,0.0236666666666667));
#3518=CARTESIAN_POINT('',(0.00599999999999998,-0.00346410161513775,0.0238333333333333));
#3519=CARTESIAN_POINT('',(0.006,-3.65506042595521E-18,0.024));
#3520=CARTESIAN_POINT('',(0.00600000000000001,0.00346410161513775,0.0241666666666667));
#3521=CARTESIAN_POINT('',(0.003,0.00519615242270663,0.0243333333333333));
#3522=CARTESIAN_POINT('',(1.78219524342243E-17,0.00692820323027551,0.0245));
#3523=CARTESIAN_POINT('',(-0.003,0.00519615242270664,0.0246666666666667));
#3524=CARTESIAN_POINT('',(-0.00599999999999998,0.00346410161513775,0.0248333333333333));
#3525=CARTESIAN_POINT('',(-0.006,5.89718460739415E-18,0.025));
#3526=CARTESIAN_POINT('',(-0.00600000000000001,-0.00346410161513775,0.0251666666666666));
#3527=CARTESIAN_POINT('',(-0.003,-0.00519615242270663,0.0253333333333334));
#3528=CARTESIAN_POINT('',(-1.86704126252043E-17,-0.00692820323027551,0.0255));
#3529=CARTESIAN_POINT('',(0.003,-0.00519615242270664,0.0256666666666667));
#3530=CARTESIAN_POINT('',(0.00599999999999998,-0.00346410161513775,0.0258333333333333));
#3531=CARTESIAN_POINT('',(0.006,-5.12463658493203E-18,0.026));
#3532=CARTESIAN_POINT('',(0.00600000000000001,0.00346410161513775,0.0261666666666666));
#3533=CARTESIAN_POINT('',(0.003,0.00519615242270663,0.0263333333333334));
#3534=CARTESIAN_POINT('',(1.95188728161842E-17,0.00692820323027551,0.0265));
#3535=CARTESIAN_POINT('',(-0.003,0.00519615242270664,0.0266666666666667));
#3536=CARTESIAN_POINT('',(-0.00599999999999998,0.00346410161513775,0.0268333333333333));
#3537=CARTESIAN_POINT('',(-0.006,2.8683042839174E-17,0.027));
#3538=CARTESIAN_POINT('',(-0.00600000000000001,-0.00346410161513775,0.0271666666666667));
#3539=CARTESIAN_POINT('',(-0.003,-0.00519615242270663,0.0273333333333333));
#3540=CARTESIAN_POINT('',(-2.03673330071641E-17,-0.00692820323027551,0.0275));
#3541=CARTESIAN_POINT('',(0.003,-0.00519615242270664,0.0276666666666667));
#3542=CARTESIAN_POINT('',(0.00599999999999998,-0.00346410161513775,0.0278333333333334));
#3543=CARTESIAN_POINT('',(0.006,-2.79104948167119E-17,0.028));
#3544=CARTESIAN_POINT('',(0.00600000000000001,0.00346410161513775,0.0281666666666667));
#3545=CARTESIAN_POINT('',(0.003,0.00519615242270663,0.0283333333333333));
#3546=CARTESIAN_POINT('',(4.58297155838536E-17,0.00692820323027551,0.0285));
#3547=CARTESIAN_POINT('',(-0.003,0.00519615242270665,0.0286666666666667));
#3548=CARTESIAN_POINT('',(-0.006,0.00346410161513775,0.0288333333333333));
#3549=CARTESIAN_POINT('',(-0.006,3.01526189981508E-17,0.029));
#3550=CARTESIAN_POINT('',(-0.00600000000000001,-0.00346410161513775,0.0291666666666667));
#3551=CARTESIAN_POINT('',(-0.00300000000000004,-0.00519615242270661,0.0293333333333334));
#3552=CARTESIAN_POINT('',(-2.2064253389124E-17,-0.00692820323027551,0.0295));
#3553=CARTESIAN_POINT('',(0.00299999999999996,-0.00519615242270665,0.0296666666666667));
#3554=CARTESIAN_POINT('',(0.00599999999999998,-0.00346410161513775,0.0298333333333333));
#3555=CARTESIAN_POINT('',(0.006,-8.06378890288568E-18,0.03));
#3556=CARTESIAN_POINT('',(0.00600000000000002,0.00346410161513775,0.0301666666666666));
#3557=CARTESIAN_POINT('',(0.003,0.00519615242270663,0.0303333333333334));
#3558=CARTESIAN_POINT('',(4.75266359658135E-17,0.00692820323027551,0.0305));
#3559=CARTESIAN_POINT('',(-0.003,0.00519615242270665,0.0306666666666667));
#3560=CARTESIAN_POINT('',(-0.006,0.00346410161513775,0.0308333333333333));
#3561=CARTESIAN_POINT('',(-0.006,3.16221951571276E-17,0.031));
#3562=CARTESIAN_POINT('',(-0.00600000000000001,-0.00346410161513775,0.0311666666666667));
#3563=CARTESIAN_POINT('',(-0.00300000000000004,-0.00519615242270661,0.0313333333333334));
#3564=CARTESIAN_POINT('',(-2.37611737710838E-17,-0.00692820323027551,0.0315));
#3565=CARTESIAN_POINT('',(0.00299999999999996,-0.00519615242270666,0.0316666666666666));
#3566=CARTESIAN_POINT('',(0.00599999999999998,-0.00346410161513775,0.0318333333333333));
#3567=CARTESIAN_POINT('',(0.006,-9.5333650618625E-18,0.032));
#3568=CARTESIAN_POINT('',(0.006,7.53668050975267E-19,0.0272669621751714));
#3569=CARTESIAN_POINT('',(0.006,7.53668050975267E-19,0.0290103362096908));
#3570=CARTESIAN_POINT('',(0.006,0.012,0.0272669621751714));
#3571=CARTESIAN_POINT('',(0.006,0.012,0.0290103362096908));
#3572=CARTESIAN_POINT('',(-0.006,0.012,0.0272669621751714));
#3573=CARTESIAN_POINT('',(-0.006,0.012,0.0290103362096908));
#3574=CARTESIAN_POINT('',(-0.006,1.48845613046368E-18,0.0272669621751714));
#3575=CARTESIAN_POINT('',(-0.006,1.48845613046368E-18,0.0290103362096908));
#3576=CARTESIAN_POINT('',(0.006,7.53668050975267E-19,0.0192772983848622));
#3577=CARTESIAN_POINT('',(0.006,0.00346410161513775,0.0194439650515289));
#3578=CARTESIAN_POINT('',(0.003,0.00519615242270663,0.0196106317181956));
#3579=CARTESIAN_POINT('',(4.24230095489963E-19,0.00692820323027551,0.0197772983848622));
#3580=CARTESIAN_POINT('',(-0.003,0.00519615242270663,0.0199439650515289));
#3581=CARTESIAN_POINT('',(-0.006,0.00346410161513775,0.0201106317181956));
#3582=CARTESIAN_POINT('',(-0.006,1.48845613046368E-18,0.0202772983848622));
#3583=CARTESIAN_POINT('',(-0.006,-0.00346410161513775,0.0204439650515289));
#3584=CARTESIAN_POINT('',(-0.003,-0.00519615242270663,0.0206106317181956));
#3585=CARTESIAN_POINT('',(-1.27269028646989E-18,-0.00692820323027551,0.0207772983848622));
#3586=CARTESIAN_POINT('',(0.003,-0.00519615242270663,0.0209439650515289));
#3587=CARTESIAN_POINT('',(0.006,-0.00346410161513775,0.0211106317181956));
#3588=CARTESIAN_POINT('',(0.006,-7.15908108001557E-19,0.0212772983848622));
#3589=CARTESIAN_POINT('',(0.00600000000000001,0.00346410161513775,0.0214439650515289));
#3590=CARTESIAN_POINT('',(0.003,0.00519615242270663,0.0216106317181956));
#3591=CARTESIAN_POINT('',(8.27463107387721E-18,0.00692820323027551,0.0217772983848623));
#3592=CARTESIAN_POINT('',(-0.003,0.00519615242270664,0.0219439650515289));
#3593=CARTESIAN_POINT('',(-0.006,0.00346410161513775,0.0221106317181956));
#3594=CARTESIAN_POINT('',(-0.006,2.9580322894405E-18,0.0222772983848623));
#3595=CARTESIAN_POINT('',(-0.00600000000000001,-0.00346410161513775,0.0224439650515289));
#3596=CARTESIAN_POINT('',(-0.003,-0.00519615242270663,0.0226106317181956));
#3597=CARTESIAN_POINT('',(-2.96961066842974E-18,-0.00692820323027551,0.0227772983848622));
#3598=CARTESIAN_POINT('',(0.003,-0.00519615242270664,0.0229439650515289));
#3599=CARTESIAN_POINT('',(0.006,-0.00346410161513775,0.0231106317181956));
#3600=CARTESIAN_POINT('',(0.006,-2.18548426697838E-18,0.0232772983848622));
#3601=CARTESIAN_POINT('',(0.00600000000000001,0.00346410161513775,0.0234439650515289));
#3602=CARTESIAN_POINT('',(0.003,0.00519615242270663,0.0236106317181956));
#3603=CARTESIAN_POINT('',(1.61250320522645E-17,0.00692820323027551,0.0237772983848622));
#3604=CARTESIAN_POINT('',(-0.003,0.00519615242270664,0.0239439650515289));
#3605=CARTESIAN_POINT('',(-0.006,0.00346410161513775,0.0241106317181955));
#3606=CARTESIAN_POINT('',(-0.006,1.50857494848188E-17,0.0242772983848622));
#3607=CARTESIAN_POINT('',(-0.00600000000000001,-0.00346410161513775,0.0244439650515289));
#3608=CARTESIAN_POINT('',(-0.003,-0.00519615242270663,0.0246106317181956));
#3609=CARTESIAN_POINT('',(-1.69734922432444E-17,-0.00692820323027551,0.0247772983848622));
#3610=CARTESIAN_POINT('',(0.003,-0.00519615242270664,0.0249439650515289));
#3611=CARTESIAN_POINT('',(0.00599999999999998,-0.00346410161513775,0.0251106317181956));
#3612=CARTESIAN_POINT('',(0.006,-3.65506042595521E-18,0.0252772983848622));
#3613=CARTESIAN_POINT('',(0.00600000000000001,0.00346410161513775,0.0254439650515289));
#3614=CARTESIAN_POINT('',(0.003,0.00519615242270663,0.0256106317181956));
#3615=CARTESIAN_POINT('',(1.78219524342243E-17,0.00692820323027551,0.0257772983848623));
#3616=CARTESIAN_POINT('',(-0.003,0.00519615242270664,0.0259439650515289));
#3617=CARTESIAN_POINT('',(-0.00599999999999998,0.00346410161513775,0.0261106317181956));
#3618=CARTESIAN_POINT('',(-0.006,5.89718460739415E-18,0.0262772983848623));
#3619=CARTESIAN_POINT('',(-0.00600000000000001,-0.00346410161513775,0.0264439650515289));
#3620=CARTESIAN_POINT('',(-0.003,-0.00519615242270663,0.0266106317181956));
#3621=CARTESIAN_POINT('',(-1.86704126252043E-17,-0.00692820323027551,0.0267772983848623));
#3622=CARTESIAN_POINT('',(0.003,-0.00519615242270664,0.0269439650515289));
#3623=CARTESIAN_POINT('',(0.00599999999999998,-0.00346410161513775,0.0271106317181956));
#3624=CARTESIAN_POINT('',(0.006,-5.12463658493203E-18,0.0272772983848622));
#3625=CARTESIAN_POINT('',(0.00600000000000001,0.00346410161513775,0.0274439650515289));
#3626=CARTESIAN_POINT('',(0.003,0.00519615242270663,0.0276106317181956));
#3627=CARTESIAN_POINT('',(1.95188728161842E-17,0.00692820323027551,0.0277772983848622));
#3628=CARTESIAN_POINT('',(-0.003,0.00519615242270664,0.0279439650515289));
#3629=CARTESIAN_POINT('',(-0.00599999999999998,0.00346410161513775,0.0281106317181956));
#3630=CARTESIAN_POINT('',(-0.006,2.8683042839174E-17,0.0282772983848622));
#3631=CARTESIAN_POINT('',(-0.00600000000000001,-0.00346410161513775,0.0284439650515289));
#3632=CARTESIAN_POINT('',(-0.003,-0.00519615242270663,0.0286106317181956));
#3633=CARTESIAN_POINT('',(-2.03673330071641E-17,-0.00692820323027551,0.0287772983848622));
#3634=CARTESIAN_POINT('',(0.003,-0.00519615242270664,0.0289439650515289));
#3635=CARTESIAN_POINT('',(0.00599999999999998,-0.00346410161513775,0.0291106317181956));
#3636=CARTESIAN_POINT('',(0.006,-2.79104948167119E-17,0.0292772983848622));
#3637=CARTESIAN_POINT('',(0.00600000000000001,0.00346410161513775,0.0294439650515289));
#3638=CARTESIAN_POINT('',(0.003,0.00519615242270663,0.0296106317181956));
#3639=CARTESIAN_POINT('',(4.58297155838536E-17,0.00692820323027551,0.0297772983848623));
#3640=CARTESIAN_POINT('',(-0.003,0.00519615242270665,0.0299439650515289));
#3641=CARTESIAN_POINT('',(-0.006,0.00346410161513775,0.0301106317181956));
#3642=CARTESIAN_POINT('',(-0.006,3.01526189981508E-17,0.0302772983848623));
#3643=CARTESIAN_POINT('',(-0.00600000000000001,-0.00346410161513775,0.0304439650515289));
#3644=CARTESIAN_POINT('',(-0.00300000000000004,-0.00519615242270661,0.0306106317181956));
#3645=CARTESIAN_POINT('',(-2.2064253389124E-17,-0.00692820323027551,0.0307772983848623));
#3646=CARTESIAN_POINT('',(0.00299999999999996,-0.00519615242270665,0.0309439650515289));
#3647=CARTESIAN_POINT('',(0.00599999999999998,-0.00346410161513775,0.0311106317181956));
#3648=CARTESIAN_POINT('',(0.006,-8.06378890288568E-18,0.0312772983848622));
#3649=CARTESIAN_POINT('',(0.00600000000000002,0.00346410161513775,0.0314439650515289));
#3650=CARTESIAN_POINT('',(0.003,0.00519615242270663,0.0316106317181956));
#3651=CARTESIAN_POINT('',(4.75266359658135E-17,0.00692820323027551,0.0317772983848622));
#3652=CARTESIAN_POINT('',(-0.003,0.00519615242270665,0.0319439650515289));
#3653=CARTESIAN_POINT('',(-0.006,0.00346410161513775,0.0321106317181956));
#3654=CARTESIAN_POINT('',(-0.006,3.16221951571276E-17,0.0322772983848622));
#3655=CARTESIAN_POINT('',(-0.00600000000000001,-0.00346410161513775,0.0324439650515289));
#3656=CARTESIAN_POINT('',(-0.00300000000000004,-0.00519615242270661,0.0326106317181956));
#3657=CARTESIAN_POINT('',(-2.37611737710838E-17,-0.00692820323027551,0.0327772983848622));
#3658=CARTESIAN_POINT('',(0.00299999999999996,-0.00519615242270666,0.0329439650515289));
#3659=CARTESIAN_POINT('',(0.00599999999999998,-0.00346410161513775,0.0331106317181955));
#3660=CARTESIAN_POINT('',(0.006,-9.5333650618625E-18,0.0332772983848623));
#3661=CARTESIAN_POINT('',(0.006,7.53668050975267E-19,0.018));
#3662=CARTESIAN_POINT('',(0.006,0.00346410161513775,0.0181666666666667));
#3663=CARTESIAN_POINT('',(0.003,0.00519615242270663,0.0183333333333334));
#3664=CARTESIAN_POINT('',(4.24230095489963E-19,0.00692820323027551,0.0185));
#3665=CARTESIAN_POINT('',(-0.003,0.00519615242270663,0.0186666666666667));
#3666=CARTESIAN_POINT('',(-0.006,0.00346410161513775,0.0188333333333334));
#3667=CARTESIAN_POINT('',(-0.006,1.48845613046368E-18,0.019));
#3668=CARTESIAN_POINT('',(-0.006,-0.00346410161513775,0.0191666666666667));
#3669=CARTESIAN_POINT('',(-0.003,-0.00519615242270663,0.0193333333333334));
#3670=CARTESIAN_POINT('',(-1.27269028646989E-18,-0.00692820323027551,0.0195));
#3671=CARTESIAN_POINT('',(0.003,-0.00519615242270663,0.0196666666666666));
#3672=CARTESIAN_POINT('',(0.006,-0.00346410161513775,0.0198333333333333));
#3673=CARTESIAN_POINT('',(0.006,-7.15908108001557E-19,0.02));
#3674=CARTESIAN_POINT('',(0.00600000000000001,0.00346410161513775,0.0201666666666667));
#3675=CARTESIAN_POINT('',(0.003,0.00519615242270663,0.0203333333333334));
#3676=CARTESIAN_POINT('',(8.27463107387721E-18,0.00692820323027551,0.0205));
#3677=CARTESIAN_POINT('',(-0.003,0.00519615242270664,0.0206666666666666));
#3678=CARTESIAN_POINT('',(-0.006,0.00346410161513775,0.0208333333333333));
#3679=CARTESIAN_POINT('',(-0.006,2.9580322894405E-18,0.021));
#3680=CARTESIAN_POINT('',(-0.00600000000000001,-0.00346410161513775,0.0211666666666666));
#3681=CARTESIAN_POINT('',(-0.003,-0.00519615242270663,0.0213333333333333));
#3682=CARTESIAN_POINT('',(-2.96961066842974E-18,-0.00692820323027551,0.0215));
#3683=CARTESIAN_POINT('',(0.003,-0.00519615242270664,0.0216666666666667));
#3684=CARTESIAN_POINT('',(0.006,-0.00346410161513775,0.0218333333333333));
#3685=CARTESIAN_POINT('',(0.006,-2.18548426697838E-18,0.022));
#3686=CARTESIAN_POINT('',(0.00600000000000001,0.00346410161513775,0.0221666666666667));
#3687=CARTESIAN_POINT('',(0.003,0.00519615242270663,0.0223333333333334));
#3688=CARTESIAN_POINT('',(1.61250320522645E-17,0.00692820323027551,0.0225));
#3689=CARTESIAN_POINT('',(-0.003,0.00519615242270664,0.0226666666666667));
#3690=CARTESIAN_POINT('',(-0.006,0.00346410161513775,0.0228333333333333));
#3691=CARTESIAN_POINT('',(-0.006,1.50857494848188E-17,0.023));
#3692=CARTESIAN_POINT('',(-0.00600000000000001,-0.00346410161513775,0.0231666666666667));
#3693=CARTESIAN_POINT('',(-0.003,-0.00519615242270663,0.0233333333333333));
#3694=CARTESIAN_POINT('',(-1.69734922432444E-17,-0.00692820323027551,0.0235));
#3695=CARTESIAN_POINT('',(0.003,-0.00519615242270664,0.0236666666666667));
#3696=CARTESIAN_POINT('',(0.00599999999999998,-0.00346410161513775,0.0238333333333333));
#3697=CARTESIAN_POINT('',(0.006,-3.65506042595521E-18,0.024));
#3698=CARTESIAN_POINT('',(0.00600000000000001,0.00346410161513775,0.0241666666666667));
#3699=CARTESIAN_POINT('',(0.003,0.00519615242270663,0.0243333333333333));
#3700=CARTESIAN_POINT('',(1.78219524342243E-17,0.00692820323027551,0.0245));
#3701=CARTESIAN_POINT('',(-0.003,0.00519615242270664,0.0246666666666667));
#3702=CARTESIAN_POINT('',(-0.00599999999999998,0.00346410161513775,0.0248333333333333));
#3703=CARTESIAN_POINT('',(-0.006,5.89718460739415E-18,0.025));
#3704=CARTESIAN_POINT('',(-0.00600000000000001,-0.00346410161513775,0.0251666666666666));
#3705=CARTESIAN_POINT('',(-0.003,-0.00519615242270663,0.0253333333333334));
#3706=CARTESIAN_POINT('',(-1.86704126252043E-17,-0.00692820323027551,0.0255));
#3707=CARTESIAN_POINT('',(0.003,-0.00519615242270664,0.0256666666666667));
#3708=CARTESIAN_POINT('',(0.00599999999999998,-0.00346410161513775,0.0258333333333333));
#3709=CARTESIAN_POINT('',(0.006,-5.12463658493203E-18,0.026));
#3710=CARTESIAN_POINT('',(0.00600000000000001,0.00346410161513775,0.0261666666666666));
#3711=CARTESIAN_POINT('',(0.003,0.00519615242270663,0.0263333333333334));
#3712=CARTESIAN_POINT('',(1.95188728161842E-17,0.00692820323027551,0.0265));
#3713=CARTESIAN_POINT('',(-0.003,0.00519615242270664,0.0266666666666667));
#3714=CARTESIAN_POINT('',(-0.00599999999999998,0.00346410161513775,0.0268333333333333));
#3715=CARTESIAN_POINT('',(-0.006,2.8683042839174E-17,0.027));
#3716=CARTESIAN_POINT('',(-0.00600000000000001,-0.00346410161513775,0.0271666666666667));
#3717=CARTESIAN_POINT('',(-0.003,-0.00519615242270663,0.0273333333333333));
#3718=CARTESIAN_POINT('',(-2.03673330071641E-17,-0.00692820323027551,0.0275));
#3719=CARTESIAN_POINT('',(0.003,-0.00519615242270664,0.0276666666666667));
#3720=CARTESIAN_POINT('',(0.00599999999999998,-0.00346410161513775,0.0278333333333334));
#3721=CARTESIAN_POINT('',(0.006,-2.79104948167119E-17,0.028));
#3722=CARTESIAN_POINT('',(0.00600000000000001,0.00346410161513775,0.0281666666666667));
#3723=CARTESIAN_POINT('',(0.003,0.00519615242270663,0.0283333333333333));
#3724=CARTESIAN_POINT('',(4.58297155838536E-17,0.00692820323027551,0.0285));
#3725=CARTESIAN_POINT('',(-0.003,0.00519615242270665,0.0286666666666667));
#3726=CARTESIAN_POINT('',(-0.006,0.00346410161513775,0.0288333333333333));
#3727=CARTESIAN_POINT('',(-0.006,3.01526189981508E-17,0.029));
#3728=CARTESIAN_POINT('',(-0.00600000000000001,-0.00346410161513775,0.0291666666666667));
#3729=CARTESIAN_POINT('',(-0.00300000000000004,-0.00519615242270661,0.0293333333333334));
#3730=CARTESIAN_POINT('',(-2.2064253389124E-17,-0.00692820323027551,0.0295));
#3731=CARTESIAN_POINT('',(0.00299999999999996,-0.00519615242270665,0.0296666666666667));
#3732=CARTESIAN_POINT('',(0.00599999999999998,-0.00346410161513775,0.0298333333333333));
#3733=CARTESIAN_POINT('',(0.006,-8.06378890288568E-18,0.03));
#3734=CARTESIAN_POINT('',(0.00600000000000002,0.00346410161513775,0.0301666666666666));
#3735=CARTESIAN_POINT('',(0.003,0.00519615242270663,0.0303333333333334));
#3736=CARTESIAN_POINT('',(4.75266359658135E-17,0.00692820323027551,0.0305));
#3737=CARTESIAN_POINT('',(-0.003,0.00519615242270665,0.0306666666666667));
#3738=CARTESIAN_POINT('',(-0.006,0.00346410161513775,0.0308333333333333));
#3739=CARTESIAN_POINT('',(-0.006,3.16221951571276E-17,0.031));
#3740=CARTESIAN_POINT('',(-0.00600000000000001,-0.00346410161513775,0.0311666666666667));
#3741=CARTESIAN_POINT('',(-0.00300000000000004,-0.00519615242270661,0.0313333333333334));
#3742=CARTESIAN_POINT('',(-2.37611737710838E-17,-0.00692820323027551,0.0315));
#3743=CARTESIAN_POINT('',(0.00299999999999996,-0.00519615242270666,0.0316666666666666));
#3744=CARTESIAN_POINT('',(0.00599999999999998,-0.00346410161513775,0.0318333333333333));
#3745=CARTESIAN_POINT('',(0.006,-9.5333650618625E-18,0.032));
#3746=CARTESIAN_POINT('',(0.006,7.53668050975267E-19,0.0292729621751714));
#3747=CARTESIAN_POINT('',(0.006,7.53668050975267E-19,0.03));
#3748=CARTESIAN_POINT('',(0.006,0.00509940841932655,0.0292729621751714));
#3749=CARTESIAN_POINT('',(0.006,0.00509940841932655,0.03));
#3750=CARTESIAN_POINT('',(0.00122395459992772,0.00908472018043114,0.0292729621751714));
#3751=CARTESIAN_POINT('',(0.00122395459992772,0.00908472018043114,0.03));
#3752=CARTESIAN_POINT('',(-0.00397120490541519,0.00449772515825571,0.0292729621751714));
#3753=CARTESIAN_POINT('',(-0.00397120490541519,0.00449772515825571,0.03));
#3754=CARTESIAN_POINT('',(0.006,7.53668050975267E-19,0.0192772983848622));
#3755=CARTESIAN_POINT('',(0.006,0.00346410161513775,0.0194439650515289));
#3756=CARTESIAN_POINT('',(0.003,0.00519615242270663,0.0196106317181956));
#3757=CARTESIAN_POINT('',(4.24230095489963E-19,0.00692820323027551,0.0197772983848622));
#3758=CARTESIAN_POINT('',(-0.003,0.00519615242270663,0.0199439650515289));
#3759=CARTESIAN_POINT('',(-0.006,0.00346410161513775,0.0201106317181956));
#3760=CARTESIAN_POINT('',(-0.006,1.48845613046368E-18,0.0202772983848622));
#3761=CARTESIAN_POINT('',(-0.006,-0.00346410161513775,0.0204439650515289));
#3762=CARTESIAN_POINT('',(-0.003,-0.00519615242270663,0.0206106317181956));
#3763=CARTESIAN_POINT('',(-1.27269028646989E-18,-0.00692820323027551,0.0207772983848622));
#3764=CARTESIAN_POINT('',(0.003,-0.00519615242270663,0.0209439650515289));
#3765=CARTESIAN_POINT('',(0.006,-0.00346410161513775,0.0211106317181956));
#3766=CARTESIAN_POINT('',(0.006,-7.15908108001557E-19,0.0212772983848622));
#3767=CARTESIAN_POINT('',(0.00600000000000001,0.00346410161513775,0.0214439650515289));
#3768=CARTESIAN_POINT('',(0.003,0.00519615242270663,0.0216106317181956));
#3769=CARTESIAN_POINT('',(8.27463107387721E-18,0.00692820323027551,0.0217772983848623));
#3770=CARTESIAN_POINT('',(-0.003,0.00519615242270664,0.0219439650515289));
#3771=CARTESIAN_POINT('',(-0.006,0.00346410161513775,0.0221106317181956));
#3772=CARTESIAN_POINT('',(-0.006,2.9580322894405E-18,0.0222772983848623));
#3773=CARTESIAN_POINT('',(-0.00600000000000001,-0.00346410161513775,0.0224439650515289));
#3774=CARTESIAN_POINT('',(-0.003,-0.00519615242270663,0.0226106317181956));
#3775=CARTESIAN_POINT('',(-2.96961066842974E-18,-0.00692820323027551,0.0227772983848622));
#3776=CARTESIAN_POINT('',(0.003,-0.00519615242270664,0.0229439650515289));
#3777=CARTESIAN_POINT('',(0.006,-0.00346410161513775,0.0231106317181956));
#3778=CARTESIAN_POINT('',(0.006,-2.18548426697838E-18,0.0232772983848622));
#3779=CARTESIAN_POINT('',(0.00600000000000001,0.00346410161513775,0.0234439650515289));
#3780=CARTESIAN_POINT('',(0.003,0.00519615242270663,0.0236106317181956));
#3781=CARTESIAN_POINT('',(1.61250320522645E-17,0.00692820323027551,0.0237772983848622));
#3782=CARTESIAN_POINT('',(-0.003,0.00519615242270664,0.0239439650515289));
#3783=CARTESIAN_POINT('',(-0.006,0.00346410161513775,0.0241106317181955));
#3784=CARTESIAN_POINT('',(-0.006,1.50857494848188E-17,0.0242772983848622));
#3785=CARTESIAN_POINT('',(-0.00600000000000001,-0.00346410161513775,0.0244439650515289));
#3786=CARTESIAN_POINT('',(-0.003,-0.00519615242270663,0.0246106317181956));
#3787=CARTESIAN_POINT('',(-1.69734922432444E-17,-0.00692820323027551,0.0247772983848622));
#3788=CARTESIAN_POINT('',(0.003,-0.00519615242270664,0.0249439650515289));
#3789=CARTESIAN_POINT('',(0.00599999999999998,-0.00346410161513775,0.0251106317181956));
#3790=CARTESIAN_POINT('',(0.006,-3.65506042595521E-18,0.0252772983848622));
#3791=CARTESIAN_POINT('',(0.00600000000000001,0.00346410161513775,0.0254439650515289));
#3792=CARTESIAN_POINT('',(0.003,0.00519615242270663,0.0256106317181956));
#3793=CARTESIAN_POINT('',(1.78219524342243E-17,0.00692820323027551,0.0257772983848623));
#3794=CARTESIAN_POINT('',(-0.003,0.00519615242270664,0.0259439650515289));
#3795=CARTESIAN_POINT('',(-0.00599999999999998,0.00346410161513775,0.0261106317181956));
#3796=CARTESIAN_POINT('',(-0.006,5.89718460739415E-18,0.0262772983848623));
#3797=CARTESIAN_POINT('',(-0.00600000000000001,-0.00346410161513775,0.0264439650515289));
#3798=CARTESIAN_POINT('',(-0.003,-0.00519615242270663,0.0266106317181956));
#3799=CARTESIAN_POINT('',(-1.86704126252043E-17,-0.00692820323027551,0.0267772983848623));
#3800=CARTESIAN_POINT('',(0.003,-0.00519615242270664,0.0269439650515289));
#3801=CARTESIAN_POINT('',(0.00599999999999998,-0.00346410161513775,0.0271106317181956));
#3802=CARTESIAN_POINT('',(0.006,-5.12463658493203E-18,0.0272772983848622));
#3803=CARTESIAN_POINT('',(0.00600000000000001,0.00346410161513775,0.0274439650515289));
#3804=CARTESIAN_POINT('',(0.003,0.00519615242270663,0.0276106317181956));
#3805=CARTESIAN_POINT('',(1.95188728161842E-17,0.00692820323027551,0.0277772983848622));
#3806=CARTESIAN_POINT('',(-0.003,0.00519615242270664,0.0279439650515289));
#3807=CARTESIAN_POINT('',(-0.00599999999999998,0.00346410161513775,0.0281106317181956));
#3808=CARTESIAN_POINT('',(-0.006,2.8683042839174E-17,0.0282772983848622));
#3809=CARTESIAN_POINT('',(-0.00600000000000001,-0.00346410161513775,0.0284439650515289));
#3810=CARTESIAN_POINT('',(-0.003,-0.00519615242270663,0.0286106317181956));
#3811=CARTESIAN_POINT('',(-2.03673330071641E-17,-0.00692820323027551,0.0287772983848622));
#3812=CARTESIAN_POINT('',(0.003,-0.00519615242270664,0.0289439650515289));
#3813=CARTESIAN_POINT('',(0.00599999999999998,-0.00346410161513775,0.0291106317181956));
#3814=CARTESIAN_POINT('',(0.006,-2.79104948167119E-17,0.0292772983848622));
#3815=CARTESIAN_POINT('',(0.00600000000000001,0.00346410161513775,0.0294439650515289));
#3816=CARTESIAN_POINT('',(0.003,0.00519615242270663,0.0296106317181956));
#3817=CARTESIAN_POINT('',(4.58297155838536E-17,0.00692820323027551,0.0297772983848623));
#3818=CARTESIAN_POINT('',(-0.003,0.00519615242270665,0.0299439650515289));
#3819=CARTESIAN_POINT('',(-0.006,0.00346410161513775,0.0301106317181956));
#3820=CARTESIAN_POINT('',(-0.006,3.01526189981508E-17,0.0302772983848623));
#3821=CARTESIAN_POINT('',(-0.00600000000000001,-0.00346410161513775,0.0304439650515289));
#3822=CARTESIAN_POINT('',(-0.00300000000000004,-0.00519615242270661,0.0306106317181956));
#3823=CARTESIAN_POINT('',(-2.2064253389124E-17,-0.00692820323027551,0.0307772983848623));
#3824=CARTESIAN_POINT('',(0.00299999999999996,-0.00519615242270665,0.0309439650515289));
#3825=CARTESIAN_POINT('',(0.00599999999999998,-0.00346410161513775,0.0311106317181956));
#3826=CARTESIAN_POINT('',(0.006,-8.06378890288568E-18,0.0312772983848622));
#3827=CARTESIAN_POINT('',(0.00600000000000002,0.00346410161513775,0.0314439650515289));
#3828=CARTESIAN_POINT('',(0.003,0.00519615242270663,0.0316106317181956));
#3829=CARTESIAN_POINT('',(4.75266359658135E-17,0.00692820323027551,0.0317772983848622));
#3830=CARTESIAN_POINT('',(-0.003,0.00519615242270665,0.0319439650515289));
#3831=CARTESIAN_POINT('',(-0.006,0.00346410161513775,0.0321106317181956));
#3832=CARTESIAN_POINT('',(-0.006,3.16221951571276E-17,0.0322772983848622));
#3833=CARTESIAN_POINT('',(-0.00600000000000001,-0.00346410161513775,0.0324439650515289));
#3834=CARTESIAN_POINT('',(-0.00300000000000004,-0.00519615242270661,0.0326106317181956));
#3835=CARTESIAN_POINT('',(-2.37611737710838E-17,-0.00692820323027551,0.0327772983848622));
#3836=CARTESIAN_POINT('',(0.00299999999999996,-0.00519615242270666,0.0329439650515289));
#3837=CARTESIAN_POINT('',(0.00599999999999998,-0.00346410161513775,0.0331106317181955));
#3838=CARTESIAN_POINT('',(0.006,-9.5333650618625E-18,0.0332772983848623));
#3839=CARTESIAN_POINT('',(-0.00390592971613404,0.00455452665516638,0.03));
#3840=CARTESIAN_POINT('',(0.,7.53668050975267E-19,0.03));
#3841=CARTESIAN_POINT('',(-0.007,1.61092081037841E-18,0.0192575007924311));
#3842=CARTESIAN_POINT('',(-0.007,1.61092081037841E-18,0.0210197975924311));
#3843=CARTESIAN_POINT('',(-0.007,-0.014,0.0192575007924311));
#3844=CARTESIAN_POINT('',(-0.007,-0.014,0.0210197975924311));
#3845=CARTESIAN_POINT('',(0.007,-0.014,0.0192575007924311));
#3846=CARTESIAN_POINT('',(0.007,-0.014,0.0210197975924311));
#3847=CARTESIAN_POINT('',(0.007,7.53668050975267E-19,0.0192575007924311));
#3848=CARTESIAN_POINT('',(0.007,7.53668050975267E-19,0.0210197975924311));
#3849=CARTESIAN_POINT('',(0.007,7.53668050975267E-19,0.0182679491924311));
#3850=CARTESIAN_POINT('',(0.007,0.00404145188432738,0.0184346158590978));
#3851=CARTESIAN_POINT('',(0.0035,0.00606217782649107,0.0186012825257645));
#3852=CARTESIAN_POINT('',(4.94935111404956E-19,0.00808290376865476,0.0187679491924311));
#3853=CARTESIAN_POINT('',(-0.0035,0.00606217782649107,0.0189346158590978));
#3854=CARTESIAN_POINT('',(-0.007,0.00404145188432738,0.0191012825257644));
#3855=CARTESIAN_POINT('',(-0.007,1.61092081037842E-18,0.0192679491924311));
#3856=CARTESIAN_POINT('',(-0.007,-0.00404145188432738,0.0194346158590978));
#3857=CARTESIAN_POINT('',(-0.0035,-0.00606217782649107,0.0196012825257645));
#3858=CARTESIAN_POINT('',(-1.48480533421487E-18,-0.00808290376865476,0.0197679491924311));
#3859=CARTESIAN_POINT('',(0.0035,-0.00606217782649107,0.0199346158590978));
#3860=CARTESIAN_POINT('',(0.007,-0.00404145188432738,0.0201012825257645));
#3861=CARTESIAN_POINT('',(0.007,-9.60837467831028E-19,0.0202679491924311));
#3862=CARTESIAN_POINT('',(0.00700000000000001,0.00404145188432738,0.0204346158590978));
#3863=CARTESIAN_POINT('',(0.0035,0.00606217782649107,0.0206012825257645));
#3864=CARTESIAN_POINT('',(9.65373625285676E-18,0.00808290376865476,0.0207679491924311));
#3865=CARTESIAN_POINT('',(-0.0035,0.00606217782649108,0.0209346158590978));
#3866=CARTESIAN_POINT('',(-0.007,0.00404145188432738,0.0211012825257645));
#3867=CARTESIAN_POINT('',(-0.007,3.32542632918471E-18,0.0212679491924311));
#3868=CARTESIAN_POINT('',(-0.00700000000000001,-0.00404145188432738,0.0214346158590978));
#3869=CARTESIAN_POINT('',(-0.0035,-0.00606217782649107,0.0216012825257644));
#3870=CARTESIAN_POINT('',(-3.46454577983469E-18,-0.00808290376865476,0.0217679491924311));
#3871=CARTESIAN_POINT('',(0.0035,-0.00606217782649107,0.0219346158590978));
#3872=CARTESIAN_POINT('',(0.007,-0.00404145188432738,0.0221012825257644));
#3873=CARTESIAN_POINT('',(0.007,-2.67534298663732E-18,0.0222679491924311));
#3874=CARTESIAN_POINT('',(0.00700000000000001,0.00404145188432738,0.0224346158590978));
#3875=CARTESIAN_POINT('',(0.0035,0.00606217782649107,0.0226012825257644));
#3876=CARTESIAN_POINT('',(1.88125373943085E-17,0.00808290376865476,0.0227679491924311));
#3877=CARTESIAN_POINT('',(-0.0035,0.00606217782649108,0.0229346158590978));
#3878=CARTESIAN_POINT('',(-0.007,0.00404145188432738,0.0231012825257644));
#3879=CARTESIAN_POINT('',(-0.007,1.74744297237927E-17,0.0232679491924312));
#3880=CARTESIAN_POINT('',(-0.00700000000000001,-0.00404145188432738,0.0234346158590978));
#3881=CARTESIAN_POINT('',(-0.0035,-0.00606217782649106,0.0236012825257645));
#3882=CARTESIAN_POINT('',(-1.98024076171184E-17,-0.00808290376865476,0.0237679491924311));
#3883=CARTESIAN_POINT('',(0.0035,-0.00606217782649108,0.0239346158590978));
#3884=CARTESIAN_POINT('',(0.00699999999999999,-0.00404145188432738,0.0241012825257645));
#3885=CARTESIAN_POINT('',(0.007,-4.38984850544361E-18,0.0242679491924311));
#3886=CARTESIAN_POINT('',(0.00700000000000001,0.00404145188432738,0.0244346158590978));
#3887=CARTESIAN_POINT('',(0.0035,0.00606217782649107,0.0246012825257644));
#3888=CARTESIAN_POINT('',(2.07922778399284E-17,0.00808290376865476,0.0247679491924311));
#3889=CARTESIAN_POINT('',(-0.0035,0.00606217782649108,0.0249346158590978));
#3890=CARTESIAN_POINT('',(-0.00699999999999999,0.00404145188432738,0.0251012825257645));
#3891=CARTESIAN_POINT('',(-0.007,6.7544373667973E-18,0.0252679491924311));
#3892=CARTESIAN_POINT('',(-0.00700000000000001,-0.00404145188432738,0.0254346158590978));
#3893=CARTESIAN_POINT('',(-0.0035,-0.00606217782649106,0.0256012825257644));
#3894=CARTESIAN_POINT('',(-2.17821480627383E-17,-0.00808290376865476,0.0257679491924311));
#3895=CARTESIAN_POINT('',(0.0035,-0.00606217782649108,0.0259346158590978));
#3896=CARTESIAN_POINT('',(0.00699999999999999,-0.00404145188432738,0.0261012825257645));
#3897=CARTESIAN_POINT('',(0.007,-6.10435402424991E-18,0.0262679491924311));
#3898=CARTESIAN_POINT('',(0.00700000000000001,0.00404145188432738,0.0264346158590978));
#3899=CARTESIAN_POINT('',(0.0035,0.00606217782649107,0.0266012825257644));
#3900=CARTESIAN_POINT('',(2.27720182855482E-17,0.00808290376865476,0.0267679491924311));
#3901=CARTESIAN_POINT('',(-0.0035,0.00606217782649108,0.0269346158590978));
#3902=CARTESIAN_POINT('',(-0.00699999999999999,0.00404145188432738,0.0271012825257644));
#3903=CARTESIAN_POINT('',(-0.007,3.33379386372071E-17,0.0272679491924311));
#3904=CARTESIAN_POINT('',(-0.00700000000000001,-0.00404145188432738,0.0274346158590978));
#3905=CARTESIAN_POINT('',(-0.0035,-0.00606217782649106,0.0276012825257645));
#3906=CARTESIAN_POINT('',(-2.37618885083581E-17,-0.00808290376865476,0.0277679491924311));
#3907=CARTESIAN_POINT('',(0.0035,-0.00606217782649108,0.0279346158590978));
#3908=CARTESIAN_POINT('',(0.00699999999999999,-0.00404145188432738,0.0281012825257644));
#3909=CARTESIAN_POINT('',(0.007,-3.26878552946597E-17,0.0282679491924311));
#3910=CARTESIAN_POINT('',(0.00700000000000001,0.00404145188432738,0.0284346158590978));
#3911=CARTESIAN_POINT('',(0.0035,0.00606217782649106,0.0286012825257644));
#3912=CARTESIAN_POINT('',(5.34680015144959E-17,0.00808290376865476,0.0287679491924311));
#3913=CARTESIAN_POINT('',(-0.0035,0.00606217782649109,0.0289346158590978));
#3914=CARTESIAN_POINT('',(-0.007,0.00404145188432738,0.0291012825257645));
#3915=CARTESIAN_POINT('',(-0.007,3.50524441560134E-17,0.0292679491924311));
#3916=CARTESIAN_POINT('',(-0.00700000000000001,-0.00404145188432738,0.0294346158590978));
#3917=CARTESIAN_POINT('',(-0.0035,-0.00606217782649105,0.0296012825257644));
#3918=CARTESIAN_POINT('',(-2.57416289539779E-17,-0.00808290376865476,0.0297679491924311));
#3919=CARTESIAN_POINT('',(0.00349999999999995,-0.0060621778264911,0.0299346158590978));
#3920=CARTESIAN_POINT('',(0.00699999999999999,-0.00404145188432738,0.0301012825257645));
#3921=CARTESIAN_POINT('',(0.007,-9.5333650618625E-18,0.0302679491924311));
#3922=CARTESIAN_POINT('',(0.00700000000000002,0.00404145188432734,0.0304346158590978));
#3923=CARTESIAN_POINT('',(0.0035,0.00606217782649106,0.0306012825257644));
#3924=CARTESIAN_POINT('',(5.54477419601157E-17,0.00808290376865476,0.0307679491924311));
#3925=CARTESIAN_POINT('',(-0.0035,0.00606217782649109,0.0309346158590978));
#3926=CARTESIAN_POINT('',(-0.007,0.00404145188432738,0.0311012825257644));
#3927=CARTESIAN_POINT('',(-0.007,3.67669496748197E-17,0.0312679491924312));
#3928=CARTESIAN_POINT('',(-0.00700000000000001,-0.00404145188432738,0.0314346158590978));
#3929=CARTESIAN_POINT('',(-0.0035,-0.00606217782649105,0.0316012825257645));
#3930=CARTESIAN_POINT('',(-2.77213693995978E-17,-0.00808290376865476,0.0317679491924311));
#3931=CARTESIAN_POINT('',(0.00349999999999995,-0.0060621778264911,0.0319346158590978));
#3932=CARTESIAN_POINT('',(0.00699999999999999,-0.00404145188432738,0.0321012825257644));
#3933=CARTESIAN_POINT('',(0.007,-1.12478705806688E-17,0.0322679491924312));
#3934=CARTESIAN_POINT('',(-0.007,1.61092081037842E-18,0.0192679491924311));
#3935=CARTESIAN_POINT('',(0.007,-9.60837467831028E-19,0.0202679491924311));
#3936=CARTESIAN_POINT('',(-0.007,1.61092081037841E-18,0.017607434731965));
#3937=CARTESIAN_POINT('',(-0.007,1.61092081037841E-18,0.0305901221556207));
#3938=CARTESIAN_POINT('',(-0.007,1.61092081037842E-18,0.0200093491924311));
#3939=CARTESIAN_POINT('',(0.007,7.53668050975267E-19,0.0190093491924311));
#3940=CARTESIAN_POINT('',(0.007,0.00404145188432738,0.0191760158590978));
#3941=CARTESIAN_POINT('',(0.0035,0.00606217782649107,0.0193426825257645));
#3942=CARTESIAN_POINT('',(4.94935111404956E-19,0.00808290376865476,0.0195093491924311));
#3943=CARTESIAN_POINT('',(-0.0035,0.00606217782649107,0.0196760158590978));
#3944=CARTESIAN_POINT('',(-0.007,0.00404145188432738,0.0198426825257645));
#3945=CARTESIAN_POINT('',(-0.007,1.61092081037842E-18,0.0200093491924311));
#3946=CARTESIAN_POINT('',(-0.007,-0.00404145188432738,0.0201760158590978));
#3947=CARTESIAN_POINT('',(-0.0035,-0.00606217782649107,0.0203426825257645));
#3948=CARTESIAN_POINT('',(-1.48480533421487E-18,-0.00808290376865476,0.0205093491924311));
#3949=CARTESIAN_POINT('',(0.0035,-0.00606217782649107,0.0206760158590978));
#3950=CARTESIAN_POINT('',(0.007,-0.00404145188432738,0.0208426825257645));
#3951=CARTESIAN_POINT('',(0.007,-9.60837467831028E-19,0.0210093491924311));
#3952=CARTESIAN_POINT('',(0.00700000000000001,0.00404145188432738,0.0211760158590978));
#3953=CARTESIAN_POINT('',(0.0035,0.00606217782649107,0.0213426825257645));
#3954=CARTESIAN_POINT('',(9.65373625285676E-18,0.00808290376865476,0.0215093491924311));
#3955=CARTESIAN_POINT('',(-0.0035,0.00606217782649108,0.0216760158590978));
#3956=CARTESIAN_POINT('',(-0.007,0.00404145188432738,0.0218426825257644));
#3957=CARTESIAN_POINT('',(-0.007,3.32542632918471E-18,0.0220093491924311));
#3958=CARTESIAN_POINT('',(-0.00700000000000001,-0.00404145188432738,0.0221760158590978));
#3959=CARTESIAN_POINT('',(-0.0035,-0.00606217782649107,0.0223426825257644));
#3960=CARTESIAN_POINT('',(-3.46454577983469E-18,-0.00808290376865476,0.0225093491924311));
#3961=CARTESIAN_POINT('',(0.0035,-0.00606217782649107,0.0226760158590978));
#3962=CARTESIAN_POINT('',(0.007,-0.00404145188432738,0.0228426825257644));
#3963=CARTESIAN_POINT('',(0.007,-2.67534298663732E-18,0.0230093491924311));
#3964=CARTESIAN_POINT('',(0.00700000000000001,0.00404145188432738,0.0231760158590978));
#3965=CARTESIAN_POINT('',(0.0035,0.00606217782649107,0.0233426825257644));
#3966=CARTESIAN_POINT('',(1.88125373943085E-17,0.00808290376865476,0.0235093491924311));
#3967=CARTESIAN_POINT('',(-0.0035,0.00606217782649108,0.0236760158590978));
#3968=CARTESIAN_POINT('',(-0.007,0.00404145188432738,0.0238426825257645));
#3969=CARTESIAN_POINT('',(-0.007,1.74744297237927E-17,0.0240093491924311));
#3970=CARTESIAN_POINT('',(-0.00700000000000001,-0.00404145188432738,0.0241760158590978));
#3971=CARTESIAN_POINT('',(-0.0035,-0.00606217782649106,0.0243426825257645));
#3972=CARTESIAN_POINT('',(-1.98024076171184E-17,-0.00808290376865476,0.0245093491924311));
#3973=CARTESIAN_POINT('',(0.0035,-0.00606217782649108,0.0246760158590978));
#3974=CARTESIAN_POINT('',(0.00699999999999999,-0.00404145188432738,0.0248426825257645));
#3975=CARTESIAN_POINT('',(0.007,-4.38984850544361E-18,0.0250093491924311));
#3976=CARTESIAN_POINT('',(0.00700000000000001,0.00404145188432738,0.0251760158590978));
#3977=CARTESIAN_POINT('',(0.0035,0.00606217782649107,0.0253426825257645));
#3978=CARTESIAN_POINT('',(2.07922778399284E-17,0.00808290376865476,0.0255093491924311));
#3979=CARTESIAN_POINT('',(-0.0035,0.00606217782649108,0.0256760158590978));
#3980=CARTESIAN_POINT('',(-0.00699999999999999,0.00404145188432738,0.0258426825257644));
#3981=CARTESIAN_POINT('',(-0.007,6.7544373667973E-18,0.0260093491924311));
#3982=CARTESIAN_POINT('',(-0.00700000000000001,-0.00404145188432738,0.0261760158590978));
#3983=CARTESIAN_POINT('',(-0.0035,-0.00606217782649106,0.0263426825257644));
#3984=CARTESIAN_POINT('',(-2.17821480627383E-17,-0.00808290376865476,0.0265093491924311));
#3985=CARTESIAN_POINT('',(0.0035,-0.00606217782649108,0.0266760158590978));
#3986=CARTESIAN_POINT('',(0.00699999999999999,-0.00404145188432738,0.0268426825257644));
#3987=CARTESIAN_POINT('',(0.007,-6.10435402424991E-18,0.0270093491924311));
#3988=CARTESIAN_POINT('',(0.00700000000000001,0.00404145188432738,0.0271760158590978));
#3989=CARTESIAN_POINT('',(0.0035,0.00606217782649107,0.0273426825257644));
#3990=CARTESIAN_POINT('',(2.27720182855482E-17,0.00808290376865476,0.0275093491924311));
#3991=CARTESIAN_POINT('',(-0.0035,0.00606217782649108,0.0276760158590978));
#3992=CARTESIAN_POINT('',(-0.00699999999999999,0.00404145188432738,0.0278426825257645));
#3993=CARTESIAN_POINT('',(-0.007,3.33379386372071E-17,0.0280093491924311));
#3994=CARTESIAN_POINT('',(-0.00700000000000001,-0.00404145188432738,0.0281760158590978));
#3995=CARTESIAN_POINT('',(-0.0035,-0.00606217782649106,0.0283426825257645));
#3996=CARTESIAN_POINT('',(-2.37618885083581E-17,-0.00808290376865476,0.0285093491924311));
#3997=CARTESIAN_POINT('',(0.0035,-0.00606217782649108,0.0286760158590978));
#3998=CARTESIAN_POINT('',(0.00699999999999999,-0.00404145188432738,0.0288426825257645));
#3999=CARTESIAN_POINT('',(0.007,-3.26878552946597E-17,0.0290093491924312));
#4000=CARTESIAN_POINT('',(0.00700000000000001,0.00404145188432738,0.0291760158590978));
#4001=CARTESIAN_POINT('',(0.0035,0.00606217782649106,0.0293426825257645));
#4002=CARTESIAN_POINT('',(5.34680015144959E-17,0.00808290376865476,0.0295093491924311));
#4003=CARTESIAN_POINT('',(-0.0035,0.00606217782649109,0.0296760158590978));
#4004=CARTESIAN_POINT('',(-0.007,0.00404145188432738,0.0298426825257645));
#4005=CARTESIAN_POINT('',(-0.007,3.50524441560134E-17,0.0300093491924311));
#4006=CARTESIAN_POINT('',(-0.00700000000000001,-0.00404145188432738,0.0301760158590978));
#4007=CARTESIAN_POINT('',(-0.0035,-0.00606217782649105,0.0303426825257644));
#4008=CARTESIAN_POINT('',(-2.57416289539779E-17,-0.00808290376865476,0.0305093491924311));
#4009=CARTESIAN_POINT('',(0.00349999999999995,-0.0060621778264911,0.0306760158590978));
#4010=CARTESIAN_POINT('',(0.00699999999999999,-0.00404145188432738,0.0308426825257644));
#4011=CARTESIAN_POINT('',(0.007,-9.5333650618625E-18,0.0310093491924311));
#4012=CARTESIAN_POINT('',(0.00700000000000002,0.00404145188432734,0.0311760158590978));
#4013=CARTESIAN_POINT('',(0.0035,0.00606217782649106,0.0313426825257645));
#4014=CARTESIAN_POINT('',(5.54477419601157E-17,0.00808290376865476,0.0315093491924311));
#4015=CARTESIAN_POINT('',(-0.0035,0.00606217782649109,0.0316760158590978));
#4016=CARTESIAN_POINT('',(-0.007,0.00404145188432738,0.0318426825257644));
#4017=CARTESIAN_POINT('',(-0.007,3.67669496748197E-17,0.0320093491924311));
#4018=CARTESIAN_POINT('',(-0.00700000000000001,-0.00404145188432738,0.0321760158590978));
#4019=CARTESIAN_POINT('',(-0.0035,-0.00606217782649105,0.0323426825257645));
#4020=CARTESIAN_POINT('',(-2.77213693995978E-17,-0.00808290376865476,0.0325093491924311));
#4021=CARTESIAN_POINT('',(0.00349999999999995,-0.0060621778264911,0.0326760158590978));
#4022=CARTESIAN_POINT('',(0.00699999999999999,-0.00404145188432738,0.0328426825257645));
#4023=CARTESIAN_POINT('',(0.007,-1.12478705806688E-17,0.0330093491924311));
#4024=CARTESIAN_POINT('',(0.007,-9.60837467831028E-19,0.0210093491924311));
#4025=CARTESIAN_POINT('',(0.007,7.53668050975267E-19,0.017607434731965));
#4026=CARTESIAN_POINT('',(0.007,7.53668050975267E-19,0.0305901221556207));
#4027=CARTESIAN_POINT('',(-0.007,1.61092081037841E-18,0.0212575007924311));
#4028=CARTESIAN_POINT('',(-0.007,1.61092081037841E-18,0.0230197975924311));
#4029=CARTESIAN_POINT('',(-0.007,-0.014,0.0212575007924311));
#4030=CARTESIAN_POINT('',(-0.007,-0.014,0.0230197975924311));
#4031=CARTESIAN_POINT('',(0.007,-0.014,0.0212575007924311));
#4032=CARTESIAN_POINT('',(0.007,-0.014,0.0230197975924311));
#4033=CARTESIAN_POINT('',(0.007,7.53668050975267E-19,0.0212575007924311));
#4034=CARTESIAN_POINT('',(0.007,7.53668050975267E-19,0.0230197975924311));
#4035=CARTESIAN_POINT('',(0.007,7.53668050975267E-19,0.0182679491924311));
#4036=CARTESIAN_POINT('',(0.007,0.00404145188432738,0.0184346158590978));
#4037=CARTESIAN_POINT('',(0.0035,0.00606217782649107,0.0186012825257645));
#4038=CARTESIAN_POINT('',(4.94935111404956E-19,0.00808290376865476,0.0187679491924311));
#4039=CARTESIAN_POINT('',(-0.0035,0.00606217782649107,0.0189346158590978));
#4040=CARTESIAN_POINT('',(-0.007,0.00404145188432738,0.0191012825257644));
#4041=CARTESIAN_POINT('',(-0.007,1.61092081037842E-18,0.0192679491924311));
#4042=CARTESIAN_POINT('',(-0.007,-0.00404145188432738,0.0194346158590978));
#4043=CARTESIAN_POINT('',(-0.0035,-0.00606217782649107,0.0196012825257645));
#4044=CARTESIAN_POINT('',(-1.48480533421487E-18,-0.00808290376865476,0.0197679491924311));
#4045=CARTESIAN_POINT('',(0.0035,-0.00606217782649107,0.0199346158590978));
#4046=CARTESIAN_POINT('',(0.007,-0.00404145188432738,0.0201012825257645));
#4047=CARTESIAN_POINT('',(0.007,-9.60837467831028E-19,0.0202679491924311));
#4048=CARTESIAN_POINT('',(0.00700000000000001,0.00404145188432738,0.0204346158590978));
#4049=CARTESIAN_POINT('',(0.0035,0.00606217782649107,0.0206012825257645));
#4050=CARTESIAN_POINT('',(9.65373625285676E-18,0.00808290376865476,0.0207679491924311));
#4051=CARTESIAN_POINT('',(-0.0035,0.00606217782649108,0.0209346158590978));
#4052=CARTESIAN_POINT('',(-0.007,0.00404145188432738,0.0211012825257645));
#4053=CARTESIAN_POINT('',(-0.007,3.32542632918471E-18,0.0212679491924311));
#4054=CARTESIAN_POINT('',(-0.00700000000000001,-0.00404145188432738,0.0214346158590978));
#4055=CARTESIAN_POINT('',(-0.0035,-0.00606217782649107,0.0216012825257644));
#4056=CARTESIAN_POINT('',(-3.46454577983469E-18,-0.00808290376865476,0.0217679491924311));
#4057=CARTESIAN_POINT('',(0.0035,-0.00606217782649107,0.0219346158590978));
#4058=CARTESIAN_POINT('',(0.007,-0.00404145188432738,0.0221012825257644));
#4059=CARTESIAN_POINT('',(0.007,-2.67534298663732E-18,0.0222679491924311));
#4060=CARTESIAN_POINT('',(0.00700000000000001,0.00404145188432738,0.0224346158590978));
#4061=CARTESIAN_POINT('',(0.0035,0.00606217782649107,0.0226012825257644));
#4062=CARTESIAN_POINT('',(1.88125373943085E-17,0.00808290376865476,0.0227679491924311));
#4063=CARTESIAN_POINT('',(-0.0035,0.00606217782649108,0.0229346158590978));
#4064=CARTESIAN_POINT('',(-0.007,0.00404145188432738,0.0231012825257644));
#4065=CARTESIAN_POINT('',(-0.007,1.74744297237927E-17,0.0232679491924312));
#4066=CARTESIAN_POINT('',(-0.00700000000000001,-0.00404145188432738,0.0234346158590978));
#4067=CARTESIAN_POINT('',(-0.0035,-0.00606217782649106,0.0236012825257645));
#4068=CARTESIAN_POINT('',(-1.98024076171184E-17,-0.00808290376865476,0.0237679491924311));
#4069=CARTESIAN_POINT('',(0.0035,-0.00606217782649108,0.0239346158590978));
#4070=CARTESIAN_POINT('',(0.00699999999999999,-0.00404145188432738,0.0241012825257645));
#4071=CARTESIAN_POINT('',(0.007,-4.38984850544361E-18,0.0242679491924311));
#4072=CARTESIAN_POINT('',(0.00700000000000001,0.00404145188432738,0.0244346158590978));
#4073=CARTESIAN_POINT('',(0.0035,0.00606217782649107,0.0246012825257644));
#4074=CARTESIAN_POINT('',(2.07922778399284E-17,0.00808290376865476,0.0247679491924311));
#4075=CARTESIAN_POINT('',(-0.0035,0.00606217782649108,0.0249346158590978));
#4076=CARTESIAN_POINT('',(-0.00699999999999999,0.00404145188432738,0.0251012825257645));
#4077=CARTESIAN_POINT('',(-0.007,6.7544373667973E-18,0.0252679491924311));
#4078=CARTESIAN_POINT('',(-0.00700000000000001,-0.00404145188432738,0.0254346158590978));
#4079=CARTESIAN_POINT('',(-0.0035,-0.00606217782649106,0.0256012825257644));
#4080=CARTESIAN_POINT('',(-2.17821480627383E-17,-0.00808290376865476,0.0257679491924311));
#4081=CARTESIAN_POINT('',(0.0035,-0.00606217782649108,0.0259346158590978));
#4082=CARTESIAN_POINT('',(0.00699999999999999,-0.00404145188432738,0.0261012825257645));
#4083=CARTESIAN_POINT('',(0.007,-6.10435402424991E-18,0.0262679491924311));
#4084=CARTESIAN_POINT('',(0.00700000000000001,0.00404145188432738,0.0264346158590978));
#4085=CARTESIAN_POINT('',(0.0035,0.00606217782649107,0.0266012825257644));
#4086=CARTESIAN_POINT('',(2.27720182855482E-17,0.00808290376865476,0.0267679491924311));
#4087=CARTESIAN_POINT('',(-0.0035,0.00606217782649108,0.0269346158590978));
#4088=CARTESIAN_POINT('',(-0.00699999999999999,0.00404145188432738,0.0271012825257644));
#4089=CARTESIAN_POINT('',(-0.007,3.33379386372071E-17,0.0272679491924311));
#4090=CARTESIAN_POINT('',(-0.00700000000000001,-0.00404145188432738,0.0274346158590978));
#4091=CARTESIAN_POINT('',(-0.0035,-0.00606217782649106,0.0276012825257645));
#4092=CARTESIAN_POINT('',(-2.37618885083581E-17,-0.00808290376865476,0.0277679491924311));
#4093=CARTESIAN_POINT('',(0.0035,-0.00606217782649108,0.0279346158590978));
#4094=CARTESIAN_POINT('',(0.00699999999999999,-0.00404145188432738,0.0281012825257644));
#4095=CARTESIAN_POINT('',(0.007,-3.26878552946597E-17,0.0282679491924311));
#4096=CARTESIAN_POINT('',(0.00700000000000001,0.00404145188432738,0.0284346158590978));
#4097=CARTESIAN_POINT('',(0.0035,0.00606217782649106,0.0286012825257644));
#4098=CARTESIAN_POINT('',(5.34680015144959E-17,0.00808290376865476,0.0287679491924311));
#4099=CARTESIAN_POINT('',(-0.0035,0.00606217782649109,0.0289346158590978));
#4100=CARTESIAN_POINT('',(-0.007,0.00404145188432738,0.0291012825257645));
#4101=CARTESIAN_POINT('',(-0.007,3.50524441560134E-17,0.0292679491924311));
#4102=CARTESIAN_POINT('',(-0.00700000000000001,-0.00404145188432738,0.0294346158590978));
#4103=CARTESIAN_POINT('',(-0.0035,-0.00606217782649105,0.0296012825257644));
#4104=CARTESIAN_POINT('',(-2.57416289539779E-17,-0.00808290376865476,0.0297679491924311));
#4105=CARTESIAN_POINT('',(0.00349999999999995,-0.0060621778264911,0.0299346158590978));
#4106=CARTESIAN_POINT('',(0.00699999999999999,-0.00404145188432738,0.0301012825257645));
#4107=CARTESIAN_POINT('',(0.007,-9.5333650618625E-18,0.0302679491924311));
#4108=CARTESIAN_POINT('',(0.00700000000000002,0.00404145188432734,0.0304346158590978));
#4109=CARTESIAN_POINT('',(0.0035,0.00606217782649106,0.0306012825257644));
#4110=CARTESIAN_POINT('',(5.54477419601157E-17,0.00808290376865476,0.0307679491924311));
#4111=CARTESIAN_POINT('',(-0.0035,0.00606217782649109,0.0309346158590978));
#4112=CARTESIAN_POINT('',(-0.007,0.00404145188432738,0.0311012825257644));
#4113=CARTESIAN_POINT('',(-0.007,3.67669496748197E-17,0.0312679491924312));
#4114=CARTESIAN_POINT('',(-0.00700000000000001,-0.00404145188432738,0.0314346158590978));
#4115=CARTESIAN_POINT('',(-0.0035,-0.00606217782649105,0.0316012825257645));
#4116=CARTESIAN_POINT('',(-2.77213693995978E-17,-0.00808290376865476,0.0317679491924311));
#4117=CARTESIAN_POINT('',(0.00349999999999995,-0.0060621778264911,0.0319346158590978));
#4118=CARTESIAN_POINT('',(0.00699999999999999,-0.00404145188432738,0.0321012825257644));
#4119=CARTESIAN_POINT('',(0.007,-1.12478705806688E-17,0.0322679491924312));
#4120=CARTESIAN_POINT('',(-0.007,3.32542632918471E-18,0.0212679491924311));
#4121=CARTESIAN_POINT('',(0.007,-2.67534298663732E-18,0.0222679491924311));
#4122=CARTESIAN_POINT('',(-0.007,1.61092081037841E-18,0.017607434731965));
#4123=CARTESIAN_POINT('',(-0.007,1.61092081037841E-18,0.0305901221556207));
#4124=CARTESIAN_POINT('',(-0.007,3.32542632918471E-18,0.0220093491924311));
#4125=CARTESIAN_POINT('',(0.007,7.53668050975267E-19,0.0190093491924311));
#4126=CARTESIAN_POINT('',(0.007,0.00404145188432738,0.0191760158590978));
#4127=CARTESIAN_POINT('',(0.0035,0.00606217782649107,0.0193426825257645));
#4128=CARTESIAN_POINT('',(4.94935111404956E-19,0.00808290376865476,0.0195093491924311));
#4129=CARTESIAN_POINT('',(-0.0035,0.00606217782649107,0.0196760158590978));
#4130=CARTESIAN_POINT('',(-0.007,0.00404145188432738,0.0198426825257645));
#4131=CARTESIAN_POINT('',(-0.007,1.61092081037842E-18,0.0200093491924311));
#4132=CARTESIAN_POINT('',(-0.007,-0.00404145188432738,0.0201760158590978));
#4133=CARTESIAN_POINT('',(-0.0035,-0.00606217782649107,0.0203426825257645));
#4134=CARTESIAN_POINT('',(-1.48480533421487E-18,-0.00808290376865476,0.0205093491924311));
#4135=CARTESIAN_POINT('',(0.0035,-0.00606217782649107,0.0206760158590978));
#4136=CARTESIAN_POINT('',(0.007,-0.00404145188432738,0.0208426825257645));
#4137=CARTESIAN_POINT('',(0.007,-9.60837467831028E-19,0.0210093491924311));
#4138=CARTESIAN_POINT('',(0.00700000000000001,0.00404145188432738,0.0211760158590978));
#4139=CARTESIAN_POINT('',(0.0035,0.00606217782649107,0.0213426825257645));
#4140=CARTESIAN_POINT('',(9.65373625285676E-18,0.00808290376865476,0.0215093491924311));
#4141=CARTESIAN_POINT('',(-0.0035,0.00606217782649108,0.0216760158590978));
#4142=CARTESIAN_POINT('',(-0.007,0.00404145188432738,0.0218426825257644));
#4143=CARTESIAN_POINT('',(-0.007,3.32542632918471E-18,0.0220093491924311));
#4144=CARTESIAN_POINT('',(-0.00700000000000001,-0.00404145188432738,0.0221760158590978));
#4145=CARTESIAN_POINT('',(-0.0035,-0.00606217782649107,0.0223426825257644));
#4146=CARTESIAN_POINT('',(-3.46454577983469E-18,-0.00808290376865476,0.0225093491924311));
#4147=CARTESIAN_POINT('',(0.0035,-0.00606217782649107,0.0226760158590978));
#4148=CARTESIAN_POINT('',(0.007,-0.00404145188432738,0.0228426825257644));
#4149=CARTESIAN_POINT('',(0.007,-2.67534298663732E-18,0.0230093491924311));
#4150=CARTESIAN_POINT('',(0.00700000000000001,0.00404145188432738,0.0231760158590978));
#4151=CARTESIAN_POINT('',(0.0035,0.00606217782649107,0.0233426825257644));
#4152=CARTESIAN_POINT('',(1.88125373943085E-17,0.00808290376865476,0.0235093491924311));
#4153=CARTESIAN_POINT('',(-0.0035,0.00606217782649108,0.0236760158590978));
#4154=CARTESIAN_POINT('',(-0.007,0.00404145188432738,0.0238426825257645));
#4155=CARTESIAN_POINT('',(-0.007,1.74744297237927E-17,0.0240093491924311));
#4156=CARTESIAN_POINT('',(-0.00700000000000001,-0.00404145188432738,0.0241760158590978));
#4157=CARTESIAN_POINT('',(-0.0035,-0.00606217782649106,0.0243426825257645));
#4158=CARTESIAN_POINT('',(-1.98024076171184E-17,-0.00808290376865476,0.0245093491924311));
#4159=CARTESIAN_POINT('',(0.0035,-0.00606217782649108,0.0246760158590978));
#4160=CARTESIAN_POINT('',(0.00699999999999999,-0.00404145188432738,0.0248426825257645));
#4161=CARTESIAN_POINT('',(0.007,-4.38984850544361E-18,0.0250093491924311));
#4162=CARTESIAN_POINT('',(0.00700000000000001,0.00404145188432738,0.0251760158590978));
#4163=CARTESIAN_POINT('',(0.0035,0.00606217782649107,0.0253426825257645));
#4164=CARTESIAN_POINT('',(2.07922778399284E-17,0.00808290376865476,0.0255093491924311));
#4165=CARTESIAN_POINT('',(-0.0035,0.00606217782649108,0.0256760158590978));
#4166=CARTESIAN_POINT('',(-0.00699999999999999,0.00404145188432738,0.0258426825257644));
#4167=CARTESIAN_POINT('',(-0.007,6.7544373667973E-18,0.0260093491924311));
#4168=CARTESIAN_POINT('',(-0.00700000000000001,-0.00404145188432738,0.0261760158590978));
#4169=CARTESIAN_POINT('',(-0.0035,-0.00606217782649106,0.0263426825257644));
#4170=CARTESIAN_POINT('',(-2.17821480627383E-17,-0.00808290376865476,0.0265093491924311));
#4171=CARTESIAN_POINT('',(0.0035,-0.00606217782649108,0.0266760158590978));
#4172=CARTESIAN_POINT('',(0.00699999999999999,-0.00404145188432738,0.0268426825257644));
#4173=CARTESIAN_POINT('',(0.007,-6.10435402424991E-18,0.0270093491924311));
#4174=CARTESIAN_POINT('',(0.00700000000000001,0.00404145188432738,0.0271760158590978));
#4175=CARTESIAN_POINT('',(0.0035,0.00606217782649107,0.0273426825257644));
#4176=CARTESIAN_POINT('',(2.27720182855482E-17,0.00808290376865476,0.0275093491924311));
#4177=CARTESIAN_POINT('',(-0.0035,0.00606217782649108,0.0276760158590978));
#4178=CARTESIAN_POINT('',(-0.00699999999999999,0.00404145188432738,0.0278426825257645));
#4179=CARTESIAN_POINT('',(-0.007,3.33379386372071E-17,0.0280093491924311));
#4180=CARTESIAN_POINT('',(-0.00700000000000001,-0.00404145188432738,0.0281760158590978));
#4181=CARTESIAN_POINT('',(-0.0035,-0.00606217782649106,0.0283426825257645));
#4182=CARTESIAN_POINT('',(-2.37618885083581E-17,-0.00808290376865476,0.0285093491924311));
#4183=CARTESIAN_POINT('',(0.0035,-0.00606217782649108,0.0286760158590978));
#4184=CARTESIAN_POINT('',(0.00699999999999999,-0.00404145188432738,0.0288426825257645));
#4185=CARTESIAN_POINT('',(0.007,-3.26878552946597E-17,0.0290093491924312));
#4186=CARTESIAN_POINT('',(0.00700000000000001,0.00404145188432738,0.0291760158590978));
#4187=CARTESIAN_POINT('',(0.0035,0.00606217782649106,0.0293426825257645));
#4188=CARTESIAN_POINT('',(5.34680015144959E-17,0.00808290376865476,0.0295093491924311));
#4189=CARTESIAN_POINT('',(-0.0035,0.00606217782649109,0.0296760158590978));
#4190=CARTESIAN_POINT('',(-0.007,0.00404145188432738,0.0298426825257645));
#4191=CARTESIAN_POINT('',(-0.007,3.50524441560134E-17,0.0300093491924311));
#4192=CARTESIAN_POINT('',(-0.00700000000000001,-0.00404145188432738,0.0301760158590978));
#4193=CARTESIAN_POINT('',(-0.0035,-0.00606217782649105,0.0303426825257644));
#4194=CARTESIAN_POINT('',(-2.57416289539779E-17,-0.00808290376865476,0.0305093491924311));
#4195=CARTESIAN_POINT('',(0.00349999999999995,-0.0060621778264911,0.0306760158590978));
#4196=CARTESIAN_POINT('',(0.00699999999999999,-0.00404145188432738,0.0308426825257644));
#4197=CARTESIAN_POINT('',(0.007,-9.5333650618625E-18,0.0310093491924311));
#4198=CARTESIAN_POINT('',(0.00700000000000002,0.00404145188432734,0.0311760158590978));
#4199=CARTESIAN_POINT('',(0.0035,0.00606217782649106,0.0313426825257645));
#4200=CARTESIAN_POINT('',(5.54477419601157E-17,0.00808290376865476,0.0315093491924311));
#4201=CARTESIAN_POINT('',(-0.0035,0.00606217782649109,0.0316760158590978));
#4202=CARTESIAN_POINT('',(-0.007,0.00404145188432738,0.0318426825257644));
#4203=CARTESIAN_POINT('',(-0.007,3.67669496748197E-17,0.0320093491924311));
#4204=CARTESIAN_POINT('',(-0.00700000000000001,-0.00404145188432738,0.0321760158590978));
#4205=CARTESIAN_POINT('',(-0.0035,-0.00606217782649105,0.0323426825257645));
#4206=CARTESIAN_POINT('',(-2.77213693995978E-17,-0.00808290376865476,0.0325093491924311));
#4207=CARTESIAN_POINT('',(0.00349999999999995,-0.0060621778264911,0.0326760158590978));
#4208=CARTESIAN_POINT('',(0.00699999999999999,-0.00404145188432738,0.0328426825257645));
#4209=CARTESIAN_POINT('',(0.007,-1.12478705806688E-17,0.0330093491924311));
#4210=CARTESIAN_POINT('',(0.007,-2.67534298663732E-18,0.0230093491924311));
#4211=CARTESIAN_POINT('',(0.007,7.53668050975267E-19,0.017607434731965));
#4212=CARTESIAN_POINT('',(0.007,7.53668050975267E-19,0.0305901221556207));
#4213=CARTESIAN_POINT('',(-0.007,1.61092081037841E-18,0.0232575007924311));
#4214=CARTESIAN_POINT('',(-0.007,1.61092081037841E-18,0.0250197975924311));
#4215=CARTESIAN_POINT('',(-0.007,-0.014,0.0232575007924311));
#4216=CARTESIAN_POINT('',(-0.007,-0.014,0.0250197975924311));
#4217=CARTESIAN_POINT('',(0.007,-0.014,0.0232575007924311));
#4218=CARTESIAN_POINT('',(0.007,-0.014,0.0250197975924311));
#4219=CARTESIAN_POINT('',(0.007,7.53668050975267E-19,0.0232575007924311));
#4220=CARTESIAN_POINT('',(0.007,7.53668050975267E-19,0.0250197975924311));
#4221=CARTESIAN_POINT('',(0.007,7.53668050975267E-19,0.0182679491924311));
#4222=CARTESIAN_POINT('',(0.007,0.00404145188432738,0.0184346158590978));
#4223=CARTESIAN_POINT('',(0.0035,0.00606217782649107,0.0186012825257645));
#4224=CARTESIAN_POINT('',(4.94935111404956E-19,0.00808290376865476,0.0187679491924311));
#4225=CARTESIAN_POINT('',(-0.0035,0.00606217782649107,0.0189346158590978));
#4226=CARTESIAN_POINT('',(-0.007,0.00404145188432738,0.0191012825257644));
#4227=CARTESIAN_POINT('',(-0.007,1.61092081037842E-18,0.0192679491924311));
#4228=CARTESIAN_POINT('',(-0.007,-0.00404145188432738,0.0194346158590978));
#4229=CARTESIAN_POINT('',(-0.0035,-0.00606217782649107,0.0196012825257645));
#4230=CARTESIAN_POINT('',(-1.48480533421487E-18,-0.00808290376865476,0.0197679491924311));
#4231=CARTESIAN_POINT('',(0.0035,-0.00606217782649107,0.0199346158590978));
#4232=CARTESIAN_POINT('',(0.007,-0.00404145188432738,0.0201012825257645));
#4233=CARTESIAN_POINT('',(0.007,-9.60837467831028E-19,0.0202679491924311));
#4234=CARTESIAN_POINT('',(0.00700000000000001,0.00404145188432738,0.0204346158590978));
#4235=CARTESIAN_POINT('',(0.0035,0.00606217782649107,0.0206012825257645));
#4236=CARTESIAN_POINT('',(9.65373625285676E-18,0.00808290376865476,0.0207679491924311));
#4237=CARTESIAN_POINT('',(-0.0035,0.00606217782649108,0.0209346158590978));
#4238=CARTESIAN_POINT('',(-0.007,0.00404145188432738,0.0211012825257645));
#4239=CARTESIAN_POINT('',(-0.007,3.32542632918471E-18,0.0212679491924311));
#4240=CARTESIAN_POINT('',(-0.00700000000000001,-0.00404145188432738,0.0214346158590978));
#4241=CARTESIAN_POINT('',(-0.0035,-0.00606217782649107,0.0216012825257644));
#4242=CARTESIAN_POINT('',(-3.46454577983469E-18,-0.00808290376865476,0.0217679491924311));
#4243=CARTESIAN_POINT('',(0.0035,-0.00606217782649107,0.0219346158590978));
#4244=CARTESIAN_POINT('',(0.007,-0.00404145188432738,0.0221012825257644));
#4245=CARTESIAN_POINT('',(0.007,-2.67534298663732E-18,0.0222679491924311));
#4246=CARTESIAN_POINT('',(0.00700000000000001,0.00404145188432738,0.0224346158590978));
#4247=CARTESIAN_POINT('',(0.0035,0.00606217782649107,0.0226012825257644));
#4248=CARTESIAN_POINT('',(1.88125373943085E-17,0.00808290376865476,0.0227679491924311));
#4249=CARTESIAN_POINT('',(-0.0035,0.00606217782649108,0.0229346158590978));
#4250=CARTESIAN_POINT('',(-0.007,0.00404145188432738,0.0231012825257644));
#4251=CARTESIAN_POINT('',(-0.007,1.74744297237927E-17,0.0232679491924312));
#4252=CARTESIAN_POINT('',(-0.00700000000000001,-0.00404145188432738,0.0234346158590978));
#4253=CARTESIAN_POINT('',(-0.0035,-0.00606217782649106,0.0236012825257645));
#4254=CARTESIAN_POINT('',(-1.98024076171184E-17,-0.00808290376865476,0.0237679491924311));
#4255=CARTESIAN_POINT('',(0.0035,-0.00606217782649108,0.0239346158590978));
#4256=CARTESIAN_POINT('',(0.00699999999999999,-0.00404145188432738,0.0241012825257645));
#4257=CARTESIAN_POINT('',(0.007,-4.38984850544361E-18,0.0242679491924311));
#4258=CARTESIAN_POINT('',(0.00700000000000001,0.00404145188432738,0.0244346158590978));
#4259=CARTESIAN_POINT('',(0.0035,0.00606217782649107,0.0246012825257644));
#4260=CARTESIAN_POINT('',(2.07922778399284E-17,0.00808290376865476,0.0247679491924311));
#4261=CARTESIAN_POINT('',(-0.0035,0.00606217782649108,0.0249346158590978));
#4262=CARTESIAN_POINT('',(-0.00699999999999999,0.00404145188432738,0.0251012825257645));
#4263=CARTESIAN_POINT('',(-0.007,6.7544373667973E-18,0.0252679491924311));
#4264=CARTESIAN_POINT('',(-0.00700000000000001,-0.00404145188432738,0.0254346158590978));
#4265=CARTESIAN_POINT('',(-0.0035,-0.00606217782649106,0.0256012825257644));
#4266=CARTESIAN_POINT('',(-2.17821480627383E-17,-0.00808290376865476,0.0257679491924311));
#4267=CARTESIAN_POINT('',(0.0035,-0.00606217782649108,0.0259346158590978));
#4268=CARTESIAN_POINT('',(0.00699999999999999,-0.00404145188432738,0.0261012825257645));
#4269=CARTESIAN_POINT('',(0.007,-6.10435402424991E-18,0.0262679491924311));
#4270=CARTESIAN_POINT('',(0.00700000000000001,0.00404145188432738,0.0264346158590978));
#4271=CARTESIAN_POINT('',(0.0035,0.00606217782649107,0.0266012825257644));
#4272=CARTESIAN_POINT('',(2.27720182855482E-17,0.00808290376865476,0.0267679491924311));
#4273=CARTESIAN_POINT('',(-0.0035,0.00606217782649108,0.0269346158590978));
#4274=CARTESIAN_POINT('',(-0.00699999999999999,0.00404145188432738,0.0271012825257644));
#4275=CARTESIAN_POINT('',(-0.007,3.33379386372071E-17,0.0272679491924311));
#4276=CARTESIAN_POINT('',(-0.00700000000000001,-0.00404145188432738,0.0274346158590978));
#4277=CARTESIAN_POINT('',(-0.0035,-0.00606217782649106,0.0276012825257645));
#4278=CARTESIAN_POINT('',(-2.37618885083581E-17,-0.00808290376865476,0.0277679491924311));
#4279=CARTESIAN_POINT('',(0.0035,-0.00606217782649108,0.0279346158590978));
#4280=CARTESIAN_POINT('',(0.00699999999999999,-0.00404145188432738,0.0281012825257644));
#4281=CARTESIAN_POINT('',(0.007,-3.26878552946597E-17,0.0282679491924311));
#4282=CARTESIAN_POINT('',(0.00700000000000001,0.00404145188432738,0.0284346158590978));
#4283=CARTESIAN_POINT('',(0.0035,0.00606217782649106,0.0286012825257644));
#4284=CARTESIAN_POINT('',(5.34680015144959E-17,0.00808290376865476,0.0287679491924311));
#4285=CARTESIAN_POINT('',(-0.0035,0.00606217782649109,0.0289346158590978));
#4286=CARTESIAN_POINT('',(-0.007,0.00404145188432738,0.0291012825257645));
#4287=CARTESIAN_POINT('',(-0.007,3.50524441560134E-17,0.0292679491924311));
#4288=CARTESIAN_POINT('',(-0.00700000000000001,-0.00404145188432738,0.0294346158590978));
#4289=CARTESIAN_POINT('',(-0.0035,-0.00606217782649105,0.0296012825257644));
#4290=CARTESIAN_POINT('',(-2.57416289539779E-17,-0.00808290376865476,0.0297679491924311));
#4291=CARTESIAN_POINT('',(0.00349999999999995,-0.0060621778264911,0.0299346158590978));
#4292=CARTESIAN_POINT('',(0.00699999999999999,-0.00404145188432738,0.0301012825257645));
#4293=CARTESIAN_POINT('',(0.007,-9.5333650618625E-18,0.0302679491924311));
#4294=CARTESIAN_POINT('',(0.00700000000000002,0.00404145188432734,0.0304346158590978));
#4295=CARTESIAN_POINT('',(0.0035,0.00606217782649106,0.0306012825257644));
#4296=CARTESIAN_POINT('',(5.54477419601157E-17,0.00808290376865476,0.0307679491924311));
#4297=CARTESIAN_POINT('',(-0.0035,0.00606217782649109,0.0309346158590978));
#4298=CARTESIAN_POINT('',(-0.007,0.00404145188432738,0.0311012825257644));
#4299=CARTESIAN_POINT('',(-0.007,3.67669496748197E-17,0.0312679491924312));
#4300=CARTESIAN_POINT('',(-0.00700000000000001,-0.00404145188432738,0.0314346158590978));
#4301=CARTESIAN_POINT('',(-0.0035,-0.00606217782649105,0.0316012825257645));
#4302=CARTESIAN_POINT('',(-2.77213693995978E-17,-0.00808290376865476,0.0317679491924311));
#4303=CARTESIAN_POINT('',(0.00349999999999995,-0.0060621778264911,0.0319346158590978));
#4304=CARTESIAN_POINT('',(0.00699999999999999,-0.00404145188432738,0.0321012825257644));
#4305=CARTESIAN_POINT('',(0.007,-1.12478705806688E-17,0.0322679491924312));
#4306=CARTESIAN_POINT('',(-0.007,1.74744297237927E-17,0.0232679491924312));
#4307=CARTESIAN_POINT('',(0.007,-4.38984850544361E-18,0.0242679491924311));
#4308=CARTESIAN_POINT('',(-0.007,1.61092081037841E-18,0.017607434731965));
#4309=CARTESIAN_POINT('',(-0.007,1.61092081037841E-18,0.0305901221556207));
#4310=CARTESIAN_POINT('',(-0.007,1.74744297237927E-17,0.0240093491924311));
#4311=CARTESIAN_POINT('',(0.007,7.53668050975267E-19,0.0190093491924311));
#4312=CARTESIAN_POINT('',(0.007,0.00404145188432738,0.0191760158590978));
#4313=CARTESIAN_POINT('',(0.0035,0.00606217782649107,0.0193426825257645));
#4314=CARTESIAN_POINT('',(4.94935111404956E-19,0.00808290376865476,0.0195093491924311));
#4315=CARTESIAN_POINT('',(-0.0035,0.00606217782649107,0.0196760158590978));
#4316=CARTESIAN_POINT('',(-0.007,0.00404145188432738,0.0198426825257645));
#4317=CARTESIAN_POINT('',(-0.007,1.61092081037842E-18,0.0200093491924311));
#4318=CARTESIAN_POINT('',(-0.007,-0.00404145188432738,0.0201760158590978));
#4319=CARTESIAN_POINT('',(-0.0035,-0.00606217782649107,0.0203426825257645));
#4320=CARTESIAN_POINT('',(-1.48480533421487E-18,-0.00808290376865476,0.0205093491924311));
#4321=CARTESIAN_POINT('',(0.0035,-0.00606217782649107,0.0206760158590978));
#4322=CARTESIAN_POINT('',(0.007,-0.00404145188432738,0.0208426825257645));
#4323=CARTESIAN_POINT('',(0.007,-9.60837467831028E-19,0.0210093491924311));
#4324=CARTESIAN_POINT('',(0.00700000000000001,0.00404145188432738,0.0211760158590978));
#4325=CARTESIAN_POINT('',(0.0035,0.00606217782649107,0.0213426825257645));
#4326=CARTESIAN_POINT('',(9.65373625285676E-18,0.00808290376865476,0.0215093491924311));
#4327=CARTESIAN_POINT('',(-0.0035,0.00606217782649108,0.0216760158590978));
#4328=CARTESIAN_POINT('',(-0.007,0.00404145188432738,0.0218426825257644));
#4329=CARTESIAN_POINT('',(-0.007,3.32542632918471E-18,0.0220093491924311));
#4330=CARTESIAN_POINT('',(-0.00700000000000001,-0.00404145188432738,0.0221760158590978));
#4331=CARTESIAN_POINT('',(-0.0035,-0.00606217782649107,0.0223426825257644));
#4332=CARTESIAN_POINT('',(-3.46454577983469E-18,-0.00808290376865476,0.0225093491924311));
#4333=CARTESIAN_POINT('',(0.0035,-0.00606217782649107,0.0226760158590978));
#4334=CARTESIAN_POINT('',(0.007,-0.00404145188432738,0.0228426825257644));
#4335=CARTESIAN_POINT('',(0.007,-2.67534298663732E-18,0.0230093491924311));
#4336=CARTESIAN_POINT('',(0.00700000000000001,0.00404145188432738,0.0231760158590978));
#4337=CARTESIAN_POINT('',(0.0035,0.00606217782649107,0.0233426825257644));
#4338=CARTESIAN_POINT('',(1.88125373943085E-17,0.00808290376865476,0.0235093491924311));
#4339=CARTESIAN_POINT('',(-0.0035,0.00606217782649108,0.0236760158590978));
#4340=CARTESIAN_POINT('',(-0.007,0.00404145188432738,0.0238426825257645));
#4341=CARTESIAN_POINT('',(-0.007,1.74744297237927E-17,0.0240093491924311));
#4342=CARTESIAN_POINT('',(-0.00700000000000001,-0.00404145188432738,0.0241760158590978));
#4343=CARTESIAN_POINT('',(-0.0035,-0.00606217782649106,0.0243426825257645));
#4344=CARTESIAN_POINT('',(-1.98024076171184E-17,-0.00808290376865476,0.0245093491924311));
#4345=CARTESIAN_POINT('',(0.0035,-0.00606217782649108,0.0246760158590978));
#4346=CARTESIAN_POINT('',(0.00699999999999999,-0.00404145188432738,0.0248426825257645));
#4347=CARTESIAN_POINT('',(0.007,-4.38984850544361E-18,0.0250093491924311));
#4348=CARTESIAN_POINT('',(0.00700000000000001,0.00404145188432738,0.0251760158590978));
#4349=CARTESIAN_POINT('',(0.0035,0.00606217782649107,0.0253426825257645));
#4350=CARTESIAN_POINT('',(2.07922778399284E-17,0.00808290376865476,0.0255093491924311));
#4351=CARTESIAN_POINT('',(-0.0035,0.00606217782649108,0.0256760158590978));
#4352=CARTESIAN_POINT('',(-0.00699999999999999,0.00404145188432738,0.0258426825257644));
#4353=CARTESIAN_POINT('',(-0.007,6.7544373667973E-18,0.0260093491924311));
#4354=CARTESIAN_POINT('',(-0.00700000000000001,-0.00404145188432738,0.0261760158590978));
#4355=CARTESIAN_POINT('',(-0.0035,-0.00606217782649106,0.0263426825257644));
#4356=CARTESIAN_POINT('',(-2.17821480627383E-17,-0.00808290376865476,0.0265093491924311));
#4357=CARTESIAN_POINT('',(0.0035,-0.00606217782649108,0.0266760158590978));
#4358=CARTESIAN_POINT('',(0.00699999999999999,-0.00404145188432738,0.0268426825257644));
#4359=CARTESIAN_POINT('',(0.007,-6.10435402424991E-18,0.0270093491924311));
#4360=CARTESIAN_POINT('',(0.00700000000000001,0.00404145188432738,0.0271760158590978));
#4361=CARTESIAN_POINT('',(0.0035,0.00606217782649107,0.0273426825257644));
#4362=CARTESIAN_POINT('',(2.27720182855482E-17,0.00808290376865476,0.0275093491924311));
#4363=CARTESIAN_POINT('',(-0.0035,0.00606217782649108,0.0276760158590978));
#4364=CARTESIAN_POINT('',(-0.00699999999999999,0.00404145188432738,0.0278426825257645));
#4365=CARTESIAN_POINT('',(-0.007,3.33379386372071E-17,0.0280093491924311));
#4366=CARTESIAN_POINT('',(-0.00700000000000001,-0.00404145188432738,0.0281760158590978));
#4367=CARTESIAN_POINT('',(-0.0035,-0.00606217782649106,0.0283426825257645));
#4368=CARTESIAN_POINT('',(-2.37618885083581E-17,-0.00808290376865476,0.0285093491924311));
#4369=CARTESIAN_POINT('',(0.0035,-0.00606217782649108,0.0286760158590978));
#4370=CARTESIAN_POINT('',(0.00699999999999999,-0.00404145188432738,0.0288426825257645));
#4371=CARTESIAN_POINT('',(0.007,-3.26878552946597E-17,0.0290093491924312));
#4372=CARTESIAN_POINT('',(0.00700000000000001,0.00404145188432738,0.0291760158590978));
#4373=CARTESIAN_POINT('',(0.0035,0.00606217782649106,0.0293426825257645));
#4374=CARTESIAN_POINT('',(5.34680015144959E-17,0.00808290376865476,0.0295093491924311));
#4375=CARTESIAN_POINT('',(-0.0035,0.00606217782649109,0.0296760158590978));
#4376=CARTESIAN_POINT('',(-0.007,0.00404145188432738,0.0298426825257645));
#4377=CARTESIAN_POINT('',(-0.007,3.50524441560134E-17,0.0300093491924311));
#4378=CARTESIAN_POINT('',(-0.00700000000000001,-0.00404145188432738,0.0301760158590978));
#4379=CARTESIAN_POINT('',(-0.0035,-0.00606217782649105,0.0303426825257644));
#4380=CARTESIAN_POINT('',(-2.57416289539779E-17,-0.00808290376865476,0.0305093491924311));
#4381=CARTESIAN_POINT('',(0.00349999999999995,-0.0060621778264911,0.0306760158590978));
#4382=CARTESIAN_POINT('',(0.00699999999999999,-0.00404145188432738,0.0308426825257644));
#4383=CARTESIAN_POINT('',(0.007,-9.5333650618625E-18,0.0310093491924311));
#4384=CARTESIAN_POINT('',(0.00700000000000002,0.00404145188432734,0.0311760158590978));
#4385=CARTESIAN_POINT('',(0.0035,0.00606217782649106,0.0313426825257645));
#4386=CARTESIAN_POINT('',(5.54477419601157E-17,0.00808290376865476,0.0315093491924311));
#4387=CARTESIAN_POINT('',(-0.0035,0.00606217782649109,0.0316760158590978));
#4388=CARTESIAN_POINT('',(-0.007,0.00404145188432738,0.0318426825257644));
#4389=CARTESIAN_POINT('',(-0.007,3.67669496748197E-17,0.0320093491924311));
#4390=CARTESIAN_POINT('',(-0.00700000000000001,-0.00404145188432738,0.0321760158590978));
#4391=CARTESIAN_POINT('',(-0.0035,-0.00606217782649105,0.0323426825257645));
#4392=CARTESIAN_POINT('',(-2.77213693995978E-17,-0.00808290376865476,0.0325093491924311));
#4393=CARTESIAN_POINT('',(0.00349999999999995,-0.0060621778264911,0.0326760158590978));
#4394=CARTESIAN_POINT('',(0.00699999999999999,-0.00404145188432738,0.0328426825257645));
#4395=CARTESIAN_POINT('',(0.007,-1.12478705806688E-17,0.0330093491924311));
#4396=CARTESIAN_POINT('',(0.007,-4.38984850544361E-18,0.0250093491924311));
#4397=CARTESIAN_POINT('',(0.007,7.53668050975267E-19,0.017607434731965));
#4398=CARTESIAN_POINT('',(0.007,7.53668050975267E-19,0.0305901221556207));
#4399=CARTESIAN_POINT('',(-0.007,1.61092081037841E-18,0.0252575007924311));
#4400=CARTESIAN_POINT('',(-0.007,1.61092081037841E-18,0.0270197975924311));
#4401=CARTESIAN_POINT('',(-0.007,-0.014,0.0252575007924311));
#4402=CARTESIAN_POINT('',(-0.007,-0.014,0.0270197975924311));
#4403=CARTESIAN_POINT('',(0.007,-0.014,0.0252575007924311));
#4404=CARTESIAN_POINT('',(0.007,-0.014,0.0270197975924311));
#4405=CARTESIAN_POINT('',(0.007,7.53668050975267E-19,0.0252575007924311));
#4406=CARTESIAN_POINT('',(0.007,7.53668050975267E-19,0.0270197975924311));
#4407=CARTESIAN_POINT('',(0.007,7.53668050975267E-19,0.0182679491924311));
#4408=CARTESIAN_POINT('',(0.007,0.00404145188432738,0.0184346158590978));
#4409=CARTESIAN_POINT('',(0.0035,0.00606217782649107,0.0186012825257645));
#4410=CARTESIAN_POINT('',(4.94935111404956E-19,0.00808290376865476,0.0187679491924311));
#4411=CARTESIAN_POINT('',(-0.0035,0.00606217782649107,0.0189346158590978));
#4412=CARTESIAN_POINT('',(-0.007,0.00404145188432738,0.0191012825257644));
#4413=CARTESIAN_POINT('',(-0.007,1.61092081037842E-18,0.0192679491924311));
#4414=CARTESIAN_POINT('',(-0.007,-0.00404145188432738,0.0194346158590978));
#4415=CARTESIAN_POINT('',(-0.0035,-0.00606217782649107,0.0196012825257645));
#4416=CARTESIAN_POINT('',(-1.48480533421487E-18,-0.00808290376865476,0.0197679491924311));
#4417=CARTESIAN_POINT('',(0.0035,-0.00606217782649107,0.0199346158590978));
#4418=CARTESIAN_POINT('',(0.007,-0.00404145188432738,0.0201012825257645));
#4419=CARTESIAN_POINT('',(0.007,-9.60837467831028E-19,0.0202679491924311));
#4420=CARTESIAN_POINT('',(0.00700000000000001,0.00404145188432738,0.0204346158590978));
#4421=CARTESIAN_POINT('',(0.0035,0.00606217782649107,0.0206012825257645));
#4422=CARTESIAN_POINT('',(9.65373625285676E-18,0.00808290376865476,0.0207679491924311));
#4423=CARTESIAN_POINT('',(-0.0035,0.00606217782649108,0.0209346158590978));
#4424=CARTESIAN_POINT('',(-0.007,0.00404145188432738,0.0211012825257645));
#4425=CARTESIAN_POINT('',(-0.007,3.32542632918471E-18,0.0212679491924311));
#4426=CARTESIAN_POINT('',(-0.00700000000000001,-0.00404145188432738,0.0214346158590978));
#4427=CARTESIAN_POINT('',(-0.0035,-0.00606217782649107,0.0216012825257644));
#4428=CARTESIAN_POINT('',(-3.46454577983469E-18,-0.00808290376865476,0.0217679491924311));
#4429=CARTESIAN_POINT('',(0.0035,-0.00606217782649107,0.0219346158590978));
#4430=CARTESIAN_POINT('',(0.007,-0.00404145188432738,0.0221012825257644));
#4431=CARTESIAN_POINT('',(0.007,-2.67534298663732E-18,0.0222679491924311));
#4432=CARTESIAN_POINT('',(0.00700000000000001,0.00404145188432738,0.0224346158590978));
#4433=CARTESIAN_POINT('',(0.0035,0.00606217782649107,0.0226012825257644));
#4434=CARTESIAN_POINT('',(1.88125373943085E-17,0.00808290376865476,0.0227679491924311));
#4435=CARTESIAN_POINT('',(-0.0035,0.00606217782649108,0.0229346158590978));
#4436=CARTESIAN_POINT('',(-0.007,0.00404145188432738,0.0231012825257644));
#4437=CARTESIAN_POINT('',(-0.007,1.74744297237927E-17,0.0232679491924312));
#4438=CARTESIAN_POINT('',(-0.00700000000000001,-0.00404145188432738,0.0234346158590978));
#4439=CARTESIAN_POINT('',(-0.0035,-0.00606217782649106,0.0236012825257645));
#4440=CARTESIAN_POINT('',(-1.98024076171184E-17,-0.00808290376865476,0.0237679491924311));
#4441=CARTESIAN_POINT('',(0.0035,-0.00606217782649108,0.0239346158590978));
#4442=CARTESIAN_POINT('',(0.00699999999999999,-0.00404145188432738,0.0241012825257645));
#4443=CARTESIAN_POINT('',(0.007,-4.38984850544361E-18,0.0242679491924311));
#4444=CARTESIAN_POINT('',(0.00700000000000001,0.00404145188432738,0.0244346158590978));
#4445=CARTESIAN_POINT('',(0.0035,0.00606217782649107,0.0246012825257644));
#4446=CARTESIAN_POINT('',(2.07922778399284E-17,0.00808290376865476,0.0247679491924311));
#4447=CARTESIAN_POINT('',(-0.0035,0.00606217782649108,0.0249346158590978));
#4448=CARTESIAN_POINT('',(-0.00699999999999999,0.00404145188432738,0.0251012825257645));
#4449=CARTESIAN_POINT('',(-0.007,6.7544373667973E-18,0.0252679491924311));
#4450=CARTESIAN_POINT('',(-0.00700000000000001,-0.00404145188432738,0.0254346158590978));
#4451=CARTESIAN_POINT('',(-0.0035,-0.00606217782649106,0.0256012825257644));
#4452=CARTESIAN_POINT('',(-2.17821480627383E-17,-0.00808290376865476,0.0257679491924311));
#4453=CARTESIAN_POINT('',(0.0035,-0.00606217782649108,0.0259346158590978));
#4454=CARTESIAN_POINT('',(0.00699999999999999,-0.00404145188432738,0.0261012825257645));
#4455=CARTESIAN_POINT('',(0.007,-6.10435402424991E-18,0.0262679491924311));
#4456=CARTESIAN_POINT('',(0.00700000000000001,0.00404145188432738,0.0264346158590978));
#4457=CARTESIAN_POINT('',(0.0035,0.00606217782649107,0.0266012825257644));
#4458=CARTESIAN_POINT('',(2.27720182855482E-17,0.00808290376865476,0.0267679491924311));
#4459=CARTESIAN_POINT('',(-0.0035,0.00606217782649108,0.0269346158590978));
#4460=CARTESIAN_POINT('',(-0.00699999999999999,0.00404145188432738,0.0271012825257644));
#4461=CARTESIAN_POINT('',(-0.007,3.33379386372071E-17,0.0272679491924311));
#4462=CARTESIAN_POINT('',(-0.00700000000000001,-0.00404145188432738,0.0274346158590978));
#4463=CARTESIAN_POINT('',(-0.0035,-0.00606217782649106,0.0276012825257645));
#4464=CARTESIAN_POINT('',(-2.37618885083581E-17,-0.00808290376865476,0.0277679491924311));
#4465=CARTESIAN_POINT('',(0.0035,-0.00606217782649108,0.0279346158590978));
#4466=CARTESIAN_POINT('',(0.00699999999999999,-0.00404145188432738,0.0281012825257644));
#4467=CARTESIAN_POINT('',(0.007,-3.26878552946597E-17,0.0282679491924311));
#4468=CARTESIAN_POINT('',(0.00700000000000001,0.00404145188432738,0.0284346158590978));
#4469=CARTESIAN_POINT('',(0.0035,0.00606217782649106,0.0286012825257644));
#4470=CARTESIAN_POINT('',(5.34680015144959E-17,0.00808290376865476,0.0287679491924311));
#4471=CARTESIAN_POINT('',(-0.0035,0.00606217782649109,0.0289346158590978));
#4472=CARTESIAN_POINT('',(-0.007,0.00404145188432738,0.0291012825257645));
#4473=CARTESIAN_POINT('',(-0.007,3.50524441560134E-17,0.0292679491924311));
#4474=CARTESIAN_POINT('',(-0.00700000000000001,-0.00404145188432738,0.0294346158590978));
#4475=CARTESIAN_POINT('',(-0.0035,-0.00606217782649105,0.0296012825257644));
#4476=CARTESIAN_POINT('',(-2.57416289539779E-17,-0.00808290376865476,0.0297679491924311));
#4477=CARTESIAN_POINT('',(0.00349999999999995,-0.0060621778264911,0.0299346158590978));
#4478=CARTESIAN_POINT('',(0.00699999999999999,-0.00404145188432738,0.0301012825257645));
#4479=CARTESIAN_POINT('',(0.007,-9.5333650618625E-18,0.0302679491924311));
#4480=CARTESIAN_POINT('',(0.00700000000000002,0.00404145188432734,0.0304346158590978));
#4481=CARTESIAN_POINT('',(0.0035,0.00606217782649106,0.0306012825257644));
#4482=CARTESIAN_POINT('',(5.54477419601157E-17,0.00808290376865476,0.0307679491924311));
#4483=CARTESIAN_POINT('',(-0.0035,0.00606217782649109,0.0309346158590978));
#4484=CARTESIAN_POINT('',(-0.007,0.00404145188432738,0.0311012825257644));
#4485=CARTESIAN_POINT('',(-0.007,3.67669496748197E-17,0.0312679491924312));
#4486=CARTESIAN_POINT('',(-0.00700000000000001,-0.00404145188432738,0.0314346158590978));
#4487=CARTESIAN_POINT('',(-0.0035,-0.00606217782649105,0.0316012825257645));
#4488=CARTESIAN_POINT('',(-2.77213693995978E-17,-0.00808290376865476,0.0317679491924311));
#4489=CARTESIAN_POINT('',(0.00349999999999995,-0.0060621778264911,0.0319346158590978));
#4490=CARTESIAN_POINT('',(0.00699999999999999,-0.00404145188432738,0.0321012825257644));
#4491=CARTESIAN_POINT('',(0.007,-1.12478705806688E-17,0.0322679491924312));
#4492=CARTESIAN_POINT('',(-0.007,6.7544373667973E-18,0.0252679491924311));
#4493=CARTESIAN_POINT('',(0.007,-6.10435402424991E-18,0.0262679491924311));
#4494=CARTESIAN_POINT('',(-0.007,1.61092081037841E-18,0.017607434731965));
#4495=CARTESIAN_POINT('',(-0.007,1.61092081037841E-18,0.0305901221556207));
#4496=CARTESIAN_POINT('',(-0.007,6.7544373667973E-18,0.0260093491924311));
#4497=CARTESIAN_POINT('',(0.007,7.53668050975267E-19,0.0190093491924311));
#4498=CARTESIAN_POINT('',(0.007,0.00404145188432738,0.0191760158590978));
#4499=CARTESIAN_POINT('',(0.0035,0.00606217782649107,0.0193426825257645));
#4500=CARTESIAN_POINT('',(4.94935111404956E-19,0.00808290376865476,0.0195093491924311));
#4501=CARTESIAN_POINT('',(-0.0035,0.00606217782649107,0.0196760158590978));
#4502=CARTESIAN_POINT('',(-0.007,0.00404145188432738,0.0198426825257645));
#4503=CARTESIAN_POINT('',(-0.007,1.61092081037842E-18,0.0200093491924311));
#4504=CARTESIAN_POINT('',(-0.007,-0.00404145188432738,0.0201760158590978));
#4505=CARTESIAN_POINT('',(-0.0035,-0.00606217782649107,0.0203426825257645));
#4506=CARTESIAN_POINT('',(-1.48480533421487E-18,-0.00808290376865476,0.0205093491924311));
#4507=CARTESIAN_POINT('',(0.0035,-0.00606217782649107,0.0206760158590978));
#4508=CARTESIAN_POINT('',(0.007,-0.00404145188432738,0.0208426825257645));
#4509=CARTESIAN_POINT('',(0.007,-9.60837467831028E-19,0.0210093491924311));
#4510=CARTESIAN_POINT('',(0.00700000000000001,0.00404145188432738,0.0211760158590978));
#4511=CARTESIAN_POINT('',(0.0035,0.00606217782649107,0.0213426825257645));
#4512=CARTESIAN_POINT('',(9.65373625285676E-18,0.00808290376865476,0.0215093491924311));
#4513=CARTESIAN_POINT('',(-0.0035,0.00606217782649108,0.0216760158590978));
#4514=CARTESIAN_POINT('',(-0.007,0.00404145188432738,0.0218426825257644));
#4515=CARTESIAN_POINT('',(-0.007,3.32542632918471E-18,0.0220093491924311));
#4516=CARTESIAN_POINT('',(-0.00700000000000001,-0.00404145188432738,0.0221760158590978));
#4517=CARTESIAN_POINT('',(-0.0035,-0.00606217782649107,0.0223426825257644));
#4518=CARTESIAN_POINT('',(-3.46454577983469E-18,-0.00808290376865476,0.0225093491924311));
#4519=CARTESIAN_POINT('',(0.0035,-0.00606217782649107,0.0226760158590978));
#4520=CARTESIAN_POINT('',(0.007,-0.00404145188432738,0.0228426825257644));
#4521=CARTESIAN_POINT('',(0.007,-2.67534298663732E-18,0.0230093491924311));
#4522=CARTESIAN_POINT('',(0.00700000000000001,0.00404145188432738,0.0231760158590978));
#4523=CARTESIAN_POINT('',(0.0035,0.00606217782649107,0.0233426825257644));
#4524=CARTESIAN_POINT('',(1.88125373943085E-17,0.00808290376865476,0.0235093491924311));
#4525=CARTESIAN_POINT('',(-0.0035,0.00606217782649108,0.0236760158590978));
#4526=CARTESIAN_POINT('',(-0.007,0.00404145188432738,0.0238426825257645));
#4527=CARTESIAN_POINT('',(-0.007,1.74744297237927E-17,0.0240093491924311));
#4528=CARTESIAN_POINT('',(-0.00700000000000001,-0.00404145188432738,0.0241760158590978));
#4529=CARTESIAN_POINT('',(-0.0035,-0.00606217782649106,0.0243426825257645));
#4530=CARTESIAN_POINT('',(-1.98024076171184E-17,-0.00808290376865476,0.0245093491924311));
#4531=CARTESIAN_POINT('',(0.0035,-0.00606217782649108,0.0246760158590978));
#4532=CARTESIAN_POINT('',(0.00699999999999999,-0.00404145188432738,0.0248426825257645));
#4533=CARTESIAN_POINT('',(0.007,-4.38984850544361E-18,0.0250093491924311));
#4534=CARTESIAN_POINT('',(0.00700000000000001,0.00404145188432738,0.0251760158590978));
#4535=CARTESIAN_POINT('',(0.0035,0.00606217782649107,0.0253426825257645));
#4536=CARTESIAN_POINT('',(2.07922778399284E-17,0.00808290376865476,0.0255093491924311));
#4537=CARTESIAN_POINT('',(-0.0035,0.00606217782649108,0.0256760158590978));
#4538=CARTESIAN_POINT('',(-0.00699999999999999,0.00404145188432738,0.0258426825257644));
#4539=CARTESIAN_POINT('',(-0.007,6.7544373667973E-18,0.0260093491924311));
#4540=CARTESIAN_POINT('',(-0.00700000000000001,-0.00404145188432738,0.0261760158590978));
#4541=CARTESIAN_POINT('',(-0.0035,-0.00606217782649106,0.0263426825257644));
#4542=CARTESIAN_POINT('',(-2.17821480627383E-17,-0.00808290376865476,0.0265093491924311));
#4543=CARTESIAN_POINT('',(0.0035,-0.00606217782649108,0.0266760158590978));
#4544=CARTESIAN_POINT('',(0.00699999999999999,-0.00404145188432738,0.0268426825257644));
#4545=CARTESIAN_POINT('',(0.007,-6.10435402424991E-18,0.0270093491924311));
#4546=CARTESIAN_POINT('',(0.00700000000000001,0.00404145188432738,0.0271760158590978));
#4547=CARTESIAN_POINT('',(0.0035,0.00606217782649107,0.0273426825257644));
#4548=CARTESIAN_POINT('',(2.27720182855482E-17,0.00808290376865476,0.0275093491924311));
#4549=CARTESIAN_POINT('',(-0.0035,0.00606217782649108,0.0276760158590978));
#4550=CARTESIAN_POINT('',(-0.00699999999999999,0.00404145188432738,0.0278426825257645));
#4551=CARTESIAN_POINT('',(-0.007,3.33379386372071E-17,0.0280093491924311));
#4552=CARTESIAN_POINT('',(-0.00700000000000001,-0.00404145188432738,0.0281760158590978));
#4553=CARTESIAN_POINT('',(-0.0035,-0.00606217782649106,0.0283426825257645));
#4554=CARTESIAN_POINT('',(-2.37618885083581E-17,-0.00808290376865476,0.0285093491924311));
#4555=CARTESIAN_POINT('',(0.0035,-0.00606217782649108,0.0286760158590978));
#4556=CARTESIAN_POINT('',(0.00699999999999999,-0.00404145188432738,0.0288426825257645));
#4557=CARTESIAN_POINT('',(0.007,-3.26878552946597E-17,0.0290093491924312));
#4558=CARTESIAN_POINT('',(0.00700000000000001,0.00404145188432738,0.0291760158590978));
#4559=CARTESIAN_POINT('',(0.0035,0.00606217782649106,0.0293426825257645));
#4560=CARTESIAN_POINT('',(5.34680015144959E-17,0.00808290376865476,0.0295093491924311));
#4561=CARTESIAN_POINT('',(-0.0035,0.00606217782649109,0.0296760158590978));
#4562=CARTESIAN_POINT('',(-0.007,0.00404145188432738,0.0298426825257645));
#4563=CARTESIAN_POINT('',(-0.007,3.50524441560134E-17,0.0300093491924311));
#4564=CARTESIAN_POINT('',(-0.00700000000000001,-0.00404145188432738,0.0301760158590978));
#4565=CARTESIAN_POINT('',(-0.0035,-0.00606217782649105,0.0303426825257644));
#4566=CARTESIAN_POINT('',(-2.57416289539779E-17,-0.00808290376865476,0.0305093491924311));
#4567=CARTESIAN_POINT('',(0.00349999999999995,-0.0060621778264911,0.0306760158590978));
#4568=CARTESIAN_POINT('',(0.00699999999999999,-0.00404145188432738,0.0308426825257644));
#4569=CARTESIAN_POINT('',(0.007,-9.5333650618625E-18,0.0310093491924311));
#4570=CARTESIAN_POINT('',(0.00700000000000002,0.00404145188432734,0.0311760158590978));
#4571=CARTESIAN_POINT('',(0.0035,0.00606217782649106,0.0313426825257645));
#4572=CARTESIAN_POINT('',(5.54477419601157E-17,0.00808290376865476,0.0315093491924311));
#4573=CARTESIAN_POINT('',(-0.0035,0.00606217782649109,0.0316760158590978));
#4574=CARTESIAN_POINT('',(-0.007,0.00404145188432738,0.0318426825257644));
#4575=CARTESIAN_POINT('',(-0.007,3.67669496748197E-17,0.0320093491924311));
#4576=CARTESIAN_POINT('',(-0.00700000000000001,-0.00404145188432738,0.0321760158590978));
#4577=CARTESIAN_POINT('',(-0.0035,-0.00606217782649105,0.0323426825257645));
#4578=CARTESIAN_POINT('',(-2.77213693995978E-17,-0.00808290376865476,0.0325093491924311));
#4579=CARTESIAN_POINT('',(0.00349999999999995,-0.0060621778264911,0.0326760158590978));
#4580=CARTESIAN_POINT('',(0.00699999999999999,-0.00404145188432738,0.0328426825257645));
#4581=CARTESIAN_POINT('',(0.007,-1.12478705806688E-17,0.0330093491924311));
#4582=CARTESIAN_POINT('',(0.007,-6.10435402424991E-18,0.0270093491924311));
#4583=CARTESIAN_POINT('',(0.007,7.53668050975267E-19,0.017607434731965));
#4584=CARTESIAN_POINT('',(0.007,7.53668050975267E-19,0.0305901221556207));
#4585=CARTESIAN_POINT('',(-0.007,1.61092081037841E-18,0.0272575007924311));
#4586=CARTESIAN_POINT('',(-0.007,1.61092081037841E-18,0.0290197975924312));
#4587=CARTESIAN_POINT('',(-0.007,-0.014,0.0272575007924311));
#4588=CARTESIAN_POINT('',(-0.007,-0.014,0.0290197975924312));
#4589=CARTESIAN_POINT('',(0.007,-0.014,0.0272575007924311));
#4590=CARTESIAN_POINT('',(0.007,-0.014,0.0290197975924312));
#4591=CARTESIAN_POINT('',(0.007,7.53668050975267E-19,0.0272575007924311));
#4592=CARTESIAN_POINT('',(0.007,7.53668050975267E-19,0.0290197975924312));
#4593=CARTESIAN_POINT('',(0.007,7.53668050975267E-19,0.0182679491924311));
#4594=CARTESIAN_POINT('',(0.007,0.00404145188432738,0.0184346158590978));
#4595=CARTESIAN_POINT('',(0.0035,0.00606217782649107,0.0186012825257645));
#4596=CARTESIAN_POINT('',(4.94935111404956E-19,0.00808290376865476,0.0187679491924311));
#4597=CARTESIAN_POINT('',(-0.0035,0.00606217782649107,0.0189346158590978));
#4598=CARTESIAN_POINT('',(-0.007,0.00404145188432738,0.0191012825257644));
#4599=CARTESIAN_POINT('',(-0.007,1.61092081037842E-18,0.0192679491924311));
#4600=CARTESIAN_POINT('',(-0.007,-0.00404145188432738,0.0194346158590978));
#4601=CARTESIAN_POINT('',(-0.0035,-0.00606217782649107,0.0196012825257645));
#4602=CARTESIAN_POINT('',(-1.48480533421487E-18,-0.00808290376865476,0.0197679491924311));
#4603=CARTESIAN_POINT('',(0.0035,-0.00606217782649107,0.0199346158590978));
#4604=CARTESIAN_POINT('',(0.007,-0.00404145188432738,0.0201012825257645));
#4605=CARTESIAN_POINT('',(0.007,-9.60837467831028E-19,0.0202679491924311));
#4606=CARTESIAN_POINT('',(0.00700000000000001,0.00404145188432738,0.0204346158590978));
#4607=CARTESIAN_POINT('',(0.0035,0.00606217782649107,0.0206012825257645));
#4608=CARTESIAN_POINT('',(9.65373625285676E-18,0.00808290376865476,0.0207679491924311));
#4609=CARTESIAN_POINT('',(-0.0035,0.00606217782649108,0.0209346158590978));
#4610=CARTESIAN_POINT('',(-0.007,0.00404145188432738,0.0211012825257645));
#4611=CARTESIAN_POINT('',(-0.007,3.32542632918471E-18,0.0212679491924311));
#4612=CARTESIAN_POINT('',(-0.00700000000000001,-0.00404145188432738,0.0214346158590978));
#4613=CARTESIAN_POINT('',(-0.0035,-0.00606217782649107,0.0216012825257644));
#4614=CARTESIAN_POINT('',(-3.46454577983469E-18,-0.00808290376865476,0.0217679491924311));
#4615=CARTESIAN_POINT('',(0.0035,-0.00606217782649107,0.0219346158590978));
#4616=CARTESIAN_POINT('',(0.007,-0.00404145188432738,0.0221012825257644));
#4617=CARTESIAN_POINT('',(0.007,-2.67534298663732E-18,0.0222679491924311));
#4618=CARTESIAN_POINT('',(0.00700000000000001,0.00404145188432738,0.0224346158590978));
#4619=CARTESIAN_POINT('',(0.0035,0.00606217782649107,0.0226012825257644));
#4620=CARTESIAN_POINT('',(1.88125373943085E-17,0.00808290376865476,0.0227679491924311));
#4621=CARTESIAN_POINT('',(-0.0035,0.00606217782649108,0.0229346158590978));
#4622=CARTESIAN_POINT('',(-0.007,0.00404145188432738,0.0231012825257644));
#4623=CARTESIAN_POINT('',(-0.007,1.74744297237927E-17,0.0232679491924312));
#4624=CARTESIAN_POINT('',(-0.00700000000000001,-0.00404145188432738,0.0234346158590978));
#4625=CARTESIAN_POINT('',(-0.0035,-0.00606217782649106,0.0236012825257645));
#4626=CARTESIAN_POINT('',(-1.98024076171184E-17,-0.00808290376865476,0.0237679491924311));
#4627=CARTESIAN_POINT('',(0.0035,-0.00606217782649108,0.0239346158590978));
#4628=CARTESIAN_POINT('',(0.00699999999999999,-0.00404145188432738,0.0241012825257645));
#4629=CARTESIAN_POINT('',(0.007,-4.38984850544361E-18,0.0242679491924311));
#4630=CARTESIAN_POINT('',(0.00700000000000001,0.00404145188432738,0.0244346158590978));
#4631=CARTESIAN_POINT('',(0.0035,0.00606217782649107,0.0246012825257644));
#4632=CARTESIAN_POINT('',(2.07922778399284E-17,0.00808290376865476,0.0247679491924311));
#4633=CARTESIAN_POINT('',(-0.0035,0.00606217782649108,0.0249346158590978));
#4634=CARTESIAN_POINT('',(-0.00699999999999999,0.00404145188432738,0.0251012825257645));
#4635=CARTESIAN_POINT('',(-0.007,6.7544373667973E-18,0.0252679491924311));
#4636=CARTESIAN_POINT('',(-0.00700000000000001,-0.00404145188432738,0.0254346158590978));
#4637=CARTESIAN_POINT('',(-0.0035,-0.00606217782649106,0.0256012825257644));
#4638=CARTESIAN_POINT('',(-2.17821480627383E-17,-0.00808290376865476,0.0257679491924311));
#4639=CARTESIAN_POINT('',(0.0035,-0.00606217782649108,0.0259346158590978));
#4640=CARTESIAN_POINT('',(0.00699999999999999,-0.00404145188432738,0.0261012825257645));
#4641=CARTESIAN_POINT('',(0.007,-6.10435402424991E-18,0.0262679491924311));
#4642=CARTESIAN_POINT('',(0.00700000000000001,0.00404145188432738,0.0264346158590978));
#4643=CARTESIAN_POINT('',(0.0035,0.00606217782649107,0.0266012825257644));
#4644=CARTESIAN_POINT('',(2.27720182855482E-17,0.00808290376865476,0.0267679491924311));
#4645=CARTESIAN_POINT('',(-0.0035,0.00606217782649108,0.0269346158590978));
#4646=CARTESIAN_POINT('',(-0.00699999999999999,0.00404145188432738,0.0271012825257644));
#4647=CARTESIAN_POINT('',(-0.007,3.33379386372071E-17,0.0272679491924311));
#4648=CARTESIAN_POINT('',(-0.00700000000000001,-0.00404145188432738,0.0274346158590978));
#4649=CARTESIAN_POINT('',(-0.0035,-0.00606217782649106,0.0276012825257645));
#4650=CARTESIAN_POINT('',(-2.37618885083581E-17,-0.00808290376865476,0.0277679491924311));
#4651=CARTESIAN_POINT('',(0.0035,-0.00606217782649108,0.0279346158590978));
#4652=CARTESIAN_POINT('',(0.00699999999999999,-0.00404145188432738,0.0281012825257644));
#4653=CARTESIAN_POINT('',(0.007,-3.26878552946597E-17,0.0282679491924311));
#4654=CARTESIAN_POINT('',(0.00700000000000001,0.00404145188432738,0.0284346158590978));
#4655=CARTESIAN_POINT('',(0.0035,0.00606217782649106,0.0286012825257644));
#4656=CARTESIAN_POINT('',(5.34680015144959E-17,0.00808290376865476,0.0287679491924311));
#4657=CARTESIAN_POINT('',(-0.0035,0.00606217782649109,0.0289346158590978));
#4658=CARTESIAN_POINT('',(-0.007,0.00404145188432738,0.0291012825257645));
#4659=CARTESIAN_POINT('',(-0.007,3.50524441560134E-17,0.0292679491924311));
#4660=CARTESIAN_POINT('',(-0.00700000000000001,-0.00404145188432738,0.0294346158590978));
#4661=CARTESIAN_POINT('',(-0.0035,-0.00606217782649105,0.0296012825257644));
#4662=CARTESIAN_POINT('',(-2.57416289539779E-17,-0.00808290376865476,0.0297679491924311));
#4663=CARTESIAN_POINT('',(0.00349999999999995,-0.0060621778264911,0.0299346158590978));
#4664=CARTESIAN_POINT('',(0.00699999999999999,-0.00404145188432738,0.0301012825257645));
#4665=CARTESIAN_POINT('',(0.007,-9.5333650618625E-18,0.0302679491924311));
#4666=CARTESIAN_POINT('',(0.00700000000000002,0.00404145188432734,0.0304346158590978));
#4667=CARTESIAN_POINT('',(0.0035,0.00606217782649106,0.0306012825257644));
#4668=CARTESIAN_POINT('',(5.54477419601157E-17,0.00808290376865476,0.0307679491924311));
#4669=CARTESIAN_POINT('',(-0.0035,0.00606217782649109,0.0309346158590978));
#4670=CARTESIAN_POINT('',(-0.007,0.00404145188432738,0.0311012825257644));
#4671=CARTESIAN_POINT('',(-0.007,3.67669496748197E-17,0.0312679491924312));
#4672=CARTESIAN_POINT('',(-0.00700000000000001,-0.00404145188432738,0.0314346158590978));
#4673=CARTESIAN_POINT('',(-0.0035,-0.00606217782649105,0.0316012825257645));
#4674=CARTESIAN_POINT('',(-2.77213693995978E-17,-0.00808290376865476,0.0317679491924311));
#4675=CARTESIAN_POINT('',(0.00349999999999995,-0.0060621778264911,0.0319346158590978));
#4676=CARTESIAN_POINT('',(0.00699999999999999,-0.00404145188432738,0.0321012825257644));
#4677=CARTESIAN_POINT('',(0.007,-1.12478705806688E-17,0.0322679491924312));
#4678=CARTESIAN_POINT('',(-0.007,3.33379386372071E-17,0.0272679491924311));
#4679=CARTESIAN_POINT('',(0.007,-3.26878552946597E-17,0.0282679491924311));
#4680=CARTESIAN_POINT('',(-0.007,1.61092081037841E-18,0.017607434731965));
#4681=CARTESIAN_POINT('',(-0.007,1.61092081037841E-18,0.0305901221556207));
#4682=CARTESIAN_POINT('',(-0.007,3.33379386372071E-17,0.0280093491924311));
#4683=CARTESIAN_POINT('',(0.007,7.53668050975267E-19,0.0190093491924311));
#4684=CARTESIAN_POINT('',(0.007,0.00404145188432738,0.0191760158590978));
#4685=CARTESIAN_POINT('',(0.0035,0.00606217782649107,0.0193426825257645));
#4686=CARTESIAN_POINT('',(4.94935111404956E-19,0.00808290376865476,0.0195093491924311));
#4687=CARTESIAN_POINT('',(-0.0035,0.00606217782649107,0.0196760158590978));
#4688=CARTESIAN_POINT('',(-0.007,0.00404145188432738,0.0198426825257645));
#4689=CARTESIAN_POINT('',(-0.007,1.61092081037842E-18,0.0200093491924311));
#4690=CARTESIAN_POINT('',(-0.007,-0.00404145188432738,0.0201760158590978));
#4691=CARTESIAN_POINT('',(-0.0035,-0.00606217782649107,0.0203426825257645));
#4692=CARTESIAN_POINT('',(-1.48480533421487E-18,-0.00808290376865476,0.0205093491924311));
#4693=CARTESIAN_POINT('',(0.0035,-0.00606217782649107,0.0206760158590978));
#4694=CARTESIAN_POINT('',(0.007,-0.00404145188432738,0.0208426825257645));
#4695=CARTESIAN_POINT('',(0.007,-9.60837467831028E-19,0.0210093491924311));
#4696=CARTESIAN_POINT('',(0.00700000000000001,0.00404145188432738,0.0211760158590978));
#4697=CARTESIAN_POINT('',(0.0035,0.00606217782649107,0.0213426825257645));
#4698=CARTESIAN_POINT('',(9.65373625285676E-18,0.00808290376865476,0.0215093491924311));
#4699=CARTESIAN_POINT('',(-0.0035,0.00606217782649108,0.0216760158590978));
#4700=CARTESIAN_POINT('',(-0.007,0.00404145188432738,0.0218426825257644));
#4701=CARTESIAN_POINT('',(-0.007,3.32542632918471E-18,0.0220093491924311));
#4702=CARTESIAN_POINT('',(-0.00700000000000001,-0.00404145188432738,0.0221760158590978));
#4703=CARTESIAN_POINT('',(-0.0035,-0.00606217782649107,0.0223426825257644));
#4704=CARTESIAN_POINT('',(-3.46454577983469E-18,-0.00808290376865476,0.0225093491924311));
#4705=CARTESIAN_POINT('',(0.0035,-0.00606217782649107,0.0226760158590978));
#4706=CARTESIAN_POINT('',(0.007,-0.00404145188432738,0.0228426825257644));
#4707=CARTESIAN_POINT('',(0.007,-2.67534298663732E-18,0.0230093491924311));
#4708=CARTESIAN_POINT('',(0.00700000000000001,0.00404145188432738,0.0231760158590978));
#4709=CARTESIAN_POINT('',(0.0035,0.00606217782649107,0.0233426825257644));
#4710=CARTESIAN_POINT('',(1.88125373943085E-17,0.00808290376865476,0.0235093491924311));
#4711=CARTESIAN_POINT('',(-0.0035,0.00606217782649108,0.0236760158590978));
#4712=CARTESIAN_POINT('',(-0.007,0.00404145188432738,0.0238426825257645));
#4713=CARTESIAN_POINT('',(-0.007,1.74744297237927E-17,0.0240093491924311));
#4714=CARTESIAN_POINT('',(-0.00700000000000001,-0.00404145188432738,0.0241760158590978));
#4715=CARTESIAN_POINT('',(-0.0035,-0.00606217782649106,0.0243426825257645));
#4716=CARTESIAN_POINT('',(-1.98024076171184E-17,-0.00808290376865476,0.0245093491924311));
#4717=CARTESIAN_POINT('',(0.0035,-0.00606217782649108,0.0246760158590978));
#4718=CARTESIAN_POINT('',(0.00699999999999999,-0.00404145188432738,0.0248426825257645));
#4719=CARTESIAN_POINT('',(0.007,-4.38984850544361E-18,0.0250093491924311));
#4720=CARTESIAN_POINT('',(0.00700000000000001,0.00404145188432738,0.0251760158590978));
#4721=CARTESIAN_POINT('',(0.0035,0.00606217782649107,0.0253426825257645));
#4722=CARTESIAN_POINT('',(2.07922778399284E-17,0.00808290376865476,0.0255093491924311));
#4723=CARTESIAN_POINT('',(-0.0035,0.00606217782649108,0.0256760158590978));
#4724=CARTESIAN_POINT('',(-0.00699999999999999,0.00404145188432738,0.0258426825257644));
#4725=CARTESIAN_POINT('',(-0.007,6.7544373667973E-18,0.0260093491924311));
#4726=CARTESIAN_POINT('',(-0.00700000000000001,-0.00404145188432738,0.0261760158590978));
#4727=CARTESIAN_POINT('',(-0.0035,-0.00606217782649106,0.0263426825257644));
#4728=CARTESIAN_POINT('',(-2.17821480627383E-17,-0.00808290376865476,0.0265093491924311));
#4729=CARTESIAN_POINT('',(0.0035,-0.00606217782649108,0.0266760158590978));
#4730=CARTESIAN_POINT('',(0.00699999999999999,-0.00404145188432738,0.0268426825257644));
#4731=CARTESIAN_POINT('',(0.007,-6.10435402424991E-18,0.0270093491924311));
#4732=CARTESIAN_POINT('',(0.00700000000000001,0.00404145188432738,0.0271760158590978));
#4733=CARTESIAN_POINT('',(0.0035,0.00606217782649107,0.0273426825257644));
#4734=CARTESIAN_POINT('',(2.27720182855482E-17,0.00808290376865476,0.0275093491924311));
#4735=CARTESIAN_POINT('',(-0.0035,0.00606217782649108,0.0276760158590978));
#4736=CARTESIAN_POINT('',(-0.00699999999999999,0.00404145188432738,0.0278426825257645));
#4737=CARTESIAN_POINT('',(-0.007,3.33379386372071E-17,0.0280093491924311));
#4738=CARTESIAN_POINT('',(-0.00700000000000001,-0.00404145188432738,0.0281760158590978));
#4739=CARTESIAN_POINT('',(-0.0035,-0.00606217782649106,0.0283426825257645));
#4740=CARTESIAN_POINT('',(-2.37618885083581E-17,-0.00808290376865476,0.0285093491924311));
#4741=CARTESIAN_POINT('',(0.0035,-0.00606217782649108,0.0286760158590978));
#4742=CARTESIAN_POINT('',(0.00699999999999999,-0.00404145188432738,0.0288426825257645));
#4743=CARTESIAN_POINT('',(0.007,-3.26878552946597E-17,0.0290093491924312));
#4744=CARTESIAN_POINT('',(0.00700000000000001,0.00404145188432738,0.0291760158590978));
#4745=CARTESIAN_POINT('',(0.0035,0.00606217782649106,0.0293426825257645));
#4746=CARTESIAN_POINT('',(5.34680015144959E-17,0.00808290376865476,0.0295093491924311));
#4747=CARTESIAN_POINT('',(-0.0035,0.00606217782649109,0.0296760158590978));
#4748=CARTESIAN_POINT('',(-0.007,0.00404145188432738,0.0298426825257645));
#4749=CARTESIAN_POINT('',(-0.007,3.50524441560134E-17,0.0300093491924311));
#4750=CARTESIAN_POINT('',(-0.00700000000000001,-0.00404145188432738,0.0301760158590978));
#4751=CARTESIAN_POINT('',(-0.0035,-0.00606217782649105,0.0303426825257644));
#4752=CARTESIAN_POINT('',(-2.57416289539779E-17,-0.00808290376865476,0.0305093491924311));
#4753=CARTESIAN_POINT('',(0.00349999999999995,-0.0060621778264911,0.0306760158590978));
#4754=CARTESIAN_POINT('',(0.00699999999999999,-0.00404145188432738,0.0308426825257644));
#4755=CARTESIAN_POINT('',(0.007,-9.5333650618625E-18,0.0310093491924311));
#4756=CARTESIAN_POINT('',(0.00700000000000002,0.00404145188432734,0.0311760158590978));
#4757=CARTESIAN_POINT('',(0.0035,0.00606217782649106,0.0313426825257645));
#4758=CARTESIAN_POINT('',(5.54477419601157E-17,0.00808290376865476,0.0315093491924311));
#4759=CARTESIAN_POINT('',(-0.0035,0.00606217782649109,0.0316760158590978));
#4760=CARTESIAN_POINT('',(-0.007,0.00404145188432738,0.0318426825257644));
#4761=CARTESIAN_POINT('',(-0.007,3.67669496748197E-17,0.0320093491924311));
#4762=CARTESIAN_POINT('',(-0.00700000000000001,-0.00404145188432738,0.0321760158590978));
#4763=CARTESIAN_POINT('',(-0.0035,-0.00606217782649105,0.0323426825257645));
#4764=CARTESIAN_POINT('',(-2.77213693995978E-17,-0.00808290376865476,0.0325093491924311));
#4765=CARTESIAN_POINT('',(0.00349999999999995,-0.0060621778264911,0.0326760158590978));
#4766=CARTESIAN_POINT('',(0.00699999999999999,-0.00404145188432738,0.0328426825257645));
#4767=CARTESIAN_POINT('',(0.007,-1.12478705806688E-17,0.0330093491924311));
#4768=CARTESIAN_POINT('',(0.007,-3.26878552946597E-17,0.0290093491924312));
#4769=CARTESIAN_POINT('',(0.007,7.53668050975267E-19,0.017607434731965));
#4770=CARTESIAN_POINT('',(0.007,7.53668050975267E-19,0.0305901221556207));
#4771=CARTESIAN_POINT('',(-0.007,1.61092081037841E-18,0.0292635568875857));
#4772=CARTESIAN_POINT('',(-0.007,1.61092081037841E-18,0.03));
#4773=CARTESIAN_POINT('',(-0.007,-0.00608659608166156,0.0292635568875857));
#4774=CARTESIAN_POINT('',(-0.007,-0.00608659608166156,0.03));
#4775=CARTESIAN_POINT('',(-0.00123917825162897,-0.0107540570241339,0.0292635568875857));
#4776=CARTESIAN_POINT('',(-0.00123917825162897,-0.0107540570241339,0.03));
#4777=CARTESIAN_POINT('',(0.00478632609148503,-0.00510794308366583,0.0292635568875857));
#4778=CARTESIAN_POINT('',(0.00478632609148503,-0.00510794308366583,0.03));
#4779=CARTESIAN_POINT('',(0.007,7.53668050975267E-19,0.0182679491924311));
#4780=CARTESIAN_POINT('',(0.007,0.00404145188432738,0.0184346158590978));
#4781=CARTESIAN_POINT('',(0.0035,0.00606217782649107,0.0186012825257645));
#4782=CARTESIAN_POINT('',(4.94935111404956E-19,0.00808290376865476,0.0187679491924311));
#4783=CARTESIAN_POINT('',(-0.0035,0.00606217782649107,0.0189346158590978));
#4784=CARTESIAN_POINT('',(-0.007,0.00404145188432738,0.0191012825257644));
#4785=CARTESIAN_POINT('',(-0.007,1.61092081037842E-18,0.0192679491924311));
#4786=CARTESIAN_POINT('',(-0.007,-0.00404145188432738,0.0194346158590978));
#4787=CARTESIAN_POINT('',(-0.0035,-0.00606217782649107,0.0196012825257645));
#4788=CARTESIAN_POINT('',(-1.48480533421487E-18,-0.00808290376865476,0.0197679491924311));
#4789=CARTESIAN_POINT('',(0.0035,-0.00606217782649107,0.0199346158590978));
#4790=CARTESIAN_POINT('',(0.007,-0.00404145188432738,0.0201012825257645));
#4791=CARTESIAN_POINT('',(0.007,-9.60837467831028E-19,0.0202679491924311));
#4792=CARTESIAN_POINT('',(0.00700000000000001,0.00404145188432738,0.0204346158590978));
#4793=CARTESIAN_POINT('',(0.0035,0.00606217782649107,0.0206012825257645));
#4794=CARTESIAN_POINT('',(9.65373625285676E-18,0.00808290376865476,0.0207679491924311));
#4795=CARTESIAN_POINT('',(-0.0035,0.00606217782649108,0.0209346158590978));
#4796=CARTESIAN_POINT('',(-0.007,0.00404145188432738,0.0211012825257645));
#4797=CARTESIAN_POINT('',(-0.007,3.32542632918471E-18,0.0212679491924311));
#4798=CARTESIAN_POINT('',(-0.00700000000000001,-0.00404145188432738,0.0214346158590978));
#4799=CARTESIAN_POINT('',(-0.0035,-0.00606217782649107,0.0216012825257644));
#4800=CARTESIAN_POINT('',(-3.46454577983469E-18,-0.00808290376865476,0.0217679491924311));
#4801=CARTESIAN_POINT('',(0.0035,-0.00606217782649107,0.0219346158590978));
#4802=CARTESIAN_POINT('',(0.007,-0.00404145188432738,0.0221012825257644));
#4803=CARTESIAN_POINT('',(0.007,-2.67534298663732E-18,0.0222679491924311));
#4804=CARTESIAN_POINT('',(0.00700000000000001,0.00404145188432738,0.0224346158590978));
#4805=CARTESIAN_POINT('',(0.0035,0.00606217782649107,0.0226012825257644));
#4806=CARTESIAN_POINT('',(1.88125373943085E-17,0.00808290376865476,0.0227679491924311));
#4807=CARTESIAN_POINT('',(-0.0035,0.00606217782649108,0.0229346158590978));
#4808=CARTESIAN_POINT('',(-0.007,0.00404145188432738,0.0231012825257644));
#4809=CARTESIAN_POINT('',(-0.007,1.74744297237927E-17,0.0232679491924312));
#4810=CARTESIAN_POINT('',(-0.00700000000000001,-0.00404145188432738,0.0234346158590978));
#4811=CARTESIAN_POINT('',(-0.0035,-0.00606217782649106,0.0236012825257645));
#4812=CARTESIAN_POINT('',(-1.98024076171184E-17,-0.00808290376865476,0.0237679491924311));
#4813=CARTESIAN_POINT('',(0.0035,-0.00606217782649108,0.0239346158590978));
#4814=CARTESIAN_POINT('',(0.00699999999999999,-0.00404145188432738,0.0241012825257645));
#4815=CARTESIAN_POINT('',(0.007,-4.38984850544361E-18,0.0242679491924311));
#4816=CARTESIAN_POINT('',(0.00700000000000001,0.00404145188432738,0.0244346158590978));
#4817=CARTESIAN_POINT('',(0.0035,0.00606217782649107,0.0246012825257644));
#4818=CARTESIAN_POINT('',(2.07922778399284E-17,0.00808290376865476,0.0247679491924311));
#4819=CARTESIAN_POINT('',(-0.0035,0.00606217782649108,0.0249346158590978));
#4820=CARTESIAN_POINT('',(-0.00699999999999999,0.00404145188432738,0.0251012825257645));
#4821=CARTESIAN_POINT('',(-0.007,6.7544373667973E-18,0.0252679491924311));
#4822=CARTESIAN_POINT('',(-0.00700000000000001,-0.00404145188432738,0.0254346158590978));
#4823=CARTESIAN_POINT('',(-0.0035,-0.00606217782649106,0.0256012825257644));
#4824=CARTESIAN_POINT('',(-2.17821480627383E-17,-0.00808290376865476,0.0257679491924311));
#4825=CARTESIAN_POINT('',(0.0035,-0.00606217782649108,0.0259346158590978));
#4826=CARTESIAN_POINT('',(0.00699999999999999,-0.00404145188432738,0.0261012825257645));
#4827=CARTESIAN_POINT('',(0.007,-6.10435402424991E-18,0.0262679491924311));
#4828=CARTESIAN_POINT('',(0.00700000000000001,0.00404145188432738,0.0264346158590978));
#4829=CARTESIAN_POINT('',(0.0035,0.00606217782649107,0.0266012825257644));
#4830=CARTESIAN_POINT('',(2.27720182855482E-17,0.00808290376865476,0.0267679491924311));
#4831=CARTESIAN_POINT('',(-0.0035,0.00606217782649108,0.0269346158590978));
#4832=CARTESIAN_POINT('',(-0.00699999999999999,0.00404145188432738,0.0271012825257644));
#4833=CARTESIAN_POINT('',(-0.007,3.33379386372071E-17,0.0272679491924311));
#4834=CARTESIAN_POINT('',(-0.00700000000000001,-0.00404145188432738,0.0274346158590978));
#4835=CARTESIAN_POINT('',(-0.0035,-0.00606217782649106,0.0276012825257645));
#4836=CARTESIAN_POINT('',(-2.37618885083581E-17,-0.00808290376865476,0.0277679491924311));
#4837=CARTESIAN_POINT('',(0.0035,-0.00606217782649108,0.0279346158590978));
#4838=CARTESIAN_POINT('',(0.00699999999999999,-0.00404145188432738,0.0281012825257644));
#4839=CARTESIAN_POINT('',(0.007,-3.26878552946597E-17,0.0282679491924311));
#4840=CARTESIAN_POINT('',(0.00700000000000001,0.00404145188432738,0.0284346158590978));
#4841=CARTESIAN_POINT('',(0.0035,0.00606217782649106,0.0286012825257644));
#4842=CARTESIAN_POINT('',(5.34680015144959E-17,0.00808290376865476,0.0287679491924311));
#4843=CARTESIAN_POINT('',(-0.0035,0.00606217782649109,0.0289346158590978));
#4844=CARTESIAN_POINT('',(-0.007,0.00404145188432738,0.0291012825257645));
#4845=CARTESIAN_POINT('',(-0.007,3.50524441560134E-17,0.0292679491924311));
#4846=CARTESIAN_POINT('',(-0.00700000000000001,-0.00404145188432738,0.0294346158590978));
#4847=CARTESIAN_POINT('',(-0.0035,-0.00606217782649105,0.0296012825257644));
#4848=CARTESIAN_POINT('',(-2.57416289539779E-17,-0.00808290376865476,0.0297679491924311));
#4849=CARTESIAN_POINT('',(0.00349999999999995,-0.0060621778264911,0.0299346158590978));
#4850=CARTESIAN_POINT('',(0.00699999999999999,-0.00404145188432738,0.0301012825257645));
#4851=CARTESIAN_POINT('',(0.007,-9.5333650618625E-18,0.0302679491924311));
#4852=CARTESIAN_POINT('',(0.00700000000000002,0.00404145188432734,0.0304346158590978));
#4853=CARTESIAN_POINT('',(0.0035,0.00606217782649106,0.0306012825257644));
#4854=CARTESIAN_POINT('',(5.54477419601157E-17,0.00808290376865476,0.0307679491924311));
#4855=CARTESIAN_POINT('',(-0.0035,0.00606217782649109,0.0309346158590978));
#4856=CARTESIAN_POINT('',(-0.007,0.00404145188432738,0.0311012825257644));
#4857=CARTESIAN_POINT('',(-0.007,3.67669496748197E-17,0.0312679491924312));
#4858=CARTESIAN_POINT('',(-0.00700000000000001,-0.00404145188432738,0.0314346158590978));
#4859=CARTESIAN_POINT('',(-0.0035,-0.00606217782649105,0.0316012825257645));
#4860=CARTESIAN_POINT('',(-2.77213693995978E-17,-0.00808290376865476,0.0317679491924311));
#4861=CARTESIAN_POINT('',(0.00349999999999995,-0.0060621778264911,0.0319346158590978));
#4862=CARTESIAN_POINT('',(0.00699999999999999,-0.00404145188432738,0.0321012825257644));
#4863=CARTESIAN_POINT('',(0.007,-1.12478705806688E-17,0.0322679491924312));
#4864=CARTESIAN_POINT('',(-0.007,3.50524441560134E-17,0.0292679491924311));
#4865=CARTESIAN_POINT('',(0.00471209551958287,-0.00517650034427963,0.03));
#4866=CARTESIAN_POINT('',(-0.007,1.61092081037841E-18,0.017607434731965));
#4867=CARTESIAN_POINT('',(-0.007,1.61092081037841E-18,0.0305901221556207));
#4868=CARTESIAN_POINT('',(-0.007,1.61092081037841E-18,0.03));
#4869=CARTESIAN_POINT('',(0.,7.53668050975267E-19,0.03));
#4870=CARTESIAN_POINT('',(0.007,7.53668050975267E-19,0.0202575007924311));
#4871=CARTESIAN_POINT('',(0.007,7.53668050975267E-19,0.0220197975924311));
#4872=CARTESIAN_POINT('',(0.007,0.014,0.0202575007924311));
#4873=CARTESIAN_POINT('',(0.007,0.014,0.0220197975924311));
#4874=CARTESIAN_POINT('',(-0.007,0.014,0.0202575007924311));
#4875=CARTESIAN_POINT('',(-0.007,0.014,0.0220197975924311));
#4876=CARTESIAN_POINT('',(-0.007,1.61092081037841E-18,0.0202575007924311));
#4877=CARTESIAN_POINT('',(-0.007,1.61092081037841E-18,0.0220197975924311));
#4878=CARTESIAN_POINT('',(0.007,7.53668050975267E-19,0.0182679491924311));
#4879=CARTESIAN_POINT('',(0.007,0.00404145188432738,0.0184346158590978));
#4880=CARTESIAN_POINT('',(0.0035,0.00606217782649107,0.0186012825257645));
#4881=CARTESIAN_POINT('',(4.94935111404956E-19,0.00808290376865476,0.0187679491924311));
#4882=CARTESIAN_POINT('',(-0.0035,0.00606217782649107,0.0189346158590978));
#4883=CARTESIAN_POINT('',(-0.007,0.00404145188432738,0.0191012825257644));
#4884=CARTESIAN_POINT('',(-0.007,1.61092081037842E-18,0.0192679491924311));
#4885=CARTESIAN_POINT('',(-0.007,-0.00404145188432738,0.0194346158590978));
#4886=CARTESIAN_POINT('',(-0.0035,-0.00606217782649107,0.0196012825257645));
#4887=CARTESIAN_POINT('',(-1.48480533421487E-18,-0.00808290376865476,0.0197679491924311));
#4888=CARTESIAN_POINT('',(0.0035,-0.00606217782649107,0.0199346158590978));
#4889=CARTESIAN_POINT('',(0.007,-0.00404145188432738,0.0201012825257645));
#4890=CARTESIAN_POINT('',(0.007,-9.60837467831028E-19,0.0202679491924311));
#4891=CARTESIAN_POINT('',(0.00700000000000001,0.00404145188432738,0.0204346158590978));
#4892=CARTESIAN_POINT('',(0.0035,0.00606217782649107,0.0206012825257645));
#4893=CARTESIAN_POINT('',(9.65373625285676E-18,0.00808290376865476,0.0207679491924311));
#4894=CARTESIAN_POINT('',(-0.0035,0.00606217782649108,0.0209346158590978));
#4895=CARTESIAN_POINT('',(-0.007,0.00404145188432738,0.0211012825257645));
#4896=CARTESIAN_POINT('',(-0.007,3.32542632918471E-18,0.0212679491924311));
#4897=CARTESIAN_POINT('',(-0.00700000000000001,-0.00404145188432738,0.0214346158590978));
#4898=CARTESIAN_POINT('',(-0.0035,-0.00606217782649107,0.0216012825257644));
#4899=CARTESIAN_POINT('',(-3.46454577983469E-18,-0.00808290376865476,0.0217679491924311));
#4900=CARTESIAN_POINT('',(0.0035,-0.00606217782649107,0.0219346158590978));
#4901=CARTESIAN_POINT('',(0.007,-0.00404145188432738,0.0221012825257644));
#4902=CARTESIAN_POINT('',(0.007,-2.67534298663732E-18,0.0222679491924311));
#4903=CARTESIAN_POINT('',(0.00700000000000001,0.00404145188432738,0.0224346158590978));
#4904=CARTESIAN_POINT('',(0.0035,0.00606217782649107,0.0226012825257644));
#4905=CARTESIAN_POINT('',(1.88125373943085E-17,0.00808290376865476,0.0227679491924311));
#4906=CARTESIAN_POINT('',(-0.0035,0.00606217782649108,0.0229346158590978));
#4907=CARTESIAN_POINT('',(-0.007,0.00404145188432738,0.0231012825257644));
#4908=CARTESIAN_POINT('',(-0.007,1.74744297237927E-17,0.0232679491924312));
#4909=CARTESIAN_POINT('',(-0.00700000000000001,-0.00404145188432738,0.0234346158590978));
#4910=CARTESIAN_POINT('',(-0.0035,-0.00606217782649106,0.0236012825257645));
#4911=CARTESIAN_POINT('',(-1.98024076171184E-17,-0.00808290376865476,0.0237679491924311));
#4912=CARTESIAN_POINT('',(0.0035,-0.00606217782649108,0.0239346158590978));
#4913=CARTESIAN_POINT('',(0.00699999999999999,-0.00404145188432738,0.0241012825257645));
#4914=CARTESIAN_POINT('',(0.007,-4.38984850544361E-18,0.0242679491924311));
#4915=CARTESIAN_POINT('',(0.00700000000000001,0.00404145188432738,0.0244346158590978));
#4916=CARTESIAN_POINT('',(0.0035,0.00606217782649107,0.0246012825257644));
#4917=CARTESIAN_POINT('',(2.07922778399284E-17,0.00808290376865476,0.0247679491924311));
#4918=CARTESIAN_POINT('',(-0.0035,0.00606217782649108,0.0249346158590978));
#4919=CARTESIAN_POINT('',(-0.00699999999999999,0.00404145188432738,0.0251012825257645));
#4920=CARTESIAN_POINT('',(-0.007,6.7544373667973E-18,0.0252679491924311));
#4921=CARTESIAN_POINT('',(-0.00700000000000001,-0.00404145188432738,0.0254346158590978));
#4922=CARTESIAN_POINT('',(-0.0035,-0.00606217782649106,0.0256012825257644));
#4923=CARTESIAN_POINT('',(-2.17821480627383E-17,-0.00808290376865476,0.0257679491924311));
#4924=CARTESIAN_POINT('',(0.0035,-0.00606217782649108,0.0259346158590978));
#4925=CARTESIAN_POINT('',(0.00699999999999999,-0.00404145188432738,0.0261012825257645));
#4926=CARTESIAN_POINT('',(0.007,-6.10435402424991E-18,0.0262679491924311));
#4927=CARTESIAN_POINT('',(0.00700000000000001,0.00404145188432738,0.0264346158590978));
#4928=CARTESIAN_POINT('',(0.0035,0.00606217782649107,0.0266012825257644));
#4929=CARTESIAN_POINT('',(2.27720182855482E-17,0.00808290376865476,0.0267679491924311));
#4930=CARTESIAN_POINT('',(-0.0035,0.00606217782649108,0.0269346158590978));
#4931=CARTESIAN_POINT('',(-0.00699999999999999,0.00404145188432738,0.0271012825257644));
#4932=CARTESIAN_POINT('',(-0.007,3.33379386372071E-17,0.0272679491924311));
#4933=CARTESIAN_POINT('',(-0.00700000000000001,-0.00404145188432738,0.0274346158590978));
#4934=CARTESIAN_POINT('',(-0.0035,-0.00606217782649106,0.0276012825257645));
#4935=CARTESIAN_POINT('',(-2.37618885083581E-17,-0.00808290376865476,0.0277679491924311));
#4936=CARTESIAN_POINT('',(0.0035,-0.00606217782649108,0.0279346158590978));
#4937=CARTESIAN_POINT('',(0.00699999999999999,-0.00404145188432738,0.0281012825257644));
#4938=CARTESIAN_POINT('',(0.007,-3.26878552946597E-17,0.0282679491924311));
#4939=CARTESIAN_POINT('',(0.00700000000000001,0.00404145188432738,0.0284346158590978));
#4940=CARTESIAN_POINT('',(0.0035,0.00606217782649106,0.0286012825257644));
#4941=CARTESIAN_POINT('',(5.34680015144959E-17,0.00808290376865476,0.0287679491924311));
#4942=CARTESIAN_POINT('',(-0.0035,0.00606217782649109,0.0289346158590978));
#4943=CARTESIAN_POINT('',(-0.007,0.00404145188432738,0.0291012825257645));
#4944=CARTESIAN_POINT('',(-0.007,3.50524441560134E-17,0.0292679491924311));
#4945=CARTESIAN_POINT('',(-0.00700000000000001,-0.00404145188432738,0.0294346158590978));
#4946=CARTESIAN_POINT('',(-0.0035,-0.00606217782649105,0.0296012825257644));
#4947=CARTESIAN_POINT('',(-2.57416289539779E-17,-0.00808290376865476,0.0297679491924311));
#4948=CARTESIAN_POINT('',(0.00349999999999995,-0.0060621778264911,0.0299346158590978));
#4949=CARTESIAN_POINT('',(0.00699999999999999,-0.00404145188432738,0.0301012825257645));
#4950=CARTESIAN_POINT('',(0.007,-9.5333650618625E-18,0.0302679491924311));
#4951=CARTESIAN_POINT('',(0.00700000000000002,0.00404145188432734,0.0304346158590978));
#4952=CARTESIAN_POINT('',(0.0035,0.00606217782649106,0.0306012825257644));
#4953=CARTESIAN_POINT('',(5.54477419601157E-17,0.00808290376865476,0.0307679491924311));
#4954=CARTESIAN_POINT('',(-0.0035,0.00606217782649109,0.0309346158590978));
#4955=CARTESIAN_POINT('',(-0.007,0.00404145188432738,0.0311012825257644));
#4956=CARTESIAN_POINT('',(-0.007,3.67669496748197E-17,0.0312679491924312));
#4957=CARTESIAN_POINT('',(-0.00700000000000001,-0.00404145188432738,0.0314346158590978));
#4958=CARTESIAN_POINT('',(-0.0035,-0.00606217782649105,0.0316012825257645));
#4959=CARTESIAN_POINT('',(-2.77213693995978E-17,-0.00808290376865476,0.0317679491924311));
#4960=CARTESIAN_POINT('',(0.00349999999999995,-0.0060621778264911,0.0319346158590978));
#4961=CARTESIAN_POINT('',(0.00699999999999999,-0.00404145188432738,0.0321012825257644));
#4962=CARTESIAN_POINT('',(0.007,-1.12478705806688E-17,0.0322679491924312));
#4963=CARTESIAN_POINT('',(0.007,7.53668050975267E-19,0.0190093491924311));
#4964=CARTESIAN_POINT('',(0.007,0.00404145188432738,0.0191760158590978));
#4965=CARTESIAN_POINT('',(0.0035,0.00606217782649107,0.0193426825257645));
#4966=CARTESIAN_POINT('',(4.94935111404956E-19,0.00808290376865476,0.0195093491924311));
#4967=CARTESIAN_POINT('',(-0.0035,0.00606217782649107,0.0196760158590978));
#4968=CARTESIAN_POINT('',(-0.007,0.00404145188432738,0.0198426825257645));
#4969=CARTESIAN_POINT('',(-0.007,1.61092081037842E-18,0.0200093491924311));
#4970=CARTESIAN_POINT('',(-0.007,-0.00404145188432738,0.0201760158590978));
#4971=CARTESIAN_POINT('',(-0.0035,-0.00606217782649107,0.0203426825257645));
#4972=CARTESIAN_POINT('',(-1.48480533421487E-18,-0.00808290376865476,0.0205093491924311));
#4973=CARTESIAN_POINT('',(0.0035,-0.00606217782649107,0.0206760158590978));
#4974=CARTESIAN_POINT('',(0.007,-0.00404145188432738,0.0208426825257645));
#4975=CARTESIAN_POINT('',(0.007,-9.60837467831028E-19,0.0210093491924311));
#4976=CARTESIAN_POINT('',(0.00700000000000001,0.00404145188432738,0.0211760158590978));
#4977=CARTESIAN_POINT('',(0.0035,0.00606217782649107,0.0213426825257645));
#4978=CARTESIAN_POINT('',(9.65373625285676E-18,0.00808290376865476,0.0215093491924311));
#4979=CARTESIAN_POINT('',(-0.0035,0.00606217782649108,0.0216760158590978));
#4980=CARTESIAN_POINT('',(-0.007,0.00404145188432738,0.0218426825257644));
#4981=CARTESIAN_POINT('',(-0.007,3.32542632918471E-18,0.0220093491924311));
#4982=CARTESIAN_POINT('',(-0.00700000000000001,-0.00404145188432738,0.0221760158590978));
#4983=CARTESIAN_POINT('',(-0.0035,-0.00606217782649107,0.0223426825257644));
#4984=CARTESIAN_POINT('',(-3.46454577983469E-18,-0.00808290376865476,0.0225093491924311));
#4985=CARTESIAN_POINT('',(0.0035,-0.00606217782649107,0.0226760158590978));
#4986=CARTESIAN_POINT('',(0.007,-0.00404145188432738,0.0228426825257644));
#4987=CARTESIAN_POINT('',(0.007,-2.67534298663732E-18,0.0230093491924311));
#4988=CARTESIAN_POINT('',(0.00700000000000001,0.00404145188432738,0.0231760158590978));
#4989=CARTESIAN_POINT('',(0.0035,0.00606217782649107,0.0233426825257644));
#4990=CARTESIAN_POINT('',(1.88125373943085E-17,0.00808290376865476,0.0235093491924311));
#4991=CARTESIAN_POINT('',(-0.0035,0.00606217782649108,0.0236760158590978));
#4992=CARTESIAN_POINT('',(-0.007,0.00404145188432738,0.0238426825257645));
#4993=CARTESIAN_POINT('',(-0.007,1.74744297237927E-17,0.0240093491924311));
#4994=CARTESIAN_POINT('',(-0.00700000000000001,-0.00404145188432738,0.0241760158590978));
#4995=CARTESIAN_POINT('',(-0.0035,-0.00606217782649106,0.0243426825257645));
#4996=CARTESIAN_POINT('',(-1.98024076171184E-17,-0.00808290376865476,0.0245093491924311));
#4997=CARTESIAN_POINT('',(0.0035,-0.00606217782649108,0.0246760158590978));
#4998=CARTESIAN_POINT('',(0.00699999999999999,-0.00404145188432738,0.0248426825257645));
#4999=CARTESIAN_POINT('',(0.007,-4.38984850544361E-18,0.0250093491924311));
#5000=CARTESIAN_POINT('',(0.00700000000000001,0.00404145188432738,0.0251760158590978));
#5001=CARTESIAN_POINT('',(0.0035,0.00606217782649107,0.0253426825257645));
#5002=CARTESIAN_POINT('',(2.07922778399284E-17,0.00808290376865476,0.0255093491924311));
#5003=CARTESIAN_POINT('',(-0.0035,0.00606217782649108,0.0256760158590978));
#5004=CARTESIAN_POINT('',(-0.00699999999999999,0.00404145188432738,0.0258426825257644));
#5005=CARTESIAN_POINT('',(-0.007,6.7544373667973E-18,0.0260093491924311));
#5006=CARTESIAN_POINT('',(-0.00700000000000001,-0.00404145188432738,0.0261760158590978));
#5007=CARTESIAN_POINT('',(-0.0035,-0.00606217782649106,0.0263426825257644));
#5008=CARTESIAN_POINT('',(-2.17821480627383E-17,-0.00808290376865476,0.0265093491924311));
#5009=CARTESIAN_POINT('',(0.0035,-0.00606217782649108,0.0266760158590978));
#5010=CARTESIAN_POINT('',(0.00699999999999999,-0.00404145188432738,0.0268426825257644));
#5011=CARTESIAN_POINT('',(0.007,-6.10435402424991E-18,0.0270093491924311));
#5012=CARTESIAN_POINT('',(0.00700000000000001,0.00404145188432738,0.0271760158590978));
#5013=CARTESIAN_POINT('',(0.0035,0.00606217782649107,0.0273426825257644));
#5014=CARTESIAN_POINT('',(2.27720182855482E-17,0.00808290376865476,0.0275093491924311));
#5015=CARTESIAN_POINT('',(-0.0035,0.00606217782649108,0.0276760158590978));
#5016=CARTESIAN_POINT('',(-0.00699999999999999,0.00404145188432738,0.0278426825257645));
#5017=CARTESIAN_POINT('',(-0.007,3.33379386372071E-17,0.0280093491924311));
#5018=CARTESIAN_POINT('',(-0.00700000000000001,-0.00404145188432738,0.0281760158590978));
#5019=CARTESIAN_POINT('',(-0.0035,-0.00606217782649106,0.0283426825257645));
#5020=CARTESIAN_POINT('',(-2.37618885083581E-17,-0.00808290376865476,0.0285093491924311));
#5021=CARTESIAN_POINT('',(0.0035,-0.00606217782649108,0.0286760158590978));
#5022=CARTESIAN_POINT('',(0.00699999999999999,-0.00404145188432738,0.0288426825257645));
#5023=CARTESIAN_POINT('',(0.007,-3.26878552946597E-17,0.0290093491924312));
#5024=CARTESIAN_POINT('',(0.00700000000000001,0.00404145188432738,0.0291760158590978));
#5025=CARTESIAN_POINT('',(0.0035,0.00606217782649106,0.0293426825257645));
#5026=CARTESIAN_POINT('',(5.34680015144959E-17,0.00808290376865476,0.0295093491924311));
#5027=CARTESIAN_POINT('',(-0.0035,0.00606217782649109,0.0296760158590978));
#5028=CARTESIAN_POINT('',(-0.007,0.00404145188432738,0.0298426825257645));
#5029=CARTESIAN_POINT('',(-0.007,3.50524441560134E-17,0.0300093491924311));
#5030=CARTESIAN_POINT('',(-0.00700000000000001,-0.00404145188432738,0.0301760158590978));
#5031=CARTESIAN_POINT('',(-0.0035,-0.00606217782649105,0.0303426825257644));
#5032=CARTESIAN_POINT('',(-2.57416289539779E-17,-0.00808290376865476,0.0305093491924311));
#5033=CARTESIAN_POINT('',(0.00349999999999995,-0.0060621778264911,0.0306760158590978));
#5034=CARTESIAN_POINT('',(0.00699999999999999,-0.00404145188432738,0.0308426825257644));
#5035=CARTESIAN_POINT('',(0.007,-9.5333650618625E-18,0.0310093491924311));
#5036=CARTESIAN_POINT('',(0.00700000000000002,0.00404145188432734,0.0311760158590978));
#5037=CARTESIAN_POINT('',(0.0035,0.00606217782649106,0.0313426825257645));
#5038=CARTESIAN_POINT('',(5.54477419601157E-17,0.00808290376865476,0.0315093491924311));
#5039=CARTESIAN_POINT('',(-0.0035,0.00606217782649109,0.0316760158590978));
#5040=CARTESIAN_POINT('',(-0.007,0.00404145188432738,0.0318426825257644));
#5041=CARTESIAN_POINT('',(-0.007,3.67669496748197E-17,0.0320093491924311));
#5042=CARTESIAN_POINT('',(-0.00700000000000001,-0.00404145188432738,0.0321760158590978));
#5043=CARTESIAN_POINT('',(-0.0035,-0.00606217782649105,0.0323426825257645));
#5044=CARTESIAN_POINT('',(-2.77213693995978E-17,-0.00808290376865476,0.0325093491924311));
#5045=CARTESIAN_POINT('',(0.00349999999999995,-0.0060621778264911,0.0326760158590978));
#5046=CARTESIAN_POINT('',(0.00699999999999999,-0.00404145188432738,0.0328426825257645));
#5047=CARTESIAN_POINT('',(0.007,-1.12478705806688E-17,0.0330093491924311));
#5048=CARTESIAN_POINT('',(0.007,7.53668050975267E-19,0.0222575007924311));
#5049=CARTESIAN_POINT('',(0.007,7.53668050975267E-19,0.0240197975924311));
#5050=CARTESIAN_POINT('',(0.007,0.014,0.0222575007924311));
#5051=CARTESIAN_POINT('',(0.007,0.014,0.0240197975924311));
#5052=CARTESIAN_POINT('',(-0.007,0.014,0.0222575007924311));
#5053=CARTESIAN_POINT('',(-0.007,0.014,0.0240197975924311));
#5054=CARTESIAN_POINT('',(-0.007,1.61092081037841E-18,0.0222575007924311));
#5055=CARTESIAN_POINT('',(-0.007,1.61092081037841E-18,0.0240197975924311));
#5056=CARTESIAN_POINT('',(0.007,7.53668050975267E-19,0.0182679491924311));
#5057=CARTESIAN_POINT('',(0.007,0.00404145188432738,0.0184346158590978));
#5058=CARTESIAN_POINT('',(0.0035,0.00606217782649107,0.0186012825257645));
#5059=CARTESIAN_POINT('',(4.94935111404956E-19,0.00808290376865476,0.0187679491924311));
#5060=CARTESIAN_POINT('',(-0.0035,0.00606217782649107,0.0189346158590978));
#5061=CARTESIAN_POINT('',(-0.007,0.00404145188432738,0.0191012825257644));
#5062=CARTESIAN_POINT('',(-0.007,1.61092081037842E-18,0.0192679491924311));
#5063=CARTESIAN_POINT('',(-0.007,-0.00404145188432738,0.0194346158590978));
#5064=CARTESIAN_POINT('',(-0.0035,-0.00606217782649107,0.0196012825257645));
#5065=CARTESIAN_POINT('',(-1.48480533421487E-18,-0.00808290376865476,0.0197679491924311));
#5066=CARTESIAN_POINT('',(0.0035,-0.00606217782649107,0.0199346158590978));
#5067=CARTESIAN_POINT('',(0.007,-0.00404145188432738,0.0201012825257645));
#5068=CARTESIAN_POINT('',(0.007,-9.60837467831028E-19,0.0202679491924311));
#5069=CARTESIAN_POINT('',(0.00700000000000001,0.00404145188432738,0.0204346158590978));
#5070=CARTESIAN_POINT('',(0.0035,0.00606217782649107,0.0206012825257645));
#5071=CARTESIAN_POINT('',(9.65373625285676E-18,0.00808290376865476,0.0207679491924311));
#5072=CARTESIAN_POINT('',(-0.0035,0.00606217782649108,0.0209346158590978));
#5073=CARTESIAN_POINT('',(-0.007,0.00404145188432738,0.0211012825257645));
#5074=CARTESIAN_POINT('',(-0.007,3.32542632918471E-18,0.0212679491924311));
#5075=CARTESIAN_POINT('',(-0.00700000000000001,-0.00404145188432738,0.0214346158590978));
#5076=CARTESIAN_POINT('',(-0.0035,-0.00606217782649107,0.0216012825257644));
#5077=CARTESIAN_POINT('',(-3.46454577983469E-18,-0.00808290376865476,0.0217679491924311));
#5078=CARTESIAN_POINT('',(0.0035,-0.00606217782649107,0.0219346158590978));
#5079=CARTESIAN_POINT('',(0.007,-0.00404145188432738,0.0221012825257644));
#5080=CARTESIAN_POINT('',(0.007,-2.67534298663732E-18,0.0222679491924311));
#5081=CARTESIAN_POINT('',(0.00700000000000001,0.00404145188432738,0.0224346158590978));
#5082=CARTESIAN_POINT('',(0.0035,0.00606217782649107,0.0226012825257644));
#5083=CARTESIAN_POINT('',(1.88125373943085E-17,0.00808290376865476,0.0227679491924311));
#5084=CARTESIAN_POINT('',(-0.0035,0.00606217782649108,0.0229346158590978));
#5085=CARTESIAN_POINT('',(-0.007,0.00404145188432738,0.0231012825257644));
#5086=CARTESIAN_POINT('',(-0.007,1.74744297237927E-17,0.0232679491924312));
#5087=CARTESIAN_POINT('',(-0.00700000000000001,-0.00404145188432738,0.0234346158590978));
#5088=CARTESIAN_POINT('',(-0.0035,-0.00606217782649106,0.0236012825257645));
#5089=CARTESIAN_POINT('',(-1.98024076171184E-17,-0.00808290376865476,0.0237679491924311));
#5090=CARTESIAN_POINT('',(0.0035,-0.00606217782649108,0.0239346158590978));
#5091=CARTESIAN_POINT('',(0.00699999999999999,-0.00404145188432738,0.0241012825257645));
#5092=CARTESIAN_POINT('',(0.007,-4.38984850544361E-18,0.0242679491924311));
#5093=CARTESIAN_POINT('',(0.00700000000000001,0.00404145188432738,0.0244346158590978));
#5094=CARTESIAN_POINT('',(0.0035,0.00606217782649107,0.0246012825257644));
#5095=CARTESIAN_POINT('',(2.07922778399284E-17,0.00808290376865476,0.0247679491924311));
#5096=CARTESIAN_POINT('',(-0.0035,0.00606217782649108,0.0249346158590978));
#5097=CARTESIAN_POINT('',(-0.00699999999999999,0.00404145188432738,0.0251012825257645));
#5098=CARTESIAN_POINT('',(-0.007,6.7544373667973E-18,0.0252679491924311));
#5099=CARTESIAN_POINT('',(-0.00700000000000001,-0.00404145188432738,0.0254346158590978));
#5100=CARTESIAN_POINT('',(-0.0035,-0.00606217782649106,0.0256012825257644));
#5101=CARTESIAN_POINT('',(-2.17821480627383E-17,-0.00808290376865476,0.0257679491924311));
#5102=CARTESIAN_POINT('',(0.0035,-0.00606217782649108,0.0259346158590978));
#5103=CARTESIAN_POINT('',(0.00699999999999999,-0.00404145188432738,0.0261012825257645));
#5104=CARTESIAN_POINT('',(0.007,-6.10435402424991E-18,0.0262679491924311));
#5105=CARTESIAN_POINT('',(0.00700000000000001,0.00404145188432738,0.0264346158590978));
#5106=CARTESIAN_POINT('',(0.0035,0.00606217782649107,0.0266012825257644));
#5107=CARTESIAN_POINT('',(2.27720182855482E-17,0.00808290376865476,0.0267679491924311));
#5108=CARTESIAN_POINT('',(-0.0035,0.00606217782649108,0.0269346158590978));
#5109=CARTESIAN_POINT('',(-0.00699999999999999,0.00404145188432738,0.0271012825257644));
#5110=CARTESIAN_POINT('',(-0.007,3.33379386372071E-17,0.0272679491924311));
#5111=CARTESIAN_POINT('',(-0.00700000000000001,-0.00404145188432738,0.0274346158590978));
#5112=CARTESIAN_POINT('',(-0.0035,-0.00606217782649106,0.0276012825257645));
#5113=CARTESIAN_POINT('',(-2.37618885083581E-17,-0.00808290376865476,0.0277679491924311));
#5114=CARTESIAN_POINT('',(0.0035,-0.00606217782649108,0.0279346158590978));
#5115=CARTESIAN_POINT('',(0.00699999999999999,-0.00404145188432738,0.0281012825257644));
#5116=CARTESIAN_POINT('',(0.007,-3.26878552946597E-17,0.0282679491924311));
#5117=CARTESIAN_POINT('',(0.00700000000000001,0.00404145188432738,0.0284346158590978));
#5118=CARTESIAN_POINT('',(0.0035,0.00606217782649106,0.0286012825257644));
#5119=CARTESIAN_POINT('',(5.34680015144959E-17,0.00808290376865476,0.0287679491924311));
#5120=CARTESIAN_POINT('',(-0.0035,0.00606217782649109,0.0289346158590978));
#5121=CARTESIAN_POINT('',(-0.007,0.00404145188432738,0.0291012825257645));
#5122=CARTESIAN_POINT('',(-0.007,3.50524441560134E-17,0.0292679491924311));
#5123=CARTESIAN_POINT('',(-0.00700000000000001,-0.00404145188432738,0.0294346158590978));
#5124=CARTESIAN_POINT('',(-0.0035,-0.00606217782649105,0.0296012825257644));
#5125=CARTESIAN_POINT('',(-2.57416289539779E-17,-0.00808290376865476,0.0297679491924311));
#5126=CARTESIAN_POINT('',(0.00349999999999995,-0.0060621778264911,0.0299346158590978));
#5127=CARTESIAN_POINT('',(0.00699999999999999,-0.00404145188432738,0.0301012825257645));
#5128=CARTESIAN_POINT('',(0.007,-9.5333650618625E-18,0.0302679491924311));
#5129=CARTESIAN_POINT('',(0.00700000000000002,0.00404145188432734,0.0304346158590978));
#5130=CARTESIAN_POINT('',(0.0035,0.00606217782649106,0.0306012825257644));
#5131=CARTESIAN_POINT('',(5.54477419601157E-17,0.00808290376865476,0.0307679491924311));
#5132=CARTESIAN_POINT('',(-0.0035,0.00606217782649109,0.0309346158590978));
#5133=CARTESIAN_POINT('',(-0.007,0.00404145188432738,0.0311012825257644));
#5134=CARTESIAN_POINT('',(-0.007,3.67669496748197E-17,0.0312679491924312));
#5135=CARTESIAN_POINT('',(-0.00700000000000001,-0.00404145188432738,0.0314346158590978));
#5136=CARTESIAN_POINT('',(-0.0035,-0.00606217782649105,0.0316012825257645));
#5137=CARTESIAN_POINT('',(-2.77213693995978E-17,-0.00808290376865476,0.0317679491924311));
#5138=CARTESIAN_POINT('',(0.00349999999999995,-0.0060621778264911,0.0319346158590978));
#5139=CARTESIAN_POINT('',(0.00699999999999999,-0.00404145188432738,0.0321012825257644));
#5140=CARTESIAN_POINT('',(0.007,-1.12478705806688E-17,0.0322679491924312));
#5141=CARTESIAN_POINT('',(0.007,7.53668050975267E-19,0.0190093491924311));
#5142=CARTESIAN_POINT('',(0.007,0.00404145188432738,0.0191760158590978));
#5143=CARTESIAN_POINT('',(0.0035,0.00606217782649107,0.0193426825257645));
#5144=CARTESIAN_POINT('',(4.94935111404956E-19,0.00808290376865476,0.0195093491924311));
#5145=CARTESIAN_POINT('',(-0.0035,0.00606217782649107,0.0196760158590978));
#5146=CARTESIAN_POINT('',(-0.007,0.00404145188432738,0.0198426825257645));
#5147=CARTESIAN_POINT('',(-0.007,1.61092081037842E-18,0.0200093491924311));
#5148=CARTESIAN_POINT('',(-0.007,-0.00404145188432738,0.0201760158590978));
#5149=CARTESIAN_POINT('',(-0.0035,-0.00606217782649107,0.0203426825257645));
#5150=CARTESIAN_POINT('',(-1.48480533421487E-18,-0.00808290376865476,0.0205093491924311));
#5151=CARTESIAN_POINT('',(0.0035,-0.00606217782649107,0.0206760158590978));
#5152=CARTESIAN_POINT('',(0.007,-0.00404145188432738,0.0208426825257645));
#5153=CARTESIAN_POINT('',(0.007,-9.60837467831028E-19,0.0210093491924311));
#5154=CARTESIAN_POINT('',(0.00700000000000001,0.00404145188432738,0.0211760158590978));
#5155=CARTESIAN_POINT('',(0.0035,0.00606217782649107,0.0213426825257645));
#5156=CARTESIAN_POINT('',(9.65373625285676E-18,0.00808290376865476,0.0215093491924311));
#5157=CARTESIAN_POINT('',(-0.0035,0.00606217782649108,0.0216760158590978));
#5158=CARTESIAN_POINT('',(-0.007,0.00404145188432738,0.0218426825257644));
#5159=CARTESIAN_POINT('',(-0.007,3.32542632918471E-18,0.0220093491924311));
#5160=CARTESIAN_POINT('',(-0.00700000000000001,-0.00404145188432738,0.0221760158590978));
#5161=CARTESIAN_POINT('',(-0.0035,-0.00606217782649107,0.0223426825257644));
#5162=CARTESIAN_POINT('',(-3.46454577983469E-18,-0.00808290376865476,0.0225093491924311));
#5163=CARTESIAN_POINT('',(0.0035,-0.00606217782649107,0.0226760158590978));
#5164=CARTESIAN_POINT('',(0.007,-0.00404145188432738,0.0228426825257644));
#5165=CARTESIAN_POINT('',(0.007,-2.67534298663732E-18,0.0230093491924311));
#5166=CARTESIAN_POINT('',(0.00700000000000001,0.00404145188432738,0.0231760158590978));
#5167=CARTESIAN_POINT('',(0.0035,0.00606217782649107,0.0233426825257644));
#5168=CARTESIAN_POINT('',(1.88125373943085E-17,0.00808290376865476,0.0235093491924311));
#5169=CARTESIAN_POINT('',(-0.0035,0.00606217782649108,0.0236760158590978));
#5170=CARTESIAN_POINT('',(-0.007,0.00404145188432738,0.0238426825257645));
#5171=CARTESIAN_POINT('',(-0.007,1.74744297237927E-17,0.0240093491924311));
#5172=CARTESIAN_POINT('',(-0.00700000000000001,-0.00404145188432738,0.0241760158590978));
#5173=CARTESIAN_POINT('',(-0.0035,-0.00606217782649106,0.0243426825257645));
#5174=CARTESIAN_POINT('',(-1.98024076171184E-17,-0.00808290376865476,0.0245093491924311));
#5175=CARTESIAN_POINT('',(0.0035,-0.00606217782649108,0.0246760158590978));
#5176=CARTESIAN_POINT('',(0.00699999999999999,-0.00404145188432738,0.0248426825257645));
#5177=CARTESIAN_POINT('',(0.007,-4.38984850544361E-18,0.0250093491924311));
#5178=CARTESIAN_POINT('',(0.00700000000000001,0.00404145188432738,0.0251760158590978));
#5179=CARTESIAN_POINT('',(0.0035,0.00606217782649107,0.0253426825257645));
#5180=CARTESIAN_POINT('',(2.07922778399284E-17,0.00808290376865476,0.0255093491924311));
#5181=CARTESIAN_POINT('',(-0.0035,0.00606217782649108,0.0256760158590978));
#5182=CARTESIAN_POINT('',(-0.00699999999999999,0.00404145188432738,0.0258426825257644));
#5183=CARTESIAN_POINT('',(-0.007,6.7544373667973E-18,0.0260093491924311));
#5184=CARTESIAN_POINT('',(-0.00700000000000001,-0.00404145188432738,0.0261760158590978));
#5185=CARTESIAN_POINT('',(-0.0035,-0.00606217782649106,0.0263426825257644));
#5186=CARTESIAN_POINT('',(-2.17821480627383E-17,-0.00808290376865476,0.0265093491924311));
#5187=CARTESIAN_POINT('',(0.0035,-0.00606217782649108,0.0266760158590978));
#5188=CARTESIAN_POINT('',(0.00699999999999999,-0.00404145188432738,0.0268426825257644));
#5189=CARTESIAN_POINT('',(0.007,-6.10435402424991E-18,0.0270093491924311));
#5190=CARTESIAN_POINT('',(0.00700000000000001,0.00404145188432738,0.0271760158590978));
#5191=CARTESIAN_POINT('',(0.0035,0.00606217782649107,0.0273426825257644));
#5192=CARTESIAN_POINT('',(2.27720182855482E-17,0.00808290376865476,0.0275093491924311));
#5193=CARTESIAN_POINT('',(-0.0035,0.00606217782649108,0.0276760158590978));
#5194=CARTESIAN_POINT('',(-0.00699999999999999,0.00404145188432738,0.0278426825257645));
#5195=CARTESIAN_POINT('',(-0.007,3.33379386372071E-17,0.0280093491924311));
#5196=CARTESIAN_POINT('',(-0.00700000000000001,-0.00404145188432738,0.0281760158590978));
#5197=CARTESIAN_POINT('',(-0.0035,-0.00606217782649106,0.0283426825257645));
#5198=CARTESIAN_POINT('',(-2.37618885083581E-17,-0.00808290376865476,0.0285093491924311));
#5199=CARTESIAN_POINT('',(0.0035,-0.00606217782649108,0.0286760158590978));
#5200=CARTESIAN_POINT('',(0.00699999999999999,-0.00404145188432738,0.0288426825257645));
#5201=CARTESIAN_POINT('',(0.007,-3.26878552946597E-17,0.0290093491924312));
#5202=CARTESIAN_POINT('',(0.00700000000000001,0.00404145188432738,0.0291760158590978));
#5203=CARTESIAN_POINT('',(0.0035,0.00606217782649106,0.0293426825257645));
#5204=CARTESIAN_POINT('',(5.34680015144959E-17,0.00808290376865476,0.0295093491924311));
#5205=CARTESIAN_POINT('',(-0.0035,0.00606217782649109,0.0296760158590978));
#5206=CARTESIAN_POINT('',(-0.007,0.00404145188432738,0.0298426825257645));
#5207=CARTESIAN_POINT('',(-0.007,3.50524441560134E-17,0.0300093491924311));
#5208=CARTESIAN_POINT('',(-0.00700000000000001,-0.00404145188432738,0.0301760158590978));
#5209=CARTESIAN_POINT('',(-0.0035,-0.00606217782649105,0.0303426825257644));
#5210=CARTESIAN_POINT('',(-2.57416289539779E-17,-0.00808290376865476,0.0305093491924311));
#5211=CARTESIAN_POINT('',(0.00349999999999995,-0.0060621778264911,0.0306760158590978));
#5212=CARTESIAN_POINT('',(0.00699999999999999,-0.00404145188432738,0.0308426825257644));
#5213=CARTESIAN_POINT('',(0.007,-9.5333650618625E-18,0.0310093491924311));
#5214=CARTESIAN_POINT('',(0.00700000000000002,0.00404145188432734,0.0311760158590978));
#5215=CARTESIAN_POINT('',(0.0035,0.00606217782649106,0.0313426825257645));
#5216=CARTESIAN_POINT('',(5.54477419601157E-17,0.00808290376865476,0.0315093491924311));
#5217=CARTESIAN_POINT('',(-0.0035,0.00606217782649109,0.0316760158590978));
#5218=CARTESIAN_POINT('',(-0.007,0.00404145188432738,0.0318426825257644));
#5219=CARTESIAN_POINT('',(-0.007,3.67669496748197E-17,0.0320093491924311));
#5220=CARTESIAN_POINT('',(-0.00700000000000001,-0.00404145188432738,0.0321760158590978));
#5221=CARTESIAN_POINT('',(-0.0035,-0.00606217782649105,0.0323426825257645));
#5222=CARTESIAN_POINT('',(-2.77213693995978E-17,-0.00808290376865476,0.0325093491924311));
#5223=CARTESIAN_POINT('',(0.00349999999999995,-0.0060621778264911,0.0326760158590978));
#5224=CARTESIAN_POINT('',(0.00699999999999999,-0.00404145188432738,0.0328426825257645));
#5225=CARTESIAN_POINT('',(0.007,-1.12478705806688E-17,0.0330093491924311));
#5226=CARTESIAN_POINT('',(0.007,7.53668050975267E-19,0.0242575007924311));
#5227=CARTESIAN_POINT('',(0.007,7.53668050975267E-19,0.0260197975924311));
#5228=CARTESIAN_POINT('',(0.007,0.014,0.0242575007924311));
#5229=CARTESIAN_POINT('',(0.007,0.014,0.0260197975924311));
#5230=CARTESIAN_POINT('',(-0.007,0.014,0.0242575007924311));
#5231=CARTESIAN_POINT('',(-0.007,0.014,0.0260197975924311));
#5232=CARTESIAN_POINT('',(-0.007,1.61092081037841E-18,0.0242575007924311));
#5233=CARTESIAN_POINT('',(-0.007,1.61092081037841E-18,0.0260197975924311));
#5234=CARTESIAN_POINT('',(0.007,7.53668050975267E-19,0.0182679491924311));
#5235=CARTESIAN_POINT('',(0.007,0.00404145188432738,0.0184346158590978));
#5236=CARTESIAN_POINT('',(0.0035,0.00606217782649107,0.0186012825257645));
#5237=CARTESIAN_POINT('',(4.94935111404956E-19,0.00808290376865476,0.0187679491924311));
#5238=CARTESIAN_POINT('',(-0.0035,0.00606217782649107,0.0189346158590978));
#5239=CARTESIAN_POINT('',(-0.007,0.00404145188432738,0.0191012825257644));
#5240=CARTESIAN_POINT('',(-0.007,1.61092081037842E-18,0.0192679491924311));
#5241=CARTESIAN_POINT('',(-0.007,-0.00404145188432738,0.0194346158590978));
#5242=CARTESIAN_POINT('',(-0.0035,-0.00606217782649107,0.0196012825257645));
#5243=CARTESIAN_POINT('',(-1.48480533421487E-18,-0.00808290376865476,0.0197679491924311));
#5244=CARTESIAN_POINT('',(0.0035,-0.00606217782649107,0.0199346158590978));
#5245=CARTESIAN_POINT('',(0.007,-0.00404145188432738,0.0201012825257645));
#5246=CARTESIAN_POINT('',(0.007,-9.60837467831028E-19,0.0202679491924311));
#5247=CARTESIAN_POINT('',(0.00700000000000001,0.00404145188432738,0.0204346158590978));
#5248=CARTESIAN_POINT('',(0.0035,0.00606217782649107,0.0206012825257645));
#5249=CARTESIAN_POINT('',(9.65373625285676E-18,0.00808290376865476,0.0207679491924311));
#5250=CARTESIAN_POINT('',(-0.0035,0.00606217782649108,0.0209346158590978));
#5251=CARTESIAN_POINT('',(-0.007,0.00404145188432738,0.0211012825257645));
#5252=CARTESIAN_POINT('',(-0.007,3.32542632918471E-18,0.0212679491924311));
#5253=CARTESIAN_POINT('',(-0.00700000000000001,-0.00404145188432738,0.0214346158590978));
#5254=CARTESIAN_POINT('',(-0.0035,-0.00606217782649107,0.0216012825257644));
#5255=CARTESIAN_POINT('',(-3.46454577983469E-18,-0.00808290376865476,0.0217679491924311));
#5256=CARTESIAN_POINT('',(0.0035,-0.00606217782649107,0.0219346158590978));
#5257=CARTESIAN_POINT('',(0.007,-0.00404145188432738,0.0221012825257644));
#5258=CARTESIAN_POINT('',(0.007,-2.67534298663732E-18,0.0222679491924311));
#5259=CARTESIAN_POINT('',(0.00700000000000001,0.00404145188432738,0.0224346158590978));
#5260=CARTESIAN_POINT('',(0.0035,0.00606217782649107,0.0226012825257644));
#5261=CARTESIAN_POINT('',(1.88125373943085E-17,0.00808290376865476,0.0227679491924311));
#5262=CARTESIAN_POINT('',(-0.0035,0.00606217782649108,0.0229346158590978));
#5263=CARTESIAN_POINT('',(-0.007,0.00404145188432738,0.0231012825257644));
#5264=CARTESIAN_POINT('',(-0.007,1.74744297237927E-17,0.0232679491924312));
#5265=CARTESIAN_POINT('',(-0.00700000000000001,-0.00404145188432738,0.0234346158590978));
#5266=CARTESIAN_POINT('',(-0.0035,-0.00606217782649106,0.0236012825257645));
#5267=CARTESIAN_POINT('',(-1.98024076171184E-17,-0.00808290376865476,0.0237679491924311));
#5268=CARTESIAN_POINT('',(0.0035,-0.00606217782649108,0.0239346158590978));
#5269=CARTESIAN_POINT('',(0.00699999999999999,-0.00404145188432738,0.0241012825257645));
#5270=CARTESIAN_POINT('',(0.007,-4.38984850544361E-18,0.0242679491924311));
#5271=CARTESIAN_POINT('',(0.00700000000000001,0.00404145188432738,0.0244346158590978));
#5272=CARTESIAN_POINT('',(0.0035,0.00606217782649107,0.0246012825257644));
#5273=CARTESIAN_POINT('',(2.07922778399284E-17,0.00808290376865476,0.0247679491924311));
#5274=CARTESIAN_POINT('',(-0.0035,0.00606217782649108,0.0249346158590978));
#5275=CARTESIAN_POINT('',(-0.00699999999999999,0.00404145188432738,0.0251012825257645));
#5276=CARTESIAN_POINT('',(-0.007,6.7544373667973E-18,0.0252679491924311));
#5277=CARTESIAN_POINT('',(-0.00700000000000001,-0.00404145188432738,0.0254346158590978));
#5278=CARTESIAN_POINT('',(-0.0035,-0.00606217782649106,0.0256012825257644));
#5279=CARTESIAN_POINT('',(-2.17821480627383E-17,-0.00808290376865476,0.0257679491924311));
#5280=CARTESIAN_POINT('',(0.0035,-0.00606217782649108,0.0259346158590978));
#5281=CARTESIAN_POINT('',(0.00699999999999999,-0.00404145188432738,0.0261012825257645));
#5282=CARTESIAN_POINT('',(0.007,-6.10435402424991E-18,0.0262679491924311));
#5283=CARTESIAN_POINT('',(0.00700000000000001,0.00404145188432738,0.0264346158590978));
#5284=CARTESIAN_POINT('',(0.0035,0.00606217782649107,0.0266012825257644));
#5285=CARTESIAN_POINT('',(2.27720182855482E-17,0.00808290376865476,0.0267679491924311));
#5286=CARTESIAN_POINT('',(-0.0035,0.00606217782649108,0.0269346158590978));
#5287=CARTESIAN_POINT('',(-0.00699999999999999,0.00404145188432738,0.0271012825257644));
#5288=CARTESIAN_POINT('',(-0.007,3.33379386372071E-17,0.0272679491924311));
#5289=CARTESIAN_POINT('',(-0.00700000000000001,-0.00404145188432738,0.0274346158590978));
#5290=CARTESIAN_POINT('',(-0.0035,-0.00606217782649106,0.0276012825257645));
#5291=CARTESIAN_POINT('',(-2.37618885083581E-17,-0.00808290376865476,0.0277679491924311));
#5292=CARTESIAN_POINT('',(0.0035,-0.00606217782649108,0.0279346158590978));
#5293=CARTESIAN_POINT('',(0.00699999999999999,-0.00404145188432738,0.0281012825257644));
#5294=CARTESIAN_POINT('',(0.007,-3.26878552946597E-17,0.0282679491924311));
#5295=CARTESIAN_POINT('',(0.00700000000000001,0.00404145188432738,0.0284346158590978));
#5296=CARTESIAN_POINT('',(0.0035,0.00606217782649106,0.0286012825257644));
#5297=CARTESIAN_POINT('',(5.34680015144959E-17,0.00808290376865476,0.0287679491924311));
#5298=CARTESIAN_POINT('',(-0.0035,0.00606217782649109,0.0289346158590978));
#5299=CARTESIAN_POINT('',(-0.007,0.00404145188432738,0.0291012825257645));
#5300=CARTESIAN_POINT('',(-0.007,3.50524441560134E-17,0.0292679491924311));
#5301=CARTESIAN_POINT('',(-0.00700000000000001,-0.00404145188432738,0.0294346158590978));
#5302=CARTESIAN_POINT('',(-0.0035,-0.00606217782649105,0.0296012825257644));
#5303=CARTESIAN_POINT('',(-2.57416289539779E-17,-0.00808290376865476,0.0297679491924311));
#5304=CARTESIAN_POINT('',(0.00349999999999995,-0.0060621778264911,0.0299346158590978));
#5305=CARTESIAN_POINT('',(0.00699999999999999,-0.00404145188432738,0.0301012825257645));
#5306=CARTESIAN_POINT('',(0.007,-9.5333650618625E-18,0.0302679491924311));
#5307=CARTESIAN_POINT('',(0.00700000000000002,0.00404145188432734,0.0304346158590978));
#5308=CARTESIAN_POINT('',(0.0035,0.00606217782649106,0.0306012825257644));
#5309=CARTESIAN_POINT('',(5.54477419601157E-17,0.00808290376865476,0.0307679491924311));
#5310=CARTESIAN_POINT('',(-0.0035,0.00606217782649109,0.0309346158590978));
#5311=CARTESIAN_POINT('',(-0.007,0.00404145188432738,0.0311012825257644));
#5312=CARTESIAN_POINT('',(-0.007,3.67669496748197E-17,0.0312679491924312));
#5313=CARTESIAN_POINT('',(-0.00700000000000001,-0.00404145188432738,0.0314346158590978));
#5314=CARTESIAN_POINT('',(-0.0035,-0.00606217782649105,0.0316012825257645));
#5315=CARTESIAN_POINT('',(-2.77213693995978E-17,-0.00808290376865476,0.0317679491924311));
#5316=CARTESIAN_POINT('',(0.00349999999999995,-0.0060621778264911,0.0319346158590978));
#5317=CARTESIAN_POINT('',(0.00699999999999999,-0.00404145188432738,0.0321012825257644));
#5318=CARTESIAN_POINT('',(0.007,-1.12478705806688E-17,0.0322679491924312));
#5319=CARTESIAN_POINT('',(0.007,7.53668050975267E-19,0.0190093491924311));
#5320=CARTESIAN_POINT('',(0.007,0.00404145188432738,0.0191760158590978));
#5321=CARTESIAN_POINT('',(0.0035,0.00606217782649107,0.0193426825257645));
#5322=CARTESIAN_POINT('',(4.94935111404956E-19,0.00808290376865476,0.0195093491924311));
#5323=CARTESIAN_POINT('',(-0.0035,0.00606217782649107,0.0196760158590978));
#5324=CARTESIAN_POINT('',(-0.007,0.00404145188432738,0.0198426825257645));
#5325=CARTESIAN_POINT('',(-0.007,1.61092081037842E-18,0.0200093491924311));
#5326=CARTESIAN_POINT('',(-0.007,-0.00404145188432738,0.0201760158590978));
#5327=CARTESIAN_POINT('',(-0.0035,-0.00606217782649107,0.0203426825257645));
#5328=CARTESIAN_POINT('',(-1.48480533421487E-18,-0.00808290376865476,0.0205093491924311));
#5329=CARTESIAN_POINT('',(0.0035,-0.00606217782649107,0.0206760158590978));
#5330=CARTESIAN_POINT('',(0.007,-0.00404145188432738,0.0208426825257645));
#5331=CARTESIAN_POINT('',(0.007,-9.60837467831028E-19,0.0210093491924311));
#5332=CARTESIAN_POINT('',(0.00700000000000001,0.00404145188432738,0.0211760158590978));
#5333=CARTESIAN_POINT('',(0.0035,0.00606217782649107,0.0213426825257645));
#5334=CARTESIAN_POINT('',(9.65373625285676E-18,0.00808290376865476,0.0215093491924311));
#5335=CARTESIAN_POINT('',(-0.0035,0.00606217782649108,0.0216760158590978));
#5336=CARTESIAN_POINT('',(-0.007,0.00404145188432738,0.0218426825257644));
#5337=CARTESIAN_POINT('',(-0.007,3.32542632918471E-18,0.0220093491924311));
#5338=CARTESIAN_POINT('',(-0.00700000000000001,-0.00404145188432738,0.0221760158590978));
#5339=CARTESIAN_POINT('',(-0.0035,-0.00606217782649107,0.0223426825257644));
#5340=CARTESIAN_POINT('',(-3.46454577983469E-18,-0.00808290376865476,0.0225093491924311));
#5341=CARTESIAN_POINT('',(0.0035,-0.00606217782649107,0.0226760158590978));
#5342=CARTESIAN_POINT('',(0.007,-0.00404145188432738,0.0228426825257644));
#5343=CARTESIAN_POINT('',(0.007,-2.67534298663732E-18,0.0230093491924311));
#5344=CARTESIAN_POINT('',(0.00700000000000001,0.00404145188432738,0.0231760158590978));
#5345=CARTESIAN_POINT('',(0.0035,0.00606217782649107,0.0233426825257644));
#5346=CARTESIAN_POINT('',(1.88125373943085E-17,0.00808290376865476,0.0235093491924311));
#5347=CARTESIAN_POINT('',(-0.0035,0.00606217782649108,0.0236760158590978));
#5348=CARTESIAN_POINT('',(-0.007,0.00404145188432738,0.0238426825257645));
#5349=CARTESIAN_POINT('',(-0.007,1.74744297237927E-17,0.0240093491924311));
#5350=CARTESIAN_POINT('',(-0.00700000000000001,-0.00404145188432738,0.0241760158590978));
#5351=CARTESIAN_POINT('',(-0.0035,-0.00606217782649106,0.0243426825257645));
#5352=CARTESIAN_POINT('',(-1.98024076171184E-17,-0.00808290376865476,0.0245093491924311));
#5353=CARTESIAN_POINT('',(0.0035,-0.00606217782649108,0.0246760158590978));
#5354=CARTESIAN_POINT('',(0.00699999999999999,-0.00404145188432738,0.0248426825257645));
#5355=CARTESIAN_POINT('',(0.007,-4.38984850544361E-18,0.0250093491924311));
#5356=CARTESIAN_POINT('',(0.00700000000000001,0.00404145188432738,0.0251760158590978));
#5357=CARTESIAN_POINT('',(0.0035,0.00606217782649107,0.0253426825257645));
#5358=CARTESIAN_POINT('',(2.07922778399284E-17,0.00808290376865476,0.0255093491924311));
#5359=CARTESIAN_POINT('',(-0.0035,0.00606217782649108,0.0256760158590978));
#5360=CARTESIAN_POINT('',(-0.00699999999999999,0.00404145188432738,0.0258426825257644));
#5361=CARTESIAN_POINT('',(-0.007,6.7544373667973E-18,0.0260093491924311));
#5362=CARTESIAN_POINT('',(-0.00700000000000001,-0.00404145188432738,0.0261760158590978));
#5363=CARTESIAN_POINT('',(-0.0035,-0.00606217782649106,0.0263426825257644));
#5364=CARTESIAN_POINT('',(-2.17821480627383E-17,-0.00808290376865476,0.0265093491924311));
#5365=CARTESIAN_POINT('',(0.0035,-0.00606217782649108,0.0266760158590978));
#5366=CARTESIAN_POINT('',(0.00699999999999999,-0.00404145188432738,0.0268426825257644));
#5367=CARTESIAN_POINT('',(0.007,-6.10435402424991E-18,0.0270093491924311));
#5368=CARTESIAN_POINT('',(0.00700000000000001,0.00404145188432738,0.0271760158590978));
#5369=CARTESIAN_POINT('',(0.0035,0.00606217782649107,0.0273426825257644));
#5370=CARTESIAN_POINT('',(2.27720182855482E-17,0.00808290376865476,0.0275093491924311));
#5371=CARTESIAN_POINT('',(-0.0035,0.00606217782649108,0.0276760158590978));
#5372=CARTESIAN_POINT('',(-0.00699999999999999,0.00404145188432738,0.0278426825257645));
#5373=CARTESIAN_POINT('',(-0.007,3.33379386372071E-17,0.0280093491924311));
#5374=CARTESIAN_POINT('',(-0.00700000000000001,-0.00404145188432738,0.0281760158590978));
#5375=CARTESIAN_POINT('',(-0.0035,-0.00606217782649106,0.0283426825257645));
#5376=CARTESIAN_POINT('',(-2.37618885083581E-17,-0.00808290376865476,0.0285093491924311));
#5377=CARTESIAN_POINT('',(0.0035,-0.00606217782649108,0.0286760158590978));
#5378=CARTESIAN_POINT('',(0.00699999999999999,-0.00404145188432738,0.0288426825257645));
#5379=CARTESIAN_POINT('',(0.007,-3.26878552946597E-17,0.0290093491924312));
#5380=CARTESIAN_POINT('',(0.00700000000000001,0.00404145188432738,0.0291760158590978));
#5381=CARTESIAN_POINT('',(0.0035,0.00606217782649106,0.0293426825257645));
#5382=CARTESIAN_POINT('',(5.34680015144959E-17,0.00808290376865476,0.0295093491924311));
#5383=CARTESIAN_POINT('',(-0.0035,0.00606217782649109,0.0296760158590978));
#5384=CARTESIAN_POINT('',(-0.007,0.00404145188432738,0.0298426825257645));
#5385=CARTESIAN_POINT('',(-0.007,3.50524441560134E-17,0.0300093491924311));
#5386=CARTESIAN_POINT('',(-0.00700000000000001,-0.00404145188432738,0.0301760158590978));
#5387=CARTESIAN_POINT('',(-0.0035,-0.00606217782649105,0.0303426825257644));
#5388=CARTESIAN_POINT('',(-2.57416289539779E-17,-0.00808290376865476,0.0305093491924311));
#5389=CARTESIAN_POINT('',(0.00349999999999995,-0.0060621778264911,0.0306760158590978));
#5390=CARTESIAN_POINT('',(0.00699999999999999,-0.00404145188432738,0.0308426825257644));
#5391=CARTESIAN_POINT('',(0.007,-9.5333650618625E-18,0.0310093491924311));
#5392=CARTESIAN_POINT('',(0.00700000000000002,0.00404145188432734,0.0311760158590978));
#5393=CARTESIAN_POINT('',(0.0035,0.00606217782649106,0.0313426825257645));
#5394=CARTESIAN_POINT('',(5.54477419601157E-17,0.00808290376865476,0.0315093491924311));
#5395=CARTESIAN_POINT('',(-0.0035,0.00606217782649109,0.0316760158590978));
#5396=CARTESIAN_POINT('',(-0.007,0.00404145188432738,0.0318426825257644));
#5397=CARTESIAN_POINT('',(-0.007,3.67669496748197E-17,0.0320093491924311));
#5398=CARTESIAN_POINT('',(-0.00700000000000001,-0.00404145188432738,0.0321760158590978));
#5399=CARTESIAN_POINT('',(-0.0035,-0.00606217782649105,0.0323426825257645));
#5400=CARTESIAN_POINT('',(-2.77213693995978E-17,-0.00808290376865476,0.0325093491924311));
#5401=CARTESIAN_POINT('',(0.00349999999999995,-0.0060621778264911,0.0326760158590978));
#5402=CARTESIAN_POINT('',(0.00699999999999999,-0.00404145188432738,0.0328426825257645));
#5403=CARTESIAN_POINT('',(0.007,-1.12478705806688E-17,0.0330093491924311));
#5404=CARTESIAN_POINT('',(0.007,7.53668050975267E-19,0.0262575007924311));
#5405=CARTESIAN_POINT('',(0.007,7.53668050975267E-19,0.0280197975924311));
#5406=CARTESIAN_POINT('',(0.007,0.014,0.0262575007924311));
#5407=CARTESIAN_POINT('',(0.007,0.014,0.0280197975924311));
#5408=CARTESIAN_POINT('',(-0.007,0.014,0.0262575007924311));
#5409=CARTESIAN_POINT('',(-0.007,0.014,0.0280197975924311));
#5410=CARTESIAN_POINT('',(-0.007,1.61092081037841E-18,0.0262575007924311));
#5411=CARTESIAN_POINT('',(-0.007,1.61092081037841E-18,0.0280197975924311));
#5412=CARTESIAN_POINT('',(0.007,7.53668050975267E-19,0.0182679491924311));
#5413=CARTESIAN_POINT('',(0.007,0.00404145188432738,0.0184346158590978));
#5414=CARTESIAN_POINT('',(0.0035,0.00606217782649107,0.0186012825257645));
#5415=CARTESIAN_POINT('',(4.94935111404956E-19,0.00808290376865476,0.0187679491924311));
#5416=CARTESIAN_POINT('',(-0.0035,0.00606217782649107,0.0189346158590978));
#5417=CARTESIAN_POINT('',(-0.007,0.00404145188432738,0.0191012825257644));
#5418=CARTESIAN_POINT('',(-0.007,1.61092081037842E-18,0.0192679491924311));
#5419=CARTESIAN_POINT('',(-0.007,-0.00404145188432738,0.0194346158590978));
#5420=CARTESIAN_POINT('',(-0.0035,-0.00606217782649107,0.0196012825257645));
#5421=CARTESIAN_POINT('',(-1.48480533421487E-18,-0.00808290376865476,0.0197679491924311));
#5422=CARTESIAN_POINT('',(0.0035,-0.00606217782649107,0.0199346158590978));
#5423=CARTESIAN_POINT('',(0.007,-0.00404145188432738,0.0201012825257645));
#5424=CARTESIAN_POINT('',(0.007,-9.60837467831028E-19,0.0202679491924311));
#5425=CARTESIAN_POINT('',(0.00700000000000001,0.00404145188432738,0.0204346158590978));
#5426=CARTESIAN_POINT('',(0.0035,0.00606217782649107,0.0206012825257645));
#5427=CARTESIAN_POINT('',(9.65373625285676E-18,0.00808290376865476,0.0207679491924311));
#5428=CARTESIAN_POINT('',(-0.0035,0.00606217782649108,0.0209346158590978));
#5429=CARTESIAN_POINT('',(-0.007,0.00404145188432738,0.0211012825257645));
#5430=CARTESIAN_POINT('',(-0.007,3.32542632918471E-18,0.0212679491924311));
#5431=CARTESIAN_POINT('',(-0.00700000000000001,-0.00404145188432738,0.0214346158590978));
#5432=CARTESIAN_POINT('',(-0.0035,-0.00606217782649107,0.0216012825257644));
#5433=CARTESIAN_POINT('',(-3.46454577983469E-18,-0.00808290376865476,0.0217679491924311));
#5434=CARTESIAN_POINT('',(0.0035,-0.00606217782649107,0.0219346158590978));
#5435=CARTESIAN_POINT('',(0.007,-0.00404145188432738,0.0221012825257644));
#5436=CARTESIAN_POINT('',(0.007,-2.67534298663732E-18,0.0222679491924311));
#5437=CARTESIAN_POINT('',(0.00700000000000001,0.00404145188432738,0.0224346158590978));
#5438=CARTESIAN_POINT('',(0.0035,0.00606217782649107,0.0226012825257644));
#5439=CARTESIAN_POINT('',(1.88125373943085E-17,0.00808290376865476,0.0227679491924311));
#5440=CARTESIAN_POINT('',(-0.0035,0.00606217782649108,0.0229346158590978));
#5441=CARTESIAN_POINT('',(-0.007,0.00404145188432738,0.0231012825257644));
#5442=CARTESIAN_POINT('',(-0.007,1.74744297237927E-17,0.0232679491924312));
#5443=CARTESIAN_POINT('',(-0.00700000000000001,-0.00404145188432738,0.0234346158590978));
#5444=CARTESIAN_POINT('',(-0.0035,-0.00606217782649106,0.0236012825257645));
#5445=CARTESIAN_POINT('',(-1.98024076171184E-17,-0.00808290376865476,0.0237679491924311));
#5446=CARTESIAN_POINT('',(0.0035,-0.00606217782649108,0.0239346158590978));
#5447=CARTESIAN_POINT('',(0.00699999999999999,-0.00404145188432738,0.0241012825257645));
#5448=CARTESIAN_POINT('',(0.007,-4.38984850544361E-18,0.0242679491924311));
#5449=CARTESIAN_POINT('',(0.00700000000000001,0.00404145188432738,0.0244346158590978));
#5450=CARTESIAN_POINT('',(0.0035,0.00606217782649107,0.0246012825257644));
#5451=CARTESIAN_POINT('',(2.07922778399284E-17,0.00808290376865476,0.0247679491924311));
#5452=CARTESIAN_POINT('',(-0.0035,0.00606217782649108,0.0249346158590978));
#5453=CARTESIAN_POINT('',(-0.00699999999999999,0.00404145188432738,0.0251012825257645));
#5454=CARTESIAN_POINT('',(-0.007,6.7544373667973E-18,0.0252679491924311));
#5455=CARTESIAN_POINT('',(-0.00700000000000001,-0.00404145188432738,0.0254346158590978));
#5456=CARTESIAN_POINT('',(-0.0035,-0.00606217782649106,0.0256012825257644));
#5457=CARTESIAN_POINT('',(-2.17821480627383E-17,-0.00808290376865476,0.0257679491924311));
#5458=CARTESIAN_POINT('',(0.0035,-0.00606217782649108,0.0259346158590978));
#5459=CARTESIAN_POINT('',(0.00699999999999999,-0.00404145188432738,0.0261012825257645));
#5460=CARTESIAN_POINT('',(0.007,-6.10435402424991E-18,0.0262679491924311));
#5461=CARTESIAN_POINT('',(0.00700000000000001,0.00404145188432738,0.0264346158590978));
#5462=CARTESIAN_POINT('',(0.0035,0.00606217782649107,0.0266012825257644));
#5463=CARTESIAN_POINT('',(2.27720182855482E-17,0.00808290376865476,0.0267679491924311));
#5464=CARTESIAN_POINT('',(-0.0035,0.00606217782649108,0.0269346158590978));
#5465=CARTESIAN_POINT('',(-0.00699999999999999,0.00404145188432738,0.0271012825257644));
#5466=CARTESIAN_POINT('',(-0.007,3.33379386372071E-17,0.0272679491924311));
#5467=CARTESIAN_POINT('',(-0.00700000000000001,-0.00404145188432738,0.0274346158590978));
#5468=CARTESIAN_POINT('',(-0.0035,-0.00606217782649106,0.0276012825257645));
#5469=CARTESIAN_POINT('',(-2.37618885083581E-17,-0.00808290376865476,0.0277679491924311));
#5470=CARTESIAN_POINT('',(0.0035,-0.00606217782649108,0.0279346158590978));
#5471=CARTESIAN_POINT('',(0.00699999999999999,-0.00404145188432738,0.0281012825257644));
#5472=CARTESIAN_POINT('',(0.007,-3.26878552946597E-17,0.0282679491924311));
#5473=CARTESIAN_POINT('',(0.00700000000000001,0.00404145188432738,0.0284346158590978));
#5474=CARTESIAN_POINT('',(0.0035,0.00606217782649106,0.0286012825257644));
#5475=CARTESIAN_POINT('',(5.34680015144959E-17,0.00808290376865476,0.0287679491924311));
#5476=CARTESIAN_POINT('',(-0.0035,0.00606217782649109,0.0289346158590978));
#5477=CARTESIAN_POINT('',(-0.007,0.00404145188432738,0.0291012825257645));
#5478=CARTESIAN_POINT('',(-0.007,3.50524441560134E-17,0.0292679491924311));
#5479=CARTESIAN_POINT('',(-0.00700000000000001,-0.00404145188432738,0.0294346158590978));
#5480=CARTESIAN_POINT('',(-0.0035,-0.00606217782649105,0.0296012825257644));
#5481=CARTESIAN_POINT('',(-2.57416289539779E-17,-0.00808290376865476,0.0297679491924311));
#5482=CARTESIAN_POINT('',(0.00349999999999995,-0.0060621778264911,0.0299346158590978));
#5483=CARTESIAN_POINT('',(0.00699999999999999,-0.00404145188432738,0.0301012825257645));
#5484=CARTESIAN_POINT('',(0.007,-9.5333650618625E-18,0.0302679491924311));
#5485=CARTESIAN_POINT('',(0.00700000000000002,0.00404145188432734,0.0304346158590978));
#5486=CARTESIAN_POINT('',(0.0035,0.00606217782649106,0.0306012825257644));
#5487=CARTESIAN_POINT('',(5.54477419601157E-17,0.00808290376865476,0.0307679491924311));
#5488=CARTESIAN_POINT('',(-0.0035,0.00606217782649109,0.0309346158590978));
#5489=CARTESIAN_POINT('',(-0.007,0.00404145188432738,0.0311012825257644));
#5490=CARTESIAN_POINT('',(-0.007,3.67669496748197E-17,0.0312679491924312));
#5491=CARTESIAN_POINT('',(-0.00700000000000001,-0.00404145188432738,0.0314346158590978));
#5492=CARTESIAN_POINT('',(-0.0035,-0.00606217782649105,0.0316012825257645));
#5493=CARTESIAN_POINT('',(-2.77213693995978E-17,-0.00808290376865476,0.0317679491924311));
#5494=CARTESIAN_POINT('',(0.00349999999999995,-0.0060621778264911,0.0319346158590978));
#5495=CARTESIAN_POINT('',(0.00699999999999999,-0.00404145188432738,0.0321012825257644));
#5496=CARTESIAN_POINT('',(0.007,-1.12478705806688E-17,0.0322679491924312));
#5497=CARTESIAN_POINT('',(0.007,7.53668050975267E-19,0.0190093491924311));
#5498=CARTESIAN_POINT('',(0.007,0.00404145188432738,0.0191760158590978));
#5499=CARTESIAN_POINT('',(0.0035,0.00606217782649107,0.0193426825257645));
#5500=CARTESIAN_POINT('',(4.94935111404956E-19,0.00808290376865476,0.0195093491924311));
#5501=CARTESIAN_POINT('',(-0.0035,0.00606217782649107,0.0196760158590978));
#5502=CARTESIAN_POINT('',(-0.007,0.00404145188432738,0.0198426825257645));
#5503=CARTESIAN_POINT('',(-0.007,1.61092081037842E-18,0.0200093491924311));
#5504=CARTESIAN_POINT('',(-0.007,-0.00404145188432738,0.0201760158590978));
#5505=CARTESIAN_POINT('',(-0.0035,-0.00606217782649107,0.0203426825257645));
#5506=CARTESIAN_POINT('',(-1.48480533421487E-18,-0.00808290376865476,0.0205093491924311));
#5507=CARTESIAN_POINT('',(0.0035,-0.00606217782649107,0.0206760158590978));
#5508=CARTESIAN_POINT('',(0.007,-0.00404145188432738,0.0208426825257645));
#5509=CARTESIAN_POINT('',(0.007,-9.60837467831028E-19,0.0210093491924311));
#5510=CARTESIAN_POINT('',(0.00700000000000001,0.00404145188432738,0.0211760158590978));
#5511=CARTESIAN_POINT('',(0.0035,0.00606217782649107,0.0213426825257645));
#5512=CARTESIAN_POINT('',(9.65373625285676E-18,0.00808290376865476,0.0215093491924311));
#5513=CARTESIAN_POINT('',(-0.0035,0.00606217782649108,0.0216760158590978));
#5514=CARTESIAN_POINT('',(-0.007,0.00404145188432738,0.0218426825257644));
#5515=CARTESIAN_POINT('',(-0.007,3.32542632918471E-18,0.0220093491924311));
#5516=CARTESIAN_POINT('',(-0.00700000000000001,-0.00404145188432738,0.0221760158590978));
#5517=CARTESIAN_POINT('',(-0.0035,-0.00606217782649107,0.0223426825257644));
#5518=CARTESIAN_POINT('',(-3.46454577983469E-18,-0.00808290376865476,0.0225093491924311));
#5519=CARTESIAN_POINT('',(0.0035,-0.00606217782649107,0.0226760158590978));
#5520=CARTESIAN_POINT('',(0.007,-0.00404145188432738,0.0228426825257644));
#5521=CARTESIAN_POINT('',(0.007,-2.67534298663732E-18,0.0230093491924311));
#5522=CARTESIAN_POINT('',(0.00700000000000001,0.00404145188432738,0.0231760158590978));
#5523=CARTESIAN_POINT('',(0.0035,0.00606217782649107,0.0233426825257644));
#5524=CARTESIAN_POINT('',(1.88125373943085E-17,0.00808290376865476,0.0235093491924311));
#5525=CARTESIAN_POINT('',(-0.0035,0.00606217782649108,0.0236760158590978));
#5526=CARTESIAN_POINT('',(-0.007,0.00404145188432738,0.0238426825257645));
#5527=CARTESIAN_POINT('',(-0.007,1.74744297237927E-17,0.0240093491924311));
#5528=CARTESIAN_POINT('',(-0.00700000000000001,-0.00404145188432738,0.0241760158590978));
#5529=CARTESIAN_POINT('',(-0.0035,-0.00606217782649106,0.0243426825257645));
#5530=CARTESIAN_POINT('',(-1.98024076171184E-17,-0.00808290376865476,0.0245093491924311));
#5531=CARTESIAN_POINT('',(0.0035,-0.00606217782649108,0.0246760158590978));
#5532=CARTESIAN_POINT('',(0.00699999999999999,-0.00404145188432738,0.0248426825257645));
#5533=CARTESIAN_POINT('',(0.007,-4.38984850544361E-18,0.0250093491924311));
#5534=CARTESIAN_POINT('',(0.00700000000000001,0.00404145188432738,0.0251760158590978));
#5535=CARTESIAN_POINT('',(0.0035,0.00606217782649107,0.0253426825257645));
#5536=CARTESIAN_POINT('',(2.07922778399284E-17,0.00808290376865476,0.0255093491924311));
#5537=CARTESIAN_POINT('',(-0.0035,0.00606217782649108,0.0256760158590978));
#5538=CARTESIAN_POINT('',(-0.00699999999999999,0.00404145188432738,0.0258426825257644));
#5539=CARTESIAN_POINT('',(-0.007,6.7544373667973E-18,0.0260093491924311));
#5540=CARTESIAN_POINT('',(-0.00700000000000001,-0.00404145188432738,0.0261760158590978));
#5541=CARTESIAN_POINT('',(-0.0035,-0.00606217782649106,0.0263426825257644));
#5542=CARTESIAN_POINT('',(-2.17821480627383E-17,-0.00808290376865476,0.0265093491924311));
#5543=CARTESIAN_POINT('',(0.0035,-0.00606217782649108,0.0266760158590978));
#5544=CARTESIAN_POINT('',(0.00699999999999999,-0.00404145188432738,0.0268426825257644));
#5545=CARTESIAN_POINT('',(0.007,-6.10435402424991E-18,0.0270093491924311));
#5546=CARTESIAN_POINT('',(0.00700000000000001,0.00404145188432738,0.0271760158590978));
#5547=CARTESIAN_POINT('',(0.0035,0.00606217782649107,0.0273426825257644));
#5548=CARTESIAN_POINT('',(2.27720182855482E-17,0.00808290376865476,0.0275093491924311));
#5549=CARTESIAN_POINT('',(-0.0035,0.00606217782649108,0.0276760158590978));
#5550=CARTESIAN_POINT('',(-0.00699999999999999,0.00404145188432738,0.0278426825257645));
#5551=CARTESIAN_POINT('',(-0.007,3.33379386372071E-17,0.0280093491924311));
#5552=CARTESIAN_POINT('',(-0.00700000000000001,-0.00404145188432738,0.0281760158590978));
#5553=CARTESIAN_POINT('',(-0.0035,-0.00606217782649106,0.0283426825257645));
#5554=CARTESIAN_POINT('',(-2.37618885083581E-17,-0.00808290376865476,0.0285093491924311));
#5555=CARTESIAN_POINT('',(0.0035,-0.00606217782649108,0.0286760158590978));
#5556=CARTESIAN_POINT('',(0.00699999999999999,-0.00404145188432738,0.0288426825257645));
#5557=CARTESIAN_POINT('',(0.007,-3.26878552946597E-17,0.0290093491924312));
#5558=CARTESIAN_POINT('',(0.00700000000000001,0.00404145188432738,0.0291760158590978));
#5559=CARTESIAN_POINT('',(0.0035,0.00606217782649106,0.0293426825257645));
#5560=CARTESIAN_POINT('',(5.34680015144959E-17,0.00808290376865476,0.0295093491924311));
#5561=CARTESIAN_POINT('',(-0.0035,0.00606217782649109,0.0296760158590978));
#5562=CARTESIAN_POINT('',(-0.007,0.00404145188432738,0.0298426825257645));
#5563=CARTESIAN_POINT('',(-0.007,3.50524441560134E-17,0.0300093491924311));
#5564=CARTESIAN_POINT('',(-0.00700000000000001,-0.00404145188432738,0.0301760158590978));
#5565=CARTESIAN_POINT('',(-0.0035,-0.00606217782649105,0.0303426825257644));
#5566=CARTESIAN_POINT('',(-2.57416289539779E-17,-0.00808290376865476,0.0305093491924311));
#5567=CARTESIAN_POINT('',(0.00349999999999995,-0.0060621778264911,0.0306760158590978));
#5568=CARTESIAN_POINT('',(0.00699999999999999,-0.00404145188432738,0.0308426825257644));
#5569=CARTESIAN_POINT('',(0.007,-9.5333650618625E-18,0.0310093491924311));
#5570=CARTESIAN_POINT('',(0.00700000000000002,0.00404145188432734,0.0311760158590978));
#5571=CARTESIAN_POINT('',(0.0035,0.00606217782649106,0.0313426825257645));
#5572=CARTESIAN_POINT('',(5.54477419601157E-17,0.00808290376865476,0.0315093491924311));
#5573=CARTESIAN_POINT('',(-0.0035,0.00606217782649109,0.0316760158590978));
#5574=CARTESIAN_POINT('',(-0.007,0.00404145188432738,0.0318426825257644));
#5575=CARTESIAN_POINT('',(-0.007,3.67669496748197E-17,0.0320093491924311));
#5576=CARTESIAN_POINT('',(-0.00700000000000001,-0.00404145188432738,0.0321760158590978));
#5577=CARTESIAN_POINT('',(-0.0035,-0.00606217782649105,0.0323426825257645));
#5578=CARTESIAN_POINT('',(-2.77213693995978E-17,-0.00808290376865476,0.0325093491924311));
#5579=CARTESIAN_POINT('',(0.00349999999999995,-0.0060621778264911,0.0326760158590978));
#5580=CARTESIAN_POINT('',(0.00699999999999999,-0.00404145188432738,0.0328426825257645));
#5581=CARTESIAN_POINT('',(0.007,-1.12478705806688E-17,0.0330093491924311));
#5582=CARTESIAN_POINT('',(0.007,7.53668050975267E-19,0.0282575568875857));
#5583=CARTESIAN_POINT('',(0.007,7.53668050975267E-19,0.03));
#5584=CARTESIAN_POINT('',(0.007,0.014,0.0282575568875857));
#5585=CARTESIAN_POINT('',(0.007,0.014,0.03));
#5586=CARTESIAN_POINT('',(-0.007,0.014,0.0282575568875857));
#5587=CARTESIAN_POINT('',(-0.007,0.014,0.03));
#5588=CARTESIAN_POINT('',(-0.007,1.61092081037841E-18,0.0282575568875857));
#5589=CARTESIAN_POINT('',(-0.007,1.61092081037841E-18,0.03));
#5590=CARTESIAN_POINT('',(0.007,7.53668050975267E-19,0.0182679491924311));
#5591=CARTESIAN_POINT('',(0.007,0.00404145188432738,0.0184346158590978));
#5592=CARTESIAN_POINT('',(0.0035,0.00606217782649107,0.0186012825257645));
#5593=CARTESIAN_POINT('',(4.94935111404956E-19,0.00808290376865476,0.0187679491924311));
#5594=CARTESIAN_POINT('',(-0.0035,0.00606217782649107,0.0189346158590978));
#5595=CARTESIAN_POINT('',(-0.007,0.00404145188432738,0.0191012825257644));
#5596=CARTESIAN_POINT('',(-0.007,1.61092081037842E-18,0.0192679491924311));
#5597=CARTESIAN_POINT('',(-0.007,-0.00404145188432738,0.0194346158590978));
#5598=CARTESIAN_POINT('',(-0.0035,-0.00606217782649107,0.0196012825257645));
#5599=CARTESIAN_POINT('',(-1.48480533421487E-18,-0.00808290376865476,0.0197679491924311));
#5600=CARTESIAN_POINT('',(0.0035,-0.00606217782649107,0.0199346158590978));
#5601=CARTESIAN_POINT('',(0.007,-0.00404145188432738,0.0201012825257645));
#5602=CARTESIAN_POINT('',(0.007,-9.60837467831028E-19,0.0202679491924311));
#5603=CARTESIAN_POINT('',(0.00700000000000001,0.00404145188432738,0.0204346158590978));
#5604=CARTESIAN_POINT('',(0.0035,0.00606217782649107,0.0206012825257645));
#5605=CARTESIAN_POINT('',(9.65373625285676E-18,0.00808290376865476,0.0207679491924311));
#5606=CARTESIAN_POINT('',(-0.0035,0.00606217782649108,0.0209346158590978));
#5607=CARTESIAN_POINT('',(-0.007,0.00404145188432738,0.0211012825257645));
#5608=CARTESIAN_POINT('',(-0.007,3.32542632918471E-18,0.0212679491924311));
#5609=CARTESIAN_POINT('',(-0.00700000000000001,-0.00404145188432738,0.0214346158590978));
#5610=CARTESIAN_POINT('',(-0.0035,-0.00606217782649107,0.0216012825257644));
#5611=CARTESIAN_POINT('',(-3.46454577983469E-18,-0.00808290376865476,0.0217679491924311));
#5612=CARTESIAN_POINT('',(0.0035,-0.00606217782649107,0.0219346158590978));
#5613=CARTESIAN_POINT('',(0.007,-0.00404145188432738,0.0221012825257644));
#5614=CARTESIAN_POINT('',(0.007,-2.67534298663732E-18,0.0222679491924311));
#5615=CARTESIAN_POINT('',(0.00700000000000001,0.00404145188432738,0.0224346158590978));
#5616=CARTESIAN_POINT('',(0.0035,0.00606217782649107,0.0226012825257644));
#5617=CARTESIAN_POINT('',(1.88125373943085E-17,0.00808290376865476,0.0227679491924311));
#5618=CARTESIAN_POINT('',(-0.0035,0.00606217782649108,0.0229346158590978));
#5619=CARTESIAN_POINT('',(-0.007,0.00404145188432738,0.0231012825257644));
#5620=CARTESIAN_POINT('',(-0.007,1.74744297237927E-17,0.0232679491924312));
#5621=CARTESIAN_POINT('',(-0.00700000000000001,-0.00404145188432738,0.0234346158590978));
#5622=CARTESIAN_POINT('',(-0.0035,-0.00606217782649106,0.0236012825257645));
#5623=CARTESIAN_POINT('',(-1.98024076171184E-17,-0.00808290376865476,0.0237679491924311));
#5624=CARTESIAN_POINT('',(0.0035,-0.00606217782649108,0.0239346158590978));
#5625=CARTESIAN_POINT('',(0.00699999999999999,-0.00404145188432738,0.0241012825257645));
#5626=CARTESIAN_POINT('',(0.007,-4.38984850544361E-18,0.0242679491924311));
#5627=CARTESIAN_POINT('',(0.00700000000000001,0.00404145188432738,0.0244346158590978));
#5628=CARTESIAN_POINT('',(0.0035,0.00606217782649107,0.0246012825257644));
#5629=CARTESIAN_POINT('',(2.07922778399284E-17,0.00808290376865476,0.0247679491924311));
#5630=CARTESIAN_POINT('',(-0.0035,0.00606217782649108,0.0249346158590978));
#5631=CARTESIAN_POINT('',(-0.00699999999999999,0.00404145188432738,0.0251012825257645));
#5632=CARTESIAN_POINT('',(-0.007,6.7544373667973E-18,0.0252679491924311));
#5633=CARTESIAN_POINT('',(-0.00700000000000001,-0.00404145188432738,0.0254346158590978));
#5634=CARTESIAN_POINT('',(-0.0035,-0.00606217782649106,0.0256012825257644));
#5635=CARTESIAN_POINT('',(-2.17821480627383E-17,-0.00808290376865476,0.0257679491924311));
#5636=CARTESIAN_POINT('',(0.0035,-0.00606217782649108,0.0259346158590978));
#5637=CARTESIAN_POINT('',(0.00699999999999999,-0.00404145188432738,0.0261012825257645));
#5638=CARTESIAN_POINT('',(0.007,-6.10435402424991E-18,0.0262679491924311));
#5639=CARTESIAN_POINT('',(0.00700000000000001,0.00404145188432738,0.0264346158590978));
#5640=CARTESIAN_POINT('',(0.0035,0.00606217782649107,0.0266012825257644));
#5641=CARTESIAN_POINT('',(2.27720182855482E-17,0.00808290376865476,0.0267679491924311));
#5642=CARTESIAN_POINT('',(-0.0035,0.00606217782649108,0.0269346158590978));
#5643=CARTESIAN_POINT('',(-0.00699999999999999,0.00404145188432738,0.0271012825257644));
#5644=CARTESIAN_POINT('',(-0.007,3.33379386372071E-17,0.0272679491924311));
#5645=CARTESIAN_POINT('',(-0.00700000000000001,-0.00404145188432738,0.0274346158590978));
#5646=CARTESIAN_POINT('',(-0.0035,-0.00606217782649106,0.0276012825257645));
#5647=CARTESIAN_POINT('',(-2.37618885083581E-17,-0.00808290376865476,0.0277679491924311));
#5648=CARTESIAN_POINT('',(0.0035,-0.00606217782649108,0.0279346158590978));
#5649=CARTESIAN_POINT('',(0.00699999999999999,-0.00404145188432738,0.0281012825257644));
#5650=CARTESIAN_POINT('',(0.007,-3.26878552946597E-17,0.0282679491924311));
#5651=CARTESIAN_POINT('',(0.00700000000000001,0.00404145188432738,0.0284346158590978));
#5652=CARTESIAN_POINT('',(0.0035,0.00606217782649106,0.0286012825257644));
#5653=CARTESIAN_POINT('',(5.34680015144959E-17,0.00808290376865476,0.0287679491924311));
#5654=CARTESIAN_POINT('',(-0.0035,0.00606217782649109,0.0289346158590978));
#5655=CARTESIAN_POINT('',(-0.007,0.00404145188432738,0.0291012825257645));
#5656=CARTESIAN_POINT('',(-0.007,3.50524441560134E-17,0.0292679491924311));
#5657=CARTESIAN_POINT('',(-0.00700000000000001,-0.00404145188432738,0.0294346158590978));
#5658=CARTESIAN_POINT('',(-0.0035,-0.00606217782649105,0.0296012825257644));
#5659=CARTESIAN_POINT('',(-2.57416289539779E-17,-0.00808290376865476,0.0297679491924311));
#5660=CARTESIAN_POINT('',(0.00349999999999995,-0.0060621778264911,0.0299346158590978));
#5661=CARTESIAN_POINT('',(0.00699999999999999,-0.00404145188432738,0.0301012825257645));
#5662=CARTESIAN_POINT('',(0.007,-9.5333650618625E-18,0.0302679491924311));
#5663=CARTESIAN_POINT('',(0.00700000000000002,0.00404145188432734,0.0304346158590978));
#5664=CARTESIAN_POINT('',(0.0035,0.00606217782649106,0.0306012825257644));
#5665=CARTESIAN_POINT('',(5.54477419601157E-17,0.00808290376865476,0.0307679491924311));
#5666=CARTESIAN_POINT('',(-0.0035,0.00606217782649109,0.0309346158590978));
#5667=CARTESIAN_POINT('',(-0.007,0.00404145188432738,0.0311012825257644));
#5668=CARTESIAN_POINT('',(-0.007,3.67669496748197E-17,0.0312679491924312));
#5669=CARTESIAN_POINT('',(-0.00700000000000001,-0.00404145188432738,0.0314346158590978));
#5670=CARTESIAN_POINT('',(-0.0035,-0.00606217782649105,0.0316012825257645));
#5671=CARTESIAN_POINT('',(-2.77213693995978E-17,-0.00808290376865476,0.0317679491924311));
#5672=CARTESIAN_POINT('',(0.00349999999999995,-0.0060621778264911,0.0319346158590978));
#5673=CARTESIAN_POINT('',(0.00699999999999999,-0.00404145188432738,0.0321012825257644));
#5674=CARTESIAN_POINT('',(0.007,-1.12478705806688E-17,0.0322679491924312));
#5675=CARTESIAN_POINT('',(0.007,7.53668050975267E-19,0.0190093491924311));
#5676=CARTESIAN_POINT('',(0.007,0.00404145188432738,0.0191760158590978));
#5677=CARTESIAN_POINT('',(0.0035,0.00606217782649107,0.0193426825257645));
#5678=CARTESIAN_POINT('',(4.94935111404956E-19,0.00808290376865476,0.0195093491924311));
#5679=CARTESIAN_POINT('',(-0.0035,0.00606217782649107,0.0196760158590978));
#5680=CARTESIAN_POINT('',(-0.007,0.00404145188432738,0.0198426825257645));
#5681=CARTESIAN_POINT('',(-0.007,1.61092081037842E-18,0.0200093491924311));
#5682=CARTESIAN_POINT('',(-0.007,-0.00404145188432738,0.0201760158590978));
#5683=CARTESIAN_POINT('',(-0.0035,-0.00606217782649107,0.0203426825257645));
#5684=CARTESIAN_POINT('',(-1.48480533421487E-18,-0.00808290376865476,0.0205093491924311));
#5685=CARTESIAN_POINT('',(0.0035,-0.00606217782649107,0.0206760158590978));
#5686=CARTESIAN_POINT('',(0.007,-0.00404145188432738,0.0208426825257645));
#5687=CARTESIAN_POINT('',(0.007,-9.60837467831028E-19,0.0210093491924311));
#5688=CARTESIAN_POINT('',(0.00700000000000001,0.00404145188432738,0.0211760158590978));
#5689=CARTESIAN_POINT('',(0.0035,0.00606217782649107,0.0213426825257645));
#5690=CARTESIAN_POINT('',(9.65373625285676E-18,0.00808290376865476,0.0215093491924311));
#5691=CARTESIAN_POINT('',(-0.0035,0.00606217782649108,0.0216760158590978));
#5692=CARTESIAN_POINT('',(-0.007,0.00404145188432738,0.0218426825257644));
#5693=CARTESIAN_POINT('',(-0.007,3.32542632918471E-18,0.0220093491924311));
#5694=CARTESIAN_POINT('',(-0.00700000000000001,-0.00404145188432738,0.0221760158590978));
#5695=CARTESIAN_POINT('',(-0.0035,-0.00606217782649107,0.0223426825257644));
#5696=CARTESIAN_POINT('',(-3.46454577983469E-18,-0.00808290376865476,0.0225093491924311));
#5697=CARTESIAN_POINT('',(0.0035,-0.00606217782649107,0.0226760158590978));
#5698=CARTESIAN_POINT('',(0.007,-0.00404145188432738,0.0228426825257644));
#5699=CARTESIAN_POINT('',(0.007,-2.67534298663732E-18,0.0230093491924311));
#5700=CARTESIAN_POINT('',(0.00700000000000001,0.00404145188432738,0.0231760158590978));
#5701=CARTESIAN_POINT('',(0.0035,0.00606217782649107,0.0233426825257644));
#5702=CARTESIAN_POINT('',(1.88125373943085E-17,0.00808290376865476,0.0235093491924311));
#5703=CARTESIAN_POINT('',(-0.0035,0.00606217782649108,0.0236760158590978));
#5704=CARTESIAN_POINT('',(-0.007,0.00404145188432738,0.0238426825257645));
#5705=CARTESIAN_POINT('',(-0.007,1.74744297237927E-17,0.0240093491924311));
#5706=CARTESIAN_POINT('',(-0.00700000000000001,-0.00404145188432738,0.0241760158590978));
#5707=CARTESIAN_POINT('',(-0.0035,-0.00606217782649106,0.0243426825257645));
#5708=CARTESIAN_POINT('',(-1.98024076171184E-17,-0.00808290376865476,0.0245093491924311));
#5709=CARTESIAN_POINT('',(0.0035,-0.00606217782649108,0.0246760158590978));
#5710=CARTESIAN_POINT('',(0.00699999999999999,-0.00404145188432738,0.0248426825257645));
#5711=CARTESIAN_POINT('',(0.007,-4.38984850544361E-18,0.0250093491924311));
#5712=CARTESIAN_POINT('',(0.00700000000000001,0.00404145188432738,0.0251760158590978));
#5713=CARTESIAN_POINT('',(0.0035,0.00606217782649107,0.0253426825257645));
#5714=CARTESIAN_POINT('',(2.07922778399284E-17,0.00808290376865476,0.0255093491924311));
#5715=CARTESIAN_POINT('',(-0.0035,0.00606217782649108,0.0256760158590978));
#5716=CARTESIAN_POINT('',(-0.00699999999999999,0.00404145188432738,0.0258426825257644));
#5717=CARTESIAN_POINT('',(-0.007,6.7544373667973E-18,0.0260093491924311));
#5718=CARTESIAN_POINT('',(-0.00700000000000001,-0.00404145188432738,0.0261760158590978));
#5719=CARTESIAN_POINT('',(-0.0035,-0.00606217782649106,0.0263426825257644));
#5720=CARTESIAN_POINT('',(-2.17821480627383E-17,-0.00808290376865476,0.0265093491924311));
#5721=CARTESIAN_POINT('',(0.0035,-0.00606217782649108,0.0266760158590978));
#5722=CARTESIAN_POINT('',(0.00699999999999999,-0.00404145188432738,0.0268426825257644));
#5723=CARTESIAN_POINT('',(0.007,-6.10435402424991E-18,0.0270093491924311));
#5724=CARTESIAN_POINT('',(0.00700000000000001,0.00404145188432738,0.0271760158590978));
#5725=CARTESIAN_POINT('',(0.0035,0.00606217782649107,0.0273426825257644));
#5726=CARTESIAN_POINT('',(2.27720182855482E-17,0.00808290376865476,0.0275093491924311));
#5727=CARTESIAN_POINT('',(-0.0035,0.00606217782649108,0.0276760158590978));
#5728=CARTESIAN_POINT('',(-0.00699999999999999,0.00404145188432738,0.0278426825257645));
#5729=CARTESIAN_POINT('',(-0.007,3.33379386372071E-17,0.0280093491924311));
#5730=CARTESIAN_POINT('',(-0.00700000000000001,-0.00404145188432738,0.0281760158590978));
#5731=CARTESIAN_POINT('',(-0.0035,-0.00606217782649106,0.0283426825257645));
#5732=CARTESIAN_POINT('',(-2.37618885083581E-17,-0.00808290376865476,0.0285093491924311));
#5733=CARTESIAN_POINT('',(0.0035,-0.00606217782649108,0.0286760158590978));
#5734=CARTESIAN_POINT('',(0.00699999999999999,-0.00404145188432738,0.0288426825257645));
#5735=CARTESIAN_POINT('',(0.007,-3.26878552946597E-17,0.0290093491924312));
#5736=CARTESIAN_POINT('',(0.00700000000000001,0.00404145188432738,0.0291760158590978));
#5737=CARTESIAN_POINT('',(0.0035,0.00606217782649106,0.0293426825257645));
#5738=CARTESIAN_POINT('',(5.34680015144959E-17,0.00808290376865476,0.0295093491924311));
#5739=CARTESIAN_POINT('',(-0.0035,0.00606217782649109,0.0296760158590978));
#5740=CARTESIAN_POINT('',(-0.007,0.00404145188432738,0.0298426825257645));
#5741=CARTESIAN_POINT('',(-0.007,3.50524441560134E-17,0.0300093491924311));
#5742=CARTESIAN_POINT('',(-0.00700000000000001,-0.00404145188432738,0.0301760158590978));
#5743=CARTESIAN_POINT('',(-0.0035,-0.00606217782649105,0.0303426825257644));
#5744=CARTESIAN_POINT('',(-2.57416289539779E-17,-0.00808290376865476,0.0305093491924311));
#5745=CARTESIAN_POINT('',(0.00349999999999995,-0.0060621778264911,0.0306760158590978));
#5746=CARTESIAN_POINT('',(0.00699999999999999,-0.00404145188432738,0.0308426825257644));
#5747=CARTESIAN_POINT('',(0.007,-9.5333650618625E-18,0.0310093491924311));
#5748=CARTESIAN_POINT('',(0.00700000000000002,0.00404145188432734,0.0311760158590978));
#5749=CARTESIAN_POINT('',(0.0035,0.00606217782649106,0.0313426825257645));
#5750=CARTESIAN_POINT('',(5.54477419601157E-17,0.00808290376865476,0.0315093491924311));
#5751=CARTESIAN_POINT('',(-0.0035,0.00606217782649109,0.0316760158590978));
#5752=CARTESIAN_POINT('',(-0.007,0.00404145188432738,0.0318426825257644));
#5753=CARTESIAN_POINT('',(-0.007,3.67669496748197E-17,0.0320093491924311));
#5754=CARTESIAN_POINT('',(-0.00700000000000001,-0.00404145188432738,0.0321760158590978));
#5755=CARTESIAN_POINT('',(-0.0035,-0.00606217782649105,0.0323426825257645));
#5756=CARTESIAN_POINT('',(-2.77213693995978E-17,-0.00808290376865476,0.0325093491924311));
#5757=CARTESIAN_POINT('',(0.00349999999999995,-0.0060621778264911,0.0326760158590978));
#5758=CARTESIAN_POINT('',(0.00699999999999999,-0.00404145188432738,0.0328426825257645));
#5759=CARTESIAN_POINT('',(0.007,-1.12478705806688E-17,0.0330093491924311));
#5760=CARTESIAN_POINT('',(-0.00699639505815058,0.000224624554058955,0.03));
#5761=CARTESIAN_POINT('',(0.,7.53668050975267E-19,0.03));
#5762=CARTESIAN_POINT('',(0.00785,0.,0.0167889918131642));
#5763=CARTESIAN_POINT('',(0.00785,0.,0.03));
#5764=CARTESIAN_POINT('',(0.00785,0.0157,0.0167889918131642));
#5765=CARTESIAN_POINT('',(0.00785,0.0157,0.03));
#5766=CARTESIAN_POINT('',(-0.00785,0.0157,0.0167889918131642));
#5767=CARTESIAN_POINT('',(-0.00785,0.0157,0.03));
#5768=CARTESIAN_POINT('',(-0.00785,9.61347737330672E-19,0.0167889918131642));
#5769=CARTESIAN_POINT('',(-0.00785,9.61347737330672E-19,0.03));
#5770=CARTESIAN_POINT('',(0.,0.,0.018));
#5771=CARTESIAN_POINT('',(-0.00704581578278204,0.00346106630319321,0.018));
#5772=CARTESIAN_POINT('',(-0.00785,0.,0.018));
#5773=CARTESIAN_POINT('',(-0.00785,9.61347737330672E-19,0.0069));
#5774=CARTESIAN_POINT('',(-0.00785,9.61347737330672E-19,0.0311));
#5775=CARTESIAN_POINT('',(-0.00785,9.61347737330672E-19,0.03));
#5776=CARTESIAN_POINT('',(0.,0.,0.03));
#5777=CARTESIAN_POINT('',(0.00785,0.,0.03));
#5778=CARTESIAN_POINT('',(0.00785,0.,0.0069));
#5779=CARTESIAN_POINT('',(0.00785,0.,0.0311));
#5780=CARTESIAN_POINT('',(0.00785,0.,0.018));
#5781=CARTESIAN_POINT('',(0.,0.,0.018));
#5782=CARTESIAN_POINT('',(-0.00353060340685569,0.00701122953436122,0.018));
#5783=CARTESIAN_POINT('',(-0.00353060340685569,0.00701122953436122,0.018));
#5784=CARTESIAN_POINT('',(-0.00353060340685569,0.00701122953436122,0.0167889918131642));
#5785=CARTESIAN_POINT('',(1.7347234759768E-18,4.33680868994202E-19,0.0167889918131642));
#5786=CARTESIAN_POINT('',(-0.00704581578278204,0.00346106630319321,0.0167889918131642));
#5787=CARTESIAN_POINT('',(-0.00704581578278204,0.00346106630319321,0.008));
#5788=CARTESIAN_POINT('',(0.00810423315195714,0.,0.0165581721473613));
#5789=CARTESIAN_POINT('',(0.00810423315195714,-0.0162084663039143,0.0165581721473613));
#5790=CARTESIAN_POINT('',(-0.00810423315195714,-0.0162084663039143,0.0165581721473613));
#5791=CARTESIAN_POINT('',(-0.00810423315195714,0.,0.0165581721473613));
#5792=CARTESIAN_POINT('',(0.00785,0.,0.018));
#5793=CARTESIAN_POINT('',(0.00785,-0.0157,0.018));
#5794=CARTESIAN_POINT('',(-0.00785,-0.0157,0.018));
#5795=CARTESIAN_POINT('',(-0.00785,0.,0.018));
#5796=CARTESIAN_POINT('',(1.7347234759768E-18,4.33680868994202E-19,0.0165581721473614));
#5797=CARTESIAN_POINT('',(0.00810423315195715,4.33680868994202E-19,0.0165581721473614));
#5798=CARTESIAN_POINT('',(-0.00810423315195715,4.33680868994202E-19,0.0165581721473614));
#5799=CARTESIAN_POINT('',(0.00970143329743888,0.,0.0075));
#5800=CARTESIAN_POINT('',(0.,0.,0.062519562283999));
#5801=CARTESIAN_POINT('',(0.,0.,0.018));
#5802=CARTESIAN_POINT('',(-0.00970143329743888,0.,0.0075));
#5803=CARTESIAN_POINT('',(0.,0.,0.062519562283999));
#5804=CARTESIAN_POINT('',(-0.00810423315195714,0.,0.0165581721473613));
#5805=CARTESIAN_POINT('',(-0.00810423315195714,0.00119909779851322,0.0165581721473613));
#5806=CARTESIAN_POINT('',(-0.00784098787610587,0.00245997760658453,0.0165581721473613));
#5807=CARTESIAN_POINT('',(-0.00722376755397504,0.00367365993355654,0.0165581721473613));
#5808=CARTESIAN_POINT('',(-0.00785,0.,0.018));
#5809=CARTESIAN_POINT('',(-0.00785,0.00116148160372899,0.018));
#5810=CARTESIAN_POINT('',(-0.00759501283752758,0.00238280708977691,0.018));
#5811=CARTESIAN_POINT('',(-0.00699715497264656,0.00355841569926385,0.018));
#5812=CARTESIAN_POINT('',(1.7347234759768E-18,4.33680868994202E-19,0.0165581721473614));
#5813=CARTESIAN_POINT('',(-0.00723602686203359,0.0036494534156788,0.0165581721473614));
#5814=CARTESIAN_POINT('',(-0.00723602686203358,0.00364945341567879,0.0165581721473614));
#5815=CARTESIAN_POINT('',(-0.0071727276401935,0.00358676118096796,0.0170388087329605));
#5816=CARTESIAN_POINT('',(-0.00710932769295276,0.00352396918672968,0.0175194189960716));
#5817=CARTESIAN_POINT('',(-0.00704581578278205,0.00346106630319323,0.018));
#5818=CARTESIAN_POINT('',(-0.00810423315195715,4.33680868994202E-19,0.0165581721473613));
#5819=CARTESIAN_POINT('',(-0.00810423315195715,-0.0162084663039143,0.0165581721473613));
#5820=CARTESIAN_POINT('',(0.00810423315195716,-0.0162084663039143,0.0165581721473613));
#5821=CARTESIAN_POINT('',(0.00810423315195715,4.33680868994202E-19,0.0165581721473613));
#5822=CARTESIAN_POINT('',(-0.0103037510041576,4.33680868994202E-19,0.0144432850333401));
#5823=CARTESIAN_POINT('',(-0.0103037510041576,-0.0206075020083152,0.0144432850333401));
#5824=CARTESIAN_POINT('',(0.0103037510041576,-0.0206075020083152,0.0144432850333401));
#5825=CARTESIAN_POINT('',(0.0103037510041576,4.33680868994202E-19,0.0144432850333401));
#5826=CARTESIAN_POINT('',(-0.010613291823516,4.33680868994202E-19,0.011423951210829));
#5827=CARTESIAN_POINT('',(-0.010613291823516,-0.021226583647032,0.011423951210829));
#5828=CARTESIAN_POINT('',(0.010613291823516,-0.021226583647032,0.011423951210829));
#5829=CARTESIAN_POINT('',(0.010613291823516,4.33680868994202E-19,0.011423951210829));
#5830=CARTESIAN_POINT('',(-0.00894154920699543,4.33680868994202E-19,0.00891039365874451));
#5831=CARTESIAN_POINT('',(-0.00894154920699543,-0.0178830984139909,0.00891039365874451));
#5832=CARTESIAN_POINT('',(0.00894154920699543,-0.0178830984139909,0.00891039365874451));
#5833=CARTESIAN_POINT('',(0.00894154920699543,4.33680868994202E-19,0.00891039365874451));
#5834=CARTESIAN_POINT('',(-0.0071896727148197,4.33680868994202E-19,0.0172805251961237));
#5835=CARTESIAN_POINT('',(-0.0104735281117031,4.33680868994202E-19,0.0151699242850592));
#5836=CARTESIAN_POINT('',(-0.0110436960040309,4.33680868994202E-19,0.0113081564194327));
#5837=CARTESIAN_POINT('',(-0.00850989496714834,4.33680868994202E-19,0.00833861187878018));
#5838=CARTESIAN_POINT('',(-0.00933268577840236,-9.62964972193618E-35,0.00959127110074099));
#5839=CARTESIAN_POINT('',(1.7347234759768E-18,4.33680868994202E-19,0.00959127110074099));
#5840=CARTESIAN_POINT('',(-0.00246962018099825,-0.009,0.0095912711007409));
#5841=CARTESIAN_POINT('',(0.00246962018099814,-0.009,0.00959127110074099));
#5842=CARTESIAN_POINT('',(0.00171724865605448,-0.009,0.00918529807648024));
#5843=CARTESIAN_POINT('',(-5.93955554691159E-7,-0.009,0.00881701736396735));
#5844=CARTESIAN_POINT('',(-0.00170866865179684,-0.009,0.00918066838202587));
#5845=CARTESIAN_POINT('',(-0.0024696201809982,-0.009,0.00959127110074102));
#5846=CARTESIAN_POINT('',(0.00246962018099802,-0.009,0.00959127110074125));
#5847=CARTESIAN_POINT('',(1.7347234759768E-18,4.33680868994202E-19,0.00959127110074099));
#5848=CARTESIAN_POINT('',(0.00933268577840236,4.33680868994202E-19,0.00959127110074099));
#5849=CARTESIAN_POINT('',(0.0071896727148197,4.33680868994202E-19,0.0172805251961237));
#5850=CARTESIAN_POINT('',(0.0104735281117031,4.33680868994202E-19,0.0151699242850592));
#5851=CARTESIAN_POINT('',(0.0110436960040309,4.33680868994202E-19,0.0113081564194327));
#5852=CARTESIAN_POINT('',(0.00850989496714835,4.33680868994202E-19,0.00833861187878018));
#5853=CARTESIAN_POINT('',(0.0078,8.57252759403147E-19,0.003));
#5854=CARTESIAN_POINT('',(0.0078,8.57252759403147E-19,0.009));
#5855=CARTESIAN_POINT('',(0.0078,0.0016,0.003));
#5856=CARTESIAN_POINT('',(0.0078,0.0016,0.009));
#5857=CARTESIAN_POINT('',(0.0062,0.0016,0.003));
#5858=CARTESIAN_POINT('',(0.0062,0.0016,0.009));
#5859=CARTESIAN_POINT('',(0.0062,9.55224503334935E-19,0.003));
#5860=CARTESIAN_POINT('',(0.0062,9.55224503334935E-19,0.009));
#5861=CARTESIAN_POINT('',(0.007,8.57252759403147E-19,0.003));
#5862=CARTESIAN_POINT('',(0.0078,8.57252759403147E-19,0.003));
#5863=CARTESIAN_POINT('',(0.0062,7.59281015471359E-19,0.003));
#5864=CARTESIAN_POINT('',(0.0078,8.57252759403147E-19,0.0027));
#5865=CARTESIAN_POINT('',(0.0078,8.57252759403147E-19,0.0093));
#5866=CARTESIAN_POINT('',(0.0078,8.57252759403147E-19,0.009));
#5867=CARTESIAN_POINT('',(0.007,8.57252759403147E-19,0.009));
#5868=CARTESIAN_POINT('',(0.0062,7.59281015471359E-19,0.009));
#5869=CARTESIAN_POINT('',(0.0062,9.55224503334935E-19,0.0027));
#5870=CARTESIAN_POINT('',(0.0062,9.55224503334935E-19,0.0093));
#5871=CARTESIAN_POINT('',(0.000799999999999999,0.007,0.003));
#5872=CARTESIAN_POINT('',(0.000799999999999999,0.007,0.009));
#5873=CARTESIAN_POINT('',(0.000799999999999999,0.0086,0.003));
#5874=CARTESIAN_POINT('',(0.000799999999999999,0.0086,0.009));
#5875=CARTESIAN_POINT('',(-0.000800000000000001,0.0086,0.003));
#5876=CARTESIAN_POINT('',(-0.000800000000000001,0.0086,0.009));
#5877=CARTESIAN_POINT('',(-0.000800000000000001,0.007,0.003));
#5878=CARTESIAN_POINT('',(-0.000800000000000001,0.007,0.009));
#5879=CARTESIAN_POINT('',(-8.57252759403147E-19,0.007,0.003));
#5880=CARTESIAN_POINT('',(0.000799999999999999,0.007,0.003));
#5881=CARTESIAN_POINT('',(-0.000800000000000001,0.007,0.003));
#5882=CARTESIAN_POINT('',(0.000799999999999999,0.007,0.0027));
#5883=CARTESIAN_POINT('',(0.000799999999999999,0.007,0.0093));
#5884=CARTESIAN_POINT('',(0.000799999999999999,0.007,0.009));
#5885=CARTESIAN_POINT('',(-8.57252759403147E-19,0.007,0.009));
#5886=CARTESIAN_POINT('',(-0.000800000000000001,0.007,0.009));
#5887=CARTESIAN_POINT('',(-0.000800000000000001,0.007,0.0027));
#5888=CARTESIAN_POINT('',(-0.000800000000000001,0.007,0.0093));
#5889=CARTESIAN_POINT('',(-0.0062,-8.57252759403147E-19,0.003));
#5890=CARTESIAN_POINT('',(-0.0062,-8.57252759403147E-19,0.009));
#5891=CARTESIAN_POINT('',(-0.0062,0.0016,0.003));
#5892=CARTESIAN_POINT('',(-0.0062,0.0016,0.009));
#5893=CARTESIAN_POINT('',(-0.0078,0.0016,0.003));
#5894=CARTESIAN_POINT('',(-0.0078,0.0016,0.009));
#5895=CARTESIAN_POINT('',(-0.0078,-7.59281015471359E-19,0.003));
#5896=CARTESIAN_POINT('',(-0.0078,-7.59281015471359E-19,0.009));
#5897=CARTESIAN_POINT('',(-0.007,-8.57252759403147E-19,0.003));
#5898=CARTESIAN_POINT('',(-0.0062,-8.57252759403147E-19,0.003));
#5899=CARTESIAN_POINT('',(-0.0078,-9.55224503334935E-19,0.003));
#5900=CARTESIAN_POINT('',(-0.0062,-8.57252759403147E-19,0.0027));
#5901=CARTESIAN_POINT('',(-0.0062,-8.57252759403147E-19,0.0093));
#5902=CARTESIAN_POINT('',(-0.0062,-8.57252759403147E-19,0.009));
#5903=CARTESIAN_POINT('',(-0.007,-8.57252759403147E-19,0.009));
#5904=CARTESIAN_POINT('',(-0.0078,-8.57252759403147E-19,0.009));
#5905=CARTESIAN_POINT('',(-0.0078,-7.59281015471359E-19,0.0027));
#5906=CARTESIAN_POINT('',(-0.0078,-7.59281015471359E-19,0.0093));
#5907=CARTESIAN_POINT('',(0.0080511315732867,0.00575610446010892,0.003));
#5908=CARTESIAN_POINT('',(0.0080511315732867,0.00575610446010892,0.006));
#5909=CARTESIAN_POINT('',(0.0080511315732867,0.00895610446010892,0.003));
#5910=CARTESIAN_POINT('',(0.0080511315732867,0.00895610446010892,0.006));
#5911=CARTESIAN_POINT('',(0.0048511315732867,0.00895610446010892,0.003));
#5912=CARTESIAN_POINT('',(0.0048511315732867,0.00895610446010892,0.006));
#5913=CARTESIAN_POINT('',(0.0048511315732867,0.00575610446010892,0.003));
#5914=CARTESIAN_POINT('',(0.0048511315732867,0.00575610446010892,0.006));
#5915=CARTESIAN_POINT('',(0.0064511315732867,0.00575610446010892,0.003));
#5916=CARTESIAN_POINT('',(0.0080511315732867,0.00575610446010892,0.003));
#5917=CARTESIAN_POINT('',(0.0048511315732867,0.00575610446010892,0.003));
#5918=CARTESIAN_POINT('',(0.0080511315732867,0.00575610446010892,0.00285));
#5919=CARTESIAN_POINT('',(0.0080511315732867,0.00575610446010892,0.00615));
#5920=CARTESIAN_POINT('',(0.0080511315732867,0.00575610446010892,0.006));
#5921=CARTESIAN_POINT('',(0.0064511315732867,0.00575610446010892,0.006));
#5922=CARTESIAN_POINT('',(0.0048511315732867,0.00575610446010892,0.006));
#5923=CARTESIAN_POINT('',(0.0048511315732867,0.00575610446010892,0.00285));
#5924=CARTESIAN_POINT('',(0.0048511315732867,0.00575610446010892,0.00615));
#5925=CARTESIAN_POINT('',(-0.00607118432756435,-0.00410650761433035,0.003));
#5926=CARTESIAN_POINT('',(-0.00607118432756435,-0.00410650761433035,0.006));
#5927=CARTESIAN_POINT('',(-0.00607118432756435,-0.00090650761433035,0.003));
#5928=CARTESIAN_POINT('',(-0.00607118432756435,-0.00090650761433035,0.006));
#5929=CARTESIAN_POINT('',(-0.00927118432756435,-0.00090650761433035,0.003));
#5930=CARTESIAN_POINT('',(-0.00927118432756435,-0.00090650761433035,0.006));
#5931=CARTESIAN_POINT('',(-0.00927118432756435,-0.00410650761433035,0.003));
#5932=CARTESIAN_POINT('',(-0.00927118432756435,-0.00410650761433035,0.006));
#5933=CARTESIAN_POINT('',(-0.00767118432756435,-0.00410650761433035,0.003));
#5934=CARTESIAN_POINT('',(-0.00607118432756435,-0.00410650761433035,0.003));
#5935=CARTESIAN_POINT('',(-0.00927118432756435,-0.00410650761433035,0.003));
#5936=CARTESIAN_POINT('',(-0.00607118432756435,-0.00410650761433035,0.00285));
#5937=CARTESIAN_POINT('',(-0.00607118432756435,-0.00410650761433035,0.00615));
#5938=CARTESIAN_POINT('',(-0.00607118432756435,-0.00410650761433035,0.006));
#5939=CARTESIAN_POINT('',(-0.00767118432756435,-0.00410650761433035,0.006));
#5940=CARTESIAN_POINT('',(-0.00927118432756435,-0.00410650761433035,0.006));
#5941=CARTESIAN_POINT('',(-0.00927118432756435,-0.00410650761433035,0.00285));
#5942=CARTESIAN_POINT('',(-0.00927118432756435,-0.00410650761433035,0.00615));
#5943=CARTESIAN_POINT('',(-0.0137873419457204,-0.00900000000000001,0.008));
#5944=CARTESIAN_POINT('',(-0.0137873419457204,-0.00900000000000001,0.003));
#5945=CARTESIAN_POINT('',(-0.0156736139266927,-0.00611036924396704,0.008));
#5946=CARTESIAN_POINT('',(-0.0156736139266927,-0.00611036924396704,0.003));
#5947=CARTESIAN_POINT('',(-0.0164648351928655,-0.00297090355153191,0.008));
#5948=CARTESIAN_POINT('',(-0.0164648351928655,-0.00297090355153191,0.003));
#5949=CARTESIAN_POINT('',(-0.0164648351928655,4.33680868994202E-19,0.008));
#5950=CARTESIAN_POINT('',(-0.0164648351928655,4.33680868994202E-19,0.003));
#5951=CARTESIAN_POINT('',(1.34020174410619E-18,4.33680868994202E-19,0.008));
#5952=CARTESIAN_POINT('',(-0.0164648351928655,4.33680868994202E-19,0.008));
#5953=CARTESIAN_POINT('',(-0.0137873419457204,-0.009,0.008));
#5954=CARTESIAN_POINT('',(-0.0164648351928655,4.33680868994202E-19,0.00825));
#5955=CARTESIAN_POINT('',(-0.0164648351928655,4.33680868994202E-19,0.00275));
#5956=CARTESIAN_POINT('',(-0.0164648351928655,4.33680868994202E-19,0.003));
#5957=CARTESIAN_POINT('',(0.,0.,0.003));
#5958=CARTESIAN_POINT('',(-0.0137873419457204,-0.009,0.003));
#5959=CARTESIAN_POINT('',(-0.0137873419457204,-0.009,0.03));
#5960=CARTESIAN_POINT('',(-0.00961326980708465,0.,0.008));
#5961=CARTESIAN_POINT('',(-0.00961326980708465,0.00156998588449466,0.008));
#5962=CARTESIAN_POINT('',(-0.00923372921136757,0.00322516232478482,0.008));
#5963=CARTESIAN_POINT('',(-0.00833603771398675,0.00478805092023841,0.008));
#5964=CARTESIAN_POINT('',(-0.00933268577840236,0.,0.00959127110074099));
#5965=CARTESIAN_POINT('',(-0.00933268577840236,0.00152416245778492,0.00959127110074099));
#5966=CARTESIAN_POINT('',(-0.00896422289417489,0.00313102900111844,0.00959127110074099));
#5967=CARTESIAN_POINT('',(-0.00809273246073002,0.00464830131956182,0.00959127110074099));
#5968=CARTESIAN_POINT('',(0.,0.,0.008));
#5969=CARTESIAN_POINT('',(-0.00961326980708465,0.,0.008));
#5970=CARTESIAN_POINT('',(-0.00835397655204026,0.00475668289375767,0.008));
#5971=CARTESIAN_POINT('',(-0.00970143329743888,0.,0.0075));
#5972=CARTESIAN_POINT('',(0.,0.,0.062519562283999));
#5973=CARTESIAN_POINT('',(1.7347234759768E-18,4.33680868994202E-19,0.00959127110074099));
#5974=CARTESIAN_POINT('',(-0.00814729723391893,0.00455198545917829,0.00959127110074099));
#5975=CARTESIAN_POINT('',(-0.00835397655204026,0.00475668289375767,0.008));
#5976=CARTESIAN_POINT('',(-0.00828515614656383,0.00468852241899034,0.0085304424767075));
#5977=CARTESIAN_POINT('',(-0.00821626538701135,0.0046202922647843,0.00906086678298471));
#5978=CARTESIAN_POINT('',(-0.00814729723391893,0.00455198545917829,0.00959127110074099));
#5979=CARTESIAN_POINT('',(0.0151660761402925,-0.009,0.00266845906363272));
#5980=CARTESIAN_POINT('',(0.0151660761402925,-0.009,0.00996235966371298));
#5981=CARTESIAN_POINT('',(-0.0151660761402925,-0.009,0.00266845906363272));
#5982=CARTESIAN_POINT('',(-0.0151660761402925,-0.009,0.00996235966371298));
#5983=CARTESIAN_POINT('',(0.00246962018099802,-0.009,0.00959127110074125));
#5984=CARTESIAN_POINT('',(0.00280720156055455,-0.009,0.00908465004667362));
#5985=CARTESIAN_POINT('',(0.00310410006652594,-0.009,0.00854713410007333));
#5986=CARTESIAN_POINT('',(0.00337860272654322,-0.009,0.008));
#5987=CARTESIAN_POINT('',(0.00337860272654322,-0.009,0.008));
#5988=CARTESIAN_POINT('',(-0.00246962018099832,-0.009,0.00959127110074099));
#5989=CARTESIAN_POINT('',(-0.0028099128967358,-0.009,0.00908058104264313));
#5990=CARTESIAN_POINT('',(-0.00310474881459357,-0.00899999999999998,0.00854584102630108));
#5991=CARTESIAN_POINT('',(-0.00337860272654333,-0.00899999999999998,0.00800000000000007));
#5992=CARTESIAN_POINT('',(-0.00337860272654322,-0.009,0.008));
#5993=CARTESIAN_POINT('',(0.019,-0.009,0.008));
#5994=CARTESIAN_POINT('',(5.76287002304912E-19,-0.009,0.003));
#5995=CARTESIAN_POINT('',(0.0137873419457204,-0.009,0.003));
#5996=CARTESIAN_POINT('',(0.0137873419457204,-0.009,0.03));
#5997=CARTESIAN_POINT('',(0.0137873419457204,-0.009,0.008));
#5998=CARTESIAN_POINT('',(0.019,-0.009,0.008));
#5999=CARTESIAN_POINT('',(-5.06096589150923E-5,0.00454971852562601,0.00795));
#6000=CARTESIAN_POINT('',(-5.06096589150923E-5,0.00454971852562601,0.00905));
#6001=CARTESIAN_POINT('',(-0.00269026291020915,0.00452035584089075,0.00795));
#6002=CARTESIAN_POINT('',(-0.00269026291020915,0.00452035584089075,0.00905));
#6003=CARTESIAN_POINT('',(-0.00454740599505257,0.00264428254361785,0.00795));
#6004=CARTESIAN_POINT('',(-0.00454740599505257,0.00264428254361785,0.00905));
#6005=CARTESIAN_POINT('',(-0.00454999780698814,4.46725901306971E-6,0.00795));
#6006=CARTESIAN_POINT('',(-0.00454999780698814,4.46725901306971E-6,0.00905));
#6007=CARTESIAN_POINT('',(0.,0.,0.009));
#6008=CARTESIAN_POINT('',(-0.00446245407372521,0.000888258768542883,0.009));
#6009=CARTESIAN_POINT('',(-0.000933467918399738,0.0044532165504631,0.009));
#6010=CARTESIAN_POINT('',(-0.00446245407372521,0.000888258768542884,0.009));
#6011=CARTESIAN_POINT('',(-0.00446088751922998,0.000896128859710581,0.00896720568168772));
#6012=CARTESIAN_POINT('',(-0.00446007629300631,0.000900121914277849,0.00893347097588205));
#6013=CARTESIAN_POINT('',(-0.00446007629300631,0.000900121914277849,0.0089));
#6014=CARTESIAN_POINT('',(-0.00446007629300631,0.000900121914277812,0.0089));
#6015=CARTESIAN_POINT('',(-0.00446007629300631,0.000900121914277807,0.002));
#6016=CARTESIAN_POINT('',(-0.00446007629300631,0.000900121914277807,0.008));
#6017=CARTESIAN_POINT('',(0.,0.,0.008));
#6018=CARTESIAN_POINT('',(-0.000945302398529177,0.00445071942222097,0.008));
#6019=CARTESIAN_POINT('',(-0.000945302398529177,0.00445071942222097,0.002));
#6020=CARTESIAN_POINT('',(-0.000945302398529183,0.00445071942222097,0.0089));
#6021=CARTESIAN_POINT('',(-0.000933467918399951,0.00445321655046318,0.00900000000000003));
#6022=CARTESIAN_POINT('',(-0.000941283772589353,0.00445157821802234,0.00896735321204001));
#6023=CARTESIAN_POINT('',(-0.000945302398529179,0.00445071942222097,0.00893403336104692));
#6024=CARTESIAN_POINT('',(-0.000945302398529179,0.00445071942222097,0.0089));
#6025=CARTESIAN_POINT('',(0.00224484542572032,0.00129116247434336,0.00224956745164421));
#6026=CARTESIAN_POINT('',(0.00224484542572032,0.00129116247434336,0.0187590835154716));
#6027=CARTESIAN_POINT('',(-0.0103797165786589,0.0137946653815266,0.00224956745164421));
#6028=CARTESIAN_POINT('',(-0.0103797165786589,0.0137946653815266,0.0187590835154716));
#6029=CARTESIAN_POINT('',(0.00167100169824853,0.00185950351557897,0.009));
#6030=CARTESIAN_POINT('',(-0.00438633620388352,0.00785875656236409,0.009));
#6031=CARTESIAN_POINT('',(-0.00353060340685569,0.00701122953436122,0.009));
#6032=CARTESIAN_POINT('',(-0.00463200585907224,0.00810207044896018,0.00959127110074099));
#6033=CARTESIAN_POINT('',(-0.00455829818375939,0.00802906956922778,0.00938744630127934));
#6034=CARTESIAN_POINT('',(-0.00447639245974427,0.00794794925329265,0.00919036897074075));
#6035=CARTESIAN_POINT('',(-0.00438633620388352,0.0078587565623641,0.009));
#6036=CARTESIAN_POINT('',(-0.00463200585907224,0.00810207044896019,0.00959127110074099));
#6037=CARTESIAN_POINT('',(-0.00463200585907224,0.00810207044896019,0.00959127110074097));
#6038=CARTESIAN_POINT('',(-0.00470096993955091,0.00817037322100544,0.00906086662072655));
#6039=CARTESIAN_POINT('',(-0.0047698567416875,0.00823859945574394,0.00853044231957961));
#6040=CARTESIAN_POINT('',(-0.00483867329382178,0.00830675611411947,0.008));
#6041=CARTESIAN_POINT('',(-0.00483867329382178,0.00830675611411947,0.008));
#6042=CARTESIAN_POINT('',(0.00167100169824853,0.00185950351557897,0.008));
#6043=CARTESIAN_POINT('',(-0.00980587285118707,0.013226324340291,0.008));
#6044=CARTESIAN_POINT('',(-0.00980587285118708,0.013226324340291,0.03));
#6045=CARTESIAN_POINT('',(-0.00980587285118707,0.013226324340291,0.003));
#6046=CARTESIAN_POINT('',(0.00171408048711686,0.00181683781662907,0.003));
#6047=CARTESIAN_POINT('',(0.00167100169824853,0.00185950351557897,0.003));
#6048=CARTESIAN_POINT('',(0.00167100169824854,0.00185950351557896,0.0084));
#6049=CARTESIAN_POINT('',(0.00167100169824854,0.00185950351557896,0.0089));
#6050=CARTESIAN_POINT('',(0.00171408048711686,0.00181683781662907,0.0089));
#6051=CARTESIAN_POINT('',(0.00167100169824853,0.00185950351557897,0.008));
#6052=CARTESIAN_POINT('',(-0.00353060340685569,0.00701122953436122,0.008));
#6053=CARTESIAN_POINT('',(-0.00353060340685569,0.00701122953436122,0.018));
#6054=CARTESIAN_POINT('',(-0.0138969367260478,0.0102464906689552,0.00224956745164421));
#6055=CARTESIAN_POINT('',(-0.0138969367260478,0.0102464906689552,0.0187590835154716));
#6056=CARTESIAN_POINT('',(-0.00123367500041773,-0.00229534086119334,0.00224956745164421));
#6057=CARTESIAN_POINT('',(-0.00123367500041773,-0.00229534086119334,0.0187590835154716));
#6058=CARTESIAN_POINT('',(-0.0133213339203374,0.00967640741758488,0.009));
#6059=CARTESIAN_POINT('',(-0.00704581578278204,0.00346106630319321,0.009));
#6060=CARTESIAN_POINT('',(-0.00790161241255746,0.00430865655184048,0.009));
#6061=CARTESIAN_POINT('',(-0.00704581578278204,0.00346106630319321,0.008));
#6062=CARTESIAN_POINT('',(-0.00704581578278204,0.00346106630319321,0.008));
#6063=CARTESIAN_POINT('',(-0.00170774486904729,-0.00182581693010079,0.008));
#6064=CARTESIAN_POINT('',(-0.00753992262896257,0.00395043507381151,0.0089));
#6065=CARTESIAN_POINT('',(-0.00180927780612819,-0.00172525760982294,0.0089));
#6066=CARTESIAN_POINT('',(-0.00180927780612819,-0.00172525760982294,0.0084));
#6067=CARTESIAN_POINT('',(-0.00180927780612823,-0.0017252576098229,0.003));
#6068=CARTESIAN_POINT('',(-0.00753992262896257,0.00395043507381151,0.003));
#6069=CARTESIAN_POINT('',(-0.0133213339203374,0.00967640741758486,0.003));
#6070=CARTESIAN_POINT('',(-0.0133213339203374,0.00967640741758486,0.03));
#6071=CARTESIAN_POINT('',(-0.0133213339203374,0.00967640741758486,0.008));
#6072=CARTESIAN_POINT('',(-0.00170774486904729,-0.00182581693010079,0.008));
#6073=CARTESIAN_POINT('',(-0.00790161241255746,0.00430865655184048,0.009));
#6074=CARTESIAN_POINT('',(-0.00799167410539489,0.00439785462760961,0.00919036824171545));
#6075=CARTESIAN_POINT('',(-0.00807358491144414,0.00447897997684638,0.00938744554951897));
#6076=CARTESIAN_POINT('',(-0.00814729723391892,0.00455198545917828,0.009591271100741));
#6077=CARTESIAN_POINT('',(-0.000953891490353414,0.00447344427727131,0.009));
#6078=CARTESIAN_POINT('',(0.00169380825558564,0.00185113377974959,0.009));
#6079=CARTESIAN_POINT('',(-0.000958622667137988,0.00446866729316422,0.00896706238226237));
#6080=CARTESIAN_POINT('',(0.00168907707880106,0.0018463567956425,0.00896706238226237));
#6081=CARTESIAN_POINT('',(-0.000961000223109846,0.00446626671766082,0.00893361613090186));
#6082=CARTESIAN_POINT('',(0.00168669952282921,0.00184395622013911,0.00893361613090186));
#6083=CARTESIAN_POINT('',(-0.000961000223109846,0.00446626671766082,0.0089));
#6084=CARTESIAN_POINT('',(0.00168669952282921,0.00184395622013911,0.0089));
#6085=CARTESIAN_POINT('',(0.00201461974551404,0.00222290514439662,0.0094));
#6086=CARTESIAN_POINT('',(0.00201311930038695,0.00222132151593888,0.0094));
#6087=CARTESIAN_POINT('',(0.00201161889041841,0.00221973788627345,0.00939998572935833));
#6088=CARTESIAN_POINT('',(0.00196530720199027,0.00217085635066521,0.00939910472514241));
#6089=CARTESIAN_POINT('',(0.00192105622070209,0.00212411426492768,0.00938553009062817));
#6090=CARTESIAN_POINT('',(0.001838683053205,0.0020370417848733,0.00933448052106995));
#6091=CARTESIAN_POINT('',(0.00180134318511075,0.00199753882871511,0.00929750764797842));
#6092=CARTESIAN_POINT('',(0.00173852854609939,0.00193104977509897,0.00920482099437007));
#6093=CARTESIAN_POINT('',(0.00171364989102872,0.0019046957473781,0.00914999841867652));
#6094=CARTESIAN_POINT('',(0.0016797256316086,0.00186875172626964,0.0090295554694141));
#6095=CARTESIAN_POINT('',(0.00167100169824854,0.00185950351557896,0.00896508946187137));
#6096=CARTESIAN_POINT('',(0.00167100169824853,0.00185950351557896,0.0089));
#6097=CARTESIAN_POINT('',(0.00167793629091111,0.00186685353263282,0.009));
#6098=CARTESIAN_POINT('',(0.00172118921987329,0.00182401537623956,0.009));
#6099=CARTESIAN_POINT('',(0.00164528011406127,0.00189585680749035,0.00900059087980247));
#6100=CARTESIAN_POINT('',(0.00280588640226141,0.000888648647735975,0.00900059087980247));
#6101=CARTESIAN_POINT('',(0.00287108779763343,-0.000646396454761511,0.00900059087980247));
#6102=CARTESIAN_POINT('',(0.00180104472485711,-0.00174855871714317,0.00900059087980247));
#6103=CARTESIAN_POINT('',(0.000731003584111444,-0.00285071898950094,0.00900059087980247));
#6104=CARTESIAN_POINT('',(-0.000805295736981827,-0.0028309339352309,0.00900059087980247));
#6105=CARTESIAN_POINT('',(-0.00184637939643431,-0.00170061836184837,0.00900059087980247));
#6106=CARTESIAN_POINT('',(0.00164082076871552,0.00189071830240635,0.00896746378752836));
#6107=CARTESIAN_POINT('',(0.00279828136506336,0.000886240066256488,0.00896746378752837));
#6108=CARTESIAN_POINT('',(0.00286330603944026,-0.000644644470404914,0.00896746378752837));
#6109=CARTESIAN_POINT('',(0.00179616319718127,-0.00174381944684479,0.00896746378752836));
#6110=CARTESIAN_POINT('',(0.00072902228171638,-0.00284299243865452,0.00896746378752837));
#6111=CARTESIAN_POINT('',(-0.000803113074123401,-0.00282326100953252,0.00896746378752837));
#6112=CARTESIAN_POINT('',(-0.00184137499426739,-0.00169600902845158,0.00896746378752837));
#6113=CARTESIAN_POINT('',(0.00163857961101178,0.00188813581565958,0.00893381854755675));
#6114=CARTESIAN_POINT('',(0.00279445925971335,0.000885029572222211,0.00893381854755675));
#6115=CARTESIAN_POINT('',(0.00285939511844829,-0.000643763965996045,0.00893381854755675));
#6116=CARTESIAN_POINT('',(0.00179370986098315,-0.00174143760571885,0.00893381854755675));
#6117=CARTESIAN_POINT('',(0.000728026527680343,-0.00283910926352227,0.00893381854755675));
#6118=CARTESIAN_POINT('',(-0.000802016121252399,-0.0028194047850857,0.00893381854755675));
#6119=CARTESIAN_POINT('',(-0.00183885990436084,-0.00169369249042855,0.00893381854755675));
#6120=CARTESIAN_POINT('',(0.00163857961101178,0.00188813581565958,0.0089));
#6121=CARTESIAN_POINT('',(0.00279445925971334,0.000885029572222211,0.0089));
#6122=CARTESIAN_POINT('',(0.00285939511844829,-0.000643763965996045,0.0089));
#6123=CARTESIAN_POINT('',(0.00179370986098315,-0.00174143760571886,0.0089));
#6124=CARTESIAN_POINT('',(0.000728026527680343,-0.00283910926352227,0.0089));
#6125=CARTESIAN_POINT('',(-0.0008020161212524,-0.0028194047850857,0.0089));
#6126=CARTESIAN_POINT('',(-0.00183885990436084,-0.00169369249042855,0.0089));
#6127=CARTESIAN_POINT('',(-0.00216584482704582,-0.00207580685008022,0.0088999752147798));
#6128=CARTESIAN_POINT('',(-0.00181649510542915,-0.00173232782274167,0.00899999997400864));
#6129=CARTESIAN_POINT('',(0.,0.,0.009));
#6130=CARTESIAN_POINT('',(0.,0.,0.0089));
#6131=CARTESIAN_POINT('',(0.00179371350891126,-0.00174143384828401,0.0089));
#6132=CARTESIAN_POINT('',(0.,0.,0.0089));
#6133=CARTESIAN_POINT('',(-0.00168564346243275,-0.0019005105549694,0.00909002644668626));
#6134=CARTESIAN_POINT('',(-0.00463651233802546,0.00102206193125956,0.00909002644668626));
#6135=CARTESIAN_POINT('',(-0.00165949858515779,-0.001874112542612,0.00899960215051944));
#6136=CARTESIAN_POINT('',(-0.00461036746075051,0.00104845994361696,0.00899960215051944));
#6137=CARTESIAN_POINT('',(-0.00165258429895583,-0.00186713131219037,0.00890233747003611));
#6138=CARTESIAN_POINT('',(-0.00460345317454855,0.0010554411740386,0.00890233747003611));
#6139=CARTESIAN_POINT('',(-0.00166547477172658,-0.00188014659070617,0.00880630934270713));
#6140=CARTESIAN_POINT('',(-0.0046163436473193,0.00104242589552279,0.00880630934270713));
#6141=CARTESIAN_POINT('',(-0.007547031361719,0.00394325751420103,0.009));
#6142=CARTESIAN_POINT('',(-0.00353060340685569,0.00701122953436122,0.008));
#6143=CARTESIAN_POINT('',(-0.00353060340685569,0.00701122953436122,0.009));
#6144=CARTESIAN_POINT('',(-0.00514241057145135,0.00619958132934573,0.008));
#6145=CARTESIAN_POINT('',(-0.00514241057145135,0.00619958132934573,0.009));
#6146=CARTESIAN_POINT('',(-0.00632176768967252,0.0049350367605686,0.008));
#6147=CARTESIAN_POINT('',(-0.00632176768967252,0.0049350367605686,0.009));
#6148=CARTESIAN_POINT('',(-0.00704581578278204,0.00346106630319321,0.008));
#6149=CARTESIAN_POINT('',(-0.00704581578278204,0.00346106630319321,0.009));
#6150=CARTESIAN_POINT('',(0.,0.,0.009));
#6151=CARTESIAN_POINT('',(0.,0.,0.008));
#6152=CARTESIAN_POINT('',(-0.00244912844386546,-0.00929605971631285,0.008));
#6153=CARTESIAN_POINT('',(-0.00738960232677818,-0.00799444855179085,0.008));
#6154=CARTESIAN_POINT('',(-0.00961326980708465,-0.00392960139896209,0.008));
#6155=CARTESIAN_POINT('',(-0.00961326980708465,0.,0.008));
#6156=CARTESIAN_POINT('',(-0.00237764534401178,-0.00902473414879866,0.00959127110074099));
#6157=CARTESIAN_POINT('',(-0.00717392083309125,-0.00776111331552174,0.00959127110074099));
#6158=CARTESIAN_POINT('',(-0.00933268577840236,-0.00381490750044862,0.00959127110074099));
#6159=CARTESIAN_POINT('',(-0.00933268577840236,0.,0.00959127110074099));
#6160=CARTESIAN_POINT('',(0.,0.,0.008));
#6161=CARTESIAN_POINT('',(-0.00503502227237261,0.00818923116663079,0.008));
#6162=CARTESIAN_POINT('',(0.0033213451236998,0.0133270145676901,0.008));
#6163=CARTESIAN_POINT('',(0.00961326980708465,0.0071816623702022,0.008));
#6164=CARTESIAN_POINT('',(0.00961326980708465,0.,0.008));
#6165=CARTESIAN_POINT('',(0.00961326980708465,-0.00397823607108839,0.008));
#6166=CARTESIAN_POINT('',(0.00733858753888982,-0.00808714874323557,0.008));
#6167=CARTESIAN_POINT('',(0.00230938908073007,-0.00933175645083015,0.008));
#6168=CARTESIAN_POINT('',(-0.0048880642797189,0.0079502107793271,0.00959127110074125));
#6169=CARTESIAN_POINT('',(0.00322440449744531,0.0129380368823914,0.00959127110074125));
#6170=CARTESIAN_POINT('',(0.00933268577840231,0.00697205005296726,0.00959127110074125));
#6171=CARTESIAN_POINT('',(0.00933268577840231,0.,0.00959127110074125));
#6172=CARTESIAN_POINT('',(0.00933268577840231,-0.00386212266469541,0.00959127110074125));
#6173=CARTESIAN_POINT('',(0.00712439502189812,-0.00785110785179423,0.00959127110074125));
#6174=CARTESIAN_POINT('',(0.00224198457580411,-0.0090593889970709,0.00959127110074125));
#6175=CARTESIAN_POINT('',(0.,0.,0.008));
#6176=CARTESIAN_POINT('',(0.00961326980708465,0.,0.008));
#6177=CARTESIAN_POINT('',(0.,0.,0.008));
#6178=CARTESIAN_POINT('',(1.7347234759768E-18,4.33680868994202E-19,0.00959127110074099));
#6179=CARTESIAN_POINT('',(-0.00996349709945139,-0.009,0.008));
#6180=CARTESIAN_POINT('',(-0.00996349709945139,0.0166746191282539,0.008));
#6181=CARTESIAN_POINT('',(0.0166224594411298,-0.009,0.008));
#6182=CARTESIAN_POINT('',(0.0166224594411298,0.0166746191282539,0.008));
#6183=CARTESIAN_POINT('',(1.34020174410619E-18,4.33680868994202E-19,0.008));
#6184=CARTESIAN_POINT('',(0.0164648351928655,4.33680868994202E-19,0.008));
#6185=CARTESIAN_POINT('',(1.34020174410619E-18,4.33680868994202E-19,0.008));
#6186=CARTESIAN_POINT('',(-0.0164648351928655,4.33680868994202E-19,0.008));
#6187=CARTESIAN_POINT('',(-0.0164648351928655,4.33680868994202E-19,0.003));
#6188=CARTESIAN_POINT('',(-0.0164648351928655,0.00321746030236238,0.008));
#6189=CARTESIAN_POINT('',(-0.0164648351928655,0.00321746030236238,0.003));
#6190=CARTESIAN_POINT('',(-0.0155393993683636,0.0066228370980236,0.008));
#6191=CARTESIAN_POINT('',(-0.0155393993683636,0.0066228370980236,0.003));
#6192=CARTESIAN_POINT('',(-0.0133213339203374,0.00967640741758486,0.008));
#6193=CARTESIAN_POINT('',(-0.0133213339203374,0.00967640741758486,0.003));
#6194=CARTESIAN_POINT('',(1.34020174410619E-18,4.33680868994202E-19,0.008));
#6195=CARTESIAN_POINT('',(0.,0.,0.003));
#6196=CARTESIAN_POINT('',(-0.00980587285118707,0.013226324340291,0.008));
#6197=CARTESIAN_POINT('',(-0.00980587285118707,0.013226324340291,0.003));
#6198=CARTESIAN_POINT('',(0.0045654836629148,0.023881113308914,0.008));
#6199=CARTESIAN_POINT('',(0.0045654836629148,0.023881113308914,0.003));
#6200=CARTESIAN_POINT('',(0.0164648351928655,0.0131173607320219,0.008));
#6201=CARTESIAN_POINT('',(0.0164648351928655,0.0131173607320219,0.003));
#6202=CARTESIAN_POINT('',(0.0164648351928655,2.45004164073734E-18,0.008));
#6203=CARTESIAN_POINT('',(0.0164648351928655,2.45004164073734E-18,0.003));
#6204=CARTESIAN_POINT('',(0.0164648351928655,-0.0029709035515319,0.008));
#6205=CARTESIAN_POINT('',(0.0164648351928655,-0.0029709035515319,0.003));
#6206=CARTESIAN_POINT('',(0.0156736139266927,-0.00611036924396703,0.008));
#6207=CARTESIAN_POINT('',(0.0156736139266927,-0.00611036924396703,0.003));
#6208=CARTESIAN_POINT('',(0.0137873419457204,-0.009,0.008));
#6209=CARTESIAN_POINT('',(0.0137873419457204,-0.009,0.003));
#6210=CARTESIAN_POINT('',(0.,0.,0.003));
#6211=CARTESIAN_POINT('',(0.0164648351928655,2.01636077174314E-18,0.003));
#6212=CARTESIAN_POINT('',(0.,0.,0.003));
#6213=CARTESIAN_POINT('',(-0.00604228453919439,-0.00573132063247278,0.006));
#6214=CARTESIAN_POINT('',(-0.00604228453919439,-0.00247479451765828,0.006));
#6215=CARTESIAN_POINT('',(-0.00929044217918485,-0.00573132063247278,0.006));
#6216=CARTESIAN_POINT('',(-0.00929044217918485,-0.00247479451765828,0.006));
#6217=CARTESIAN_POINT('',(-0.00767118432756435,-0.00410650761433035,0.006));
#6218=CARTESIAN_POINT('',(-0.00927118432756435,-0.00410650761433035,0.003));
#6219=CARTESIAN_POINT('',(-0.00927118432756435,-0.00410650761433035,0.006));
#6220=CARTESIAN_POINT('',(-0.00927118432756435,-0.00730650761433035,0.003));
#6221=CARTESIAN_POINT('',(-0.00927118432756435,-0.00730650761433035,0.006));
#6222=CARTESIAN_POINT('',(-0.00607118432756435,-0.00730650761433035,0.003));
#6223=CARTESIAN_POINT('',(-0.00607118432756435,-0.00730650761433035,0.006));
#6224=CARTESIAN_POINT('',(-0.00607118432756435,-0.00410650761433035,0.003));
#6225=CARTESIAN_POINT('',(-0.00607118432756435,-0.00410650761433035,0.006));
#6226=CARTESIAN_POINT('',(-0.00767118432756435,-0.00410650761433035,0.003));
#6227=CARTESIAN_POINT('',(0.00808003136165666,0.00413129144196649,0.006));
#6228=CARTESIAN_POINT('',(0.00808003136165666,0.00738781755678099,0.006));
#6229=CARTESIAN_POINT('',(0.0048318737216662,0.00413129144196649,0.006));
#6230=CARTESIAN_POINT('',(0.0048318737216662,0.00738781755678099,0.006));
#6231=CARTESIAN_POINT('',(0.0064511315732867,0.00575610446010892,0.006));
#6232=CARTESIAN_POINT('',(0.0048511315732867,0.00575610446010892,0.003));
#6233=CARTESIAN_POINT('',(0.0048511315732867,0.00575610446010892,0.006));
#6234=CARTESIAN_POINT('',(0.0048511315732867,0.00255610446010892,0.003));
#6235=CARTESIAN_POINT('',(0.0048511315732867,0.00255610446010892,0.006));
#6236=CARTESIAN_POINT('',(0.0080511315732867,0.00255610446010892,0.003));
#6237=CARTESIAN_POINT('',(0.0080511315732867,0.00255610446010892,0.006));
#6238=CARTESIAN_POINT('',(0.0080511315732867,0.00575610446010892,0.003));
#6239=CARTESIAN_POINT('',(0.0080511315732867,0.00575610446010892,0.006));
#6240=CARTESIAN_POINT('',(0.0064511315732867,0.00575610446010892,0.003));
#6241=CARTESIAN_POINT('',(-0.00618555010581502,-0.000812406509071216,0.009));
#6242=CARTESIAN_POINT('',(-0.00618555010581502,0.000815856548336032,0.009));
#6243=CARTESIAN_POINT('',(-0.00780962892581025,-0.000812406509071216,0.009));
#6244=CARTESIAN_POINT('',(-0.00780962892581025,0.000815856548336032,0.009));
#6245=CARTESIAN_POINT('',(-0.007,-8.57252759403147E-19,0.009));
#6246=CARTESIAN_POINT('',(-0.0078,-7.59281015471359E-19,0.003));
#6247=CARTESIAN_POINT('',(-0.0078,-7.59281015471359E-19,0.009));
#6248=CARTESIAN_POINT('',(-0.0078,-0.0016,0.003));
#6249=CARTESIAN_POINT('',(-0.0078,-0.0016,0.009));
#6250=CARTESIAN_POINT('',(-0.0062,-0.0016,0.003));
#6251=CARTESIAN_POINT('',(-0.0062,-0.0016,0.009));
#6252=CARTESIAN_POINT('',(-0.0062,-8.57252759403147E-19,0.003));
#6253=CARTESIAN_POINT('',(-0.0062,-8.57252759403147E-19,0.009));
#6254=CARTESIAN_POINT('',(-0.007,-8.57252759403147E-19,0.003));
#6255=CARTESIAN_POINT('',(0.000814449894184979,0.00618759349092879,0.009));
#6256=CARTESIAN_POINT('',(0.000814449894184978,0.00781585654833603,0.009));
#6257=CARTESIAN_POINT('',(-0.00080962892581025,0.00618759349092879,0.009));
#6258=CARTESIAN_POINT('',(-0.000809628925810251,0.00781585654833603,0.009));
#6259=CARTESIAN_POINT('',(-8.57252759403147E-19,0.007,0.009));
#6260=CARTESIAN_POINT('',(-0.000800000000000001,0.007,0.003));
#6261=CARTESIAN_POINT('',(-0.000800000000000001,0.007,0.009));
#6262=CARTESIAN_POINT('',(-0.000800000000000001,0.0054,0.003));
#6263=CARTESIAN_POINT('',(-0.000800000000000001,0.0054,0.009));
#6264=CARTESIAN_POINT('',(0.000799999999999999,0.0054,0.003));
#6265=CARTESIAN_POINT('',(0.000799999999999999,0.0054,0.009));
#6266=CARTESIAN_POINT('',(0.000799999999999999,0.007,0.003));
#6267=CARTESIAN_POINT('',(0.000799999999999999,0.007,0.009));
#6268=CARTESIAN_POINT('',(-8.57252759403147E-19,0.007,0.003));
#6269=CARTESIAN_POINT('',(0.00781444989418498,-0.000812406509071214,0.009));
#6270=CARTESIAN_POINT('',(0.00781444989418498,0.000815856548336034,0.009));
#6271=CARTESIAN_POINT('',(0.00619037107418975,-0.000812406509071214,0.009));
#6272=CARTESIAN_POINT('',(0.00619037107418975,0.000815856548336034,0.009));
#6273=CARTESIAN_POINT('',(0.007,8.57252759403147E-19,0.009));
#6274=CARTESIAN_POINT('',(0.0062,9.55224503334935E-19,0.003));
#6275=CARTESIAN_POINT('',(0.0062,9.55224503334935E-19,0.009));
#6276=CARTESIAN_POINT('',(0.0062,-0.0016,0.003));
#6277=CARTESIAN_POINT('',(0.0062,-0.0016,0.009));
#6278=CARTESIAN_POINT('',(0.0078,-0.0016,0.003));
#6279=CARTESIAN_POINT('',(0.0078,-0.0016,0.009));
#6280=CARTESIAN_POINT('',(0.0078,8.57252759403147E-19,0.003));
#6281=CARTESIAN_POINT('',(0.0078,8.57252759403147E-19,0.009));
#6282=CARTESIAN_POINT('',(0.007,8.57252759403147E-19,0.003));
#6283=CARTESIAN_POINT('',(-0.000600013340980465,0.000554233222981087,0.008));
#6284=CARTESIAN_POINT('',(-0.000600013340980465,0.00735711822565794,0.008));
#6285=CARTESIAN_POINT('',(-0.00739110484033075,0.000554233222981086,0.008));
#6286=CARTESIAN_POINT('',(-0.00739110484033075,0.00735711822565794,0.008));
#6287=CARTESIAN_POINT('',(-0.0183286545366979,0.0178985054142238,0.003));
#6288=CARTESIAN_POINT('',(-0.0183286545366979,-0.0102808812102011,0.003));
#6289=CARTESIAN_POINT('',(0.0183286545366979,0.0178985054142238,0.003));
#6290=CARTESIAN_POINT('',(0.0183286545366979,-0.0102808812102011,0.003));
#6291=CARTESIAN_POINT('',(0.,0.,0.003));
#6292=CARTESIAN_POINT('',(0.0025,3.06161699786838E-19,0.003));
#6293=CARTESIAN_POINT('',(0.,0.,0.003));
#6294=CARTESIAN_POINT('',(0.00167100169824853,0.00185950351557897,0.0089));
#6295=CARTESIAN_POINT('',(0.00167100169824853,0.00185950351557897,0.003));
#6296=CARTESIAN_POINT('',(0.002793869095659,0.000850463569022803,0.0089));
#6297=CARTESIAN_POINT('',(0.002793869095659,0.000850463569022803,0.003));
#6298=CARTESIAN_POINT('',(0.00284528414408499,-0.000658293965741736,0.0089));
#6299=CARTESIAN_POINT('',(0.00284528414408499,-0.000658293965741736,0.003));
#6300=CARTESIAN_POINT('',(0.00179371350891125,-0.00174143384828402,0.0089));
#6301=CARTESIAN_POINT('',(0.00179371350891125,-0.00174143384828402,0.003));
#6302=CARTESIAN_POINT('',(0.00074214287373751,-0.00282457373082631,0.0089));
#6303=CARTESIAN_POINT('',(0.00074214287373751,-0.00282457373082631,0.003));
#6304=CARTESIAN_POINT('',(-0.000767475246480323,-0.00281779604513055,0.0089));
#6305=CARTESIAN_POINT('',(-0.000767475246480323,-0.00281779604513055,0.003));
#6306=CARTESIAN_POINT('',(-0.00180927780612823,-0.0017252576098229,0.0089));
#6307=CARTESIAN_POINT('',(-0.00180927780612823,-0.0017252576098229,0.003));
#6308=CARTESIAN_POINT('',(-0.0166745653033657,-0.009,0.008));
#6309=CARTESIAN_POINT('',(-0.0166745653033657,0.00978846586209037,0.008));
#6310=CARTESIAN_POINT('',(-0.00329930275093593,-0.009,0.008));
#6311=CARTESIAN_POINT('',(-0.00329930275093593,0.00978846586209037,0.008));
#6312=CARTESIAN_POINT('',(0.0071896727148197,4.33680868994202E-19,0.0172805251961237));
#6313=CARTESIAN_POINT('',(0.0071896727148197,0.0143793454296394,0.0172805251961237));
#6314=CARTESIAN_POINT('',(-0.0071896727148197,0.0143793454296394,0.0172805251961237));
#6315=CARTESIAN_POINT('',(-0.0071896727148197,4.33680868994202E-19,0.0172805251961237));
#6316=CARTESIAN_POINT('',(-0.0071896727148197,-0.0143793454296394,0.0172805251961237));
#6317=CARTESIAN_POINT('',(0.0071896727148197,-0.0143793454296394,0.0172805251961237));
#6318=CARTESIAN_POINT('',(0.0071896727148197,4.33680868994202E-19,0.0172805251961237));
#6319=CARTESIAN_POINT('',(0.0104735281117031,4.33680868994202E-19,0.0151699242850592));
#6320=CARTESIAN_POINT('',(0.0104735281117031,0.0209470562234061,0.0151699242850592));
#6321=CARTESIAN_POINT('',(-0.0104735281117031,0.0209470562234061,0.0151699242850592));
#6322=CARTESIAN_POINT('',(-0.0104735281117031,4.33680868994202E-19,0.0151699242850592));
#6323=CARTESIAN_POINT('',(-0.0104735281117031,-0.0209470562234061,0.0151699242850592));
#6324=CARTESIAN_POINT('',(0.0104735281117031,-0.0209470562234061,0.0151699242850592));
#6325=CARTESIAN_POINT('',(0.0104735281117031,4.33680868994202E-19,0.0151699242850592));
#6326=CARTESIAN_POINT('',(0.0110436960040309,4.33680868994202E-19,0.0113081564194327));
#6327=CARTESIAN_POINT('',(0.0110436960040309,0.0220873920080617,0.0113081564194327));
#6328=CARTESIAN_POINT('',(-0.0110436960040309,0.0220873920080617,0.0113081564194327));
#6329=CARTESIAN_POINT('',(-0.0110436960040309,4.33680868994202E-19,0.0113081564194327));
#6330=CARTESIAN_POINT('',(-0.0110436960040309,-0.0220873920080617,0.0113081564194327));
#6331=CARTESIAN_POINT('',(0.0110436960040309,-0.0220873920080617,0.0113081564194327));
#6332=CARTESIAN_POINT('',(0.0110436960040309,4.33680868994202E-19,0.0113081564194327));
#6333=CARTESIAN_POINT('',(0.00850989496714835,4.33680868994202E-19,0.00833861187878018));
#6334=CARTESIAN_POINT('',(0.00850989496714835,0.0170197899342967,0.00833861187878018));
#6335=CARTESIAN_POINT('',(-0.00850989496714834,0.0170197899342967,0.00833861187878018));
#6336=CARTESIAN_POINT('',(-0.00850989496714834,4.33680868994202E-19,0.00833861187878018));
#6337=CARTESIAN_POINT('',(-0.00850989496714834,-0.0170197899342967,0.00833861187878018));
#6338=CARTESIAN_POINT('',(0.00850989496714835,-0.0170197899342967,0.00833861187878018));
#6339=CARTESIAN_POINT('',(0.00850989496714835,4.33680868994202E-19,0.00833861187878018));
#6340=CARTESIAN_POINT('',(-0.00723602686203358,0.00364945341567879,0.0165581721473613));
#6341=CARTESIAN_POINT('',(-0.00717422703802231,0.00358824620081302,0.0166377302035992));
#6342=CARTESIAN_POINT('',(-0.00711081956214596,0.0035254467501325,0.016714663917142));
#6343=CARTESIAN_POINT('',(-0.00704581578278204,0.00346106630319322,0.0167889918131642));
#6344=CARTESIAN_POINT('',(-0.00353060340685569,0.00701122953436122,0.0167889918131642));
#6345=CARTESIAN_POINT('',(-0.00359560182542852,0.00707560467191496,0.0167146636055985));
#6346=CARTESIAN_POINT('',(-0.00365900399122537,0.00713839886343524,0.0166377298812668));
#6347=CARTESIAN_POINT('',(-0.00372079857474886,0.00719960088806518,0.0165581721473614));
#6348=CARTESIAN_POINT('',(-0.00372079857474882,0.00719960088806514,0.0165581721473614));
#6349=CARTESIAN_POINT('',(1.7347234759768E-18,4.33680868994202E-19,0.0165581721473614));
#6350=CARTESIAN_POINT('',(1.34020174410619E-18,4.33680868994202E-19,0.009));
#6351=CARTESIAN_POINT('',(-0.00792783846659167,0.00343468016163819,0.009));
#6352=CARTESIAN_POINT('',(-0.00792783846659167,0.00788514270391912,0.009));
#6353=CARTESIAN_POINT('',(-0.00350437735282148,0.00343468016163819,0.009));
#6354=CARTESIAN_POINT('',(-0.00350437735282148,0.00788514270391912,0.009));
#6355=CARTESIAN_POINT('',(-0.00450432644761001,-0.00255482417131308,0.009));
#6356=CARTESIAN_POINT('',(-0.00450432644761001,0.00449501401003632,0.009));
#6357=CARTESIAN_POINT('',(0.00255814728095984,-0.00255482417131308,0.009));
#6358=CARTESIAN_POINT('',(0.00255814728095984,0.00449501401003632,0.009));
#6359=CARTESIAN_POINT('',(0.006,7.53668050975267E-19,0.0192772983848622));
#6360=CARTESIAN_POINT('',(0.006,0.00346410161513775,0.0194439650515289));
#6361=CARTESIAN_POINT('',(0.003,0.00519615242270663,0.0196106317181956));
#6362=CARTESIAN_POINT('',(4.24230095489963E-19,0.00692820323027551,0.0197772983848622));
#6363=CARTESIAN_POINT('',(-0.003,0.00519615242270663,0.0199439650515289));
#6364=CARTESIAN_POINT('',(-0.006,0.00346410161513775,0.0201106317181956));
#6365=CARTESIAN_POINT('',(-0.006,1.48845613046368E-18,0.0202772983848622));
#6366=CARTESIAN_POINT('',(-0.006,-0.00346410161513775,0.0204439650515289));
#6367=CARTESIAN_POINT('',(-0.003,-0.00519615242270663,0.0206106317181956));
#6368=CARTESIAN_POINT('',(-1.27269028646989E-18,-0.00692820323027551,0.0207772983848622));
#6369=CARTESIAN_POINT('',(0.003,-0.00519615242270663,0.0209439650515289));
#6370=CARTESIAN_POINT('',(0.006,-0.00346410161513775,0.0211106317181956));
#6371=CARTESIAN_POINT('',(0.006,7.53668050975267E-19,0.0212772983848622));
#6372=CARTESIAN_POINT('',(0.006,0.00346410161513775,0.0214439650515289));
#6373=CARTESIAN_POINT('',(0.003,0.00519615242270663,0.0216106317181956));
#6374=CARTESIAN_POINT('',(4.24230095489963E-19,0.00692820323027551,0.0217772983848623));
#6375=CARTESIAN_POINT('',(-0.003,0.00519615242270663,0.0219439650515289));
#6376=CARTESIAN_POINT('',(-0.006,0.00346410161513775,0.0221106317181956));
#6377=CARTESIAN_POINT('',(-0.006,1.48845613046368E-18,0.0222772983848623));
#6378=CARTESIAN_POINT('',(-0.006,-0.00346410161513775,0.0224439650515289));
#6379=CARTESIAN_POINT('',(-0.003,-0.00519615242270663,0.0226106317181956));
#6380=CARTESIAN_POINT('',(-1.27269028646989E-18,-0.00692820323027551,0.0227772983848622));
#6381=CARTESIAN_POINT('',(0.003,-0.00519615242270663,0.0229439650515289));
#6382=CARTESIAN_POINT('',(0.006,-0.00346410161513775,0.0231106317181956));
#6383=CARTESIAN_POINT('',(0.006,7.53668050975267E-19,0.0232772983848622));
#6384=CARTESIAN_POINT('',(0.006,0.00346410161513775,0.0234439650515289));
#6385=CARTESIAN_POINT('',(0.003,0.00519615242270663,0.0236106317181956));
#6386=CARTESIAN_POINT('',(4.24230095489963E-19,0.00692820323027551,0.0237772983848622));
#6387=CARTESIAN_POINT('',(-0.003,0.00519615242270663,0.0239439650515289));
#6388=CARTESIAN_POINT('',(-0.006,0.00346410161513775,0.0241106317181955));
#6389=CARTESIAN_POINT('',(-0.006,1.48845613046368E-18,0.0242772983848622));
#6390=CARTESIAN_POINT('',(-0.006,-0.00346410161513775,0.0244439650515289));
#6391=CARTESIAN_POINT('',(-0.003,-0.00519615242270663,0.0246106317181956));
#6392=CARTESIAN_POINT('',(-1.27269028646989E-18,-0.00692820323027551,0.0247772983848622));
#6393=CARTESIAN_POINT('',(0.003,-0.00519615242270663,0.0249439650515289));
#6394=CARTESIAN_POINT('',(0.006,-0.00346410161513775,0.0251106317181956));
#6395=CARTESIAN_POINT('',(0.006,7.53668050975267E-19,0.0252772983848622));
#6396=CARTESIAN_POINT('',(0.006,0.00346410161513775,0.0254439650515289));
#6397=CARTESIAN_POINT('',(0.003,0.00519615242270663,0.0256106317181956));
#6398=CARTESIAN_POINT('',(4.24230095489963E-19,0.00692820323027551,0.0257772983848623));
#6399=CARTESIAN_POINT('',(-0.003,0.00519615242270663,0.0259439650515289));
#6400=CARTESIAN_POINT('',(-0.006,0.00346410161513775,0.0261106317181956));
#6401=CARTESIAN_POINT('',(-0.006,1.48845613046368E-18,0.0262772983848623));
#6402=CARTESIAN_POINT('',(-0.006,-0.00346410161513775,0.0264439650515289));
#6403=CARTESIAN_POINT('',(-0.003,-0.00519615242270663,0.0266106317181956));
#6404=CARTESIAN_POINT('',(-1.27269028646989E-18,-0.00692820323027551,0.0267772983848623));
#6405=CARTESIAN_POINT('',(0.003,-0.00519615242270663,0.0269439650515289));
#6406=CARTESIAN_POINT('',(0.006,-0.00346410161513775,0.0271106317181956));
#6407=CARTESIAN_POINT('',(0.006,7.53668050975267E-19,0.0272772983848622));
#6408=CARTESIAN_POINT('',(0.006,0.00346410161513775,0.0274439650515289));
#6409=CARTESIAN_POINT('',(0.003,0.00519615242270663,0.0276106317181956));
#6410=CARTESIAN_POINT('',(4.24230095489963E-19,0.00692820323027551,0.0277772983848622));
#6411=CARTESIAN_POINT('',(-0.003,0.00519615242270663,0.0279439650515289));
#6412=CARTESIAN_POINT('',(-0.006,0.00346410161513775,0.0281106317181956));
#6413=CARTESIAN_POINT('',(-0.006,1.48845613046368E-18,0.0282772983848622));
#6414=CARTESIAN_POINT('',(-0.006,-0.00346410161513775,0.0284439650515289));
#6415=CARTESIAN_POINT('',(-0.003,-0.00519615242270663,0.0286106317181956));
#6416=CARTESIAN_POINT('',(-1.27269028646989E-18,-0.00692820323027551,0.0287772983848622));
#6417=CARTESIAN_POINT('',(0.003,-0.00519615242270663,0.0289439650515289));
#6418=CARTESIAN_POINT('',(0.006,-0.00346410161513775,0.0291106317181956));
#6419=CARTESIAN_POINT('',(0.006,7.53668050975267E-19,0.0292772983848622));
#6420=CARTESIAN_POINT('',(0.006,0.00346410161513775,0.0294439650515289));
#6421=CARTESIAN_POINT('',(0.003,0.00519615242270663,0.0296106317181956));
#6422=CARTESIAN_POINT('',(4.24230095489963E-19,0.00692820323027551,0.0297772983848623));
#6423=CARTESIAN_POINT('',(-0.003,0.00519615242270663,0.0299439650515289));
#6424=CARTESIAN_POINT('',(-0.006,0.00346410161513775,0.0301106317181956));
#6425=CARTESIAN_POINT('',(-0.006,1.48845613046368E-18,0.0302772983848623));
#6426=CARTESIAN_POINT('',(-0.006,-0.000508850951869569,0.0303017804876989));
#6427=CARTESIAN_POINT('',(-0.00591430658446455,-0.00101043437439511,0.0303282933040206));
#6428=CARTESIAN_POINT('',(0.007,7.53668050975267E-19,0.0190093491924311));
#6429=CARTESIAN_POINT('',(0.007,0.00404145188432738,0.0191760158590978));
#6430=CARTESIAN_POINT('',(0.0035,0.00606217782649107,0.0193426825257645));
#6431=CARTESIAN_POINT('',(4.94935111404956E-19,0.00808290376865476,0.0195093491924311));
#6432=CARTESIAN_POINT('',(-0.0035,0.00606217782649107,0.0196760158590978));
#6433=CARTESIAN_POINT('',(-0.007,0.00404145188432738,0.0198426825257645));
#6434=CARTESIAN_POINT('',(-0.007,1.61092081037842E-18,0.0200093491924311));
#6435=CARTESIAN_POINT('',(-0.007,-0.00404145188432738,0.0201760158590978));
#6436=CARTESIAN_POINT('',(-0.0035,-0.00606217782649107,0.0203426825257645));
#6437=CARTESIAN_POINT('',(-1.48480533421487E-18,-0.00808290376865476,0.0205093491924311));
#6438=CARTESIAN_POINT('',(0.0035,-0.00606217782649107,0.0206760158590978));
#6439=CARTESIAN_POINT('',(0.007,-0.00404145188432738,0.0208426825257645));
#6440=CARTESIAN_POINT('',(0.007,7.53668050975267E-19,0.0210093491924311));
#6441=CARTESIAN_POINT('',(0.007,0.00404145188432738,0.0211760158590978));
#6442=CARTESIAN_POINT('',(0.0035,0.00606217782649107,0.0213426825257645));
#6443=CARTESIAN_POINT('',(4.94935111404956E-19,0.00808290376865476,0.0215093491924311));
#6444=CARTESIAN_POINT('',(-0.0035,0.00606217782649107,0.0216760158590978));
#6445=CARTESIAN_POINT('',(-0.007,0.00404145188432738,0.0218426825257644));
#6446=CARTESIAN_POINT('',(-0.007,1.61092081037842E-18,0.0220093491924311));
#6447=CARTESIAN_POINT('',(-0.007,-0.00404145188432738,0.0221760158590978));
#6448=CARTESIAN_POINT('',(-0.0035,-0.00606217782649107,0.0223426825257644));
#6449=CARTESIAN_POINT('',(-1.48480533421487E-18,-0.00808290376865476,0.0225093491924311));
#6450=CARTESIAN_POINT('',(0.0035,-0.00606217782649107,0.0226760158590978));
#6451=CARTESIAN_POINT('',(0.007,-0.00404145188432738,0.0228426825257644));
#6452=CARTESIAN_POINT('',(0.007,7.53668050975267E-19,0.0230093491924311));
#6453=CARTESIAN_POINT('',(0.007,0.00404145188432738,0.0231760158590978));
#6454=CARTESIAN_POINT('',(0.0035,0.00606217782649107,0.0233426825257644));
#6455=CARTESIAN_POINT('',(4.94935111404956E-19,0.00808290376865476,0.0235093491924311));
#6456=CARTESIAN_POINT('',(-0.0035,0.00606217782649107,0.0236760158590978));
#6457=CARTESIAN_POINT('',(-0.007,0.00404145188432738,0.0238426825257645));
#6458=CARTESIAN_POINT('',(-0.007,1.61092081037842E-18,0.0240093491924311));
#6459=CARTESIAN_POINT('',(-0.007,-0.00404145188432738,0.0241760158590978));
#6460=CARTESIAN_POINT('',(-0.0035,-0.00606217782649107,0.0243426825257645));
#6461=CARTESIAN_POINT('',(-1.48480533421487E-18,-0.00808290376865476,0.0245093491924311));
#6462=CARTESIAN_POINT('',(0.0035,-0.00606217782649107,0.0246760158590978));
#6463=CARTESIAN_POINT('',(0.007,-0.00404145188432738,0.0248426825257645));
#6464=CARTESIAN_POINT('',(0.007,7.53668050975267E-19,0.0250093491924311));
#6465=CARTESIAN_POINT('',(0.007,0.00404145188432738,0.0251760158590978));
#6466=CARTESIAN_POINT('',(0.0035,0.00606217782649107,0.0253426825257645));
#6467=CARTESIAN_POINT('',(4.94935111404956E-19,0.00808290376865476,0.0255093491924311));
#6468=CARTESIAN_POINT('',(-0.0035,0.00606217782649107,0.0256760158590978));
#6469=CARTESIAN_POINT('',(-0.007,0.00404145188432738,0.0258426825257644));
#6470=CARTESIAN_POINT('',(-0.007,1.61092081037842E-18,0.0260093491924311));
#6471=CARTESIAN_POINT('',(-0.007,-0.00404145188432738,0.0261760158590978));
#6472=CARTESIAN_POINT('',(-0.0035,-0.00606217782649107,0.0263426825257644));
#6473=CARTESIAN_POINT('',(-1.48480533421487E-18,-0.00808290376865476,0.0265093491924311));
#6474=CARTESIAN_POINT('',(0.0035,-0.00606217782649107,0.0266760158590978));
#6475=CARTESIAN_POINT('',(0.007,-0.00404145188432738,0.0268426825257644));
#6476=CARTESIAN_POINT('',(0.007,7.53668050975267E-19,0.0270093491924311));
#6477=CARTESIAN_POINT('',(0.007,0.00404145188432738,0.0271760158590978));
#6478=CARTESIAN_POINT('',(0.0035,0.00606217782649107,0.0273426825257644));
#6479=CARTESIAN_POINT('',(4.94935111404956E-19,0.00808290376865476,0.0275093491924311));
#6480=CARTESIAN_POINT('',(-0.0035,0.00606217782649107,0.0276760158590978));
#6481=CARTESIAN_POINT('',(-0.007,0.00404145188432738,0.0278426825257645));
#6482=CARTESIAN_POINT('',(-0.007,1.61092081037842E-18,0.0280093491924311));
#6483=CARTESIAN_POINT('',(-0.007,-0.00404145188432738,0.0281760158590978));
#6484=CARTESIAN_POINT('',(-0.0035,-0.00606217782649107,0.0283426825257645));
#6485=CARTESIAN_POINT('',(-1.48480533421487E-18,-0.00808290376865476,0.0285093491924311));
#6486=CARTESIAN_POINT('',(0.0035,-0.00606217782649107,0.0286760158590978));
#6487=CARTESIAN_POINT('',(0.007,-0.00404145188432738,0.0288426825257645));
#6488=CARTESIAN_POINT('',(0.007,7.53668050975267E-19,0.0290093491924312));
#6489=CARTESIAN_POINT('',(0.007,0.00404145188432738,0.0291760158590978));
#6490=CARTESIAN_POINT('',(0.0035,0.00606217782649107,0.0293426825257645));
#6491=CARTESIAN_POINT('',(4.94935111404956E-19,0.00808290376865476,0.0295093491924311));
#6492=CARTESIAN_POINT('',(-0.0035,0.00606217782649107,0.0296760158590978));
#6493=CARTESIAN_POINT('',(-0.007,0.00404145188432738,0.0298426825257645));
#6494=CARTESIAN_POINT('',(-0.007,1.61092081037842E-18,0.0300093491924311));
#6495=CARTESIAN_POINT('',(-0.007,-0.000593659443847831,0.0300338312952677));
#6496=CARTESIAN_POINT('',(-0.00690002434854198,-0.00117884010346096,0.0300603441115895));
#6497=CARTESIAN_POINT('',(-0.00699639505815055,0.000224624554058948,0.03));
#6498=CARTESIAN_POINT('',(-0.0066577069276127,0.00200964082351734,0.03));
#6499=CARTESIAN_POINT('',(-0.00551470846194961,0.00364247888049091,0.03));
#6500=CARTESIAN_POINT('',(-0.00390592971613404,0.00455452665516638,0.03));
#6501=CARTESIAN_POINT('',(0.007,7.53668050975267E-19,0.0190093491924311));
#6502=CARTESIAN_POINT('',(0.007,0.00404145188432738,0.0191760158590978));
#6503=CARTESIAN_POINT('',(0.0035,0.00606217782649107,0.0193426825257645));
#6504=CARTESIAN_POINT('',(4.94935111404956E-19,0.00808290376865476,0.0195093491924311));
#6505=CARTESIAN_POINT('',(-0.0035,0.00606217782649107,0.0196760158590978));
#6506=CARTESIAN_POINT('',(-0.007,0.00404145188432738,0.0198426825257645));
#6507=CARTESIAN_POINT('',(-0.007,1.61092081037842E-18,0.0200093491924311));
#6508=CARTESIAN_POINT('',(-0.007,-0.00404145188432738,0.0201760158590978));
#6509=CARTESIAN_POINT('',(-0.0035,-0.00606217782649107,0.0203426825257645));
#6510=CARTESIAN_POINT('',(-1.48480533421487E-18,-0.00808290376865476,0.0205093491924311));
#6511=CARTESIAN_POINT('',(0.0035,-0.00606217782649107,0.0206760158590978));
#6512=CARTESIAN_POINT('',(0.007,-0.00404145188432738,0.0208426825257645));
#6513=CARTESIAN_POINT('',(0.007,-9.60837467831028E-19,0.0210093491924311));
#6514=CARTESIAN_POINT('',(0.00700000000000001,0.00404145188432738,0.0211760158590978));
#6515=CARTESIAN_POINT('',(0.0035,0.00606217782649107,0.0213426825257645));
#6516=CARTESIAN_POINT('',(9.65373625285676E-18,0.00808290376865476,0.0215093491924311));
#6517=CARTESIAN_POINT('',(-0.0035,0.00606217782649108,0.0216760158590978));
#6518=CARTESIAN_POINT('',(-0.007,0.00404145188432738,0.0218426825257644));
#6519=CARTESIAN_POINT('',(-0.007,3.32542632918471E-18,0.0220093491924311));
#6520=CARTESIAN_POINT('',(-0.00700000000000001,-0.00404145188432738,0.0221760158590978));
#6521=CARTESIAN_POINT('',(-0.0035,-0.00606217782649107,0.0223426825257644));
#6522=CARTESIAN_POINT('',(-3.46454577983469E-18,-0.00808290376865476,0.0225093491924311));
#6523=CARTESIAN_POINT('',(0.0035,-0.00606217782649107,0.0226760158590978));
#6524=CARTESIAN_POINT('',(0.007,-0.00404145188432738,0.0228426825257644));
#6525=CARTESIAN_POINT('',(0.007,-2.67534298663732E-18,0.0230093491924311));
#6526=CARTESIAN_POINT('',(0.00700000000000001,0.00404145188432738,0.0231760158590978));
#6527=CARTESIAN_POINT('',(0.0035,0.00606217782649107,0.0233426825257644));
#6528=CARTESIAN_POINT('',(1.88125373943085E-17,0.00808290376865476,0.0235093491924311));
#6529=CARTESIAN_POINT('',(-0.0035,0.00606217782649108,0.0236760158590978));
#6530=CARTESIAN_POINT('',(-0.007,0.00404145188432738,0.0238426825257645));
#6531=CARTESIAN_POINT('',(-0.007,1.74744297237927E-17,0.0240093491924311));
#6532=CARTESIAN_POINT('',(-0.00700000000000001,-0.00404145188432738,0.0241760158590978));
#6533=CARTESIAN_POINT('',(-0.0035,-0.00606217782649106,0.0243426825257645));
#6534=CARTESIAN_POINT('',(-1.98024076171184E-17,-0.00808290376865476,0.0245093491924311));
#6535=CARTESIAN_POINT('',(0.0035,-0.00606217782649108,0.0246760158590978));
#6536=CARTESIAN_POINT('',(0.00699999999999999,-0.00404145188432738,0.0248426825257645));
#6537=CARTESIAN_POINT('',(0.007,-4.38984850544361E-18,0.0250093491924311));
#6538=CARTESIAN_POINT('',(0.00700000000000001,0.00404145188432738,0.0251760158590978));
#6539=CARTESIAN_POINT('',(0.0035,0.00606217782649107,0.0253426825257645));
#6540=CARTESIAN_POINT('',(2.07922778399284E-17,0.00808290376865476,0.0255093491924311));
#6541=CARTESIAN_POINT('',(-0.0035,0.00606217782649108,0.0256760158590978));
#6542=CARTESIAN_POINT('',(-0.00699999999999999,0.00404145188432738,0.0258426825257644));
#6543=CARTESIAN_POINT('',(-0.007,6.7544373667973E-18,0.0260093491924311));
#6544=CARTESIAN_POINT('',(-0.00700000000000001,-0.00404145188432738,0.0261760158590978));
#6545=CARTESIAN_POINT('',(-0.0035,-0.00606217782649106,0.0263426825257644));
#6546=CARTESIAN_POINT('',(-2.17821480627383E-17,-0.00808290376865476,0.0265093491924311));
#6547=CARTESIAN_POINT('',(0.0035,-0.00606217782649108,0.0266760158590978));
#6548=CARTESIAN_POINT('',(0.00699999999999999,-0.00404145188432738,0.0268426825257644));
#6549=CARTESIAN_POINT('',(0.007,-6.10435402424991E-18,0.0270093491924311));
#6550=CARTESIAN_POINT('',(0.00700000000000001,0.00404145188432738,0.0271760158590978));
#6551=CARTESIAN_POINT('',(0.0035,0.00606217782649107,0.0273426825257644));
#6552=CARTESIAN_POINT('',(2.27720182855482E-17,0.00808290376865476,0.0275093491924311));
#6553=CARTESIAN_POINT('',(-0.0035,0.00606217782649108,0.0276760158590978));
#6554=CARTESIAN_POINT('',(-0.00699999999999999,0.00404145188432738,0.0278426825257645));
#6555=CARTESIAN_POINT('',(-0.007,3.33379386372071E-17,0.0280093491924311));
#6556=CARTESIAN_POINT('',(-0.00700000000000001,-0.00404145188432738,0.0281760158590978));
#6557=CARTESIAN_POINT('',(-0.0035,-0.00606217782649106,0.0283426825257645));
#6558=CARTESIAN_POINT('',(-2.37618885083581E-17,-0.00808290376865476,0.0285093491924311));
#6559=CARTESIAN_POINT('',(0.0035,-0.00606217782649108,0.0286760158590978));
#6560=CARTESIAN_POINT('',(0.00699999999999999,-0.00404145188432738,0.0288426825257645));
#6561=CARTESIAN_POINT('',(0.007,-3.26878552946597E-17,0.0290093491924312));
#6562=CARTESIAN_POINT('',(0.00700000000000001,0.00404145188432738,0.0291760158590978));
#6563=CARTESIAN_POINT('',(0.0035,0.00606217782649106,0.0293426825257645));
#6564=CARTESIAN_POINT('',(5.34680015144959E-17,0.00808290376865476,0.0295093491924311));
#6565=CARTESIAN_POINT('',(-0.0035,0.00606217782649109,0.0296760158590978));
#6566=CARTESIAN_POINT('',(-0.007,0.00404145188432738,0.0298426825257645));
#6567=CARTESIAN_POINT('',(-0.007,3.50524441560134E-17,0.0300093491924311));
#6568=CARTESIAN_POINT('',(-0.00700000000000001,-0.00404145188432738,0.0301760158590978));
#6569=CARTESIAN_POINT('',(-0.0035,-0.00606217782649105,0.0303426825257644));
#6570=CARTESIAN_POINT('',(-2.57416289539779E-17,-0.00808290376865476,0.0305093491924311));
#6571=CARTESIAN_POINT('',(0.00349999999999995,-0.0060621778264911,0.0306760158590978));
#6572=CARTESIAN_POINT('',(0.00699999999999999,-0.00404145188432738,0.0308426825257644));
#6573=CARTESIAN_POINT('',(0.007,-9.5333650618625E-18,0.0310093491924311));
#6574=CARTESIAN_POINT('',(0.00700000000000002,0.00404145188432734,0.0311760158590978));
#6575=CARTESIAN_POINT('',(0.0035,0.00606217782649106,0.0313426825257645));
#6576=CARTESIAN_POINT('',(5.54477419601157E-17,0.00808290376865476,0.0315093491924311));
#6577=CARTESIAN_POINT('',(-0.0035,0.00606217782649109,0.0316760158590978));
#6578=CARTESIAN_POINT('',(-0.007,0.00404145188432738,0.0318426825257644));
#6579=CARTESIAN_POINT('',(-0.007,3.67669496748197E-17,0.0320093491924311));
#6580=CARTESIAN_POINT('',(-0.00700000000000001,-0.00404145188432738,0.0321760158590978));
#6581=CARTESIAN_POINT('',(-0.0035,-0.00606217782649105,0.0323426825257645));
#6582=CARTESIAN_POINT('',(-2.77213693995978E-17,-0.00808290376865476,0.0325093491924311));
#6583=CARTESIAN_POINT('',(0.00349999999999995,-0.0060621778264911,0.0326760158590978));
#6584=CARTESIAN_POINT('',(0.00699999999999999,-0.00404145188432738,0.0328426825257645));
#6585=CARTESIAN_POINT('',(0.007,-1.12478705806688E-17,0.0330093491924311));
#6586=CARTESIAN_POINT('',(0.007,7.53668050975267E-19,0.0190093491924311));
#6587=CARTESIAN_POINT('',(0.0065,7.53668050975267E-19,0.0191433237886467));
#6588=CARTESIAN_POINT('',(-0.00382165852622171,0.00714657408065138,0.0165581721473613));
#6589=CARTESIAN_POINT('',(0.00315628264313824,0.0108780554959993,0.0165581721473614));
#6590=CARTESIAN_POINT('',(0.00810423315195714,0.00579340196984223,0.0165581721473614));
#6591=CARTESIAN_POINT('',(0.00810423315195714,0.,0.0165581721473613));
#6592=CARTESIAN_POINT('',(-0.00370177151475406,0.00692238309056609,0.018));
#6593=CARTESIAN_POINT('',(0.00305726874882069,0.0105368063877793,0.018));
#6594=CARTESIAN_POINT('',(0.00785,0.00561166054955843,0.018));
#6595=CARTESIAN_POINT('',(0.00785,0.,0.018));
#6596=CARTESIAN_POINT('',(-0.00353060340685569,0.00701122953436122,0.018));
#6597=CARTESIAN_POINT('',(-0.00359410982006569,0.00707412697364827,0.0175194189432279));
#6598=CARTESIAN_POINT('',(-0.00365750447080112,0.00713691372217034,0.0170388086821013));
#6599=CARTESIAN_POINT('',(-0.00372079857474882,0.00719960088806514,0.0165581721473613));
#6600=CARTESIAN_POINT('',(-0.00785,9.61347737330672E-19,0.018));
#6601=CARTESIAN_POINT('',(-0.00785,9.61347737330672E-19,0.03));
#6602=CARTESIAN_POINT('',(-0.00785,-0.0157,0.018));
#6603=CARTESIAN_POINT('',(-0.00785,-0.0157,0.03));
#6604=CARTESIAN_POINT('',(0.00785,-0.0157,0.018));
#6605=CARTESIAN_POINT('',(0.00785,-0.0157,0.03));
#6606=CARTESIAN_POINT('',(0.00785,0.,0.018));
#6607=CARTESIAN_POINT('',(0.00785,0.,0.03));
#6608=CARTESIAN_POINT('',(0.,0.,0.03));
#6609=CARTESIAN_POINT('',(-0.0072371681285091,0.00365058373835371,0.0165495211802455));
#6610=CARTESIAN_POINT('',(-0.0072371681285091,0.00365058373835371,0.0180086509671158));
#6611=CARTESIAN_POINT('',(-0.00704581578278204,0.00346106630319321,0.0165495211802455));
#6612=CARTESIAN_POINT('',(-0.00704581578278204,0.00346106630319321,0.0180086509671158));
#6613=CARTESIAN_POINT('',(-0.00353060340685569,0.00701122953436122,0.0165495211802455));
#6614=CARTESIAN_POINT('',(-0.00353060340685569,0.00701122953436122,0.0180086509671158));
#6615=CARTESIAN_POINT('',(-0.00372193974575622,0.0072007311161874,0.0165495211802455));
#6616=CARTESIAN_POINT('',(-0.00372193974575622,0.0072007311161874,0.0180086509671158));
#6617=CARTESIAN_POINT('',(-0.00873862,-0.00873862,0.03));
#6618=CARTESIAN_POINT('',(-0.00873862,0.00873862,0.03));
#6619=CARTESIAN_POINT('',(0.00873862,-0.00873862,0.03));
#6620=CARTESIAN_POINT('',(0.00873862,0.00873862,0.03));
#6621=CARTESIAN_POINT('',(0.00471209551958286,-0.00517650034427963,0.03));
#6622=CARTESIAN_POINT('',(0.00585113398665794,-0.00372273286525897,0.03));
#6623=CARTESIAN_POINT('',(0.00632642152190609,-0.00181791306638663,0.03));
#6624=CARTESIAN_POINT('',(0.00600000000000029,-8.67361737988404E-19,0.03));
#6625=CARTESIAN_POINT('',(0.007,7.53668050975267E-19,0.0182679491924311));
#6626=CARTESIAN_POINT('',(0.007,0.00404145188432738,0.0184346158590978));
#6627=CARTESIAN_POINT('',(0.0035,0.00606217782649107,0.0186012825257645));
#6628=CARTESIAN_POINT('',(4.94935111404956E-19,0.00808290376865476,0.0187679491924311));
#6629=CARTESIAN_POINT('',(-0.0035,0.00606217782649107,0.0189346158590978));
#6630=CARTESIAN_POINT('',(-0.007,0.00404145188432738,0.0191012825257644));
#6631=CARTESIAN_POINT('',(-0.007,1.61092081037842E-18,0.0192679491924311));
#6632=CARTESIAN_POINT('',(-0.007,-0.00404145188432738,0.0194346158590978));
#6633=CARTESIAN_POINT('',(-0.0035,-0.00606217782649107,0.0196012825257645));
#6634=CARTESIAN_POINT('',(-1.48480533421487E-18,-0.00808290376865476,0.0197679491924311));
#6635=CARTESIAN_POINT('',(0.0035,-0.00606217782649107,0.0199346158590978));
#6636=CARTESIAN_POINT('',(0.007,-0.00404145188432738,0.0201012825257645));
#6637=CARTESIAN_POINT('',(0.007,7.53668050975267E-19,0.0202679491924311));
#6638=CARTESIAN_POINT('',(0.007,0.00404145188432738,0.0204346158590978));
#6639=CARTESIAN_POINT('',(0.0035,0.00606217782649107,0.0206012825257645));
#6640=CARTESIAN_POINT('',(4.94935111404956E-19,0.00808290376865476,0.0207679491924311));
#6641=CARTESIAN_POINT('',(-0.0035,0.00606217782649107,0.0209346158590978));
#6642=CARTESIAN_POINT('',(-0.007,0.00404145188432738,0.0211012825257645));
#6643=CARTESIAN_POINT('',(-0.007,1.61092081037842E-18,0.0212679491924311));
#6644=CARTESIAN_POINT('',(-0.007,-0.00404145188432738,0.0214346158590978));
#6645=CARTESIAN_POINT('',(-0.0035,-0.00606217782649107,0.0216012825257644));
#6646=CARTESIAN_POINT('',(-1.48480533421487E-18,-0.00808290376865476,0.0217679491924311));
#6647=CARTESIAN_POINT('',(0.0035,-0.00606217782649107,0.0219346158590978));
#6648=CARTESIAN_POINT('',(0.007,-0.00404145188432738,0.0221012825257644));
#6649=CARTESIAN_POINT('',(0.007,7.53668050975267E-19,0.0222679491924311));
#6650=CARTESIAN_POINT('',(0.007,0.00404145188432738,0.0224346158590978));
#6651=CARTESIAN_POINT('',(0.0035,0.00606217782649107,0.0226012825257644));
#6652=CARTESIAN_POINT('',(4.94935111404956E-19,0.00808290376865476,0.0227679491924311));
#6653=CARTESIAN_POINT('',(-0.0035,0.00606217782649107,0.0229346158590978));
#6654=CARTESIAN_POINT('',(-0.007,0.00404145188432738,0.0231012825257644));
#6655=CARTESIAN_POINT('',(-0.007,1.61092081037842E-18,0.0232679491924312));
#6656=CARTESIAN_POINT('',(-0.007,-0.00404145188432738,0.0234346158590978));
#6657=CARTESIAN_POINT('',(-0.0035,-0.00606217782649107,0.0236012825257645));
#6658=CARTESIAN_POINT('',(-1.48480533421487E-18,-0.00808290376865476,0.0237679491924311));
#6659=CARTESIAN_POINT('',(0.0035,-0.00606217782649107,0.0239346158590978));
#6660=CARTESIAN_POINT('',(0.007,-0.00404145188432738,0.0241012825257645));
#6661=CARTESIAN_POINT('',(0.007,7.53668050975267E-19,0.0242679491924311));
#6662=CARTESIAN_POINT('',(0.007,0.00404145188432738,0.0244346158590978));
#6663=CARTESIAN_POINT('',(0.0035,0.00606217782649107,0.0246012825257644));
#6664=CARTESIAN_POINT('',(4.94935111404956E-19,0.00808290376865476,0.0247679491924311));
#6665=CARTESIAN_POINT('',(-0.0035,0.00606217782649107,0.0249346158590978));
#6666=CARTESIAN_POINT('',(-0.007,0.00404145188432738,0.0251012825257645));
#6667=CARTESIAN_POINT('',(-0.007,1.61092081037842E-18,0.0252679491924311));
#6668=CARTESIAN_POINT('',(-0.007,-0.00404145188432738,0.0254346158590978));
#6669=CARTESIAN_POINT('',(-0.0035,-0.00606217782649107,0.0256012825257644));
#6670=CARTESIAN_POINT('',(-1.48480533421487E-18,-0.00808290376865476,0.0257679491924311));
#6671=CARTESIAN_POINT('',(0.0035,-0.00606217782649107,0.0259346158590978));
#6672=CARTESIAN_POINT('',(0.007,-0.00404145188432738,0.0261012825257645));
#6673=CARTESIAN_POINT('',(0.007,7.53668050975267E-19,0.0262679491924311));
#6674=CARTESIAN_POINT('',(0.007,0.00404145188432738,0.0264346158590978));
#6675=CARTESIAN_POINT('',(0.0035,0.00606217782649107,0.0266012825257644));
#6676=CARTESIAN_POINT('',(4.94935111404956E-19,0.00808290376865476,0.0267679491924311));
#6677=CARTESIAN_POINT('',(-0.0035,0.00606217782649107,0.0269346158590978));
#6678=CARTESIAN_POINT('',(-0.007,0.00404145188432738,0.0271012825257644));
#6679=CARTESIAN_POINT('',(-0.007,1.61092081037842E-18,0.0272679491924311));
#6680=CARTESIAN_POINT('',(-0.007,-0.00404145188432738,0.0274346158590978));
#6681=CARTESIAN_POINT('',(-0.0035,-0.00606217782649107,0.0276012825257645));
#6682=CARTESIAN_POINT('',(-1.48480533421487E-18,-0.00808290376865476,0.0277679491924311));
#6683=CARTESIAN_POINT('',(0.0035,-0.00606217782649107,0.0279346158590978));
#6684=CARTESIAN_POINT('',(0.007,-0.00404145188432738,0.0281012825257644));
#6685=CARTESIAN_POINT('',(0.007,7.53668050975267E-19,0.0282679491924311));
#6686=CARTESIAN_POINT('',(0.007,0.00404145188432738,0.0284346158590978));
#6687=CARTESIAN_POINT('',(0.0035,0.00606217782649107,0.0286012825257644));
#6688=CARTESIAN_POINT('',(4.94935111404956E-19,0.00808290376865476,0.0287679491924311));
#6689=CARTESIAN_POINT('',(-0.0035,0.00606217782649107,0.0289346158590978));
#6690=CARTESIAN_POINT('',(-0.007,0.00404145188432738,0.0291012825257645));
#6691=CARTESIAN_POINT('',(-0.007,1.61092081037842E-18,0.0292679491924311));
#6692=CARTESIAN_POINT('',(-0.007,-0.00404145188432738,0.0294346158590978));
#6693=CARTESIAN_POINT('',(-0.0035,-0.00606217782649107,0.0296012825257644));
#6694=CARTESIAN_POINT('',(-1.48480533421487E-18,-0.00808290376865476,0.0297679491924311));
#6695=CARTESIAN_POINT('',(0.0035,-0.00606217782649107,0.0299346158590978));
#6696=CARTESIAN_POINT('',(0.007,-0.00404145188432738,0.0301012825257645));
#6697=CARTESIAN_POINT('',(0.007,7.53668050975267E-19,0.0302679491924311));
#6698=CARTESIAN_POINT('',(0.007,0.00077852948546679,0.0303000552072887));
#6699=CARTESIAN_POINT('',(0.00682894214944152,0.00153803417373639,0.0303354494586989));
#6700=CARTESIAN_POINT('',(0.006,7.53668050975267E-19,0.018));
#6701=CARTESIAN_POINT('',(0.006,0.00346410161513775,0.0181666666666667));
#6702=CARTESIAN_POINT('',(0.003,0.00519615242270663,0.0183333333333334));
#6703=CARTESIAN_POINT('',(4.24230095489963E-19,0.00692820323027551,0.0185));
#6704=CARTESIAN_POINT('',(-0.003,0.00519615242270663,0.0186666666666667));
#6705=CARTESIAN_POINT('',(-0.006,0.00346410161513775,0.0188333333333334));
#6706=CARTESIAN_POINT('',(-0.006,1.48845613046368E-18,0.019));
#6707=CARTESIAN_POINT('',(-0.006,-0.00346410161513775,0.0191666666666667));
#6708=CARTESIAN_POINT('',(-0.003,-0.00519615242270663,0.0193333333333334));
#6709=CARTESIAN_POINT('',(-1.27269028646989E-18,-0.00692820323027551,0.0195));
#6710=CARTESIAN_POINT('',(0.003,-0.00519615242270663,0.0196666666666666));
#6711=CARTESIAN_POINT('',(0.006,-0.00346410161513775,0.0198333333333333));
#6712=CARTESIAN_POINT('',(0.006,7.53668050975267E-19,0.02));
#6713=CARTESIAN_POINT('',(0.006,0.00346410161513775,0.0201666666666667));
#6714=CARTESIAN_POINT('',(0.003,0.00519615242270663,0.0203333333333334));
#6715=CARTESIAN_POINT('',(4.24230095489963E-19,0.00692820323027551,0.0205));
#6716=CARTESIAN_POINT('',(-0.003,0.00519615242270663,0.0206666666666666));
#6717=CARTESIAN_POINT('',(-0.006,0.00346410161513775,0.0208333333333333));
#6718=CARTESIAN_POINT('',(-0.006,1.48845613046368E-18,0.021));
#6719=CARTESIAN_POINT('',(-0.006,-0.00346410161513775,0.0211666666666666));
#6720=CARTESIAN_POINT('',(-0.003,-0.00519615242270663,0.0213333333333333));
#6721=CARTESIAN_POINT('',(-1.27269028646989E-18,-0.00692820323027551,0.0215));
#6722=CARTESIAN_POINT('',(0.003,-0.00519615242270663,0.0216666666666667));
#6723=CARTESIAN_POINT('',(0.006,-0.00346410161513775,0.0218333333333333));
#6724=CARTESIAN_POINT('',(0.006,7.53668050975267E-19,0.022));
#6725=CARTESIAN_POINT('',(0.006,0.00346410161513775,0.0221666666666667));
#6726=CARTESIAN_POINT('',(0.003,0.00519615242270663,0.0223333333333334));
#6727=CARTESIAN_POINT('',(4.24230095489963E-19,0.00692820323027551,0.0225));
#6728=CARTESIAN_POINT('',(-0.003,0.00519615242270663,0.0226666666666667));
#6729=CARTESIAN_POINT('',(-0.006,0.00346410161513775,0.0228333333333333));
#6730=CARTESIAN_POINT('',(-0.006,1.48845613046368E-18,0.023));
#6731=CARTESIAN_POINT('',(-0.006,-0.00346410161513775,0.0231666666666667));
#6732=CARTESIAN_POINT('',(-0.003,-0.00519615242270663,0.0233333333333333));
#6733=CARTESIAN_POINT('',(-1.27269028646989E-18,-0.00692820323027551,0.0235));
#6734=CARTESIAN_POINT('',(0.003,-0.00519615242270663,0.0236666666666667));
#6735=CARTESIAN_POINT('',(0.006,-0.00346410161513775,0.0238333333333333));
#6736=CARTESIAN_POINT('',(0.006,7.53668050975267E-19,0.024));
#6737=CARTESIAN_POINT('',(0.006,0.00346410161513775,0.0241666666666667));
#6738=CARTESIAN_POINT('',(0.003,0.00519615242270663,0.0243333333333333));
#6739=CARTESIAN_POINT('',(4.24230095489963E-19,0.00692820323027551,0.0245));
#6740=CARTESIAN_POINT('',(-0.003,0.00519615242270663,0.0246666666666667));
#6741=CARTESIAN_POINT('',(-0.006,0.00346410161513775,0.0248333333333333));
#6742=CARTESIAN_POINT('',(-0.006,1.48845613046368E-18,0.025));
#6743=CARTESIAN_POINT('',(-0.006,-0.00346410161513775,0.0251666666666666));
#6744=CARTESIAN_POINT('',(-0.003,-0.00519615242270663,0.0253333333333334));
#6745=CARTESIAN_POINT('',(-1.27269028646989E-18,-0.00692820323027551,0.0255));
#6746=CARTESIAN_POINT('',(0.003,-0.00519615242270663,0.0256666666666667));
#6747=CARTESIAN_POINT('',(0.006,-0.00346410161513775,0.0258333333333333));
#6748=CARTESIAN_POINT('',(0.006,7.53668050975267E-19,0.026));
#6749=CARTESIAN_POINT('',(0.006,0.00346410161513775,0.0261666666666666));
#6750=CARTESIAN_POINT('',(0.003,0.00519615242270663,0.0263333333333334));
#6751=CARTESIAN_POINT('',(4.24230095489963E-19,0.00692820323027551,0.0265));
#6752=CARTESIAN_POINT('',(-0.003,0.00519615242270663,0.0266666666666667));
#6753=CARTESIAN_POINT('',(-0.006,0.00346410161513775,0.0268333333333333));
#6754=CARTESIAN_POINT('',(-0.006,1.48845613046368E-18,0.027));
#6755=CARTESIAN_POINT('',(-0.006,-0.00346410161513775,0.0271666666666667));
#6756=CARTESIAN_POINT('',(-0.003,-0.00519615242270663,0.0273333333333333));
#6757=CARTESIAN_POINT('',(-1.27269028646989E-18,-0.00692820323027551,0.0275));
#6758=CARTESIAN_POINT('',(0.003,-0.00519615242270663,0.0276666666666667));
#6759=CARTESIAN_POINT('',(0.006,-0.00346410161513775,0.0278333333333334));
#6760=CARTESIAN_POINT('',(0.006,7.53668050975267E-19,0.028));
#6761=CARTESIAN_POINT('',(0.006,0.00346410161513775,0.0281666666666667));
#6762=CARTESIAN_POINT('',(0.003,0.00519615242270663,0.0283333333333333));
#6763=CARTESIAN_POINT('',(4.24230095489963E-19,0.00692820323027551,0.0285));
#6764=CARTESIAN_POINT('',(-0.003,0.00519615242270663,0.0286666666666667));
#6765=CARTESIAN_POINT('',(-0.006,0.00346410161513775,0.0288333333333333));
#6766=CARTESIAN_POINT('',(-0.006,1.48845613046368E-18,0.029));
#6767=CARTESIAN_POINT('',(-0.006,-0.00346410161513775,0.0291666666666667));
#6768=CARTESIAN_POINT('',(-0.003,-0.00519615242270663,0.0293333333333334));
#6769=CARTESIAN_POINT('',(-1.27269028646989E-18,-0.00692820323027551,0.0295));
#6770=CARTESIAN_POINT('',(0.003,-0.00519615242270663,0.0296666666666667));
#6771=CARTESIAN_POINT('',(0.006,-0.00346410161513775,0.0298333333333333));
#6772=CARTESIAN_POINT('',(0.006,7.53668050975267E-19,0.03));
#6773=CARTESIAN_POINT('',(0.006,0.000667310987542963,0.0300321060148576));
#6774=CARTESIAN_POINT('',(0.00585337898523559,0.00131831500605976,0.0300675002662678));
#6775=CARTESIAN_POINT('',(0.0065,7.53668050975267E-19,0.0181339745962155));
#6776=CARTESIAN_POINT('',(0.007,7.53668050975267E-19,0.0182679491924311));
#6777=CARTESIAN_POINT('',(0.007,7.53668050975267E-19,0.0182679491924311));
#6778=CARTESIAN_POINT('',(0.007,0.00404145188432738,0.0184346158590978));
#6779=CARTESIAN_POINT('',(0.0035,0.00606217782649107,0.0186012825257645));
#6780=CARTESIAN_POINT('',(4.94935111404956E-19,0.00808290376865476,0.0187679491924311));
#6781=CARTESIAN_POINT('',(-0.0035,0.00606217782649107,0.0189346158590978));
#6782=CARTESIAN_POINT('',(-0.007,0.00404145188432738,0.0191012825257644));
#6783=CARTESIAN_POINT('',(-0.007,1.61092081037842E-18,0.0192679491924311));
#6784=CARTESIAN_POINT('',(-0.007,-0.00404145188432738,0.0194346158590978));
#6785=CARTESIAN_POINT('',(-0.0035,-0.00606217782649107,0.0196012825257645));
#6786=CARTESIAN_POINT('',(-1.48480533421487E-18,-0.00808290376865476,0.0197679491924311));
#6787=CARTESIAN_POINT('',(0.0035,-0.00606217782649107,0.0199346158590978));
#6788=CARTESIAN_POINT('',(0.007,-0.00404145188432738,0.0201012825257645));
#6789=CARTESIAN_POINT('',(0.007,-9.60837467831028E-19,0.0202679491924311));
#6790=CARTESIAN_POINT('',(0.00700000000000001,0.00404145188432738,0.0204346158590978));
#6791=CARTESIAN_POINT('',(0.0035,0.00606217782649107,0.0206012825257645));
#6792=CARTESIAN_POINT('',(9.65373625285676E-18,0.00808290376865476,0.0207679491924311));
#6793=CARTESIAN_POINT('',(-0.0035,0.00606217782649108,0.0209346158590978));
#6794=CARTESIAN_POINT('',(-0.007,0.00404145188432738,0.0211012825257645));
#6795=CARTESIAN_POINT('',(-0.007,3.32542632918471E-18,0.0212679491924311));
#6796=CARTESIAN_POINT('',(-0.00700000000000001,-0.00404145188432738,0.0214346158590978));
#6797=CARTESIAN_POINT('',(-0.0035,-0.00606217782649107,0.0216012825257644));
#6798=CARTESIAN_POINT('',(-3.46454577983469E-18,-0.00808290376865476,0.0217679491924311));
#6799=CARTESIAN_POINT('',(0.0035,-0.00606217782649107,0.0219346158590978));
#6800=CARTESIAN_POINT('',(0.007,-0.00404145188432738,0.0221012825257644));
#6801=CARTESIAN_POINT('',(0.007,-2.67534298663732E-18,0.0222679491924311));
#6802=CARTESIAN_POINT('',(0.00700000000000001,0.00404145188432738,0.0224346158590978));
#6803=CARTESIAN_POINT('',(0.0035,0.00606217782649107,0.0226012825257644));
#6804=CARTESIAN_POINT('',(1.88125373943085E-17,0.00808290376865476,0.0227679491924311));
#6805=CARTESIAN_POINT('',(-0.0035,0.00606217782649108,0.0229346158590978));
#6806=CARTESIAN_POINT('',(-0.007,0.00404145188432738,0.0231012825257644));
#6807=CARTESIAN_POINT('',(-0.007,1.74744297237927E-17,0.0232679491924312));
#6808=CARTESIAN_POINT('',(-0.00700000000000001,-0.00404145188432738,0.0234346158590978));
#6809=CARTESIAN_POINT('',(-0.0035,-0.00606217782649106,0.0236012825257645));
#6810=CARTESIAN_POINT('',(-1.98024076171184E-17,-0.00808290376865476,0.0237679491924311));
#6811=CARTESIAN_POINT('',(0.0035,-0.00606217782649108,0.0239346158590978));
#6812=CARTESIAN_POINT('',(0.00699999999999999,-0.00404145188432738,0.0241012825257645));
#6813=CARTESIAN_POINT('',(0.007,-4.38984850544361E-18,0.0242679491924311));
#6814=CARTESIAN_POINT('',(0.00700000000000001,0.00404145188432738,0.0244346158590978));
#6815=CARTESIAN_POINT('',(0.0035,0.00606217782649107,0.0246012825257644));
#6816=CARTESIAN_POINT('',(2.07922778399284E-17,0.00808290376865476,0.0247679491924311));
#6817=CARTESIAN_POINT('',(-0.0035,0.00606217782649108,0.0249346158590978));
#6818=CARTESIAN_POINT('',(-0.00699999999999999,0.00404145188432738,0.0251012825257645));
#6819=CARTESIAN_POINT('',(-0.007,6.7544373667973E-18,0.0252679491924311));
#6820=CARTESIAN_POINT('',(-0.00700000000000001,-0.00404145188432738,0.0254346158590978));
#6821=CARTESIAN_POINT('',(-0.0035,-0.00606217782649106,0.0256012825257644));
#6822=CARTESIAN_POINT('',(-2.17821480627383E-17,-0.00808290376865476,0.0257679491924311));
#6823=CARTESIAN_POINT('',(0.0035,-0.00606217782649108,0.0259346158590978));
#6824=CARTESIAN_POINT('',(0.00699999999999999,-0.00404145188432738,0.0261012825257645));
#6825=CARTESIAN_POINT('',(0.007,-6.10435402424991E-18,0.0262679491924311));
#6826=CARTESIAN_POINT('',(0.00700000000000001,0.00404145188432738,0.0264346158590978));
#6827=CARTESIAN_POINT('',(0.0035,0.00606217782649107,0.0266012825257644));
#6828=CARTESIAN_POINT('',(2.27720182855482E-17,0.00808290376865476,0.0267679491924311));
#6829=CARTESIAN_POINT('',(-0.0035,0.00606217782649108,0.0269346158590978));
#6830=CARTESIAN_POINT('',(-0.00699999999999999,0.00404145188432738,0.0271012825257644));
#6831=CARTESIAN_POINT('',(-0.007,3.33379386372071E-17,0.0272679491924311));
#6832=CARTESIAN_POINT('',(-0.00700000000000001,-0.00404145188432738,0.0274346158590978));
#6833=CARTESIAN_POINT('',(-0.0035,-0.00606217782649106,0.0276012825257645));
#6834=CARTESIAN_POINT('',(-2.37618885083581E-17,-0.00808290376865476,0.0277679491924311));
#6835=CARTESIAN_POINT('',(0.0035,-0.00606217782649108,0.0279346158590978));
#6836=CARTESIAN_POINT('',(0.00699999999999999,-0.00404145188432738,0.0281012825257644));
#6837=CARTESIAN_POINT('',(0.007,-3.26878552946597E-17,0.0282679491924311));
#6838=CARTESIAN_POINT('',(0.00700000000000001,0.00404145188432738,0.0284346158590978));
#6839=CARTESIAN_POINT('',(0.0035,0.00606217782649106,0.0286012825257644));
#6840=CARTESIAN_POINT('',(5.34680015144959E-17,0.00808290376865476,0.0287679491924311));
#6841=CARTESIAN_POINT('',(-0.0035,0.00606217782649109,0.0289346158590978));
#6842=CARTESIAN_POINT('',(-0.007,0.00404145188432738,0.0291012825257645));
#6843=CARTESIAN_POINT('',(-0.007,3.50524441560134E-17,0.0292679491924311));
#6844=CARTESIAN_POINT('',(-0.00700000000000001,-0.00404145188432738,0.0294346158590978));
#6845=CARTESIAN_POINT('',(-0.0035,-0.00606217782649105,0.0296012825257644));
#6846=CARTESIAN_POINT('',(-2.57416289539779E-17,-0.00808290376865476,0.0297679491924311));
#6847=CARTESIAN_POINT('',(0.00349999999999995,-0.0060621778264911,0.0299346158590978));
#6848=CARTESIAN_POINT('',(0.00699999999999999,-0.00404145188432738,0.0301012825257645));
#6849=CARTESIAN_POINT('',(0.007,-9.5333650618625E-18,0.0302679491924311));
#6850=CARTESIAN_POINT('',(0.00700000000000002,0.00404145188432734,0.0304346158590978));
#6851=CARTESIAN_POINT('',(0.0035,0.00606217782649106,0.0306012825257644));
#6852=CARTESIAN_POINT('',(5.54477419601157E-17,0.00808290376865476,0.0307679491924311));
#6853=CARTESIAN_POINT('',(-0.0035,0.00606217782649109,0.0309346158590978));
#6854=CARTESIAN_POINT('',(-0.007,0.00404145188432738,0.0311012825257644));
#6855=CARTESIAN_POINT('',(-0.007,3.67669496748197E-17,0.0312679491924312));
#6856=CARTESIAN_POINT('',(-0.00700000000000001,-0.00404145188432738,0.0314346158590978));
#6857=CARTESIAN_POINT('',(-0.0035,-0.00606217782649105,0.0316012825257645));
#6858=CARTESIAN_POINT('',(-2.77213693995978E-17,-0.00808290376865476,0.0317679491924311));
#6859=CARTESIAN_POINT('',(0.00349999999999995,-0.0060621778264911,0.0319346158590978));
#6860=CARTESIAN_POINT('',(0.00699999999999999,-0.00404145188432738,0.0321012825257644));
#6861=CARTESIAN_POINT('',(0.007,-1.12478705806688E-17,0.0322679491924312));
#6862=CARTESIAN_POINT('',(0.007,7.53668050975267E-19,0.0182575007924311));
#6863=CARTESIAN_POINT('',(0.007,7.53668050975267E-19,0.0200197975924311));
#6864=CARTESIAN_POINT('',(0.007,0.014,0.0182575007924311));
#6865=CARTESIAN_POINT('',(0.007,0.014,0.0200197975924311));
#6866=CARTESIAN_POINT('',(-0.007,0.014,0.0182575007924311));
#6867=CARTESIAN_POINT('',(-0.007,0.014,0.0200197975924311));
#6868=CARTESIAN_POINT('',(-0.007,1.61092081037841E-18,0.0182575007924311));
#6869=CARTESIAN_POINT('',(-0.007,1.61092081037841E-18,0.0200197975924311));
#6870=CARTESIAN_POINT('',(0.007,7.53668050975267E-19,0.0186386491924311));
#6871=CARTESIAN_POINT('',(0.007,7.53668050975267E-19,0.0190093491924311));
#6872=CARTESIAN_POINT('',(0.00699479621714946,-0.000229109163802005,0.0189989325053367));
#6873=CARTESIAN_POINT('',(0.00697831781700769,-0.000457704109279282,0.0189885158573621));
#6874=CARTESIAN_POINT('',(0.00684035897476579,-0.00159263263459007,0.0189364325066761));
#6875=CARTESIAN_POINT('',(0.0065498852337584,-0.00247403581262396,0.0188947657979044));
#6876=CARTESIAN_POINT('',(0.00565866294310919,-0.00405273986843103,0.0188114323220296));
#6877=CARTESIAN_POINT('',(0.00505825015955895,-0.00474940889377134,0.0187697655539217));
#6878=CARTESIAN_POINT('',(0.00364330287986333,-0.00585641742080708,0.0186864319570113));
#6879=CARTESIAN_POINT('',(0.00282931655179295,-0.0062663053370817,0.0186447651262161));
#6880=CARTESIAN_POINT('',(0.00111407088873441,-0.00674271354367161,0.0185614314014844));
#6881=CARTESIAN_POINT('',(0.000213481816573567,-0.00680902510660767,0.0185197645047311));
#6882=CARTESIAN_POINT('',(-0.00153721358612896,-0.0065942635356039,0.0184364306450252));
#6883=CARTESIAN_POINT('',(-0.00238662805434683,-0.00631325228385696,0.0183947636787773));
#6884=CARTESIAN_POINT('',(-0.00390738643084967,-0.00545248678802079,0.0183114296770239));
#6885=CARTESIAN_POINT('',(-0.00457811973996715,-0.00487305303671226,0.018269762637096));
#6886=CARTESIAN_POINT('',(-0.005643242338526,-0.00350841545440538,0.0181864284852767));
#6887=CARTESIAN_POINT('',(-0.00603719379045228,-0.0027237358882481,0.0181447613677959));
#6888=CARTESIAN_POINT('',(-0.00649414768591642,-0.00107099600805703,0.0180614270575944));
#6889=CARTESIAN_POINT('',(-0.0065569475940495,-0.000203581385433773,0.0180197598582792));
#6890=CARTESIAN_POINT('',(-0.0063481227135863,0.0014819208331683,0.0179364253809359));
#6891=CARTESIAN_POINT('',(-0.00607655657980772,0.00229934064219232,0.0178947580955977));
#6892=CARTESIAN_POINT('',(-0.00524621608398726,0.00376213528867041,0.017811423441137));
#6893=CARTESIAN_POINT('',(-0.00468775004003974,0.00440692082198882,0.0177697560646363));
#6894=CARTESIAN_POINT('',(-0.00337339872085009,0.00543012742596681,0.0176864212246132));
#6895=CARTESIAN_POINT('',(-0.00261801767514579,0.00580812527011186,0.0176447537515435));
#6896=CARTESIAN_POINT('',(-0.00102777444107903,0.0062455880406423,0.0175614187148715));
#6897=CARTESIAN_POINT('',(-0.000193533055406953,0.00630485570902306,0.0175197511402032));
#6898=CARTESIAN_POINT('',(0.00142676934839742,0.00610192982635706,0.0174364158958727));
#6899=CARTESIAN_POINT('',(0.00221218757733059,0.00583979041537811,0.0173947482139175));
#6900=CARTESIAN_POINT('',(0.00361699721150917,0.00503984306561791,0.0173114127502605));
#6901=CARTESIAN_POINT('',(0.0042358207822435,0.00450232763231038,0.0172697449549926));
#6902=CARTESIAN_POINT('',(0.00521707851391752,0.00323823834881387,0.0171864092596416));
#6903=CARTESIAN_POINT('',(0.00557910355567599,0.0025121467717419,0.0171447413446712));
#6904=CARTESIAN_POINT('',(0.00594479299579324,0.00117535969834167,0.0170718223970337));
#6905=CARTESIAN_POINT('',(0.00601580811632483,0.000581532358703081,0.0170405720680951));
#6906=CARTESIAN_POINT('',(0.00599942468800181,-7.61151088683263E-6,0.017009320328825));
#6907=CARTESIAN_POINT('',(0.006,7.53668050975267E-19,0.0192772983848622));
#6908=CARTESIAN_POINT('',(0.00599479742447862,-0.000196350330628128,0.0192668862094615));
#6909=CARTESIAN_POINT('',(0.00597992147430944,-0.000392264079727331,0.0192564566446955));
#6910=CARTESIAN_POINT('',(0.00585802292056341,-0.00136418699876515,0.0192043795999315));
#6911=CARTESIAN_POINT('',(0.00560622677410132,-0.00211808501890833,0.0191626750265059));
#6912=CARTESIAN_POINT('',(0.00483857604698172,-0.00346567560973955,0.0190793514332721));
#6913=CARTESIAN_POINT('',(0.0043227017424917,-0.00405935378143583,0.0190376471676386));
#6914=CARTESIAN_POINT('',(0.0031103819451605,-0.00500014742124967,0.0189543219652075));
#6915=CARTESIAN_POINT('',(0.00241391959867887,-0.0053472462179937,0.0189126161476548));
#6916=CARTESIAN_POINT('',(0.000949495426420458,-0.00574765868439685,0.0188292918267003));
#6917=CARTESIAN_POINT('',(0.000181516120643628,-0.00580094797103423,0.0187875844685525));
#6918=CARTESIAN_POINT('',(-0.00130836783274835,-0.00561198775443447,0.0187042603696097));
#6919=CARTESIAN_POINT('',(-0.00203028567940343,-0.0053697067657662,0.0186625533888271));
#6920=CARTESIAN_POINT('',(-0.00331996877524463,-0.00463261254154196,0.0185792282580732));
#6921=CARTESIAN_POINT('',(-0.00388773949670532,-0.00413776350196468,0.018537520456313));
#6922=CARTESIAN_POINT('',(-0.00478672252525617,-0.00297583232080041,0.0184541948866557));
#6923=CARTESIAN_POINT('',(-0.00511792967981102,-0.00230870926736217,0.0184124864323266));
#6924=CARTESIAN_POINT('',(-0.00549898903250185,-0.000906836255775289,0.018329160399011));
#6925=CARTESIAN_POINT('',(-0.00554882184607943,-0.000172044263442909,0.018287451271254));
#6926=CARTESIAN_POINT('',(-0.00536591123346534,0.00125264269820437,0.018204124749691));
#6927=CARTESIAN_POINT('',(-0.00513313223160007,0.00194257501842409,0.0181624147633979));
#6928=CARTESIAN_POINT('',(-0.00442657066692733,0.00317433523009538,0.0180790870078102));
#6929=CARTESIAN_POINT('',(-0.00395273962954432,0.00371618904754746,0.0180373773488097));
#6930=CARTESIAN_POINT('',(-0.00284118048350103,0.00457333658161712,0.0179540497674462));
#6931=CARTESIAN_POINT('',(-0.00220339118707219,0.00488863863939114,0.0179123384859056));
#6932=CARTESIAN_POINT('',(-0.000864064340691564,0.0052503161632455,0.0178290103298905));
#6933=CARTESIAN_POINT('',(-0.000162459921413195,0.00529667620086327,0.0177872982829556));
#6934=CARTESIAN_POINT('',(0.00119702309588465,0.005119786938613,0.0177039695204897));
#6935=CARTESIAN_POINT('',(0.00185496366618058,0.0048964962923391,0.0176622566818265));
#6936=CARTESIAN_POINT('',(0.00302878261934197,0.00422044506948799,0.0175789272803273));
#6937=CARTESIAN_POINT('',(0.0035447074782909,0.00376761884140047,0.0175372136228949));
#6938=CARTESIAN_POINT('',(0.0043599929954703,0.00270641505519445,0.017453883545778));
#6939=CARTESIAN_POINT('',(0.0046593746815578,0.00209795366868357,0.0174121690416071));
#6940=CARTESIAN_POINT('',(0.00495885556468176,0.000980765876649001,0.0173392546003085));
#6941=CARTESIAN_POINT('',(0.00501549028391827,0.000485034730947347,0.0173079828499587));
#6942=CARTESIAN_POINT('',(0.00499927935593474,-5.82477576786185E-6,0.0172767205757333));
#6943=CARTESIAN_POINT('',(0.007,7.53668050975267E-19,0.0190093491924311));
#6944=CARTESIAN_POINT('',(0.00699479621714946,-0.000229109163802005,0.0189989325053367));
#6945=CARTESIAN_POINT('',(0.00697831781700769,-0.000457704109279282,0.0189885158573621));
#6946=CARTESIAN_POINT('',(0.00684035897476579,-0.00159263263459007,0.0189364325066761));
#6947=CARTESIAN_POINT('',(0.0065498852337584,-0.00247403581262396,0.0188947657979044));
#6948=CARTESIAN_POINT('',(0.00565866294310919,-0.00405273986843103,0.0188114323220296));
#6949=CARTESIAN_POINT('',(0.00505825015955895,-0.00474940889377134,0.0187697655539217));
#6950=CARTESIAN_POINT('',(0.00364330287986333,-0.00585641742080708,0.0186864319570113));
#6951=CARTESIAN_POINT('',(0.00282931655179295,-0.0062663053370817,0.0186447651262161));
#6952=CARTESIAN_POINT('',(0.00111407088873441,-0.00674271354367161,0.0185614314014844));
#6953=CARTESIAN_POINT('',(0.000213481816573567,-0.00680902510660767,0.0185197645047311));
#6954=CARTESIAN_POINT('',(-0.00153721358612896,-0.0065942635356039,0.0184364306450252));
#6955=CARTESIAN_POINT('',(-0.00238662805434683,-0.00631325228385696,0.0183947636787773));
#6956=CARTESIAN_POINT('',(-0.00390738643084967,-0.00545248678802079,0.0183114296770239));
#6957=CARTESIAN_POINT('',(-0.00457811973996715,-0.00487305303671226,0.018269762637096));
#6958=CARTESIAN_POINT('',(-0.005643242338526,-0.00350841545440538,0.0181864284852767));
#6959=CARTESIAN_POINT('',(-0.00603719379045228,-0.0027237358882481,0.0181447613677959));
#6960=CARTESIAN_POINT('',(-0.00649414768591642,-0.00107099600805703,0.0180614270575944));
#6961=CARTESIAN_POINT('',(-0.0065569475940495,-0.000203581385433773,0.0180197598582792));
#6962=CARTESIAN_POINT('',(-0.0063481227135863,0.0014819208331683,0.0179364253809359));
#6963=CARTESIAN_POINT('',(-0.00607655657980772,0.00229934064219232,0.0178947580955977));
#6964=CARTESIAN_POINT('',(-0.00524621608398726,0.00376213528867041,0.017811423441137));
#6965=CARTESIAN_POINT('',(-0.00468775004003974,0.00440692082198882,0.0177697560646363));
#6966=CARTESIAN_POINT('',(-0.00337339872085009,0.00543012742596681,0.0176864212246132));
#6967=CARTESIAN_POINT('',(-0.00261801767514579,0.00580812527011186,0.0176447537515435));
#6968=CARTESIAN_POINT('',(-0.00102777444107903,0.0062455880406423,0.0175614187148715));
#6969=CARTESIAN_POINT('',(-0.000193533055406953,0.00630485570902306,0.0175197511402032));
#6970=CARTESIAN_POINT('',(0.00142676934839742,0.00610192982635706,0.0174364158958727));
#6971=CARTESIAN_POINT('',(0.00221218757733059,0.00583979041537811,0.0173947482139175));
#6972=CARTESIAN_POINT('',(0.00361699721150917,0.00503984306561791,0.0173114127502605));
#6973=CARTESIAN_POINT('',(0.0042358207822435,0.00450232763231038,0.0172697449549926));
#6974=CARTESIAN_POINT('',(0.00521707851391752,0.00323823834881387,0.0171864092596416));
#6975=CARTESIAN_POINT('',(0.00557910355567599,0.0025121467717419,0.0171447413446712));
#6976=CARTESIAN_POINT('',(0.00594479299579324,0.00117535969834167,0.0170718223970337));
#6977=CARTESIAN_POINT('',(0.00601580811632483,0.000581532358703081,0.0170405720680951));
#6978=CARTESIAN_POINT('',(0.00599942468800181,-7.61151088683263E-6,0.017009320328825));
#6979=CARTESIAN_POINT('',(0.007,7.53668050975267E-19,0.0182679491924311));
#6980=CARTESIAN_POINT('',(0.00699479287457129,-0.00022908367546371,0.0182575325204121));
#6981=CARTESIAN_POINT('',(0.00697832647886822,-0.000457654650669728,0.0182471158586375));
#6982=CARTESIAN_POINT('',(0.00684038750919379,-0.0015924592984126,0.0181950325206954));
#6983=CARTESIAN_POINT('',(0.00654999945169534,-0.00247377973902882,0.0181533658428524));
#6984=CARTESIAN_POINT('',(0.0056589519152189,-0.00405235209488254,0.0180700324716801));
#6985=CARTESIAN_POINT('',(0.00505868089118222,-0.00474900378867426,0.0180283657780846));
#6986=CARTESIAN_POINT('',(0.00364399612718891,-0.00585602229003501,0.017945032374778));
#6987=CARTESIAN_POINT('',(0.00283016655910071,-0.00626598661872661,0.0179033656645411));
#6988=CARTESIAN_POINT('',(0.00111518150077914,-0.00674258339514181,0.0178200322273055));
#6989=CARTESIAN_POINT('',(0.000214711195527105,-0.00680906890209734,0.017778365499559));
#6990=CARTESIAN_POINT('',(-0.00153582585187069,-0.00659466453427969,0.0176950320264885));
#6991=CARTESIAN_POINT('',(-0.00238521049609837,-0.00631390017028827,0.0176533652802954));
#6992=CARTESIAN_POINT('',(-0.00390600185808756,-0.00545360043608676,0.0175700317695156));
#6993=CARTESIAN_POINT('',(-0.00457683111697275,-0.00487443997409965,0.017528365003759));
#6994=CARTESIAN_POINT('',(-0.0056422314856561,-0.00351027389567037,0.0174450314531499));
#6995=CARTESIAN_POINT('',(-0.00603641657306544,-0.0027258304632803,0.0174033646668039));
#6996=CARTESIAN_POINT('',(-0.00649389355160368,-0.00107344359976997,0.0173200310741443));
#6997=CARTESIAN_POINT('',(-0.00655704566792222,-0.000206161124334159,0.0172783642660764));
#6998=CARTESIAN_POINT('',(-0.00634892939277284,0.00147922640020338,0.0171950306290466));
#6999=CARTESIAN_POINT('',(-0.00607778396227886,0.00229667374724893,0.0171533637981435));
#7000=CARTESIAN_POINT('',(-0.00524822306123597,0.00375967972821446,0.0170700301140921));
#7001=CARTESIAN_POINT('',(-0.00469017080853418,0.00440468259080288,0.0170283632589875));
#7002=CARTESIAN_POINT('',(-0.00337651652221006,0.00542845704941688,0.0169450295256797));
#7003=CARTESIAN_POINT('',(-0.00262145690673204,0.00580685824599054,0.0169033626449387));
#7004=CARTESIAN_POINT('',(-0.00103166577414388,0.00624520539935273,0.0168200288594236));
#7005=CARTESIAN_POINT('',(-0.000197570573531614,0.00630501845223294,0.016778361951712));
#7006=CARTESIAN_POINT('',(0.00142266496795443,0.00610318022365791,0.0166950281110729));
#7007=CARTESIAN_POINT('',(0.0022081729149516,0.00584164888558579,0.0166533611748781));
#7008=CARTESIAN_POINT('',(0.00361338682310133,0.00504281910179494,0.0165700272760166));
#7009=CARTESIAN_POINT('',(0.0042325599922133,0.00450587032660684,0.0165283603097427));
#7010=CARTESIAN_POINT('',(0.0052146999239174,0.00324272146800928,0.0164450263493688));
#7011=CARTESIAN_POINT('',(0.00557731219609517,0.00251704328880208,0.0164033593513182));
#7012=CARTESIAN_POINT('',(0.00594411797917724,0.00118074499066853,0.0163304420791307));
#7013=CARTESIAN_POINT('',(0.00601567390159317,0.000587064221984625,0.0162991925710006));
#7014=CARTESIAN_POINT('',(0.00599984727348428,-2.02060715020613E-6,0.0162679415300879));
#7015=CARTESIAN_POINT('',(0.007,7.53668050975267E-19,0.0190093491924311));
#7016=CARTESIAN_POINT('',(0.00699479621714946,-0.000229109163802005,0.0189989325053367));
#7017=CARTESIAN_POINT('',(0.00697831781700769,-0.000457704109279282,0.0189885158573621));
#7018=CARTESIAN_POINT('',(0.00684035897476579,-0.00159263263459007,0.0189364325066761));
#7019=CARTESIAN_POINT('',(0.0065498852337584,-0.00247403581262396,0.0188947657979044));
#7020=CARTESIAN_POINT('',(0.00565866294310919,-0.00405273986843103,0.0188114323220296));
#7021=CARTESIAN_POINT('',(0.00505825015955895,-0.00474940889377134,0.0187697655539217));
#7022=CARTESIAN_POINT('',(0.00364330287986333,-0.00585641742080708,0.0186864319570113));
#7023=CARTESIAN_POINT('',(0.00282931655179295,-0.0062663053370817,0.0186447651262161));
#7024=CARTESIAN_POINT('',(0.00111407088873441,-0.00674271354367161,0.0185614314014844));
#7025=CARTESIAN_POINT('',(0.000213481816573567,-0.00680902510660767,0.0185197645047311));
#7026=CARTESIAN_POINT('',(-0.00153721358612896,-0.0065942635356039,0.0184364306450252));
#7027=CARTESIAN_POINT('',(-0.00238662805434683,-0.00631325228385696,0.0183947636787773));
#7028=CARTESIAN_POINT('',(-0.00390738643084967,-0.00545248678802079,0.0183114296770239));
#7029=CARTESIAN_POINT('',(-0.00457811973996715,-0.00487305303671226,0.018269762637096));
#7030=CARTESIAN_POINT('',(-0.005643242338526,-0.00350841545440538,0.0181864284852767));
#7031=CARTESIAN_POINT('',(-0.00603719379045228,-0.0027237358882481,0.0181447613677959));
#7032=CARTESIAN_POINT('',(-0.00649414768591642,-0.00107099600805703,0.0180614270575944));
#7033=CARTESIAN_POINT('',(-0.0065569475940495,-0.000203581385433773,0.0180197598582792));
#7034=CARTESIAN_POINT('',(-0.0063481227135863,0.0014819208331683,0.0179364253809359));
#7035=CARTESIAN_POINT('',(-0.00607655657980772,0.00229934064219232,0.0178947580955977));
#7036=CARTESIAN_POINT('',(-0.00524621608398726,0.00376213528867041,0.017811423441137));
#7037=CARTESIAN_POINT('',(-0.00468775004003974,0.00440692082198882,0.0177697560646363));
#7038=CARTESIAN_POINT('',(-0.00337339872085009,0.00543012742596681,0.0176864212246132));
#7039=CARTESIAN_POINT('',(-0.00261801767514579,0.00580812527011186,0.0176447537515435));
#7040=CARTESIAN_POINT('',(-0.00102777444107903,0.0062455880406423,0.0175614187148715));
#7041=CARTESIAN_POINT('',(-0.000193533055406953,0.00630485570902306,0.0175197511402032));
#7042=CARTESIAN_POINT('',(0.00142676934839742,0.00610192982635706,0.0174364158958727));
#7043=CARTESIAN_POINT('',(0.00221218757733059,0.00583979041537811,0.0173947482139175));
#7044=CARTESIAN_POINT('',(0.00361699721150917,0.00503984306561791,0.0173114127502605));
#7045=CARTESIAN_POINT('',(0.0042358207822435,0.00450232763231038,0.0172697449549926));
#7046=CARTESIAN_POINT('',(0.00521707851391752,0.00323823834881387,0.0171864092596416));
#7047=CARTESIAN_POINT('',(0.00557910355567599,0.0025121467717419,0.0171447413446712));
#7048=CARTESIAN_POINT('',(0.00594479299579324,0.00117535969834167,0.0170718223970337));
#7049=CARTESIAN_POINT('',(0.00601580811632483,0.000581532358703081,0.0170405720680951));
#7050=CARTESIAN_POINT('',(0.00599942468800181,-7.61151088683263E-6,0.017009320328825));
#7051=CARTESIAN_POINT('',(0.007,7.53668050975267E-19,0.0182679491924311));
#7052=CARTESIAN_POINT('',(0.00699479287457129,-0.00022908367546371,0.0182575325204121));
#7053=CARTESIAN_POINT('',(0.00697832647886822,-0.000457654650669728,0.0182471158586375));
#7054=CARTESIAN_POINT('',(0.00684038750919379,-0.0015924592984126,0.0181950325206954));
#7055=CARTESIAN_POINT('',(0.00654999945169534,-0.00247377973902882,0.0181533658428524));
#7056=CARTESIAN_POINT('',(0.0056589519152189,-0.00405235209488254,0.0180700324716801));
#7057=CARTESIAN_POINT('',(0.00505868089118222,-0.00474900378867426,0.0180283657780846));
#7058=CARTESIAN_POINT('',(0.00364399612718891,-0.00585602229003501,0.017945032374778));
#7059=CARTESIAN_POINT('',(0.00283016655910071,-0.00626598661872661,0.0179033656645411));
#7060=CARTESIAN_POINT('',(0.00111518150077914,-0.00674258339514181,0.0178200322273055));
#7061=CARTESIAN_POINT('',(0.000214711195527105,-0.00680906890209734,0.017778365499559));
#7062=CARTESIAN_POINT('',(-0.00153582585187069,-0.00659466453427969,0.0176950320264885));
#7063=CARTESIAN_POINT('',(-0.00238521049609837,-0.00631390017028827,0.0176533652802954));
#7064=CARTESIAN_POINT('',(-0.00390600185808756,-0.00545360043608676,0.0175700317695156));
#7065=CARTESIAN_POINT('',(-0.00457683111697275,-0.00487443997409965,0.017528365003759));
#7066=CARTESIAN_POINT('',(-0.0056422314856561,-0.00351027389567037,0.0174450314531499));
#7067=CARTESIAN_POINT('',(-0.00603641657306544,-0.0027258304632803,0.0174033646668039));
#7068=CARTESIAN_POINT('',(-0.00649389355160368,-0.00107344359976997,0.0173200310741443));
#7069=CARTESIAN_POINT('',(-0.00655704566792222,-0.000206161124334159,0.0172783642660764));
#7070=CARTESIAN_POINT('',(-0.00634892939277284,0.00147922640020338,0.0171950306290466));
#7071=CARTESIAN_POINT('',(-0.00607778396227886,0.00229667374724893,0.0171533637981435));
#7072=CARTESIAN_POINT('',(-0.00524822306123597,0.00375967972821446,0.0170700301140921));
#7073=CARTESIAN_POINT('',(-0.00469017080853418,0.00440468259080288,0.0170283632589875));
#7074=CARTESIAN_POINT('',(-0.00337651652221006,0.00542845704941688,0.0169450295256797));
#7075=CARTESIAN_POINT('',(-0.00262145690673204,0.00580685824599054,0.0169033626449387));
#7076=CARTESIAN_POINT('',(-0.00103166577414388,0.00624520539935273,0.0168200288594236));
#7077=CARTESIAN_POINT('',(-0.000197570573531614,0.00630501845223294,0.016778361951712));
#7078=CARTESIAN_POINT('',(0.00142266496795443,0.00610318022365791,0.0166950281110729));
#7079=CARTESIAN_POINT('',(0.0022081729149516,0.00584164888558579,0.0166533611748781));
#7080=CARTESIAN_POINT('',(0.00361338682310133,0.00504281910179494,0.0165700272760166));
#7081=CARTESIAN_POINT('',(0.0042325599922133,0.00450587032660684,0.0165283603097427));
#7082=CARTESIAN_POINT('',(0.0052146999239174,0.00324272146800928,0.0164450263493688));
#7083=CARTESIAN_POINT('',(0.00557731219609517,0.00251704328880208,0.0164033593513182));
#7084=CARTESIAN_POINT('',(0.00594411797917724,0.00118074499066853,0.0163304420791307));
#7085=CARTESIAN_POINT('',(0.00601567390159317,0.000587064221984625,0.0162991925710006));
#7086=CARTESIAN_POINT('',(0.00599984727348428,-2.02060715020613E-6,0.0162679415300879));
#7087=CARTESIAN_POINT('',(-0.00423964879623898,0.00474866454639709,0.0170000000047858));
#7088=CARTESIAN_POINT('',(-0.00423964879624034,0.00474866454639869,0.017));
#7089=CARTESIAN_POINT('',(-0.00332768826487427,0.00552336921593872,0.017));
#7090=CARTESIAN_POINT('',(-0.00108309852170434,0.00652832334887019,0.017));
#7091=CARTESIAN_POINT('',(0.00258193785684394,0.0060073155228711,0.017));
#7092=CARTESIAN_POINT('',(0.00537854477753381,0.00355094013117024,0.017));
#7093=CARTESIAN_POINT('',(0.00603272415912511,0.00118939556823672,0.017));
#7094=CARTESIAN_POINT('',(0.0059994300005838,-7.54122419756758E-6,0.017));
#7095=CARTESIAN_POINT('',(0.006,7.53668050975267E-19,0.018));
#7096=CARTESIAN_POINT('',(0.00599479166765012,-0.000196306431492047,0.0179895878542215));
#7097=CARTESIAN_POINT('',(0.00597993639713177,-0.000392178871469856,0.0179791582620315));
#7098=CARTESIAN_POINT('',(0.00585807208023266,-0.00136388837181674,0.0179270812392179));
#7099=CARTESIAN_POINT('',(0.00560642355099175,-0.00211764385032256,0.0178853767190827));
#7100=CARTESIAN_POINT('',(0.00483907389376998,-0.00346500754590471,0.0178020533062289));
#7101=CARTESIAN_POINT('',(0.00432344381533618,-0.00405865585847134,0.0177603491689682));
#7102=CARTESIAN_POINT('',(0.00311157628517816,-0.00499946668224603,0.0176770243000823));
#7103=CARTESIAN_POINT('',(0.00241538400785288,-0.0053466971237935,0.0176353186902315));
#7104=CARTESIAN_POINT('',(0.000951408810519022,-0.0057474344619703,0.0175519948645767));
#7105=CARTESIAN_POINT('',(0.000183634118690358,-0.00580102342275751,0.0175102877975967));
#7106=CARTESIAN_POINT('',(-0.00130597701709337,-0.00561267860277748,0.0174269643647618));
#7107=CARTESIAN_POINT('',(-0.00202784348239647,-0.00537082295715089,0.0173852577630909));
#7108=CARTESIAN_POINT('',(-0.00331758340627644,-0.00463453115615708,0.0173019334781972));
#7109=CARTESIAN_POINT('',(-0.00388551943186965,-0.00414015294475516,0.0172602261487849));
#7110=CARTESIAN_POINT('',(-0.00478498100820959,-0.00297903407967024,0.0171769016149022));
#7111=CARTESIAN_POINT('',(-0.00511659067453287,-0.00231231784209363,0.0171351937310616));
#7112=CARTESIAN_POINT('',(-0.00549855120495009,-0.000911053014530938,0.0170518689339375));
#7113=CARTESIAN_POINT('',(-0.0055489908096606,-0.000176488687951687,0.0170101604802308));
#7114=CARTESIAN_POINT('',(-0.00536730099610656,0.00124800067652345,0.016926835406376));
#7115=CARTESIAN_POINT('',(-0.00513524679006747,0.00193798043978378,0.0168851262029921));
#7116=CARTESIAN_POINT('',(-0.00444609567160713,0.00314203263813603,0.0168036985791049));
#7117=CARTESIAN_POINT('',(-0.00399977710799777,0.00366276424513652,0.0167638923498481));
#7118=CARTESIAN_POINT('',(-0.00347710977964444,0.00408204137858552,0.0167241241501764));
#7119=CARTESIAN_POINT('',(0.007,7.53668050975267E-19,0.0182679491924311));
#7120=CARTESIAN_POINT('',(0.00699479287457129,-0.00022908367546371,0.0182575325204121));
#7121=CARTESIAN_POINT('',(0.00697832647886822,-0.000457654650669728,0.0182471158586375));
#7122=CARTESIAN_POINT('',(0.00684038750919379,-0.0015924592984126,0.0181950325206954));
#7123=CARTESIAN_POINT('',(0.00654999945169534,-0.00247377973902882,0.0181533658428524));
#7124=CARTESIAN_POINT('',(0.0056589519152189,-0.00405235209488254,0.0180700324716801));
#7125=CARTESIAN_POINT('',(0.00505868089118222,-0.00474900378867426,0.0180283657780846));
#7126=CARTESIAN_POINT('',(0.00364399612718891,-0.00585602229003501,0.017945032374778));
#7127=CARTESIAN_POINT('',(0.00283016655910071,-0.00626598661872661,0.0179033656645411));
#7128=CARTESIAN_POINT('',(0.00111518150077914,-0.00674258339514181,0.0178200322273055));
#7129=CARTESIAN_POINT('',(0.000214711195527105,-0.00680906890209734,0.017778365499559));
#7130=CARTESIAN_POINT('',(-0.00153582585187069,-0.00659466453427969,0.0176950320264885));
#7131=CARTESIAN_POINT('',(-0.00238521049609837,-0.00631390017028827,0.0176533652802954));
#7132=CARTESIAN_POINT('',(-0.00390600185808756,-0.00545360043608676,0.0175700317695156));
#7133=CARTESIAN_POINT('',(-0.00457683111697275,-0.00487443997409965,0.017528365003759));
#7134=CARTESIAN_POINT('',(-0.0056422314856561,-0.00351027389567037,0.0174450314531499));
#7135=CARTESIAN_POINT('',(-0.00603641657306544,-0.0027258304632803,0.0174033646668039));
#7136=CARTESIAN_POINT('',(-0.00649389355160368,-0.00107344359976997,0.0173200310741443));
#7137=CARTESIAN_POINT('',(-0.00655704566792222,-0.000206161124334159,0.0172783642660764));
#7138=CARTESIAN_POINT('',(-0.00634892939277284,0.00147922640020338,0.0171950306290466));
#7139=CARTESIAN_POINT('',(-0.00607778396227886,0.00229667374724893,0.0171533637981435));
#7140=CARTESIAN_POINT('',(-0.00526712336232352,0.00372634733092045,0.0170719287471127));
#7141=CARTESIAN_POINT('',(-0.0047407308607063,0.00434572129431992,0.0170321605261934));
#7142=CARTESIAN_POINT('',(-0.00412251310990483,0.00484576954875246,0.01699239229469));
#7143=CARTESIAN_POINT('',(-0.006,-2.07654187581868E-14,0.0171338976560668));
#7144=CARTESIAN_POINT('',(-0.00600000000000335,0.00096706358576739,0.0170893447598937));
#7145=CARTESIAN_POINT('',(-0.00576328312656785,0.00193458885480086,0.0170449781969549));
#7146=CARTESIAN_POINT('',(-0.00530646371108363,0.00280025764581629,0.0170000000000014));
#7147=CARTESIAN_POINT('',(-0.00530646371107895,0.00280025764581447,0.017));
#7148=CARTESIAN_POINT('',(-0.00530646371107895,0.00280025764581447,0.017));
#7149=CARTESIAN_POINT('',(-0.00507236101897503,0.00351625298817493,0.017));
#7150=CARTESIAN_POINT('',(-0.00471395129458814,0.004164186271027,0.017));
#7151=CARTESIAN_POINT('',(-0.00423964876055896,0.00474866453450315,0.017));
#7152=CARTESIAN_POINT('',(-0.00529663744624096,0.00281879970254683,0.017));
#7153=CARTESIAN_POINT('',(-0.00529663744624096,0.00281879970254683,0.0171347010420033));
#7154=CARTESIAN_POINT('',(-0.00579020215711253,0.00189137185892124,0.017));
#7155=CARTESIAN_POINT('',(-0.00579020215711253,0.00189137185892125,0.0171347010420033));
#7156=CARTESIAN_POINT('',(-0.006,0.000921459635863378,0.017));
#7157=CARTESIAN_POINT('',(-0.006,0.000921459635863378,0.0171347010420033));
#7158=CARTESIAN_POINT('',(-0.006,1.48845613046368E-18,0.017));
#7159=CARTESIAN_POINT('',(-0.006,1.48845613046368E-18,0.0171347010420033));
#7160=CARTESIAN_POINT('',(0.,7.53668050975267E-19,0.017));
#7161=CARTESIAN_POINT('',(-0.00668032184891191,-0.00669559854706449,0.017));
#7162=CARTESIAN_POINT('',(-0.00668032184891191,0.00698532552700254,0.017));
#7163=CARTESIAN_POINT('',(0.00670014250106575,-0.00669559854706449,0.017));
#7164=CARTESIAN_POINT('',(0.00670014250106575,0.00698532552700254,0.017));
#7165=CARTESIAN_POINT('',(1.7347234759768E-18,4.33680868994202E-19,0.017));
#7166=CARTESIAN_POINT('',(-0.00857128494616027,-0.00858608859907429,0.01));
#7167=CARTESIAN_POINT('',(-0.00857128494616027,0.00854978032544649,0.01));
#7168=CARTESIAN_POINT('',(0.0085205489905769,-0.00858608859907429,0.01));
#7169=CARTESIAN_POINT('',(0.0085205489905769,0.00854978032544649,0.01));
#7170=CARTESIAN_POINT('',(1.7347234759768E-18,4.33680868994202E-19,0.01));
#7171=CARTESIAN_POINT('',(0.00473118411109838,4.33680868994202E-19,0.0171710430412724));
#7172=CARTESIAN_POINT('',(0.00473118411109838,0.00946236822219676,0.0171710430412724));
#7173=CARTESIAN_POINT('',(-0.00473118411109838,0.00946236822219676,0.0171710430412724));
#7174=CARTESIAN_POINT('',(-0.00473118411109838,4.33680868994202E-19,0.0171710430412724));
#7175=CARTESIAN_POINT('',(-0.00473118411109838,-0.00946236822219676,0.0171710430412724));
#7176=CARTESIAN_POINT('',(0.00473118411109838,-0.00946236822219676,0.0171710430412724));
#7177=CARTESIAN_POINT('',(0.00473118411109838,4.33680868994202E-19,0.0171710430412724));
#7178=CARTESIAN_POINT('',(0.00879785153265156,4.33680868994202E-19,0.0165240788150777));
#7179=CARTESIAN_POINT('',(0.00879785153265156,0.0175957030653031,0.0165240788150777));
#7180=CARTESIAN_POINT('',(-0.00879785153265156,0.0175957030653031,0.0165240788150777));
#7181=CARTESIAN_POINT('',(-0.00879785153265156,4.33680868994202E-19,0.0165240788150777));
#7182=CARTESIAN_POINT('',(-0.00879785153265156,-0.0175957030653031,0.0165240788150777));
#7183=CARTESIAN_POINT('',(0.00879785153265156,-0.0175957030653031,0.0165240788150777));
#7184=CARTESIAN_POINT('',(0.00879785153265156,4.33680868994202E-19,0.0165240788150777));
#7185=CARTESIAN_POINT('',(0.0104037249069778,4.33680868994202E-19,0.0127323091315226));
#7186=CARTESIAN_POINT('',(0.0104037249069778,0.0208074498139555,0.0127323091315226));
#7187=CARTESIAN_POINT('',(-0.0104037249069778,0.0208074498139555,0.0127323091315226));
#7188=CARTESIAN_POINT('',(-0.0104037249069778,4.33680868994202E-19,0.0127323091315226));
#7189=CARTESIAN_POINT('',(-0.0104037249069778,-0.0208074498139555,0.0127323091315226));
#7190=CARTESIAN_POINT('',(0.0104037249069778,-0.0208074498139555,0.0127323091315226));
#7191=CARTESIAN_POINT('',(0.0104037249069778,4.33680868994202E-19,0.0127323091315226));
#7192=CARTESIAN_POINT('',(0.00803868255153954,4.33680868994202E-19,0.00936141588425397));
#7193=CARTESIAN_POINT('',(0.00803868255153954,0.0160773651030791,0.00936141588425397));
#7194=CARTESIAN_POINT('',(-0.00803868255153954,0.0160773651030791,0.00936141588425397));
#7195=CARTESIAN_POINT('',(-0.00803868255153954,4.33680868994202E-19,0.00936141588425397));
#7196=CARTESIAN_POINT('',(-0.00803868255153954,-0.0160773651030791,0.00936141588425397));
#7197=CARTESIAN_POINT('',(0.00803868255153954,-0.0160773651030791,0.00936141588425397));
#7198=CARTESIAN_POINT('',(0.00803868255153954,4.33680868994202E-19,0.00936141588425397));
#7199=MECHANICAL_DESIGN_GEOMETRIC_PRESENTATION_REPRESENTATION('',(#1367),
#7200);
#7200=(
GEOMETRIC_REPRESENTATION_CONTEXT(3)
GLOBAL_UNCERTAINTY_ASSIGNED_CONTEXT((#7201))
GLOBAL_UNIT_ASSIGNED_CONTEXT((#7204,#7203,#7202))
REPRESENTATION_CONTEXT('new v2 concept v48','TOP_LEVEL_ASSEMBLY_PART')
);
#7201=UNCERTAINTY_MEASURE_WITH_UNIT(LENGTH_MEASURE(3.08952828525483E-5),
#7204,'DISTANCE_ACCURACY_VALUE','Maximum Tolerance applied to model');
#7202=(
NAMED_UNIT(*)
SI_UNIT($,.STERADIAN.)
SOLID_ANGLE_UNIT()
);
#7203=(
NAMED_UNIT(*)
PLANE_ANGLE_UNIT()
SI_UNIT($,.RADIAN.)
);
#7204=(
LENGTH_UNIT()
NAMED_UNIT(*)
SI_UNIT($,.METRE.)
);
#7205=PRODUCT_DEFINITION_SHAPE('','',#7206);
#7206=PRODUCT_DEFINITION('','',#7208,#7207);
#7207=PRODUCT_DEFINITION_CONTEXT('',#7214,'design');
#7208=PRODUCT_DEFINITION_FORMATION_WITH_SPECIFIED_SOURCE('','',#7210,
 .NOT_KNOWN.);
#7209=PRODUCT_RELATED_PRODUCT_CATEGORY('','',(#7210));
#7210=PRODUCT('new v2 concept v48','new v2 concept v48',
'new v2 concept v48',(#7212));
#7211=PRODUCT_CATEGORY('','');
#7212=PRODUCT_CONTEXT('',#7214,'mechanical');
#7213=APPLICATION_PROTOCOL_DEFINITION('international standard',
'ap242_managed_model_based_3d_engineering',2011,#7214);
#7214=APPLICATION_CONTEXT('managed model based 3d engineering');
ENDSEC;
END-ISO-10303-21;
