ISO-10303-21;
HEADER;
/* Generated by software containing ST-Developer
 * from STEP Tools, Inc. (www.steptools.com) 
 */
/* OPTION: using custom renumber hook */

FILE_DESCRIPTION(
/* description */ ('STEP AP242',
'CAx-IF Rec.Pracs.---Representation and Presentation of Product Manufa
cturing Information (PMI)---4.0---2014-10-13',
'CAx-IF Rec.Pracs.---3D Tessellated Geometry---0.4---2014-09-14','2;1'),

/* implementation_level */ '2;1');

FILE_NAME(
/* name */ '6797d76339e4a42647878a02',
/* time_stamp */ '2025-01-27T18:58:44Z',
/* author */ (''),
/* organization */ (''),
/* preprocessor_version */ 'ST-DEVELOPER v20',
/* originating_system */ 'ONSHAPE BY PTC INC, 1.192',
/* authorisation */ '  ');

FILE_SCHEMA (('AP242_MANAGED_MODEL_BASED_3D_ENGINEERING_MIM_LF { 1 0 10303 442 1 1 4 }'));
ENDSEC;

DATA;
#10=SHAPE_REPRESENTATION_RELATIONSHIP('','',#1307,#11);
#11=ADVANCED_BREP_SHAPE_REPRESENTATION('',(#1305),#5414);
#12=B_SPLINE_SURFACE_WITH_KNOTS('',1,1,((#4370,#4371),(#4372,#4373)),
 .PLANE_SURF.,.F.,.F.,.F.,(2,2),(2,2),(0.,1.),(0.,1.),.UNSPECIFIED.);
#13=B_SPLINE_SURFACE_WITH_KNOTS('',1,1,((#4411,#4412),(#4413,#4414)),
 .PLANE_SURF.,.F.,.F.,.F.,(2,2),(2,2),(0.0416426932450751,0.954568189250481),
(0.0415373665937467,0.957584153377712),.PIECEWISE_BEZIER_KNOTS.);
#14=B_SPLINE_SURFACE_WITH_KNOTS('',1,1,((#4470,#4471),(#4472,#4473)),
 .PLANE_SURF.,.F.,.F.,.F.,(2,2),(2,2),(0.0454545454545454,0.599755146518404),
(0.524732144186069,0.960140493213147),.PIECEWISE_BEZIER_KNOTS.);
#15=B_SPLINE_SURFACE_WITH_KNOTS('',1,1,((#4480,#4481),(#4482,#4483)),
 .PLANE_SURF.,.F.,.F.,.F.,(2,2),(2,2),(0.678226644497646,0.954545454545454),
(0.0454545454545454,0.404468290494642),.PIECEWISE_BEZIER_KNOTS.);
#16=B_SPLINE_SURFACE_WITH_KNOTS('',1,1,((#4572,#4573),(#4574,#4575)),
 .PLANE_SURF.,.F.,.F.,.F.,(2,2),(2,2),(0.0437479026924526,0.95596473860771),
(0.0426284857722366,0.954747038208185),.PIECEWISE_BEZIER_KNOTS.);
#17=B_SPLINE_SURFACE_WITH_KNOTS('',1,3,((#4960,#4961,#4962,#4963,#4964,
#4965,#4966,#4967,#4968,#4969,#4970,#4971,#4972,#4973,#4974,#4975,#4976,
#4977,#4978,#4979,#4980,#4981,#4982,#4983,#4984,#4985,#4986,#4987,#4988,
#4989,#4990,#4991,#4992,#4993,#4994,#4995),(#4996,#4997,#4998,#4999,#5000,
#5001,#5002,#5003,#5004,#5005,#5006,#5007,#5008,#5009,#5010,#5011,#5012,
#5013,#5014,#5015,#5016,#5017,#5018,#5019,#5020,#5021,#5022,#5023,#5024,
#5025,#5026,#5027,#5028,#5029,#5030,#5031)),.RULED_SURF.,.F.,.F.,.F.,(2,
2),(4,2,2,2,2,2,2,2,2,2,2,2,2,2,2,2,2,4),(0.,1.),(0.,0.015625,0.078125,
0.140625,0.203125,0.265625,0.328125,0.390625,0.453125,0.515625,0.578125,
0.640625,0.703125,0.765625,0.828125,0.890625,0.953125,1.),.UNSPECIFIED.);
#18=B_SPLINE_SURFACE_WITH_KNOTS('',1,3,((#5068,#5069,#5070,#5071,#5072,
#5073,#5074,#5075,#5076,#5077,#5078,#5079,#5080,#5081,#5082,#5083,#5084,
#5085,#5086,#5087,#5088,#5089,#5090,#5091,#5092,#5093,#5094,#5095,#5096,
#5097,#5098,#5099,#5100,#5101,#5102,#5103),(#5104,#5105,#5106,#5107,#5108,
#5109,#5110,#5111,#5112,#5113,#5114,#5115,#5116,#5117,#5118,#5119,#5120,
#5121,#5122,#5123,#5124,#5125,#5126,#5127,#5128,#5129,#5130,#5131,#5132,
#5133,#5134,#5135,#5136,#5137,#5138,#5139)),.RULED_SURF.,.F.,.F.,.F.,(2,
2),(4,2,2,2,2,2,2,2,2,2,2,2,2,2,2,2,2,4),(0.,1.),(0.,0.015625,0.078125,
0.140625,0.203125,0.265625,0.328125,0.390625,0.453125,0.515625,0.578125,
0.640625,0.703125,0.765625,0.828125,0.890625,0.953125,1.),.UNSPECIFIED.);
#19=B_SPLINE_SURFACE_WITH_KNOTS('',1,3,((#5176,#5177,#5178,#5179,#5180,
#5181,#5182,#5183,#5184,#5185,#5186,#5187,#5188,#5189,#5190,#5191,#5192,
#5193,#5194,#5195,#5196,#5197,#5198,#5199,#5200,#5201,#5202,#5203,#5204,
#5205,#5206,#5207,#5208,#5209,#5210,#5211,#5212,#5213,#5214),(#5215,#5216,
#5217,#5218,#5219,#5220,#5221,#5222,#5223,#5224,#5225,#5226,#5227,#5228,
#5229,#5230,#5231,#5232,#5233,#5234,#5235,#5236,#5237,#5238,#5239,#5240,
#5241,#5242,#5243,#5244,#5245,#5246,#5247,#5248,#5249,#5250,#5251,#5252,
#5253)),.RULED_SURF.,.F.,.F.,.F.,(2,2),(4,2,2,2,2,2,2,2,2,2,2,2,2,2,2,2,
2,3,4),(0.,1.),(0.,0.015625,0.078125,0.140625,0.203125,0.265625,0.328125,
0.390625,0.453125,0.515625,0.578125,0.640625,0.703125,0.765625,0.828125,
0.890625,0.953125,1.,1.00600006698152),.UNSPECIFIED.);
#20=B_SPLINE_SURFACE_WITH_KNOTS('',1,1,((#5268,#5269),(#5270,#5271)),
 .PLANE_SURF.,.F.,.F.,.F.,(2,2),(2,2),(0.,1.),(0.,1.),.UNSPECIFIED.);
#21=B_SPLINE_SURFACE_WITH_KNOTS('',1,1,((#5276,#5277),(#5278,#5279)),
 .PLANE_SURF.,.F.,.F.,.F.,(2,2),(2,2),(0.,1.),(0.,1.),.UNSPECIFIED.);
#22=B_SPLINE_SURFACE_WITH_KNOTS('',1,1,((#5281,#5282),(#5283,#5284)),
 .PLANE_SURF.,.F.,.F.,.F.,(2,2),(2,2),(0.,1.),(0.,1.),.UNSPECIFIED.);
#23=B_SPLINE_SURFACE_WITH_KNOTS('',1,1,((#5294,#5295),(#5296,#5297)),
 .PLANE_SURF.,.F.,.F.,.F.,(2,2),(2,2),(0.,1.),(0.,1.),.UNSPECIFIED.);
#24=B_SPLINE_SURFACE_WITH_KNOTS('',1,1,((#5313,#5314),(#5315,#5316)),
 .PLANE_SURF.,.F.,.F.,.F.,(2,2),(2,2),(0.,1.),(0.,1.),.UNSPECIFIED.);
#25=B_SPLINE_SURFACE_WITH_KNOTS('',1,1,((#5317,#5318),(#5319,#5320)),
 .PLANE_SURF.,.F.,.F.,.F.,(2,2),(2,2),(0.582148752741325,0.623126982280039),
(0.0799624143490777,0.115554462078907),.PIECEWISE_BEZIER_KNOTS.);
#26=B_SPLINE_SURFACE_WITH_KNOTS('',1,1,((#5321,#5322),(#5323,#5324)),
 .PLANE_SURF.,.F.,.F.,.F.,(2,2),(2,2),(0.,1.),(0.,1.),.UNSPECIFIED.);
#27=B_SPLINE_SURFACE_WITH_KNOTS('',1,1,((#5329,#5330),(#5331,#5332)),
 .PLANE_SURF.,.F.,.F.,.F.,(2,2),(2,2),(0.,1.),(0.,1.),.UNSPECIFIED.);
#28=B_SPLINE_SURFACE_WITH_KNOTS('',1,1,((#5334,#5335),(#5336,#5337)),
 .PLANE_SURF.,.F.,.F.,.F.,(2,2),(2,2),(0.,1.),(0.,1.),.UNSPECIFIED.);
#29=B_SPLINE_SURFACE_WITH_KNOTS('',1,1,((#5338,#5339),(#5340,#5341)),
 .PLANE_SURF.,.F.,.F.,.F.,(2,2),(2,2),(0.,1.),(0.,1.),.UNSPECIFIED.);
#30=B_SPLINE_SURFACE_WITH_KNOTS('',1,1,((#5348,#5349),(#5350,#5351)),
 .PLANE_SURF.,.F.,.F.,.F.,(2,2),(2,2),(0.,1.),(0.,1.),.UNSPECIFIED.);
#31=B_SPLINE_SURFACE_WITH_KNOTS('',1,1,((#5371,#5372),(#5373,#5374)),
 .PLANE_SURF.,.F.,.F.,.F.,(2,2),(2,2),(0.,1.),(0.,1.),.UNSPECIFIED.);
#32=B_SPLINE_SURFACE_WITH_KNOTS('',1,1,((#5375,#5376),(#5377,#5378)),
 .PLANE_SURF.,.F.,.F.,.F.,(2,2),(2,2),(0.582027111632393,0.623005341171107),
(0.884370123840042,0.919962171569872),.PIECEWISE_BEZIER_KNOTS.);
#33=B_SPLINE_SURFACE_WITH_KNOTS('',1,1,((#5379,#5380),(#5381,#5382)),
 .PLANE_SURF.,.F.,.F.,.F.,(2,2),(2,2),(0.,1.),(0.,1.),.UNSPECIFIED.);
#34=B_SPLINE_SURFACE_WITH_KNOTS('',1,1,((#5384,#5385),(#5386,#5387)),
 .PLANE_SURF.,.F.,.F.,.F.,(2,2),(2,2),(0.,1.),(0.,1.),.UNSPECIFIED.);
#35=B_SPLINE_SURFACE_WITH_KNOTS('',1,1,((#5389,#5390),(#5391,#5392)),
 .PLANE_SURF.,.F.,.F.,.F.,(2,2),(2,2),(0.,1.),(0.,1.),.UNSPECIFIED.);
#36=B_SPLINE_SURFACE_WITH_KNOTS('',1,1,((#5393,#5394),(#5395,#5396)),
 .PLANE_SURF.,.F.,.F.,.F.,(2,2),(2,2),(0.,1.),(0.,1.),.UNSPECIFIED.);
#37=B_SPLINE_CURVE_WITH_KNOTS('',3,(#2916,#2917,#2918,#2919,#2920),
 .UNSPECIFIED.,.F.,.F.,(4,1,4),(0.000589471198446266,0.00109826158649325,
0.00160705197454024),.UNSPECIFIED.);
#38=B_SPLINE_CURVE_WITH_KNOTS('',3,(#3206,#3207,#3208,#3209,#3210,#3211,
#3212),.UNSPECIFIED.,.F.,.F.,(4,1,1,1,4),(0.,0.00548845581510735,0.0109769116302147,
0.016465367445322,0.0219538232604294),.UNSPECIFIED.);
#39=B_SPLINE_CURVE_WITH_KNOTS('',3,(#3224,#3225,#3226,#3227,#3228,#3229,
#3230),.UNSPECIFIED.,.F.,.F.,(4,1,1,1,4),(0.0219708229552008,0.0274617588775629,
0.032952694799925,0.0384436307222871,0.0439345666446492),.UNSPECIFIED.);
#40=B_SPLINE_CURVE_WITH_KNOTS('',3,(#3813,#3814,#3815,#3816,#3817,#3818,
#3819),.UNSPECIFIED.,.F.,.F.,(4,1,1,1,4),(0.0219538232604294,0.0274437650927763,
0.0329337069251233,0.0384236487574702,0.0439135905898172),.UNSPECIFIED.);
#41=B_SPLINE_CURVE_WITH_KNOTS('',3,(#3828,#3829,#3830,#3831,#3832,#3833,
#3834),.UNSPECIFIED.,.F.,.F.,(4,1,1,1,4),(0.,0.0054927057388002,0.0109854114776004,
0.0164781172164006,0.0219708229552008),.UNSPECIFIED.);
#42=B_SPLINE_CURVE_WITH_KNOTS('',3,(#4763,#4764,#4765,#4766,#4767),
 .UNSPECIFIED.,.F.,.F.,(4,1,4),(7.14286838493874E-18,0.00244153873133358,
0.00488307746266715),.UNSPECIFIED.);
#43=B_SPLINE_CURVE_WITH_KNOTS('',3,(#4944,#4945,#4946,#4947,#4948,#4949,
#4950),.UNSPECIFIED.,.F.,.F.,(4,1,1,1,4),(1.21972744404619E-18,0.00391766599352299,
0.00783533198704598,0.011752997980569,0.015670663974092),.UNSPECIFIED.);
#44=B_SPLINE_CURVE_WITH_KNOTS('',3,(#5032,#5033,#5034,#5035,#5036,#5037,
#5038,#5039,#5040,#5041,#5042,#5043,#5044,#5045,#5046,#5047,#5048,#5049,
#5050,#5051,#5052,#5053,#5054,#5055,#5056,#5057,#5058,#5059,#5060,#5061,
#5062,#5063,#5064,#5065,#5066,#5067),.UNSPECIFIED.,.F.,.F.,(4,2,2,2,2,2,
2,2,2,2,2,2,2,2,2,2,2,4),(0.,0.015625,0.078125,0.140625,0.203125,0.265625,
0.328125,0.390625,0.453125,0.515625,0.578125,0.640625,0.703125,0.765625,
0.828125,0.890625,0.953125,1.),.UNSPECIFIED.);
#45=B_SPLINE_CURVE_WITH_KNOTS('',3,(#5140,#5141,#5142,#5143,#5144,#5145,
#5146,#5147,#5148,#5149,#5150,#5151,#5152,#5153,#5154,#5155,#5156,#5157,
#5158,#5159,#5160,#5161,#5162,#5163,#5164,#5165,#5166,#5167,#5168,#5169,
#5170,#5171,#5172,#5173,#5174,#5175),.UNSPECIFIED.,.F.,.F.,(4,2,2,2,2,2,
2,2,2,2,2,2,2,2,2,2,2,4),(0.,0.015625,0.078125,0.140625,0.203125,0.265625,
0.328125,0.390625,0.453125,0.515625,0.578125,0.640625,0.703125,0.765625,
0.828125,0.890625,0.953125,1.),.UNSPECIFIED.);
#46=LINE('',#2427,#94);
#47=LINE('',#3812,#95);
#48=LINE('',#4386,#96);
#49=LINE('',#4390,#97);
#50=LINE('',#4394,#98);
#51=LINE('',#4398,#99);
#52=LINE('',#4400,#100);
#53=LINE('',#4402,#101);
#54=LINE('',#4404,#102);
#55=LINE('',#4406,#103);
#56=LINE('',#4410,#104);
#57=LINE('',#4423,#105);
#58=LINE('',#4425,#106);
#59=LINE('',#4427,#107);
#60=LINE('',#4442,#108);
#61=LINE('',#4444,#109);
#62=LINE('',#4448,#110);
#63=LINE('',#4449,#111);
#64=LINE('',#4453,#112);
#65=LINE('',#4454,#113);
#66=LINE('',#4458,#114);
#67=LINE('',#4462,#115);
#68=LINE('',#4466,#116);
#69=LINE('',#4467,#117);
#70=LINE('',#4475,#118);
#71=LINE('',#4479,#119);
#72=LINE('',#4484,#120);
#73=LINE('',#4486,#121);
#74=LINE('',#4841,#122);
#75=LINE('',#4951,#123);
#76=LINE('',#5272,#124);
#77=LINE('',#5273,#125);
#78=LINE('',#5275,#126);
#79=LINE('',#5280,#127);
#80=LINE('',#5298,#128);
#81=LINE('',#5307,#129);
#82=LINE('',#5311,#130);
#83=LINE('',#5312,#131);
#84=LINE('',#5325,#132);
#85=LINE('',#5327,#133);
#86=LINE('',#5328,#134);
#87=LINE('',#5333,#135);
#88=LINE('',#5343,#136);
#89=LINE('',#5347,#137);
#90=LINE('',#5352,#138);
#91=LINE('',#5361,#139);
#92=LINE('',#5383,#140);
#93=LINE('',#5388,#141);
#94=VECTOR('',#1392,1.);
#95=VECTOR('',#1427,1.);
#96=VECTOR('',#1446,1.);
#97=VECTOR('',#1449,1.);
#98=VECTOR('',#1452,1.);
#99=VECTOR('',#1455,1.);
#100=VECTOR('',#1456,1.);
#101=VECTOR('',#1457,1.);
#102=VECTOR('',#1458,1.);
#103=VECTOR('',#1459,1.);
#104=VECTOR('',#1462,1.);
#105=VECTOR('',#1475,1.);
#106=VECTOR('',#1476,1.);
#107=VECTOR('',#1477,1.);
#108=VECTOR('',#1478,1.);
#109=VECTOR('',#1479,1.);
#110=VECTOR('',#1482,1.);
#111=VECTOR('',#1483,1.);
#112=VECTOR('',#1486,1.);
#113=VECTOR('',#1487,1.);
#114=VECTOR('',#1490,1.);
#115=VECTOR('',#1493,1.);
#116=VECTOR('',#1496,1.);
#117=VECTOR('',#1497,1.);
#118=VECTOR('',#1502,1.);
#119=VECTOR('',#1505,1.);
#120=VECTOR('',#1506,1.);
#121=VECTOR('',#1507,1.);
#122=VECTOR('',#1518,1.);
#123=VECTOR('',#1519,1.);
#124=VECTOR('',#1520,1.);
#125=VECTOR('',#1521,1.);
#126=VECTOR('',#1522,1.);
#127=VECTOR('',#1523,1.);
#128=VECTOR('',#1526,1.);
#129=VECTOR('',#1527,1.);
#130=VECTOR('',#1530,1.);
#131=VECTOR('',#1531,1.);
#132=VECTOR('',#1532,1.);
#133=VECTOR('',#1533,1.);
#134=VECTOR('',#1534,1.);
#135=VECTOR('',#1535,1.);
#136=VECTOR('',#1538,1.);
#137=VECTOR('',#1541,1.);
#138=VECTOR('',#1542,1.);
#139=VECTOR('',#1543,1.);
#140=VECTOR('',#1546,1.);
#141=VECTOR('',#1547,1.);
#142=(
BOUNDED_CURVE()
B_SPLINE_CURVE(1,(#1560,#1561),.UNSPECIFIED.,.F.,.F.)
B_SPLINE_CURVE_WITH_KNOTS((2,2),(0.,1.),.PIECEWISE_BEZIER_KNOTS.)
CURVE()
GEOMETRIC_REPRESENTATION_ITEM()
RATIONAL_B_SPLINE_CURVE((1.,1.))
REPRESENTATION_ITEM('')
);
#143=(
BOUNDED_CURVE()
B_SPLINE_CURVE(1,(#1565,#1566),.UNSPECIFIED.,.F.,.F.)
B_SPLINE_CURVE_WITH_KNOTS((2,2),(0.,1.),.PIECEWISE_BEZIER_KNOTS.)
CURVE()
GEOMETRIC_REPRESENTATION_ITEM()
RATIONAL_B_SPLINE_CURVE((1.,1.))
REPRESENTATION_ITEM('')
);
#144=(
BOUNDED_CURVE()
B_SPLINE_CURVE(1,(#1578,#1579),.UNSPECIFIED.,.F.,.F.)
B_SPLINE_CURVE_WITH_KNOTS((2,2),(0.,1.),.PIECEWISE_BEZIER_KNOTS.)
CURVE()
GEOMETRIC_REPRESENTATION_ITEM()
RATIONAL_B_SPLINE_CURVE((1.,1.))
REPRESENTATION_ITEM('')
);
#145=(
BOUNDED_CURVE()
B_SPLINE_CURVE(1,(#1583,#1584),.UNSPECIFIED.,.F.,.F.)
B_SPLINE_CURVE_WITH_KNOTS((2,2),(0.,1.),.PIECEWISE_BEZIER_KNOTS.)
CURVE()
GEOMETRIC_REPRESENTATION_ITEM()
RATIONAL_B_SPLINE_CURVE((1.,1.))
REPRESENTATION_ITEM('')
);
#146=(
BOUNDED_CURVE()
B_SPLINE_CURVE(1,(#1596,#1597),.UNSPECIFIED.,.F.,.F.)
B_SPLINE_CURVE_WITH_KNOTS((2,2),(0.,1.),.PIECEWISE_BEZIER_KNOTS.)
CURVE()
GEOMETRIC_REPRESENTATION_ITEM()
RATIONAL_B_SPLINE_CURVE((1.,1.))
REPRESENTATION_ITEM('')
);
#147=(
BOUNDED_CURVE()
B_SPLINE_CURVE(1,(#1601,#1602),.UNSPECIFIED.,.F.,.F.)
B_SPLINE_CURVE_WITH_KNOTS((2,2),(0.,1.),.PIECEWISE_BEZIER_KNOTS.)
CURVE()
GEOMETRIC_REPRESENTATION_ITEM()
RATIONAL_B_SPLINE_CURVE((1.,1.))
REPRESENTATION_ITEM('')
);
#148=(
BOUNDED_CURVE()
B_SPLINE_CURVE(1,(#1614,#1615),.UNSPECIFIED.,.F.,.F.)
B_SPLINE_CURVE_WITH_KNOTS((2,2),(0.,1.),.PIECEWISE_BEZIER_KNOTS.)
CURVE()
GEOMETRIC_REPRESENTATION_ITEM()
RATIONAL_B_SPLINE_CURVE((1.,1.))
REPRESENTATION_ITEM('')
);
#149=(
BOUNDED_CURVE()
B_SPLINE_CURVE(1,(#1619,#1620),.UNSPECIFIED.,.F.,.F.)
B_SPLINE_CURVE_WITH_KNOTS((2,2),(0.,1.),.PIECEWISE_BEZIER_KNOTS.)
CURVE()
GEOMETRIC_REPRESENTATION_ITEM()
RATIONAL_B_SPLINE_CURVE((1.,1.))
REPRESENTATION_ITEM('')
);
#150=(
BOUNDED_CURVE()
B_SPLINE_CURVE(2,(#1629,#1630,#1631,#1632,#1633,#1634,#1635,#1636,#1637,
#1638,#1639,#1640,#1641,#1642,#1643,#1644,#1645,#1646,#1647,#1648,#1649,
#1650,#1651,#1652,#1653,#1654,#1655,#1656,#1657,#1658,#1659,#1660,#1661,
#1662,#1663,#1664,#1665,#1666,#1667,#1668,#1669,#1670,#1671,#1672,#1673,
#1674,#1675,#1676,#1677,#1678,#1679,#1680,#1681,#1682,#1683,#1684,#1685,
#1686,#1687,#1688,#1689,#1690,#1691,#1692,#1693,#1694,#1695,#1696,#1697,
#1698,#1699,#1700,#1701),.UNSPECIFIED.,.F.,.F.)
B_SPLINE_CURVE_WITH_KNOTS((3,2,2,2,2,2,2,2,2,2,2,2,2,2,2,2,2,2,2,2,2,2,
2,2,2,2,2,2,2,2,2,2,2,2,2,2,3),(0.,0.0277777777777778,0.0555555555555556,
0.0833333333333333,0.111111111111111,0.138888888888889,0.166666666666667,
0.194444444444445,0.222222222222222,0.25,0.277777777777778,0.305555555555555,
0.333333333333334,0.361111111111111,0.388888888888889,0.416666666666667,
0.444444444444444,0.472222222222222,0.5,0.527777777777778,0.555555555555556,
0.583333333333333,0.611111111111111,0.638888888888889,0.666666666666667,
0.694444444444444,0.722222222222222,0.75,0.777777777777778,0.805555555555556,
0.833333333333333,0.861111111111111,0.888888888888889,0.916666666666667,
0.944444444444444,0.972222222222222,1.),.UNSPECIFIED.)
CURVE()
GEOMETRIC_REPRESENTATION_ITEM()
RATIONAL_B_SPLINE_CURVE((1.,0.866025403784439,1.,0.866025403784439,1.,0.866025403784439,
1.,0.866025403784439,1.,0.866025403784439,1.,0.866025403784439,1.,0.866025403784439,
1.,0.866025403784439,1.,0.866025403784439,1.,0.866025403784439,1.,0.866025403784439,
1.,0.866025403784439,1.,0.866025403784439,1.,0.866025403784439,1.,0.866025403784439,
1.,0.866025403784439,1.,0.866025403784439,1.,0.866025403784439,1.,0.866025403784439,
1.,0.866025403784439,1.,0.866025403784439,1.,0.866025403784439,1.,0.866025403784439,
1.,0.866025403784439,1.,0.866025403784439,1.,0.866025403784439,1.,0.866025403784439,
1.,0.866025403784439,1.,0.866025403784439,1.,0.866025403784439,1.,0.866025403784439,
1.,0.866025403784439,1.,0.866025403784439,1.,0.866025403784439,1.,0.866025403784439,
1.,0.866025403784439,1.))
REPRESENTATION_ITEM('')
);
#151=(
BOUNDED_CURVE()
B_SPLINE_CURVE(1,(#1704,#1705),.UNSPECIFIED.,.F.,.F.)
B_SPLINE_CURVE_WITH_KNOTS((2,2),(0.,1.),.PIECEWISE_BEZIER_KNOTS.)
CURVE()
GEOMETRIC_REPRESENTATION_ITEM()
RATIONAL_B_SPLINE_CURVE((1.,1.))
REPRESENTATION_ITEM('')
);
#152=(
BOUNDED_CURVE()
B_SPLINE_CURVE(2,(#1709,#1710,#1711,#1712,#1713,#1714,#1715,#1716,#1717,
#1718,#1719,#1720,#1721,#1722,#1723,#1724,#1725,#1726,#1727,#1728,#1729,
#1730,#1731,#1732,#1733,#1734,#1735,#1736,#1737,#1738,#1739,#1740,#1741,
#1742,#1743,#1744,#1745,#1746,#1747,#1748,#1749,#1750,#1751,#1752,#1753,
#1754,#1755,#1756,#1757,#1758,#1759,#1760,#1761,#1762,#1763,#1764,#1765,
#1766,#1767,#1768,#1769,#1770,#1771,#1772,#1773,#1774,#1775,#1776,#1777,
#1778,#1779,#1780,#1781),.UNSPECIFIED.,.F.,.F.)
B_SPLINE_CURVE_WITH_KNOTS((3,2,2,2,2,2,2,2,2,2,2,2,2,2,2,2,2,2,2,2,2,2,
2,2,2,2,2,2,2,2,2,2,2,2,2,2,3),(0.,0.0277777777777778,0.0555555555555556,
0.0833333333333333,0.111111111111111,0.138888888888889,0.166666666666667,
0.194444444444445,0.222222222222222,0.25,0.277777777777778,0.305555555555555,
0.333333333333334,0.361111111111111,0.388888888888889,0.416666666666667,
0.444444444444444,0.472222222222222,0.5,0.527777777777778,0.555555555555556,
0.583333333333333,0.611111111111111,0.638888888888889,0.666666666666667,
0.694444444444444,0.722222222222222,0.75,0.777777777777778,0.805555555555556,
0.833333333333333,0.861111111111111,0.888888888888889,0.916666666666667,
0.944444444444444,0.972222222222222,1.),.UNSPECIFIED.)
CURVE()
GEOMETRIC_REPRESENTATION_ITEM()
RATIONAL_B_SPLINE_CURVE((1.,0.866025403784439,1.,0.866025403784439,1.,0.866025403784439,
1.,0.866025403784439,1.,0.866025403784439,1.,0.866025403784439,1.,0.866025403784439,
1.,0.866025403784439,1.,0.866025403784439,1.,0.866025403784439,1.,0.866025403784439,
1.,0.866025403784439,1.,0.866025403784439,1.,0.866025403784439,1.,0.866025403784439,
1.,0.866025403784439,1.,0.866025403784439,1.,0.866025403784439,1.,0.866025403784439,
1.,0.866025403784439,1.,0.866025403784439,1.,0.866025403784439,1.,0.866025403784439,
1.,0.866025403784439,1.,0.866025403784439,1.,0.866025403784439,1.,0.866025403784439,
1.,0.866025403784439,1.,0.866025403784439,1.,0.866025403784439,1.,0.866025403784439,
1.,0.866025403784439,1.,0.866025403784439,1.,0.866025403784439,1.,0.866025403784439,
1.,0.866025403784439,1.))
REPRESENTATION_ITEM('')
);
#153=(
BOUNDED_CURVE()
B_SPLINE_CURVE(1,(#1783,#1784),.UNSPECIFIED.,.F.,.F.)
B_SPLINE_CURVE_WITH_KNOTS((2,2),(0.,1.),.PIECEWISE_BEZIER_KNOTS.)
CURVE()
GEOMETRIC_REPRESENTATION_ITEM()
RATIONAL_B_SPLINE_CURVE((1.,1.))
REPRESENTATION_ITEM('')
);
#154=(
BOUNDED_CURVE()
B_SPLINE_CURVE(2,(#1793,#1794,#1795,#1796,#1797,#1798,#1799,#1800,#1801,
#1802,#1803,#1804,#1805,#1806,#1807,#1808,#1809,#1810,#1811,#1812,#1813,
#1814,#1815,#1816,#1817,#1818,#1819,#1820,#1821,#1822,#1823,#1824,#1825,
#1826,#1827,#1828,#1829,#1830,#1831,#1832,#1833,#1834,#1835,#1836,#1837,
#1838,#1839,#1840,#1841,#1842,#1843,#1844,#1845,#1846,#1847,#1848,#1849,
#1850,#1851,#1852,#1853,#1854,#1855,#1856,#1857,#1858,#1859,#1860,#1861,
#1862,#1863,#1864,#1865),.UNSPECIFIED.,.F.,.F.)
B_SPLINE_CURVE_WITH_KNOTS((3,2,2,2,2,2,2,2,2,2,2,2,2,2,2,2,2,2,2,2,2,2,
2,2,2,2,2,2,2,2,2,2,2,2,2,2,3),(0.,0.0277777777777778,0.0555555555555556,
0.0833333333333333,0.111111111111111,0.138888888888889,0.166666666666667,
0.194444444444445,0.222222222222222,0.25,0.277777777777778,0.305555555555555,
0.333333333333334,0.361111111111111,0.388888888888889,0.416666666666667,
0.444444444444444,0.472222222222222,0.5,0.527777777777778,0.555555555555556,
0.583333333333333,0.611111111111111,0.638888888888889,0.666666666666667,
0.694444444444444,0.722222222222222,0.75,0.777777777777778,0.805555555555556,
0.833333333333333,0.861111111111111,0.888888888888889,0.916666666666667,
0.944444444444444,0.972222222222222,1.),.UNSPECIFIED.)
CURVE()
GEOMETRIC_REPRESENTATION_ITEM()
RATIONAL_B_SPLINE_CURVE((1.,0.866025403784439,1.,0.866025403784439,1.,0.866025403784439,
1.,0.866025403784439,1.,0.866025403784439,1.,0.866025403784439,1.,0.866025403784439,
1.,0.866025403784439,1.,0.866025403784439,1.,0.866025403784439,1.,0.866025403784439,
1.,0.866025403784439,1.,0.866025403784439,1.,0.866025403784439,1.,0.866025403784439,
1.,0.866025403784439,1.,0.866025403784439,1.,0.866025403784439,1.,0.866025403784439,
1.,0.866025403784439,1.,0.866025403784439,1.,0.866025403784439,1.,0.866025403784439,
1.,0.866025403784439,1.,0.866025403784439,1.,0.866025403784439,1.,0.866025403784439,
1.,0.866025403784439,1.,0.866025403784439,1.,0.866025403784439,1.,0.866025403784439,
1.,0.866025403784439,1.,0.866025403784439,1.,0.866025403784439,1.,0.866025403784439,
1.,0.866025403784439,1.))
REPRESENTATION_ITEM('')
);
#155=(
BOUNDED_CURVE()
B_SPLINE_CURVE(1,(#1868,#1869),.UNSPECIFIED.,.F.,.F.)
B_SPLINE_CURVE_WITH_KNOTS((2,2),(0.,1.),.PIECEWISE_BEZIER_KNOTS.)
CURVE()
GEOMETRIC_REPRESENTATION_ITEM()
RATIONAL_B_SPLINE_CURVE((1.,1.))
REPRESENTATION_ITEM('')
);
#156=(
BOUNDED_CURVE()
B_SPLINE_CURVE(2,(#1871,#1872,#1873,#1874,#1875,#1876,#1877,#1878,#1879,
#1880,#1881,#1882,#1883,#1884,#1885,#1886,#1887,#1888,#1889,#1890,#1891,
#1892,#1893,#1894,#1895,#1896,#1897,#1898,#1899,#1900,#1901,#1902,#1903,
#1904,#1905,#1906,#1907,#1908,#1909,#1910,#1911,#1912,#1913,#1914,#1915,
#1916,#1917,#1918,#1919,#1920,#1921,#1922,#1923,#1924,#1925,#1926,#1927,
#1928,#1929,#1930,#1931,#1932,#1933,#1934,#1935,#1936,#1937,#1938,#1939,
#1940,#1941,#1942,#1943),.UNSPECIFIED.,.F.,.F.)
B_SPLINE_CURVE_WITH_KNOTS((3,2,2,2,2,2,2,2,2,2,2,2,2,2,2,2,2,2,2,2,2,2,
2,2,2,2,2,2,2,2,2,2,2,2,2,2,3),(0.,0.0277777777777778,0.0555555555555556,
0.0833333333333333,0.111111111111111,0.138888888888889,0.166666666666667,
0.194444444444445,0.222222222222222,0.25,0.277777777777778,0.305555555555555,
0.333333333333334,0.361111111111111,0.388888888888889,0.416666666666667,
0.444444444444444,0.472222222222222,0.5,0.527777777777778,0.555555555555556,
0.583333333333333,0.611111111111111,0.638888888888889,0.666666666666667,
0.694444444444444,0.722222222222222,0.75,0.777777777777778,0.805555555555556,
0.833333333333333,0.861111111111111,0.888888888888889,0.916666666666667,
0.944444444444444,0.972222222222222,1.),.UNSPECIFIED.)
CURVE()
GEOMETRIC_REPRESENTATION_ITEM()
RATIONAL_B_SPLINE_CURVE((1.,0.866025403784439,1.,0.866025403784439,1.,0.866025403784439,
1.,0.866025403784439,1.,0.866025403784439,1.,0.866025403784439,1.,0.866025403784439,
1.,0.866025403784439,1.,0.866025403784439,1.,0.866025403784439,1.,0.866025403784439,
1.,0.866025403784439,1.,0.866025403784439,1.,0.866025403784439,1.,0.866025403784439,
1.,0.866025403784439,1.,0.866025403784439,1.,0.866025403784439,1.,0.866025403784439,
1.,0.866025403784439,1.,0.866025403784439,1.,0.866025403784439,1.,0.866025403784439,
1.,0.866025403784439,1.,0.866025403784439,1.,0.866025403784439,1.,0.866025403784439,
1.,0.866025403784439,1.,0.866025403784439,1.,0.866025403784439,1.,0.866025403784439,
1.,0.866025403784439,1.,0.866025403784439,1.,0.866025403784439,1.,0.866025403784439,
1.,0.866025403784439,1.))
REPRESENTATION_ITEM('')
);
#157=(
BOUNDED_CURVE()
B_SPLINE_CURVE(1,(#1945,#1946),.UNSPECIFIED.,.F.,.F.)
B_SPLINE_CURVE_WITH_KNOTS((2,2),(0.,1.),.PIECEWISE_BEZIER_KNOTS.)
CURVE()
GEOMETRIC_REPRESENTATION_ITEM()
RATIONAL_B_SPLINE_CURVE((1.,1.))
REPRESENTATION_ITEM('')
);
#158=(
BOUNDED_CURVE()
B_SPLINE_CURVE(2,(#1955,#1956,#1957,#1958,#1959,#1960,#1961,#1962,#1963,
#1964,#1965,#1966,#1967,#1968,#1969,#1970,#1971,#1972,#1973,#1974,#1975,
#1976,#1977,#1978,#1979,#1980,#1981,#1982,#1983,#1984,#1985,#1986,#1987,
#1988,#1989,#1990,#1991,#1992,#1993,#1994,#1995,#1996,#1997,#1998,#1999,
#2000,#2001,#2002,#2003,#2004,#2005,#2006,#2007,#2008,#2009,#2010,#2011,
#2012,#2013,#2014,#2015,#2016,#2017,#2018,#2019,#2020,#2021,#2022,#2023,
#2024,#2025,#2026,#2027),.UNSPECIFIED.,.F.,.F.)
B_SPLINE_CURVE_WITH_KNOTS((3,2,2,2,2,2,2,2,2,2,2,2,2,2,2,2,2,2,2,2,2,2,
2,2,2,2,2,2,2,2,2,2,2,2,2,2,3),(0.,0.0277777777777778,0.0555555555555556,
0.0833333333333333,0.111111111111111,0.138888888888889,0.166666666666667,
0.194444444444445,0.222222222222222,0.25,0.277777777777778,0.305555555555555,
0.333333333333334,0.361111111111111,0.388888888888889,0.416666666666667,
0.444444444444444,0.472222222222222,0.5,0.527777777777778,0.555555555555556,
0.583333333333333,0.611111111111111,0.638888888888889,0.666666666666667,
0.694444444444444,0.722222222222222,0.75,0.777777777777778,0.805555555555556,
0.833333333333333,0.861111111111111,0.888888888888889,0.916666666666667,
0.944444444444444,0.972222222222222,1.),.UNSPECIFIED.)
CURVE()
GEOMETRIC_REPRESENTATION_ITEM()
RATIONAL_B_SPLINE_CURVE((1.,0.866025403784439,1.,0.866025403784439,1.,0.866025403784439,
1.,0.866025403784439,1.,0.866025403784439,1.,0.866025403784439,1.,0.866025403784439,
1.,0.866025403784439,1.,0.866025403784439,1.,0.866025403784439,1.,0.866025403784439,
1.,0.866025403784439,1.,0.866025403784439,1.,0.866025403784439,1.,0.866025403784439,
1.,0.866025403784439,1.,0.866025403784439,1.,0.866025403784439,1.,0.866025403784439,
1.,0.866025403784439,1.,0.866025403784439,1.,0.866025403784439,1.,0.866025403784439,
1.,0.866025403784439,1.,0.866025403784439,1.,0.866025403784439,1.,0.866025403784439,
1.,0.866025403784439,1.,0.866025403784439,1.,0.866025403784439,1.,0.866025403784439,
1.,0.866025403784439,1.,0.866025403784439,1.,0.866025403784439,1.,0.866025403784439,
1.,0.866025403784439,1.))
REPRESENTATION_ITEM('')
);
#159=(
BOUNDED_CURVE()
B_SPLINE_CURVE(1,(#2030,#2031),.UNSPECIFIED.,.F.,.F.)
B_SPLINE_CURVE_WITH_KNOTS((2,2),(0.,1.),.PIECEWISE_BEZIER_KNOTS.)
CURVE()
GEOMETRIC_REPRESENTATION_ITEM()
RATIONAL_B_SPLINE_CURVE((1.,1.))
REPRESENTATION_ITEM('')
);
#160=(
BOUNDED_CURVE()
B_SPLINE_CURVE(2,(#2033,#2034,#2035,#2036,#2037,#2038,#2039,#2040,#2041,
#2042,#2043,#2044,#2045,#2046,#2047,#2048,#2049,#2050,#2051,#2052,#2053,
#2054,#2055,#2056,#2057,#2058,#2059,#2060,#2061,#2062,#2063,#2064,#2065,
#2066,#2067,#2068,#2069,#2070,#2071,#2072,#2073,#2074,#2075,#2076,#2077,
#2078,#2079,#2080,#2081,#2082,#2083,#2084,#2085,#2086,#2087,#2088,#2089,
#2090,#2091,#2092,#2093,#2094,#2095,#2096,#2097,#2098,#2099,#2100,#2101,
#2102,#2103,#2104,#2105),.UNSPECIFIED.,.F.,.F.)
B_SPLINE_CURVE_WITH_KNOTS((3,2,2,2,2,2,2,2,2,2,2,2,2,2,2,2,2,2,2,2,2,2,
2,2,2,2,2,2,2,2,2,2,2,2,2,2,3),(0.,0.0277777777777778,0.0555555555555556,
0.0833333333333333,0.111111111111111,0.138888888888889,0.166666666666667,
0.194444444444445,0.222222222222222,0.25,0.277777777777778,0.305555555555555,
0.333333333333334,0.361111111111111,0.388888888888889,0.416666666666667,
0.444444444444444,0.472222222222222,0.5,0.527777777777778,0.555555555555556,
0.583333333333333,0.611111111111111,0.638888888888889,0.666666666666667,
0.694444444444444,0.722222222222222,0.75,0.777777777777778,0.805555555555556,
0.833333333333333,0.861111111111111,0.888888888888889,0.916666666666667,
0.944444444444444,0.972222222222222,1.),.UNSPECIFIED.)
CURVE()
GEOMETRIC_REPRESENTATION_ITEM()
RATIONAL_B_SPLINE_CURVE((1.,0.866025403784439,1.,0.866025403784439,1.,0.866025403784439,
1.,0.866025403784439,1.,0.866025403784439,1.,0.866025403784439,1.,0.866025403784439,
1.,0.866025403784439,1.,0.866025403784439,1.,0.866025403784439,1.,0.866025403784439,
1.,0.866025403784439,1.,0.866025403784439,1.,0.866025403784439,1.,0.866025403784439,
1.,0.866025403784439,1.,0.866025403784439,1.,0.866025403784439,1.,0.866025403784439,
1.,0.866025403784439,1.,0.866025403784439,1.,0.866025403784439,1.,0.866025403784439,
1.,0.866025403784439,1.,0.866025403784439,1.,0.866025403784439,1.,0.866025403784439,
1.,0.866025403784439,1.,0.866025403784439,1.,0.866025403784439,1.,0.866025403784439,
1.,0.866025403784439,1.,0.866025403784439,1.,0.866025403784439,1.,0.866025403784439,
1.,0.866025403784439,1.))
REPRESENTATION_ITEM('')
);
#161=(
BOUNDED_CURVE()
B_SPLINE_CURVE(1,(#2107,#2108),.UNSPECIFIED.,.F.,.F.)
B_SPLINE_CURVE_WITH_KNOTS((2,2),(0.,1.),.PIECEWISE_BEZIER_KNOTS.)
CURVE()
GEOMETRIC_REPRESENTATION_ITEM()
RATIONAL_B_SPLINE_CURVE((1.,1.))
REPRESENTATION_ITEM('')
);
#162=(
BOUNDED_CURVE()
B_SPLINE_CURVE(2,(#2117,#2118,#2119,#2120,#2121,#2122,#2123,#2124,#2125,
#2126,#2127,#2128,#2129,#2130,#2131,#2132,#2133,#2134,#2135,#2136,#2137,
#2138,#2139,#2140,#2141,#2142,#2143,#2144,#2145,#2146,#2147,#2148,#2149,
#2150,#2151,#2152,#2153,#2154,#2155,#2156,#2157,#2158,#2159,#2160,#2161,
#2162,#2163,#2164,#2165,#2166,#2167,#2168,#2169,#2170,#2171,#2172,#2173,
#2174,#2175,#2176,#2177,#2178,#2179,#2180,#2181,#2182,#2183,#2184,#2185,
#2186,#2187,#2188,#2189),.UNSPECIFIED.,.F.,.F.)
B_SPLINE_CURVE_WITH_KNOTS((3,2,2,2,2,2,2,2,2,2,2,2,2,2,2,2,2,2,2,2,2,2,
2,2,2,2,2,2,2,2,2,2,2,2,2,2,3),(0.,0.0277777777777778,0.0555555555555556,
0.0833333333333333,0.111111111111111,0.138888888888889,0.166666666666667,
0.194444444444445,0.222222222222222,0.25,0.277777777777778,0.305555555555555,
0.333333333333334,0.361111111111111,0.388888888888889,0.416666666666667,
0.444444444444444,0.472222222222222,0.5,0.527777777777778,0.555555555555556,
0.583333333333333,0.611111111111111,0.638888888888889,0.666666666666667,
0.694444444444444,0.722222222222222,0.75,0.777777777777778,0.805555555555556,
0.833333333333333,0.861111111111111,0.888888888888889,0.916666666666667,
0.944444444444444,0.972222222222222,1.),.UNSPECIFIED.)
CURVE()
GEOMETRIC_REPRESENTATION_ITEM()
RATIONAL_B_SPLINE_CURVE((1.,0.866025403784439,1.,0.866025403784439,1.,0.866025403784439,
1.,0.866025403784439,1.,0.866025403784439,1.,0.866025403784439,1.,0.866025403784439,
1.,0.866025403784439,1.,0.866025403784439,1.,0.866025403784439,1.,0.866025403784439,
1.,0.866025403784439,1.,0.866025403784439,1.,0.866025403784439,1.,0.866025403784439,
1.,0.866025403784439,1.,0.866025403784439,1.,0.866025403784439,1.,0.866025403784439,
1.,0.866025403784439,1.,0.866025403784439,1.,0.866025403784439,1.,0.866025403784439,
1.,0.866025403784439,1.,0.866025403784439,1.,0.866025403784439,1.,0.866025403784439,
1.,0.866025403784439,1.,0.866025403784439,1.,0.866025403784439,1.,0.866025403784439,
1.,0.866025403784439,1.,0.866025403784439,1.,0.866025403784439,1.,0.866025403784439,
1.,0.866025403784439,1.))
REPRESENTATION_ITEM('')
);
#163=(
BOUNDED_CURVE()
B_SPLINE_CURVE(1,(#2192,#2193),.UNSPECIFIED.,.F.,.F.)
B_SPLINE_CURVE_WITH_KNOTS((2,2),(0.,1.),.PIECEWISE_BEZIER_KNOTS.)
CURVE()
GEOMETRIC_REPRESENTATION_ITEM()
RATIONAL_B_SPLINE_CURVE((1.,1.))
REPRESENTATION_ITEM('')
);
#164=(
BOUNDED_CURVE()
B_SPLINE_CURVE(2,(#2195,#2196,#2197,#2198,#2199,#2200,#2201,#2202,#2203,
#2204,#2205,#2206,#2207,#2208,#2209,#2210,#2211,#2212,#2213,#2214,#2215,
#2216,#2217,#2218,#2219,#2220,#2221,#2222,#2223,#2224,#2225,#2226,#2227,
#2228,#2229,#2230,#2231,#2232,#2233,#2234,#2235,#2236,#2237,#2238,#2239,
#2240,#2241,#2242,#2243,#2244,#2245,#2246,#2247,#2248,#2249,#2250,#2251,
#2252,#2253,#2254,#2255,#2256,#2257,#2258,#2259,#2260,#2261,#2262,#2263,
#2264,#2265,#2266,#2267),.UNSPECIFIED.,.F.,.F.)
B_SPLINE_CURVE_WITH_KNOTS((3,2,2,2,2,2,2,2,2,2,2,2,2,2,2,2,2,2,2,2,2,2,
2,2,2,2,2,2,2,2,2,2,2,2,2,2,3),(0.,0.0277777777777778,0.0555555555555556,
0.0833333333333333,0.111111111111111,0.138888888888889,0.166666666666667,
0.194444444444445,0.222222222222222,0.25,0.277777777777778,0.305555555555555,
0.333333333333334,0.361111111111111,0.388888888888889,0.416666666666667,
0.444444444444444,0.472222222222222,0.5,0.527777777777778,0.555555555555556,
0.583333333333333,0.611111111111111,0.638888888888889,0.666666666666667,
0.694444444444444,0.722222222222222,0.75,0.777777777777778,0.805555555555556,
0.833333333333333,0.861111111111111,0.888888888888889,0.916666666666667,
0.944444444444444,0.972222222222222,1.),.UNSPECIFIED.)
CURVE()
GEOMETRIC_REPRESENTATION_ITEM()
RATIONAL_B_SPLINE_CURVE((1.,0.866025403784439,1.,0.866025403784439,1.,0.866025403784439,
1.,0.866025403784439,1.,0.866025403784439,1.,0.866025403784439,1.,0.866025403784439,
1.,0.866025403784439,1.,0.866025403784439,1.,0.866025403784439,1.,0.866025403784439,
1.,0.866025403784439,1.,0.866025403784439,1.,0.866025403784439,1.,0.866025403784439,
1.,0.866025403784439,1.,0.866025403784439,1.,0.866025403784439,1.,0.866025403784439,
1.,0.866025403784439,1.,0.866025403784439,1.,0.866025403784439,1.,0.866025403784439,
1.,0.866025403784439,1.,0.866025403784439,1.,0.866025403784439,1.,0.866025403784439,
1.,0.866025403784439,1.,0.866025403784439,1.,0.866025403784439,1.,0.866025403784439,
1.,0.866025403784439,1.,0.866025403784439,1.,0.866025403784439,1.,0.866025403784439,
1.,0.866025403784439,1.))
REPRESENTATION_ITEM('')
);
#165=(
BOUNDED_CURVE()
B_SPLINE_CURVE(1,(#2269,#2270),.UNSPECIFIED.,.F.,.F.)
B_SPLINE_CURVE_WITH_KNOTS((2,2),(0.,1.),.PIECEWISE_BEZIER_KNOTS.)
CURVE()
GEOMETRIC_REPRESENTATION_ITEM()
RATIONAL_B_SPLINE_CURVE((1.,1.))
REPRESENTATION_ITEM('')
);
#166=(
BOUNDED_CURVE()
B_SPLINE_CURVE(2,(#2279,#2280,#2281,#2282,#2283,#2284,#2285,#2286,#2287,
#2288,#2289,#2290,#2291,#2292,#2293,#2294,#2295,#2296,#2297,#2298,#2299,
#2300,#2301,#2302,#2303,#2304,#2305,#2306,#2307,#2308,#2309,#2310,#2311,
#2312,#2313,#2314,#2315,#2316,#2317,#2318,#2319,#2320,#2321,#2322,#2323,
#2324,#2325,#2326,#2327,#2328,#2329,#2330,#2331,#2332,#2333,#2334,#2335,
#2336,#2337,#2338,#2339,#2340,#2341,#2342,#2343,#2344,#2345,#2346,#2347,
#2348,#2349,#2350,#2351),.UNSPECIFIED.,.F.,.F.)
B_SPLINE_CURVE_WITH_KNOTS((3,2,2,2,2,2,2,2,2,2,2,2,2,2,2,2,2,2,2,2,2,2,
2,2,2,2,2,2,2,2,2,2,2,2,2,2,3),(0.,0.0277777777777778,0.0555555555555556,
0.0833333333333333,0.111111111111111,0.138888888888889,0.166666666666667,
0.194444444444445,0.222222222222222,0.25,0.277777777777778,0.305555555555555,
0.333333333333334,0.361111111111111,0.388888888888889,0.416666666666667,
0.444444444444444,0.472222222222222,0.5,0.527777777777778,0.555555555555556,
0.583333333333333,0.611111111111111,0.638888888888889,0.666666666666667,
0.694444444444444,0.722222222222222,0.75,0.777777777777778,0.805555555555556,
0.833333333333333,0.861111111111111,0.888888888888889,0.916666666666667,
0.944444444444444,0.972222222222222,1.),.UNSPECIFIED.)
CURVE()
GEOMETRIC_REPRESENTATION_ITEM()
RATIONAL_B_SPLINE_CURVE((1.,0.866025403784439,1.,0.866025403784439,1.,0.866025403784439,
1.,0.866025403784439,1.,0.866025403784439,1.,0.866025403784439,1.,0.866025403784439,
1.,0.866025403784439,1.,0.866025403784439,1.,0.866025403784439,1.,0.866025403784439,
1.,0.866025403784439,1.,0.866025403784439,1.,0.866025403784439,1.,0.866025403784439,
1.,0.866025403784439,1.,0.866025403784439,1.,0.866025403784439,1.,0.866025403784439,
1.,0.866025403784439,1.,0.866025403784439,1.,0.866025403784439,1.,0.866025403784439,
1.,0.866025403784439,1.,0.866025403784439,1.,0.866025403784439,1.,0.866025403784439,
1.,0.866025403784439,1.,0.866025403784439,1.,0.866025403784439,1.,0.866025403784439,
1.,0.866025403784439,1.,0.866025403784439,1.,0.866025403784439,1.,0.866025403784439,
1.,0.866025403784439,1.))
REPRESENTATION_ITEM('')
);
#167=(
BOUNDED_CURVE()
B_SPLINE_CURVE(2,(#2353,#2354,#2355,#2356,#2357,#2358,#2359,#2360,#2361,
#2362,#2363,#2364,#2365,#2366,#2367,#2368,#2369,#2370,#2371,#2372,#2373,
#2374,#2375,#2376,#2377,#2378,#2379,#2380,#2381,#2382,#2383,#2384,#2385,
#2386,#2387,#2388,#2389,#2390,#2391,#2392,#2393,#2394,#2395,#2396,#2397,
#2398,#2399,#2400,#2401,#2402,#2403,#2404,#2405,#2406,#2407,#2408,#2409,
#2410,#2411,#2412,#2413,#2414,#2415,#2416,#2417,#2418,#2419,#2420,#2421,
#2422,#2423,#2424,#2425),.UNSPECIFIED.,.F.,.F.)
B_SPLINE_CURVE_WITH_KNOTS((3,2,2,2,2,2,2,2,2,2,2,2,2,2,2,2,2,2,2,2,2,2,
2,2,2,2,2,2,2,2,2,2,2,2,2,2,3),(0.,0.0277777777777778,0.0555555555555556,
0.0833333333333333,0.111111111111111,0.138888888888889,0.166666666666667,
0.194444444444445,0.222222222222222,0.25,0.277777777777778,0.305555555555555,
0.333333333333334,0.361111111111111,0.388888888888889,0.416666666666667,
0.444444444444444,0.472222222222222,0.5,0.527777777777778,0.555555555555556,
0.583333333333333,0.611111111111111,0.638888888888889,0.666666666666667,
0.694444444444444,0.722222222222222,0.75,0.777777777777778,0.805555555555556,
0.833333333333333,0.861111111111111,0.888888888888889,0.916666666666667,
0.944444444444444,0.972222222222222,1.),.UNSPECIFIED.)
CURVE()
GEOMETRIC_REPRESENTATION_ITEM()
RATIONAL_B_SPLINE_CURVE((1.,0.866025403784439,1.,0.866025403784439,1.,0.866025403784439,
1.,0.866025403784439,1.,0.866025403784439,1.,0.866025403784439,1.,0.866025403784439,
1.,0.866025403784439,1.,0.866025403784439,1.,0.866025403784439,1.,0.866025403784439,
1.,0.866025403784439,1.,0.866025403784439,1.,0.866025403784439,1.,0.866025403784439,
1.,0.866025403784439,1.,0.866025403784439,1.,0.866025403784439,1.,0.866025403784439,
1.,0.866025403784439,1.,0.866025403784439,1.,0.866025403784439,1.,0.866025403784439,
1.,0.866025403784439,1.,0.866025403784439,1.,0.866025403784439,1.,0.866025403784439,
1.,0.866025403784439,1.,0.866025403784439,1.,0.866025403784439,1.,0.866025403784439,
1.,0.866025403784439,1.,0.866025403784439,1.,0.866025403784439,1.,0.866025403784439,
1.,0.866025403784439,1.))
REPRESENTATION_ITEM('')
);
#168=(
BOUNDED_CURVE()
B_SPLINE_CURVE(2,(#2436,#2437,#2438,#2439,#2440,#2441,#2442,#2443,#2444,
#2445,#2446,#2447,#2448,#2449,#2450,#2451,#2452,#2453,#2454,#2455,#2456,
#2457,#2458,#2459,#2460,#2461,#2462,#2463,#2464,#2465,#2466,#2467,#2468,
#2469,#2470,#2471,#2472,#2473,#2474,#2475,#2476,#2477,#2478,#2479,#2480,
#2481,#2482,#2483,#2484,#2485,#2486,#2487,#2488,#2489,#2490,#2491,#2492,
#2493,#2494,#2495,#2496,#2497,#2498,#2499,#2500,#2501,#2502,#2503,#2504,
#2505,#2506,#2507,#2508),.UNSPECIFIED.,.F.,.F.)
B_SPLINE_CURVE_WITH_KNOTS((3,2,2,2,2,2,2,2,2,2,2,2,2,2,2,2,2,2,2,2,2,2,
2,2,2,2,2,2,2,2,2,2,2,2,2,2,3),(0.,0.0277777777777778,0.0555555555555556,
0.0833333333333333,0.111111111111111,0.138888888888889,0.166666666666667,
0.194444444444445,0.222222222222222,0.25,0.277777777777778,0.305555555555555,
0.333333333333334,0.361111111111111,0.388888888888889,0.416666666666667,
0.444444444444444,0.472222222222222,0.5,0.527777777777778,0.555555555555556,
0.583333333333333,0.611111111111111,0.638888888888889,0.666666666666667,
0.694444444444444,0.722222222222222,0.75,0.777777777777778,0.805555555555556,
0.833333333333333,0.861111111111111,0.888888888888889,0.916666666666667,
0.944444444444444,0.972222222222222,1.),.UNSPECIFIED.)
CURVE()
GEOMETRIC_REPRESENTATION_ITEM()
RATIONAL_B_SPLINE_CURVE((1.,0.866025403784439,1.,0.866025403784439,1.,0.866025403784439,
1.,0.866025403784439,1.,0.866025403784439,1.,0.866025403784439,1.,0.866025403784439,
1.,0.866025403784439,1.,0.866025403784439,1.,0.866025403784439,1.,0.866025403784439,
1.,0.866025403784439,1.,0.866025403784439,1.,0.866025403784439,1.,0.866025403784439,
1.,0.866025403784439,1.,0.866025403784439,1.,0.866025403784439,1.,0.866025403784439,
1.,0.866025403784439,1.,0.866025403784439,1.,0.866025403784439,1.,0.866025403784439,
1.,0.866025403784439,1.,0.866025403784439,1.,0.866025403784439,1.,0.866025403784439,
1.,0.866025403784439,1.,0.866025403784439,1.,0.866025403784439,1.,0.866025403784439,
1.,0.866025403784439,1.,0.866025403784439,1.,0.866025403784439,1.,0.866025403784439,
1.,0.866025403784439,1.))
REPRESENTATION_ITEM('')
);
#169=(
BOUNDED_CURVE()
B_SPLINE_CURVE(2,(#2509,#2510,#2511,#2512,#2513,#2514,#2515,#2516,#2517,
#2518,#2519,#2520,#2521,#2522,#2523,#2524,#2525,#2526,#2527,#2528,#2529,
#2530,#2531,#2532,#2533,#2534,#2535,#2536,#2537,#2538,#2539,#2540,#2541,
#2542,#2543,#2544,#2545,#2546,#2547,#2548,#2549,#2550,#2551,#2552,#2553,
#2554,#2555,#2556,#2557,#2558,#2559,#2560,#2561,#2562,#2563,#2564,#2565,
#2566,#2567,#2568,#2569,#2570,#2571,#2572,#2573,#2574,#2575,#2576,#2577,
#2578,#2579,#2580,#2581),.UNSPECIFIED.,.F.,.F.)
B_SPLINE_CURVE_WITH_KNOTS((3,2,2,2,2,2,2,2,2,2,2,2,2,2,2,2,2,2,2,2,2,2,
2,2,2,2,2,2,2,2,2,2,2,2,2,2,3),(0.,0.0277777777777778,0.0555555555555556,
0.0833333333333333,0.111111111111111,0.138888888888889,0.166666666666667,
0.194444444444445,0.222222222222222,0.25,0.277777777777778,0.305555555555555,
0.333333333333334,0.361111111111111,0.388888888888889,0.416666666666667,
0.444444444444444,0.472222222222222,0.5,0.527777777777778,0.555555555555556,
0.583333333333333,0.611111111111111,0.638888888888889,0.666666666666667,
0.694444444444444,0.722222222222222,0.75,0.777777777777778,0.805555555555556,
0.833333333333333,0.861111111111111,0.888888888888889,0.916666666666667,
0.944444444444444,0.972222222222222,1.),.UNSPECIFIED.)
CURVE()
GEOMETRIC_REPRESENTATION_ITEM()
RATIONAL_B_SPLINE_CURVE((1.,0.866025403784439,1.,0.866025403784439,1.,0.866025403784439,
1.,0.866025403784439,1.,0.866025403784439,1.,0.866025403784439,1.,0.866025403784439,
1.,0.866025403784439,1.,0.866025403784439,1.,0.866025403784439,1.,0.866025403784439,
1.,0.866025403784439,1.,0.866025403784439,1.,0.866025403784439,1.,0.866025403784439,
1.,0.866025403784439,1.,0.866025403784439,1.,0.866025403784439,1.,0.866025403784439,
1.,0.866025403784439,1.,0.866025403784439,1.,0.866025403784439,1.,0.866025403784439,
1.,0.866025403784439,1.,0.866025403784439,1.,0.866025403784439,1.,0.866025403784439,
1.,0.866025403784439,1.,0.866025403784439,1.,0.866025403784439,1.,0.866025403784439,
1.,0.866025403784439,1.,0.866025403784439,1.,0.866025403784439,1.,0.866025403784439,
1.,0.866025403784439,1.))
REPRESENTATION_ITEM('')
);
#170=(
BOUNDED_CURVE()
B_SPLINE_CURVE(2,(#2590,#2591,#2592,#2593,#2594,#2595,#2596,#2597,#2598,
#2599,#2600,#2601,#2602,#2603,#2604,#2605,#2606,#2607,#2608,#2609,#2610,
#2611,#2612,#2613,#2614,#2615,#2616,#2617,#2618,#2619,#2620,#2621,#2622,
#2623,#2624,#2625,#2626,#2627,#2628,#2629,#2630,#2631,#2632,#2633,#2634,
#2635,#2636,#2637,#2638,#2639,#2640,#2641,#2642,#2643,#2644,#2645,#2646,
#2647,#2648,#2649,#2650,#2651,#2652,#2653,#2654,#2655,#2656,#2657,#2658,
#2659,#2660,#2661,#2662),.UNSPECIFIED.,.F.,.F.)
B_SPLINE_CURVE_WITH_KNOTS((3,2,2,2,2,2,2,2,2,2,2,2,2,2,2,2,2,2,2,2,2,2,
2,2,2,2,2,2,2,2,2,2,2,2,2,2,3),(0.,0.0277777777777778,0.0555555555555556,
0.0833333333333333,0.111111111111111,0.138888888888889,0.166666666666667,
0.194444444444445,0.222222222222222,0.25,0.277777777777778,0.305555555555555,
0.333333333333334,0.361111111111111,0.388888888888889,0.416666666666667,
0.444444444444444,0.472222222222222,0.5,0.527777777777778,0.555555555555556,
0.583333333333333,0.611111111111111,0.638888888888889,0.666666666666667,
0.694444444444444,0.722222222222222,0.75,0.777777777777778,0.805555555555556,
0.833333333333333,0.861111111111111,0.888888888888889,0.916666666666667,
0.944444444444444,0.972222222222222,1.),.UNSPECIFIED.)
CURVE()
GEOMETRIC_REPRESENTATION_ITEM()
RATIONAL_B_SPLINE_CURVE((1.,0.866025403784439,1.,0.866025403784439,1.,0.866025403784439,
1.,0.866025403784439,1.,0.866025403784439,1.,0.866025403784439,1.,0.866025403784439,
1.,0.866025403784439,1.,0.866025403784439,1.,0.866025403784439,1.,0.866025403784439,
1.,0.866025403784439,1.,0.866025403784439,1.,0.866025403784439,1.,0.866025403784439,
1.,0.866025403784439,1.,0.866025403784439,1.,0.866025403784439,1.,0.866025403784439,
1.,0.866025403784439,1.,0.866025403784439,1.,0.866025403784439,1.,0.866025403784439,
1.,0.866025403784439,1.,0.866025403784439,1.,0.866025403784439,1.,0.866025403784439,
1.,0.866025403784439,1.,0.866025403784439,1.,0.866025403784439,1.,0.866025403784439,
1.,0.866025403784439,1.,0.866025403784439,1.,0.866025403784439,1.,0.866025403784439,
1.,0.866025403784439,1.))
REPRESENTATION_ITEM('')
);
#171=(
BOUNDED_CURVE()
B_SPLINE_CURVE(2,(#2663,#2664,#2665,#2666,#2667,#2668,#2669,#2670,#2671,
#2672,#2673,#2674,#2675,#2676,#2677,#2678,#2679,#2680,#2681,#2682,#2683,
#2684,#2685,#2686,#2687,#2688,#2689,#2690,#2691,#2692,#2693,#2694,#2695,
#2696,#2697,#2698,#2699,#2700,#2701,#2702,#2703,#2704,#2705,#2706,#2707,
#2708,#2709,#2710,#2711,#2712,#2713,#2714,#2715,#2716,#2717,#2718,#2719,
#2720,#2721,#2722,#2723,#2724,#2725,#2726,#2727,#2728,#2729,#2730,#2731,
#2732,#2733,#2734,#2735),.UNSPECIFIED.,.F.,.F.)
B_SPLINE_CURVE_WITH_KNOTS((3,2,2,2,2,2,2,2,2,2,2,2,2,2,2,2,2,2,2,2,2,2,
2,2,2,2,2,2,2,2,2,2,2,2,2,2,3),(0.,0.0277777777777778,0.0555555555555556,
0.0833333333333333,0.111111111111111,0.138888888888889,0.166666666666667,
0.194444444444445,0.222222222222222,0.25,0.277777777777778,0.305555555555555,
0.333333333333334,0.361111111111111,0.388888888888889,0.416666666666667,
0.444444444444444,0.472222222222222,0.5,0.527777777777778,0.555555555555556,
0.583333333333333,0.611111111111111,0.638888888888889,0.666666666666667,
0.694444444444444,0.722222222222222,0.75,0.777777777777778,0.805555555555556,
0.833333333333333,0.861111111111111,0.888888888888889,0.916666666666667,
0.944444444444444,0.972222222222222,1.),.UNSPECIFIED.)
CURVE()
GEOMETRIC_REPRESENTATION_ITEM()
RATIONAL_B_SPLINE_CURVE((1.,0.866025403784439,1.,0.866025403784439,1.,0.866025403784439,
1.,0.866025403784439,1.,0.866025403784439,1.,0.866025403784439,1.,0.866025403784439,
1.,0.866025403784439,1.,0.866025403784439,1.,0.866025403784439,1.,0.866025403784439,
1.,0.866025403784439,1.,0.866025403784439,1.,0.866025403784439,1.,0.866025403784439,
1.,0.866025403784439,1.,0.866025403784439,1.,0.866025403784439,1.,0.866025403784439,
1.,0.866025403784439,1.,0.866025403784439,1.,0.866025403784439,1.,0.866025403784439,
1.,0.866025403784439,1.,0.866025403784439,1.,0.866025403784439,1.,0.866025403784439,
1.,0.866025403784439,1.,0.866025403784439,1.,0.866025403784439,1.,0.866025403784439,
1.,0.866025403784439,1.,0.866025403784439,1.,0.866025403784439,1.,0.866025403784439,
1.,0.866025403784439,1.))
REPRESENTATION_ITEM('')
);
#172=(
BOUNDED_CURVE()
B_SPLINE_CURVE(2,(#2744,#2745,#2746,#2747,#2748,#2749,#2750,#2751,#2752,
#2753,#2754,#2755,#2756,#2757,#2758,#2759,#2760,#2761,#2762,#2763,#2764,
#2765,#2766,#2767,#2768,#2769,#2770,#2771,#2772,#2773,#2774,#2775,#2776,
#2777,#2778,#2779,#2780,#2781,#2782,#2783,#2784,#2785,#2786,#2787,#2788,
#2789,#2790,#2791,#2792,#2793,#2794,#2795,#2796,#2797,#2798,#2799,#2800,
#2801,#2802,#2803,#2804,#2805,#2806,#2807,#2808,#2809,#2810,#2811,#2812,
#2813,#2814,#2815,#2816),.UNSPECIFIED.,.F.,.F.)
B_SPLINE_CURVE_WITH_KNOTS((3,2,2,2,2,2,2,2,2,2,2,2,2,2,2,2,2,2,2,2,2,2,
2,2,2,2,2,2,2,2,2,2,2,2,2,2,3),(0.,0.0277777777777778,0.0555555555555556,
0.0833333333333333,0.111111111111111,0.138888888888889,0.166666666666667,
0.194444444444445,0.222222222222222,0.25,0.277777777777778,0.305555555555555,
0.333333333333334,0.361111111111111,0.388888888888889,0.416666666666667,
0.444444444444444,0.472222222222222,0.5,0.527777777777778,0.555555555555556,
0.583333333333333,0.611111111111111,0.638888888888889,0.666666666666667,
0.694444444444444,0.722222222222222,0.75,0.777777777777778,0.805555555555556,
0.833333333333333,0.861111111111111,0.888888888888889,0.916666666666667,
0.944444444444444,0.972222222222222,1.),.UNSPECIFIED.)
CURVE()
GEOMETRIC_REPRESENTATION_ITEM()
RATIONAL_B_SPLINE_CURVE((1.,0.866025403784439,1.,0.866025403784439,1.,0.866025403784439,
1.,0.866025403784439,1.,0.866025403784439,1.,0.866025403784439,1.,0.866025403784439,
1.,0.866025403784439,1.,0.866025403784439,1.,0.866025403784439,1.,0.866025403784439,
1.,0.866025403784439,1.,0.866025403784439,1.,0.866025403784439,1.,0.866025403784439,
1.,0.866025403784439,1.,0.866025403784439,1.,0.866025403784439,1.,0.866025403784439,
1.,0.866025403784439,1.,0.866025403784439,1.,0.866025403784439,1.,0.866025403784439,
1.,0.866025403784439,1.,0.866025403784439,1.,0.866025403784439,1.,0.866025403784439,
1.,0.866025403784439,1.,0.866025403784439,1.,0.866025403784439,1.,0.866025403784439,
1.,0.866025403784439,1.,0.866025403784439,1.,0.866025403784439,1.,0.866025403784439,
1.,0.866025403784439,1.))
REPRESENTATION_ITEM('')
);
#173=(
BOUNDED_CURVE()
B_SPLINE_CURVE(2,(#2817,#2818,#2819,#2820,#2821,#2822,#2823,#2824,#2825,
#2826,#2827,#2828,#2829,#2830,#2831,#2832,#2833,#2834,#2835,#2836,#2837,
#2838,#2839,#2840,#2841,#2842,#2843,#2844,#2845,#2846,#2847,#2848,#2849,
#2850,#2851,#2852,#2853,#2854,#2855,#2856,#2857,#2858,#2859,#2860,#2861,
#2862,#2863,#2864,#2865,#2866,#2867,#2868,#2869,#2870,#2871,#2872,#2873,
#2874,#2875,#2876,#2877,#2878,#2879,#2880,#2881,#2882,#2883,#2884,#2885,
#2886,#2887,#2888,#2889),.UNSPECIFIED.,.F.,.F.)
B_SPLINE_CURVE_WITH_KNOTS((3,2,2,2,2,2,2,2,2,2,2,2,2,2,2,2,2,2,2,2,2,2,
2,2,2,2,2,2,2,2,2,2,2,2,2,2,3),(0.,0.0277777777777778,0.0555555555555556,
0.0833333333333333,0.111111111111111,0.138888888888889,0.166666666666667,
0.194444444444445,0.222222222222222,0.25,0.277777777777778,0.305555555555555,
0.333333333333334,0.361111111111111,0.388888888888889,0.416666666666667,
0.444444444444444,0.472222222222222,0.5,0.527777777777778,0.555555555555556,
0.583333333333333,0.611111111111111,0.638888888888889,0.666666666666667,
0.694444444444444,0.722222222222222,0.75,0.777777777777778,0.805555555555556,
0.833333333333333,0.861111111111111,0.888888888888889,0.916666666666667,
0.944444444444444,0.972222222222222,1.),.UNSPECIFIED.)
CURVE()
GEOMETRIC_REPRESENTATION_ITEM()
RATIONAL_B_SPLINE_CURVE((1.,0.866025403784439,1.,0.866025403784439,1.,0.866025403784439,
1.,0.866025403784439,1.,0.866025403784439,1.,0.866025403784439,1.,0.866025403784439,
1.,0.866025403784439,1.,0.866025403784439,1.,0.866025403784439,1.,0.866025403784439,
1.,0.866025403784439,1.,0.866025403784439,1.,0.866025403784439,1.,0.866025403784439,
1.,0.866025403784439,1.,0.866025403784439,1.,0.866025403784439,1.,0.866025403784439,
1.,0.866025403784439,1.,0.866025403784439,1.,0.866025403784439,1.,0.866025403784439,
1.,0.866025403784439,1.,0.866025403784439,1.,0.866025403784439,1.,0.866025403784439,
1.,0.866025403784439,1.,0.866025403784439,1.,0.866025403784439,1.,0.866025403784439,
1.,0.866025403784439,1.,0.866025403784439,1.,0.866025403784439,1.,0.866025403784439,
1.,0.866025403784439,1.))
REPRESENTATION_ITEM('')
);
#174=(
BOUNDED_CURVE()
B_SPLINE_CURVE(3,(#2909,#2910,#2911,#2912),.UNSPECIFIED.,.F.,.F.)
B_SPLINE_CURVE_WITH_KNOTS((4,4),(0.,1.),.PIECEWISE_BEZIER_KNOTS.)
CURVE()
GEOMETRIC_REPRESENTATION_ITEM()
RATIONAL_B_SPLINE_CURVE((1.,0.639134975401076,0.639134975401076,1.))
REPRESENTATION_ITEM('')
);
#175=(
BOUNDED_CURVE()
B_SPLINE_CURVE(3,(#2924,#2925,#2926,#2927),.UNSPECIFIED.,.F.,.F.)
B_SPLINE_CURVE_WITH_KNOTS((4,4),(0.,1.),.PIECEWISE_BEZIER_KNOTS.)
CURVE()
GEOMETRIC_REPRESENTATION_ITEM()
RATIONAL_B_SPLINE_CURVE((1.,0.639134975401076,0.639134975401076,1.))
REPRESENTATION_ITEM('')
);
#176=(
BOUNDED_CURVE()
B_SPLINE_CURVE(1,(#2939,#2940),.UNSPECIFIED.,.F.,.F.)
B_SPLINE_CURVE_WITH_KNOTS((2,2),(0.,1.),.PIECEWISE_BEZIER_KNOTS.)
CURVE()
GEOMETRIC_REPRESENTATION_ITEM()
RATIONAL_B_SPLINE_CURVE((1.,1.))
REPRESENTATION_ITEM('')
);
#177=(
BOUNDED_CURVE()
B_SPLINE_CURVE(1,(#2944,#2945),.UNSPECIFIED.,.F.,.F.)
B_SPLINE_CURVE_WITH_KNOTS((2,2),(0.,1.),.PIECEWISE_BEZIER_KNOTS.)
CURVE()
GEOMETRIC_REPRESENTATION_ITEM()
RATIONAL_B_SPLINE_CURVE((1.,1.))
REPRESENTATION_ITEM('')
);
#178=(
BOUNDED_CURVE()
B_SPLINE_CURVE(1,(#2957,#2958),.UNSPECIFIED.,.F.,.F.)
B_SPLINE_CURVE_WITH_KNOTS((2,2),(0.,1.),.PIECEWISE_BEZIER_KNOTS.)
CURVE()
GEOMETRIC_REPRESENTATION_ITEM()
RATIONAL_B_SPLINE_CURVE((1.,1.))
REPRESENTATION_ITEM('')
);
#179=(
BOUNDED_CURVE()
B_SPLINE_CURVE(1,(#2962,#2963),.UNSPECIFIED.,.F.,.F.)
B_SPLINE_CURVE_WITH_KNOTS((2,2),(0.,1.),.PIECEWISE_BEZIER_KNOTS.)
CURVE()
GEOMETRIC_REPRESENTATION_ITEM()
RATIONAL_B_SPLINE_CURVE((1.,1.))
REPRESENTATION_ITEM('')
);
#180=(
BOUNDED_CURVE()
B_SPLINE_CURVE(1,(#2975,#2976),.UNSPECIFIED.,.F.,.F.)
B_SPLINE_CURVE_WITH_KNOTS((2,2),(0.,1.),.PIECEWISE_BEZIER_KNOTS.)
CURVE()
GEOMETRIC_REPRESENTATION_ITEM()
RATIONAL_B_SPLINE_CURVE((1.,1.))
REPRESENTATION_ITEM('')
);
#181=(
BOUNDED_CURVE()
B_SPLINE_CURVE(1,(#2980,#2981),.UNSPECIFIED.,.F.,.F.)
B_SPLINE_CURVE_WITH_KNOTS((2,2),(0.,1.),.PIECEWISE_BEZIER_KNOTS.)
CURVE()
GEOMETRIC_REPRESENTATION_ITEM()
RATIONAL_B_SPLINE_CURVE((1.,1.))
REPRESENTATION_ITEM('')
);
#182=(
BOUNDED_CURVE()
B_SPLINE_CURVE(1,(#2991,#2992),.UNSPECIFIED.,.F.,.F.)
B_SPLINE_CURVE_WITH_KNOTS((2,2),(0.,1.),.PIECEWISE_BEZIER_KNOTS.)
CURVE()
GEOMETRIC_REPRESENTATION_ITEM()
RATIONAL_B_SPLINE_CURVE((1.,1.))
REPRESENTATION_ITEM('')
);
#183=(
BOUNDED_CURVE()
B_SPLINE_CURVE(1,(#2996,#2997),.UNSPECIFIED.,.F.,.F.)
B_SPLINE_CURVE_WITH_KNOTS((2,2),(0.,1.),.PIECEWISE_BEZIER_KNOTS.)
CURVE()
GEOMETRIC_REPRESENTATION_ITEM()
RATIONAL_B_SPLINE_CURVE((1.,1.))
REPRESENTATION_ITEM('')
);
#184=(
BOUNDED_CURVE()
B_SPLINE_CURVE(1,(#3007,#3008),.UNSPECIFIED.,.F.,.F.)
B_SPLINE_CURVE_WITH_KNOTS((2,2),(0.,1.),.PIECEWISE_BEZIER_KNOTS.)
CURVE()
GEOMETRIC_REPRESENTATION_ITEM()
RATIONAL_B_SPLINE_CURVE((1.,1.))
REPRESENTATION_ITEM('')
);
#185=(
BOUNDED_CURVE()
B_SPLINE_CURVE(1,(#3012,#3013),.UNSPECIFIED.,.F.,.F.)
B_SPLINE_CURVE_WITH_KNOTS((2,2),(0.,1.),.PIECEWISE_BEZIER_KNOTS.)
CURVE()
GEOMETRIC_REPRESENTATION_ITEM()
RATIONAL_B_SPLINE_CURVE((1.,1.))
REPRESENTATION_ITEM('')
);
#186=(
BOUNDED_CURVE()
B_SPLINE_CURVE(1,(#3023,#3024),.UNSPECIFIED.,.F.,.F.)
B_SPLINE_CURVE_WITH_KNOTS((2,2),(0.,1.),.PIECEWISE_BEZIER_KNOTS.)
CURVE()
GEOMETRIC_REPRESENTATION_ITEM()
RATIONAL_B_SPLINE_CURVE((1.,1.))
REPRESENTATION_ITEM('')
);
#187=(
BOUNDED_CURVE()
B_SPLINE_CURVE(1,(#3028,#3029),.UNSPECIFIED.,.F.,.F.)
B_SPLINE_CURVE_WITH_KNOTS((2,2),(0.,1.),.PIECEWISE_BEZIER_KNOTS.)
CURVE()
GEOMETRIC_REPRESENTATION_ITEM()
RATIONAL_B_SPLINE_CURVE((1.,1.))
REPRESENTATION_ITEM('')
);
#188=(
BOUNDED_CURVE()
B_SPLINE_CURVE(2,(#3038,#3039,#3040,#3041,#3042,#3043,#3044,#3045,#3046,
#3047,#3048,#3049,#3050,#3051,#3052,#3053,#3054,#3055,#3056,#3057,#3058,
#3059,#3060,#3061,#3062,#3063,#3064,#3065,#3066,#3067,#3068,#3069,#3070,
#3071,#3072,#3073,#3074,#3075,#3076,#3077,#3078,#3079,#3080,#3081,#3082,
#3083,#3084,#3085,#3086,#3087,#3088,#3089,#3090,#3091,#3092,#3093,#3094,
#3095,#3096,#3097,#3098,#3099,#3100,#3101,#3102,#3103,#3104,#3105,#3106,
#3107,#3108,#3109,#3110),.UNSPECIFIED.,.F.,.F.)
B_SPLINE_CURVE_WITH_KNOTS((3,2,2,2,2,2,2,2,2,2,2,2,2,2,2,2,2,2,2,2,2,2,
2,2,2,2,2,2,2,2,2,2,2,2,2,2,3),(0.,0.0277777777777778,0.0555555555555556,
0.0833333333333333,0.111111111111111,0.138888888888889,0.166666666666667,
0.194444444444445,0.222222222222222,0.25,0.277777777777778,0.305555555555555,
0.333333333333334,0.361111111111111,0.388888888888889,0.416666666666667,
0.444444444444444,0.472222222222222,0.5,0.527777777777778,0.555555555555556,
0.583333333333333,0.611111111111111,0.638888888888889,0.666666666666667,
0.694444444444444,0.722222222222222,0.75,0.777777777777778,0.805555555555556,
0.833333333333333,0.861111111111111,0.888888888888889,0.916666666666667,
0.944444444444444,0.972222222222222,1.),.UNSPECIFIED.)
CURVE()
GEOMETRIC_REPRESENTATION_ITEM()
RATIONAL_B_SPLINE_CURVE((1.,0.866025403784439,1.,0.866025403784439,1.,0.866025403784439,
1.,0.866025403784439,1.,0.866025403784439,1.,0.866025403784439,1.,0.866025403784439,
1.,0.866025403784439,1.,0.866025403784439,1.,0.866025403784439,1.,0.866025403784439,
1.,0.866025403784439,1.,0.866025403784439,1.,0.866025403784439,1.,0.866025403784439,
1.,0.866025403784439,1.,0.866025403784439,1.,0.866025403784439,1.,0.866025403784439,
1.,0.866025403784439,1.,0.866025403784439,1.,0.866025403784439,1.,0.866025403784439,
1.,0.866025403784439,1.,0.866025403784439,1.,0.866025403784439,1.,0.866025403784439,
1.,0.866025403784439,1.,0.866025403784439,1.,0.866025403784439,1.,0.866025403784439,
1.,0.866025403784439,1.,0.866025403784439,1.,0.866025403784439,1.,0.866025403784439,
1.,0.866025403784439,1.))
REPRESENTATION_ITEM('')
);
#189=(
BOUNDED_CURVE()
B_SPLINE_CURVE(1,(#3113,#3114),.UNSPECIFIED.,.F.,.F.)
B_SPLINE_CURVE_WITH_KNOTS((2,2),(0.,1.),.PIECEWISE_BEZIER_KNOTS.)
CURVE()
GEOMETRIC_REPRESENTATION_ITEM()
RATIONAL_B_SPLINE_CURVE((1.,1.))
REPRESENTATION_ITEM('')
);
#190=(
BOUNDED_CURVE()
B_SPLINE_CURVE(2,(#3118,#3119,#3120,#3121,#3122,#3123,#3124,#3125,#3126,
#3127,#3128,#3129,#3130,#3131,#3132,#3133,#3134,#3135,#3136,#3137,#3138,
#3139,#3140,#3141,#3142,#3143,#3144,#3145,#3146,#3147,#3148,#3149,#3150,
#3151,#3152,#3153,#3154,#3155,#3156,#3157,#3158,#3159,#3160,#3161,#3162,
#3163,#3164,#3165,#3166,#3167,#3168,#3169,#3170,#3171,#3172,#3173,#3174,
#3175,#3176,#3177,#3178,#3179,#3180,#3181,#3182,#3183,#3184,#3185,#3186,
#3187,#3188,#3189,#3190),.UNSPECIFIED.,.F.,.F.)
B_SPLINE_CURVE_WITH_KNOTS((3,2,2,2,2,2,2,2,2,2,2,2,2,2,2,2,2,2,2,2,2,2,
2,2,2,2,2,2,2,2,2,2,2,2,2,2,3),(0.,0.0277777777777778,0.0555555555555556,
0.0833333333333333,0.111111111111111,0.138888888888889,0.166666666666667,
0.194444444444445,0.222222222222222,0.25,0.277777777777778,0.305555555555555,
0.333333333333334,0.361111111111111,0.388888888888889,0.416666666666667,
0.444444444444444,0.472222222222222,0.5,0.527777777777778,0.555555555555556,
0.583333333333333,0.611111111111111,0.638888888888889,0.666666666666667,
0.694444444444444,0.722222222222222,0.75,0.777777777777778,0.805555555555556,
0.833333333333333,0.861111111111111,0.888888888888889,0.916666666666667,
0.944444444444444,0.972222222222222,1.),.UNSPECIFIED.)
CURVE()
GEOMETRIC_REPRESENTATION_ITEM()
RATIONAL_B_SPLINE_CURVE((1.,0.866025403784439,1.,0.866025403784439,1.,0.866025403784439,
1.,0.866025403784439,1.,0.866025403784439,1.,0.866025403784439,1.,0.866025403784439,
1.,0.866025403784439,1.,0.866025403784439,1.,0.866025403784439,1.,0.866025403784439,
1.,0.866025403784439,1.,0.866025403784439,1.,0.866025403784439,1.,0.866025403784439,
1.,0.866025403784439,1.,0.866025403784439,1.,0.866025403784439,1.,0.866025403784439,
1.,0.866025403784439,1.,0.866025403784439,1.,0.866025403784439,1.,0.866025403784439,
1.,0.866025403784439,1.,0.866025403784439,1.,0.866025403784439,1.,0.866025403784439,
1.,0.866025403784439,1.,0.866025403784439,1.,0.866025403784439,1.,0.866025403784439,
1.,0.866025403784439,1.,0.866025403784439,1.,0.866025403784439,1.,0.866025403784439,
1.,0.866025403784439,1.))
REPRESENTATION_ITEM('')
);
#191=(
BOUNDED_CURVE()
B_SPLINE_CURVE(1,(#3192,#3193),.UNSPECIFIED.,.F.,.F.)
B_SPLINE_CURVE_WITH_KNOTS((2,2),(0.,1.),.PIECEWISE_BEZIER_KNOTS.)
CURVE()
GEOMETRIC_REPRESENTATION_ITEM()
RATIONAL_B_SPLINE_CURVE((1.,1.))
REPRESENTATION_ITEM('')
);
#192=(
BOUNDED_CURVE()
B_SPLINE_CURVE(1,(#3203,#3204),.UNSPECIFIED.,.F.,.F.)
B_SPLINE_CURVE_WITH_KNOTS((2,2),(0.,1.),.PIECEWISE_BEZIER_KNOTS.)
CURVE()
GEOMETRIC_REPRESENTATION_ITEM()
RATIONAL_B_SPLINE_CURVE((1.,1.))
REPRESENTATION_ITEM('')
);
#193=(
BOUNDED_CURVE()
B_SPLINE_CURVE(1,(#3214,#3215),.UNSPECIFIED.,.F.,.F.)
B_SPLINE_CURVE_WITH_KNOTS((2,2),(0.,1.),.PIECEWISE_BEZIER_KNOTS.)
CURVE()
GEOMETRIC_REPRESENTATION_ITEM()
RATIONAL_B_SPLINE_CURVE((1.,1.))
REPRESENTATION_ITEM('')
);
#194=(
BOUNDED_CURVE()
B_SPLINE_CURVE(1,(#3233,#3234),.UNSPECIFIED.,.F.,.F.)
B_SPLINE_CURVE_WITH_KNOTS((2,2),(0.,1.),.PIECEWISE_BEZIER_KNOTS.)
CURVE()
GEOMETRIC_REPRESENTATION_ITEM()
RATIONAL_B_SPLINE_CURVE((1.,1.))
REPRESENTATION_ITEM('')
);
#195=(
BOUNDED_CURVE()
B_SPLINE_CURVE(2,(#3236,#3237,#3238,#3239,#3240,#3241,#3242,#3243,#3244,
#3245,#3246,#3247,#3248,#3249,#3250,#3251,#3252,#3253,#3254,#3255,#3256,
#3257,#3258,#3259,#3260,#3261,#3262,#3263,#3264,#3265,#3266,#3267,#3268,
#3269,#3270,#3271,#3272,#3273,#3274,#3275,#3276,#3277,#3278,#3279,#3280,
#3281,#3282,#3283,#3284,#3285,#3286,#3287,#3288,#3289,#3290,#3291,#3292,
#3293,#3294,#3295,#3296,#3297,#3298,#3299,#3300,#3301,#3302,#3303,#3304,
#3305,#3306,#3307,#3308),.UNSPECIFIED.,.F.,.F.)
B_SPLINE_CURVE_WITH_KNOTS((3,2,2,2,2,2,2,2,2,2,2,2,2,2,2,2,2,2,2,2,2,2,
2,2,2,2,2,2,2,2,2,2,2,2,2,2,3),(0.,0.0277777777777778,0.0555555555555556,
0.0833333333333333,0.111111111111111,0.138888888888889,0.166666666666667,
0.194444444444445,0.222222222222222,0.25,0.277777777777778,0.305555555555555,
0.333333333333334,0.361111111111111,0.388888888888889,0.416666666666667,
0.444444444444444,0.472222222222222,0.5,0.527777777777778,0.555555555555556,
0.583333333333333,0.611111111111111,0.638888888888889,0.666666666666667,
0.694444444444444,0.722222222222222,0.75,0.777777777777778,0.805555555555556,
0.833333333333333,0.861111111111111,0.888888888888889,0.916666666666667,
0.944444444444444,0.972222222222222,1.),.UNSPECIFIED.)
CURVE()
GEOMETRIC_REPRESENTATION_ITEM()
RATIONAL_B_SPLINE_CURVE((1.,0.866025403784439,1.,0.866025403784439,1.,0.866025403784439,
1.,0.866025403784439,1.,0.866025403784439,1.,0.866025403784439,1.,0.866025403784439,
1.,0.866025403784439,1.,0.866025403784439,1.,0.866025403784439,1.,0.866025403784439,
1.,0.866025403784439,1.,0.866025403784439,1.,0.866025403784439,1.,0.866025403784439,
1.,0.866025403784439,1.,0.866025403784439,1.,0.866025403784439,1.,0.866025403784439,
1.,0.866025403784439,1.,0.866025403784439,1.,0.866025403784439,1.,0.866025403784439,
1.,0.866025403784439,1.,0.866025403784439,1.,0.866025403784439,1.,0.866025403784439,
1.,0.866025403784439,1.,0.866025403784439,1.,0.866025403784439,1.,0.866025403784439,
1.,0.866025403784439,1.,0.866025403784439,1.,0.866025403784439,1.,0.866025403784439,
1.,0.866025403784439,1.))
REPRESENTATION_ITEM('')
);
#196=(
BOUNDED_CURVE()
B_SPLINE_CURVE(1,(#3310,#3311),.UNSPECIFIED.,.F.,.F.)
B_SPLINE_CURVE_WITH_KNOTS((2,2),(0.,1.),.PIECEWISE_BEZIER_KNOTS.)
CURVE()
GEOMETRIC_REPRESENTATION_ITEM()
RATIONAL_B_SPLINE_CURVE((1.,1.))
REPRESENTATION_ITEM('')
);
#197=(
BOUNDED_CURVE()
B_SPLINE_CURVE(2,(#3320,#3321,#3322,#3323,#3324,#3325,#3326,#3327,#3328,
#3329,#3330,#3331,#3332,#3333,#3334,#3335,#3336,#3337,#3338,#3339,#3340,
#3341,#3342,#3343,#3344,#3345,#3346,#3347,#3348,#3349,#3350,#3351,#3352,
#3353,#3354,#3355,#3356,#3357,#3358,#3359,#3360,#3361,#3362,#3363,#3364,
#3365,#3366,#3367,#3368,#3369,#3370,#3371,#3372,#3373,#3374,#3375,#3376,
#3377,#3378,#3379,#3380,#3381,#3382,#3383,#3384,#3385,#3386,#3387,#3388,
#3389,#3390,#3391,#3392),.UNSPECIFIED.,.F.,.F.)
B_SPLINE_CURVE_WITH_KNOTS((3,2,2,2,2,2,2,2,2,2,2,2,2,2,2,2,2,2,2,2,2,2,
2,2,2,2,2,2,2,2,2,2,2,2,2,2,3),(0.,0.0277777777777778,0.0555555555555556,
0.0833333333333333,0.111111111111111,0.138888888888889,0.166666666666667,
0.194444444444445,0.222222222222222,0.25,0.277777777777778,0.305555555555555,
0.333333333333334,0.361111111111111,0.388888888888889,0.416666666666667,
0.444444444444444,0.472222222222222,0.5,0.527777777777778,0.555555555555556,
0.583333333333333,0.611111111111111,0.638888888888889,0.666666666666667,
0.694444444444444,0.722222222222222,0.75,0.777777777777778,0.805555555555556,
0.833333333333333,0.861111111111111,0.888888888888889,0.916666666666667,
0.944444444444444,0.972222222222222,1.),.UNSPECIFIED.)
CURVE()
GEOMETRIC_REPRESENTATION_ITEM()
RATIONAL_B_SPLINE_CURVE((1.,0.866025403784439,1.,0.866025403784439,1.,0.866025403784439,
1.,0.866025403784439,1.,0.866025403784439,1.,0.866025403784439,1.,0.866025403784439,
1.,0.866025403784439,1.,0.866025403784439,1.,0.866025403784439,1.,0.866025403784439,
1.,0.866025403784439,1.,0.866025403784439,1.,0.866025403784439,1.,0.866025403784439,
1.,0.866025403784439,1.,0.866025403784439,1.,0.866025403784439,1.,0.866025403784439,
1.,0.866025403784439,1.,0.866025403784439,1.,0.866025403784439,1.,0.866025403784439,
1.,0.866025403784439,1.,0.866025403784439,1.,0.866025403784439,1.,0.866025403784439,
1.,0.866025403784439,1.,0.866025403784439,1.,0.866025403784439,1.,0.866025403784439,
1.,0.866025403784439,1.,0.866025403784439,1.,0.866025403784439,1.,0.866025403784439,
1.,0.866025403784439,1.))
REPRESENTATION_ITEM('')
);
#198=(
BOUNDED_CURVE()
B_SPLINE_CURVE(1,(#3395,#3396),.UNSPECIFIED.,.F.,.F.)
B_SPLINE_CURVE_WITH_KNOTS((2,2),(0.,1.),.PIECEWISE_BEZIER_KNOTS.)
CURVE()
GEOMETRIC_REPRESENTATION_ITEM()
RATIONAL_B_SPLINE_CURVE((1.,1.))
REPRESENTATION_ITEM('')
);
#199=(
BOUNDED_CURVE()
B_SPLINE_CURVE(2,(#3398,#3399,#3400,#3401,#3402,#3403,#3404,#3405,#3406,
#3407,#3408,#3409,#3410,#3411,#3412,#3413,#3414,#3415,#3416,#3417,#3418,
#3419,#3420,#3421,#3422,#3423,#3424,#3425,#3426,#3427,#3428,#3429,#3430,
#3431,#3432,#3433,#3434,#3435,#3436,#3437,#3438,#3439,#3440,#3441,#3442,
#3443,#3444,#3445,#3446,#3447,#3448,#3449,#3450,#3451,#3452,#3453,#3454,
#3455,#3456,#3457,#3458,#3459,#3460,#3461,#3462,#3463,#3464,#3465,#3466,
#3467,#3468,#3469,#3470),.UNSPECIFIED.,.F.,.F.)
B_SPLINE_CURVE_WITH_KNOTS((3,2,2,2,2,2,2,2,2,2,2,2,2,2,2,2,2,2,2,2,2,2,
2,2,2,2,2,2,2,2,2,2,2,2,2,2,3),(0.,0.0277777777777778,0.0555555555555556,
0.0833333333333333,0.111111111111111,0.138888888888889,0.166666666666667,
0.194444444444445,0.222222222222222,0.25,0.277777777777778,0.305555555555555,
0.333333333333334,0.361111111111111,0.388888888888889,0.416666666666667,
0.444444444444444,0.472222222222222,0.5,0.527777777777778,0.555555555555556,
0.583333333333333,0.611111111111111,0.638888888888889,0.666666666666667,
0.694444444444444,0.722222222222222,0.75,0.777777777777778,0.805555555555556,
0.833333333333333,0.861111111111111,0.888888888888889,0.916666666666667,
0.944444444444444,0.972222222222222,1.),.UNSPECIFIED.)
CURVE()
GEOMETRIC_REPRESENTATION_ITEM()
RATIONAL_B_SPLINE_CURVE((1.,0.866025403784439,1.,0.866025403784439,1.,0.866025403784439,
1.,0.866025403784439,1.,0.866025403784439,1.,0.866025403784439,1.,0.866025403784439,
1.,0.866025403784439,1.,0.866025403784439,1.,0.866025403784439,1.,0.866025403784439,
1.,0.866025403784439,1.,0.866025403784439,1.,0.866025403784439,1.,0.866025403784439,
1.,0.866025403784439,1.,0.866025403784439,1.,0.866025403784439,1.,0.866025403784439,
1.,0.866025403784439,1.,0.866025403784439,1.,0.866025403784439,1.,0.866025403784439,
1.,0.866025403784439,1.,0.866025403784439,1.,0.866025403784439,1.,0.866025403784439,
1.,0.866025403784439,1.,0.866025403784439,1.,0.866025403784439,1.,0.866025403784439,
1.,0.866025403784439,1.,0.866025403784439,1.,0.866025403784439,1.,0.866025403784439,
1.,0.866025403784439,1.))
REPRESENTATION_ITEM('')
);
#200=(
BOUNDED_CURVE()
B_SPLINE_CURVE(1,(#3472,#3473),.UNSPECIFIED.,.F.,.F.)
B_SPLINE_CURVE_WITH_KNOTS((2,2),(0.,1.),.PIECEWISE_BEZIER_KNOTS.)
CURVE()
GEOMETRIC_REPRESENTATION_ITEM()
RATIONAL_B_SPLINE_CURVE((1.,1.))
REPRESENTATION_ITEM('')
);
#201=(
BOUNDED_CURVE()
B_SPLINE_CURVE(2,(#3482,#3483,#3484,#3485,#3486,#3487,#3488,#3489,#3490,
#3491,#3492,#3493,#3494,#3495,#3496,#3497,#3498,#3499,#3500,#3501,#3502,
#3503,#3504,#3505,#3506,#3507,#3508,#3509,#3510,#3511,#3512,#3513,#3514,
#3515,#3516,#3517,#3518,#3519,#3520,#3521,#3522,#3523,#3524,#3525,#3526,
#3527,#3528,#3529,#3530,#3531,#3532,#3533,#3534,#3535,#3536,#3537,#3538,
#3539,#3540,#3541,#3542,#3543,#3544,#3545,#3546,#3547,#3548,#3549,#3550,
#3551,#3552,#3553,#3554),.UNSPECIFIED.,.F.,.F.)
B_SPLINE_CURVE_WITH_KNOTS((3,2,2,2,2,2,2,2,2,2,2,2,2,2,2,2,2,2,2,2,2,2,
2,2,2,2,2,2,2,2,2,2,2,2,2,2,3),(0.,0.0277777777777778,0.0555555555555556,
0.0833333333333333,0.111111111111111,0.138888888888889,0.166666666666667,
0.194444444444445,0.222222222222222,0.25,0.277777777777778,0.305555555555555,
0.333333333333334,0.361111111111111,0.388888888888889,0.416666666666667,
0.444444444444444,0.472222222222222,0.5,0.527777777777778,0.555555555555556,
0.583333333333333,0.611111111111111,0.638888888888889,0.666666666666667,
0.694444444444444,0.722222222222222,0.75,0.777777777777778,0.805555555555556,
0.833333333333333,0.861111111111111,0.888888888888889,0.916666666666667,
0.944444444444444,0.972222222222222,1.),.UNSPECIFIED.)
CURVE()
GEOMETRIC_REPRESENTATION_ITEM()
RATIONAL_B_SPLINE_CURVE((1.,0.866025403784439,1.,0.866025403784439,1.,0.866025403784439,
1.,0.866025403784439,1.,0.866025403784439,1.,0.866025403784439,1.,0.866025403784439,
1.,0.866025403784439,1.,0.866025403784439,1.,0.866025403784439,1.,0.866025403784439,
1.,0.866025403784439,1.,0.866025403784439,1.,0.866025403784439,1.,0.866025403784439,
1.,0.866025403784439,1.,0.866025403784439,1.,0.866025403784439,1.,0.866025403784439,
1.,0.866025403784439,1.,0.866025403784439,1.,0.866025403784439,1.,0.866025403784439,
1.,0.866025403784439,1.,0.866025403784439,1.,0.866025403784439,1.,0.866025403784439,
1.,0.866025403784439,1.,0.866025403784439,1.,0.866025403784439,1.,0.866025403784439,
1.,0.866025403784439,1.,0.866025403784439,1.,0.866025403784439,1.,0.866025403784439,
1.,0.866025403784439,1.))
REPRESENTATION_ITEM('')
);
#202=(
BOUNDED_CURVE()
B_SPLINE_CURVE(1,(#3557,#3558),.UNSPECIFIED.,.F.,.F.)
B_SPLINE_CURVE_WITH_KNOTS((2,2),(0.,1.),.PIECEWISE_BEZIER_KNOTS.)
CURVE()
GEOMETRIC_REPRESENTATION_ITEM()
RATIONAL_B_SPLINE_CURVE((1.,1.))
REPRESENTATION_ITEM('')
);
#203=(
BOUNDED_CURVE()
B_SPLINE_CURVE(2,(#3560,#3561,#3562,#3563,#3564,#3565,#3566,#3567,#3568,
#3569,#3570,#3571,#3572,#3573,#3574,#3575,#3576,#3577,#3578,#3579,#3580,
#3581,#3582,#3583,#3584,#3585,#3586,#3587,#3588,#3589,#3590,#3591,#3592,
#3593,#3594,#3595,#3596,#3597,#3598,#3599,#3600,#3601,#3602,#3603,#3604,
#3605,#3606,#3607,#3608,#3609,#3610,#3611,#3612,#3613,#3614,#3615,#3616,
#3617,#3618,#3619,#3620,#3621,#3622,#3623,#3624,#3625,#3626,#3627,#3628,
#3629,#3630,#3631,#3632),.UNSPECIFIED.,.F.,.F.)
B_SPLINE_CURVE_WITH_KNOTS((3,2,2,2,2,2,2,2,2,2,2,2,2,2,2,2,2,2,2,2,2,2,
2,2,2,2,2,2,2,2,2,2,2,2,2,2,3),(0.,0.0277777777777778,0.0555555555555556,
0.0833333333333333,0.111111111111111,0.138888888888889,0.166666666666667,
0.194444444444445,0.222222222222222,0.25,0.277777777777778,0.305555555555555,
0.333333333333334,0.361111111111111,0.388888888888889,0.416666666666667,
0.444444444444444,0.472222222222222,0.5,0.527777777777778,0.555555555555556,
0.583333333333333,0.611111111111111,0.638888888888889,0.666666666666667,
0.694444444444444,0.722222222222222,0.75,0.777777777777778,0.805555555555556,
0.833333333333333,0.861111111111111,0.888888888888889,0.916666666666667,
0.944444444444444,0.972222222222222,1.),.UNSPECIFIED.)
CURVE()
GEOMETRIC_REPRESENTATION_ITEM()
RATIONAL_B_SPLINE_CURVE((1.,0.866025403784439,1.,0.866025403784439,1.,0.866025403784439,
1.,0.866025403784439,1.,0.866025403784439,1.,0.866025403784439,1.,0.866025403784439,
1.,0.866025403784439,1.,0.866025403784439,1.,0.866025403784439,1.,0.866025403784439,
1.,0.866025403784439,1.,0.866025403784439,1.,0.866025403784439,1.,0.866025403784439,
1.,0.866025403784439,1.,0.866025403784439,1.,0.866025403784439,1.,0.866025403784439,
1.,0.866025403784439,1.,0.866025403784439,1.,0.866025403784439,1.,0.866025403784439,
1.,0.866025403784439,1.,0.866025403784439,1.,0.866025403784439,1.,0.866025403784439,
1.,0.866025403784439,1.,0.866025403784439,1.,0.866025403784439,1.,0.866025403784439,
1.,0.866025403784439,1.,0.866025403784439,1.,0.866025403784439,1.,0.866025403784439,
1.,0.866025403784439,1.))
REPRESENTATION_ITEM('')
);
#204=(
BOUNDED_CURVE()
B_SPLINE_CURVE(1,(#3634,#3635),.UNSPECIFIED.,.F.,.F.)
B_SPLINE_CURVE_WITH_KNOTS((2,2),(0.,1.),.PIECEWISE_BEZIER_KNOTS.)
CURVE()
GEOMETRIC_REPRESENTATION_ITEM()
RATIONAL_B_SPLINE_CURVE((1.,1.))
REPRESENTATION_ITEM('')
);
#205=(
BOUNDED_CURVE()
B_SPLINE_CURVE(2,(#3644,#3645,#3646,#3647,#3648,#3649,#3650,#3651,#3652,
#3653,#3654,#3655,#3656,#3657,#3658,#3659,#3660,#3661,#3662,#3663,#3664,
#3665,#3666,#3667,#3668,#3669,#3670,#3671,#3672,#3673,#3674,#3675,#3676,
#3677,#3678,#3679,#3680,#3681,#3682,#3683,#3684,#3685,#3686,#3687,#3688,
#3689,#3690,#3691,#3692,#3693,#3694,#3695,#3696,#3697,#3698,#3699,#3700,
#3701,#3702,#3703,#3704,#3705,#3706,#3707,#3708,#3709,#3710,#3711,#3712,
#3713,#3714,#3715,#3716),.UNSPECIFIED.,.F.,.F.)
B_SPLINE_CURVE_WITH_KNOTS((3,2,2,2,2,2,2,2,2,2,2,2,2,2,2,2,2,2,2,2,2,2,
2,2,2,2,2,2,2,2,2,2,2,2,2,2,3),(0.,0.0277777777777778,0.0555555555555556,
0.0833333333333333,0.111111111111111,0.138888888888889,0.166666666666667,
0.194444444444445,0.222222222222222,0.25,0.277777777777778,0.305555555555555,
0.333333333333334,0.361111111111111,0.388888888888889,0.416666666666667,
0.444444444444444,0.472222222222222,0.5,0.527777777777778,0.555555555555556,
0.583333333333333,0.611111111111111,0.638888888888889,0.666666666666667,
0.694444444444444,0.722222222222222,0.75,0.777777777777778,0.805555555555556,
0.833333333333333,0.861111111111111,0.888888888888889,0.916666666666667,
0.944444444444444,0.972222222222222,1.),.UNSPECIFIED.)
CURVE()
GEOMETRIC_REPRESENTATION_ITEM()
RATIONAL_B_SPLINE_CURVE((1.,0.866025403784439,1.,0.866025403784439,1.,0.866025403784439,
1.,0.866025403784439,1.,0.866025403784439,1.,0.866025403784439,1.,0.866025403784439,
1.,0.866025403784439,1.,0.866025403784439,1.,0.866025403784439,1.,0.866025403784439,
1.,0.866025403784439,1.,0.866025403784439,1.,0.866025403784439,1.,0.866025403784439,
1.,0.866025403784439,1.,0.866025403784439,1.,0.866025403784439,1.,0.866025403784439,
1.,0.866025403784439,1.,0.866025403784439,1.,0.866025403784439,1.,0.866025403784439,
1.,0.866025403784439,1.,0.866025403784439,1.,0.866025403784439,1.,0.866025403784439,
1.,0.866025403784439,1.,0.866025403784439,1.,0.866025403784439,1.,0.866025403784439,
1.,0.866025403784439,1.,0.866025403784439,1.,0.866025403784439,1.,0.866025403784439,
1.,0.866025403784439,1.))
REPRESENTATION_ITEM('')
);
#206=(
BOUNDED_CURVE()
B_SPLINE_CURVE(1,(#3719,#3720),.UNSPECIFIED.,.F.,.F.)
B_SPLINE_CURVE_WITH_KNOTS((2,2),(0.,1.),.PIECEWISE_BEZIER_KNOTS.)
CURVE()
GEOMETRIC_REPRESENTATION_ITEM()
RATIONAL_B_SPLINE_CURVE((1.,1.))
REPRESENTATION_ITEM('')
);
#207=(
BOUNDED_CURVE()
B_SPLINE_CURVE(2,(#3722,#3723,#3724,#3725,#3726,#3727,#3728,#3729,#3730,
#3731,#3732,#3733,#3734,#3735,#3736,#3737,#3738,#3739,#3740,#3741,#3742,
#3743,#3744,#3745,#3746,#3747,#3748,#3749,#3750,#3751,#3752,#3753,#3754,
#3755,#3756,#3757,#3758,#3759,#3760,#3761,#3762,#3763,#3764,#3765,#3766,
#3767,#3768,#3769,#3770,#3771,#3772,#3773,#3774,#3775,#3776,#3777,#3778,
#3779,#3780,#3781,#3782,#3783,#3784,#3785,#3786,#3787,#3788,#3789,#3790,
#3791,#3792,#3793,#3794),.UNSPECIFIED.,.F.,.F.)
B_SPLINE_CURVE_WITH_KNOTS((3,2,2,2,2,2,2,2,2,2,2,2,2,2,2,2,2,2,2,2,2,2,
2,2,2,2,2,2,2,2,2,2,2,2,2,2,3),(0.,0.0277777777777778,0.0555555555555556,
0.0833333333333333,0.111111111111111,0.138888888888889,0.166666666666667,
0.194444444444445,0.222222222222222,0.25,0.277777777777778,0.305555555555555,
0.333333333333334,0.361111111111111,0.388888888888889,0.416666666666667,
0.444444444444444,0.472222222222222,0.5,0.527777777777778,0.555555555555556,
0.583333333333333,0.611111111111111,0.638888888888889,0.666666666666667,
0.694444444444444,0.722222222222222,0.75,0.777777777777778,0.805555555555556,
0.833333333333333,0.861111111111111,0.888888888888889,0.916666666666667,
0.944444444444444,0.972222222222222,1.),.UNSPECIFIED.)
CURVE()
GEOMETRIC_REPRESENTATION_ITEM()
RATIONAL_B_SPLINE_CURVE((1.,0.866025403784439,1.,0.866025403784439,1.,0.866025403784439,
1.,0.866025403784439,1.,0.866025403784439,1.,0.866025403784439,1.,0.866025403784439,
1.,0.866025403784439,1.,0.866025403784439,1.,0.866025403784439,1.,0.866025403784439,
1.,0.866025403784439,1.,0.866025403784439,1.,0.866025403784439,1.,0.866025403784439,
1.,0.866025403784439,1.,0.866025403784439,1.,0.866025403784439,1.,0.866025403784439,
1.,0.866025403784439,1.,0.866025403784439,1.,0.866025403784439,1.,0.866025403784439,
1.,0.866025403784439,1.,0.866025403784439,1.,0.866025403784439,1.,0.866025403784439,
1.,0.866025403784439,1.,0.866025403784439,1.,0.866025403784439,1.,0.866025403784439,
1.,0.866025403784439,1.,0.866025403784439,1.,0.866025403784439,1.,0.866025403784439,
1.,0.866025403784439,1.))
REPRESENTATION_ITEM('')
);
#208=(
BOUNDED_CURVE()
B_SPLINE_CURVE(1,(#3796,#3797),.UNSPECIFIED.,.F.,.F.)
B_SPLINE_CURVE_WITH_KNOTS((2,2),(0.,1.),.PIECEWISE_BEZIER_KNOTS.)
CURVE()
GEOMETRIC_REPRESENTATION_ITEM()
RATIONAL_B_SPLINE_CURVE((1.,1.))
REPRESENTATION_ITEM('')
);
#209=(
BOUNDED_CURVE()
B_SPLINE_CURVE(2,(#3835,#3836,#3837,#3838,#3839,#3840,#3841,#3842,#3843,
#3844,#3845,#3846,#3847,#3848,#3849,#3850,#3851,#3852,#3853,#3854,#3855,
#3856,#3857,#3858,#3859,#3860,#3861,#3862,#3863,#3864,#3865,#3866,#3867,
#3868,#3869,#3870,#3871,#3872,#3873,#3874,#3875,#3876,#3877,#3878,#3879,
#3880,#3881,#3882,#3883,#3884,#3885,#3886,#3887,#3888,#3889,#3890,#3891,
#3892,#3893,#3894,#3895,#3896,#3897,#3898,#3899,#3900,#3901,#3902,#3903,
#3904,#3905,#3906,#3907),.UNSPECIFIED.,.F.,.F.)
B_SPLINE_CURVE_WITH_KNOTS((3,2,2,2,2,2,2,2,2,2,2,2,2,2,2,2,2,2,2,2,2,2,
2,2,2,2,2,2,2,2,2,2,2,2,2,2,3),(0.,0.0277777777777778,0.0555555555555556,
0.0833333333333333,0.111111111111111,0.138888888888889,0.166666666666667,
0.194444444444445,0.222222222222222,0.25,0.277777777777778,0.305555555555555,
0.333333333333334,0.361111111111111,0.388888888888889,0.416666666666667,
0.444444444444444,0.472222222222222,0.5,0.527777777777778,0.555555555555556,
0.583333333333333,0.611111111111111,0.638888888888889,0.666666666666667,
0.694444444444444,0.722222222222222,0.75,0.777777777777778,0.805555555555556,
0.833333333333333,0.861111111111111,0.888888888888889,0.916666666666667,
0.944444444444444,0.972222222222222,1.),.UNSPECIFIED.)
CURVE()
GEOMETRIC_REPRESENTATION_ITEM()
RATIONAL_B_SPLINE_CURVE((1.,0.866025403784439,1.,0.866025403784439,1.,0.866025403784439,
1.,0.866025403784439,1.,0.866025403784439,1.,0.866025403784439,1.,0.866025403784439,
1.,0.866025403784439,1.,0.866025403784439,1.,0.866025403784439,1.,0.866025403784439,
1.,0.866025403784439,1.,0.866025403784439,1.,0.866025403784439,1.,0.866025403784439,
1.,0.866025403784439,1.,0.866025403784439,1.,0.866025403784439,1.,0.866025403784439,
1.,0.866025403784439,1.,0.866025403784439,1.,0.866025403784439,1.,0.866025403784439,
1.,0.866025403784439,1.,0.866025403784439,1.,0.866025403784439,1.,0.866025403784439,
1.,0.866025403784439,1.,0.866025403784439,1.,0.866025403784439,1.,0.866025403784439,
1.,0.866025403784439,1.,0.866025403784439,1.,0.866025403784439,1.,0.866025403784439,
1.,0.866025403784439,1.))
REPRESENTATION_ITEM('')
);
#210=(
BOUNDED_CURVE()
B_SPLINE_CURVE(2,(#3916,#3917,#3918,#3919,#3920,#3921,#3922,#3923,#3924,
#3925,#3926,#3927,#3928,#3929,#3930,#3931,#3932,#3933,#3934,#3935,#3936,
#3937,#3938,#3939,#3940,#3941,#3942,#3943,#3944,#3945,#3946,#3947,#3948,
#3949,#3950,#3951,#3952,#3953,#3954,#3955,#3956,#3957,#3958,#3959,#3960,
#3961,#3962,#3963,#3964,#3965,#3966,#3967,#3968,#3969,#3970,#3971,#3972,
#3973,#3974,#3975,#3976,#3977,#3978,#3979,#3980,#3981,#3982,#3983,#3984,
#3985,#3986,#3987,#3988),.UNSPECIFIED.,.F.,.F.)
B_SPLINE_CURVE_WITH_KNOTS((3,2,2,2,2,2,2,2,2,2,2,2,2,2,2,2,2,2,2,2,2,2,
2,2,2,2,2,2,2,2,2,2,2,2,2,2,3),(0.,0.0277777777777778,0.0555555555555556,
0.0833333333333333,0.111111111111111,0.138888888888889,0.166666666666667,
0.194444444444445,0.222222222222222,0.25,0.277777777777778,0.305555555555555,
0.333333333333334,0.361111111111111,0.388888888888889,0.416666666666667,
0.444444444444444,0.472222222222222,0.5,0.527777777777778,0.555555555555556,
0.583333333333333,0.611111111111111,0.638888888888889,0.666666666666667,
0.694444444444444,0.722222222222222,0.75,0.777777777777778,0.805555555555556,
0.833333333333333,0.861111111111111,0.888888888888889,0.916666666666667,
0.944444444444444,0.972222222222222,1.),.UNSPECIFIED.)
CURVE()
GEOMETRIC_REPRESENTATION_ITEM()
RATIONAL_B_SPLINE_CURVE((1.,0.866025403784439,1.,0.866025403784439,1.,0.866025403784439,
1.,0.866025403784439,1.,0.866025403784439,1.,0.866025403784439,1.,0.866025403784439,
1.,0.866025403784439,1.,0.866025403784439,1.,0.866025403784439,1.,0.866025403784439,
1.,0.866025403784439,1.,0.866025403784439,1.,0.866025403784439,1.,0.866025403784439,
1.,0.866025403784439,1.,0.866025403784439,1.,0.866025403784439,1.,0.866025403784439,
1.,0.866025403784439,1.,0.866025403784439,1.,0.866025403784439,1.,0.866025403784439,
1.,0.866025403784439,1.,0.866025403784439,1.,0.866025403784439,1.,0.866025403784439,
1.,0.866025403784439,1.,0.866025403784439,1.,0.866025403784439,1.,0.866025403784439,
1.,0.866025403784439,1.,0.866025403784439,1.,0.866025403784439,1.,0.866025403784439,
1.,0.866025403784439,1.))
REPRESENTATION_ITEM('')
);
#211=(
BOUNDED_CURVE()
B_SPLINE_CURVE(2,(#3989,#3990,#3991,#3992,#3993,#3994,#3995,#3996,#3997,
#3998,#3999,#4000,#4001,#4002,#4003,#4004,#4005,#4006,#4007,#4008,#4009,
#4010,#4011,#4012,#4013,#4014,#4015,#4016,#4017,#4018,#4019,#4020,#4021,
#4022,#4023,#4024,#4025,#4026,#4027,#4028,#4029,#4030,#4031,#4032,#4033,
#4034,#4035,#4036,#4037,#4038,#4039,#4040,#4041,#4042,#4043,#4044,#4045,
#4046,#4047,#4048,#4049,#4050,#4051,#4052,#4053,#4054,#4055,#4056,#4057,
#4058,#4059,#4060,#4061),.UNSPECIFIED.,.F.,.F.)
B_SPLINE_CURVE_WITH_KNOTS((3,2,2,2,2,2,2,2,2,2,2,2,2,2,2,2,2,2,2,2,2,2,
2,2,2,2,2,2,2,2,2,2,2,2,2,2,3),(0.,0.0277777777777778,0.0555555555555556,
0.0833333333333333,0.111111111111111,0.138888888888889,0.166666666666667,
0.194444444444445,0.222222222222222,0.25,0.277777777777778,0.305555555555555,
0.333333333333334,0.361111111111111,0.388888888888889,0.416666666666667,
0.444444444444444,0.472222222222222,0.5,0.527777777777778,0.555555555555556,
0.583333333333333,0.611111111111111,0.638888888888889,0.666666666666667,
0.694444444444444,0.722222222222222,0.75,0.777777777777778,0.805555555555556,
0.833333333333333,0.861111111111111,0.888888888888889,0.916666666666667,
0.944444444444444,0.972222222222222,1.),.UNSPECIFIED.)
CURVE()
GEOMETRIC_REPRESENTATION_ITEM()
RATIONAL_B_SPLINE_CURVE((1.,0.866025403784439,1.,0.866025403784439,1.,0.866025403784439,
1.,0.866025403784439,1.,0.866025403784439,1.,0.866025403784439,1.,0.866025403784439,
1.,0.866025403784439,1.,0.866025403784439,1.,0.866025403784439,1.,0.866025403784439,
1.,0.866025403784439,1.,0.866025403784439,1.,0.866025403784439,1.,0.866025403784439,
1.,0.866025403784439,1.,0.866025403784439,1.,0.866025403784439,1.,0.866025403784439,
1.,0.866025403784439,1.,0.866025403784439,1.,0.866025403784439,1.,0.866025403784439,
1.,0.866025403784439,1.,0.866025403784439,1.,0.866025403784439,1.,0.866025403784439,
1.,0.866025403784439,1.,0.866025403784439,1.,0.866025403784439,1.,0.866025403784439,
1.,0.866025403784439,1.,0.866025403784439,1.,0.866025403784439,1.,0.866025403784439,
1.,0.866025403784439,1.))
REPRESENTATION_ITEM('')
);
#212=(
BOUNDED_CURVE()
B_SPLINE_CURVE(2,(#4070,#4071,#4072,#4073,#4074,#4075,#4076,#4077,#4078,
#4079,#4080,#4081,#4082,#4083,#4084,#4085,#4086,#4087,#4088,#4089,#4090,
#4091,#4092,#4093,#4094,#4095,#4096,#4097,#4098,#4099,#4100,#4101,#4102,
#4103,#4104,#4105,#4106,#4107,#4108,#4109,#4110,#4111,#4112,#4113,#4114,
#4115,#4116,#4117,#4118,#4119,#4120,#4121,#4122,#4123,#4124,#4125,#4126,
#4127,#4128,#4129,#4130,#4131,#4132,#4133,#4134,#4135,#4136,#4137,#4138,
#4139,#4140,#4141,#4142),.UNSPECIFIED.,.F.,.F.)
B_SPLINE_CURVE_WITH_KNOTS((3,2,2,2,2,2,2,2,2,2,2,2,2,2,2,2,2,2,2,2,2,2,
2,2,2,2,2,2,2,2,2,2,2,2,2,2,3),(0.,0.0277777777777778,0.0555555555555556,
0.0833333333333333,0.111111111111111,0.138888888888889,0.166666666666667,
0.194444444444445,0.222222222222222,0.25,0.277777777777778,0.305555555555555,
0.333333333333334,0.361111111111111,0.388888888888889,0.416666666666667,
0.444444444444444,0.472222222222222,0.5,0.527777777777778,0.555555555555556,
0.583333333333333,0.611111111111111,0.638888888888889,0.666666666666667,
0.694444444444444,0.722222222222222,0.75,0.777777777777778,0.805555555555556,
0.833333333333333,0.861111111111111,0.888888888888889,0.916666666666667,
0.944444444444444,0.972222222222222,1.),.UNSPECIFIED.)
CURVE()
GEOMETRIC_REPRESENTATION_ITEM()
RATIONAL_B_SPLINE_CURVE((1.,0.866025403784439,1.,0.866025403784439,1.,0.866025403784439,
1.,0.866025403784439,1.,0.866025403784439,1.,0.866025403784439,1.,0.866025403784439,
1.,0.866025403784439,1.,0.866025403784439,1.,0.866025403784439,1.,0.866025403784439,
1.,0.866025403784439,1.,0.866025403784439,1.,0.866025403784439,1.,0.866025403784439,
1.,0.866025403784439,1.,0.866025403784439,1.,0.866025403784439,1.,0.866025403784439,
1.,0.866025403784439,1.,0.866025403784439,1.,0.866025403784439,1.,0.866025403784439,
1.,0.866025403784439,1.,0.866025403784439,1.,0.866025403784439,1.,0.866025403784439,
1.,0.866025403784439,1.,0.866025403784439,1.,0.866025403784439,1.,0.866025403784439,
1.,0.866025403784439,1.,0.866025403784439,1.,0.866025403784439,1.,0.866025403784439,
1.,0.866025403784439,1.))
REPRESENTATION_ITEM('')
);
#213=(
BOUNDED_CURVE()
B_SPLINE_CURVE(2,(#4143,#4144,#4145,#4146,#4147,#4148,#4149,#4150,#4151,
#4152,#4153,#4154,#4155,#4156,#4157,#4158,#4159,#4160,#4161,#4162,#4163,
#4164,#4165,#4166,#4167,#4168,#4169,#4170,#4171,#4172,#4173,#4174,#4175,
#4176,#4177,#4178,#4179,#4180,#4181,#4182,#4183,#4184,#4185,#4186,#4187,
#4188,#4189,#4190,#4191,#4192,#4193,#4194,#4195,#4196,#4197,#4198,#4199,
#4200,#4201,#4202,#4203,#4204,#4205,#4206,#4207,#4208,#4209,#4210,#4211,
#4212,#4213,#4214,#4215),.UNSPECIFIED.,.F.,.F.)
B_SPLINE_CURVE_WITH_KNOTS((3,2,2,2,2,2,2,2,2,2,2,2,2,2,2,2,2,2,2,2,2,2,
2,2,2,2,2,2,2,2,2,2,2,2,2,2,3),(0.,0.0277777777777778,0.0555555555555556,
0.0833333333333333,0.111111111111111,0.138888888888889,0.166666666666667,
0.194444444444445,0.222222222222222,0.25,0.277777777777778,0.305555555555555,
0.333333333333334,0.361111111111111,0.388888888888889,0.416666666666667,
0.444444444444444,0.472222222222222,0.5,0.527777777777778,0.555555555555556,
0.583333333333333,0.611111111111111,0.638888888888889,0.666666666666667,
0.694444444444444,0.722222222222222,0.75,0.777777777777778,0.805555555555556,
0.833333333333333,0.861111111111111,0.888888888888889,0.916666666666667,
0.944444444444444,0.972222222222222,1.),.UNSPECIFIED.)
CURVE()
GEOMETRIC_REPRESENTATION_ITEM()
RATIONAL_B_SPLINE_CURVE((1.,0.866025403784439,1.,0.866025403784439,1.,0.866025403784439,
1.,0.866025403784439,1.,0.866025403784439,1.,0.866025403784439,1.,0.866025403784439,
1.,0.866025403784439,1.,0.866025403784439,1.,0.866025403784439,1.,0.866025403784439,
1.,0.866025403784439,1.,0.866025403784439,1.,0.866025403784439,1.,0.866025403784439,
1.,0.866025403784439,1.,0.866025403784439,1.,0.866025403784439,1.,0.866025403784439,
1.,0.866025403784439,1.,0.866025403784439,1.,0.866025403784439,1.,0.866025403784439,
1.,0.866025403784439,1.,0.866025403784439,1.,0.866025403784439,1.,0.866025403784439,
1.,0.866025403784439,1.,0.866025403784439,1.,0.866025403784439,1.,0.866025403784439,
1.,0.866025403784439,1.,0.866025403784439,1.,0.866025403784439,1.,0.866025403784439,
1.,0.866025403784439,1.))
REPRESENTATION_ITEM('')
);
#214=(
BOUNDED_CURVE()
B_SPLINE_CURVE(2,(#4224,#4225,#4226,#4227,#4228,#4229,#4230,#4231,#4232,
#4233,#4234,#4235,#4236,#4237,#4238,#4239,#4240,#4241,#4242,#4243,#4244,
#4245,#4246,#4247,#4248,#4249,#4250,#4251,#4252,#4253,#4254,#4255,#4256,
#4257,#4258,#4259,#4260,#4261,#4262,#4263,#4264,#4265,#4266,#4267,#4268,
#4269,#4270,#4271,#4272,#4273,#4274,#4275,#4276,#4277,#4278,#4279,#4280,
#4281,#4282,#4283,#4284,#4285,#4286,#4287,#4288,#4289,#4290,#4291,#4292,
#4293,#4294,#4295,#4296),.UNSPECIFIED.,.F.,.F.)
B_SPLINE_CURVE_WITH_KNOTS((3,2,2,2,2,2,2,2,2,2,2,2,2,2,2,2,2,2,2,2,2,2,
2,2,2,2,2,2,2,2,2,2,2,2,2,2,3),(0.,0.0277777777777778,0.0555555555555556,
0.0833333333333333,0.111111111111111,0.138888888888889,0.166666666666667,
0.194444444444445,0.222222222222222,0.25,0.277777777777778,0.305555555555555,
0.333333333333334,0.361111111111111,0.388888888888889,0.416666666666667,
0.444444444444444,0.472222222222222,0.5,0.527777777777778,0.555555555555556,
0.583333333333333,0.611111111111111,0.638888888888889,0.666666666666667,
0.694444444444444,0.722222222222222,0.75,0.777777777777778,0.805555555555556,
0.833333333333333,0.861111111111111,0.888888888888889,0.916666666666667,
0.944444444444444,0.972222222222222,1.),.UNSPECIFIED.)
CURVE()
GEOMETRIC_REPRESENTATION_ITEM()
RATIONAL_B_SPLINE_CURVE((1.,0.866025403784439,1.,0.866025403784439,1.,0.866025403784439,
1.,0.866025403784439,1.,0.866025403784439,1.,0.866025403784439,1.,0.866025403784439,
1.,0.866025403784439,1.,0.866025403784439,1.,0.866025403784439,1.,0.866025403784439,
1.,0.866025403784439,1.,0.866025403784439,1.,0.866025403784439,1.,0.866025403784439,
1.,0.866025403784439,1.,0.866025403784439,1.,0.866025403784439,1.,0.866025403784439,
1.,0.866025403784439,1.,0.866025403784439,1.,0.866025403784439,1.,0.866025403784439,
1.,0.866025403784439,1.,0.866025403784439,1.,0.866025403784439,1.,0.866025403784439,
1.,0.866025403784439,1.,0.866025403784439,1.,0.866025403784439,1.,0.866025403784439,
1.,0.866025403784439,1.,0.866025403784439,1.,0.866025403784439,1.,0.866025403784439,
1.,0.866025403784439,1.))
REPRESENTATION_ITEM('')
);
#215=(
BOUNDED_CURVE()
B_SPLINE_CURVE(2,(#4297,#4298,#4299,#4300,#4301,#4302,#4303,#4304,#4305,
#4306,#4307,#4308,#4309,#4310,#4311,#4312,#4313,#4314,#4315,#4316,#4317,
#4318,#4319,#4320,#4321,#4322,#4323,#4324,#4325,#4326,#4327,#4328,#4329,
#4330,#4331,#4332,#4333,#4334,#4335,#4336,#4337,#4338,#4339,#4340,#4341,
#4342,#4343,#4344,#4345,#4346,#4347,#4348,#4349,#4350,#4351,#4352,#4353,
#4354,#4355,#4356,#4357,#4358,#4359,#4360,#4361,#4362,#4363,#4364,#4365,
#4366,#4367,#4368,#4369),.UNSPECIFIED.,.F.,.F.)
B_SPLINE_CURVE_WITH_KNOTS((3,2,2,2,2,2,2,2,2,2,2,2,2,2,2,2,2,2,2,2,2,2,
2,2,2,2,2,2,2,2,2,2,2,2,2,2,3),(0.,0.0277777777777778,0.0555555555555556,
0.0833333333333333,0.111111111111111,0.138888888888889,0.166666666666667,
0.194444444444445,0.222222222222222,0.25,0.277777777777778,0.305555555555555,
0.333333333333334,0.361111111111111,0.388888888888889,0.416666666666667,
0.444444444444444,0.472222222222222,0.5,0.527777777777778,0.555555555555556,
0.583333333333333,0.611111111111111,0.638888888888889,0.666666666666667,
0.694444444444444,0.722222222222222,0.75,0.777777777777778,0.805555555555556,
0.833333333333333,0.861111111111111,0.888888888888889,0.916666666666667,
0.944444444444444,0.972222222222222,1.),.UNSPECIFIED.)
CURVE()
GEOMETRIC_REPRESENTATION_ITEM()
RATIONAL_B_SPLINE_CURVE((1.,0.866025403784439,1.,0.866025403784439,1.,0.866025403784439,
1.,0.866025403784439,1.,0.866025403784439,1.,0.866025403784439,1.,0.866025403784439,
1.,0.866025403784439,1.,0.866025403784439,1.,0.866025403784439,1.,0.866025403784439,
1.,0.866025403784439,1.,0.866025403784439,1.,0.866025403784439,1.,0.866025403784439,
1.,0.866025403784439,1.,0.866025403784439,1.,0.866025403784439,1.,0.866025403784439,
1.,0.866025403784439,1.,0.866025403784439,1.,0.866025403784439,1.,0.866025403784439,
1.,0.866025403784439,1.,0.866025403784439,1.,0.866025403784439,1.,0.866025403784439,
1.,0.866025403784439,1.,0.866025403784439,1.,0.866025403784439,1.,0.866025403784439,
1.,0.866025403784439,1.,0.866025403784439,1.,0.866025403784439,1.,0.866025403784439,
1.,0.866025403784439,1.))
REPRESENTATION_ITEM('')
);
#216=(
BOUNDED_CURVE()
B_SPLINE_CURVE(2,(#4497,#4498,#4499,#4500,#4501,#4502,#4503,#4504,#4505,
#4506,#4507,#4508,#4509,#4510,#4511,#4512,#4513,#4514,#4515,#4516,#4517,
#4518,#4519,#4520,#4521,#4522,#4523,#4524,#4525,#4526,#4527,#4528,#4529,
#4530,#4531,#4532,#4533,#4534,#4535,#4536,#4537,#4538,#4539,#4540,#4541,
#4542,#4543,#4544,#4545,#4546,#4547,#4548,#4549,#4550,#4551,#4552,#4553,
#4554,#4555,#4556,#4557,#4558,#4559,#4560,#4561,#4562,#4563,#4564,#4565,
#4566,#4567,#4568,#4569),.UNSPECIFIED.,.F.,.F.)
B_SPLINE_CURVE_WITH_KNOTS((3,2,2,2,2,2,2,2,2,2,2,2,2,2,2,2,2,2,2,2,2,2,
2,2,2,2,2,2,2,2,2,2,2,2,2,2,3),(0.,0.0277777777777778,0.0555555555555556,
0.0833333333333333,0.111111111111111,0.138888888888889,0.166666666666667,
0.194444444444445,0.222222222222222,0.25,0.277777777777778,0.305555555555555,
0.333333333333334,0.361111111111111,0.388888888888889,0.416666666666667,
0.444444444444444,0.472222222222222,0.5,0.527777777777778,0.555555555555556,
0.583333333333333,0.611111111111111,0.638888888888889,0.666666666666667,
0.694444444444444,0.722222222222222,0.75,0.777777777777778,0.805555555555556,
0.833333333333333,0.861111111111111,0.888888888888889,0.916666666666667,
0.944444444444444,0.972222222222222,1.),.UNSPECIFIED.)
CURVE()
GEOMETRIC_REPRESENTATION_ITEM()
RATIONAL_B_SPLINE_CURVE((1.,0.866025403784439,1.,0.866025403784439,1.,0.866025403784439,
1.,0.866025403784439,1.,0.866025403784439,1.,0.866025403784439,1.,0.866025403784439,
1.,0.866025403784439,1.,0.866025403784439,1.,0.866025403784439,1.,0.866025403784439,
1.,0.866025403784439,1.,0.866025403784439,1.,0.866025403784439,1.,0.866025403784439,
1.,0.866025403784439,1.,0.866025403784439,1.,0.866025403784439,1.,0.866025403784439,
1.,0.866025403784439,1.,0.866025403784439,1.,0.866025403784439,1.,0.866025403784439,
1.,0.866025403784439,1.,0.866025403784439,1.,0.866025403784439,1.,0.866025403784439,
1.,0.866025403784439,1.,0.866025403784439,1.,0.866025403784439,1.,0.866025403784439,
1.,0.866025403784439,1.,0.866025403784439,1.,0.866025403784439,1.,0.866025403784439,
1.,0.866025403784439,1.))
REPRESENTATION_ITEM('')
);
#217=(
BOUNDED_CURVE()
B_SPLINE_CURVE(2,(#4768,#4769,#4770,#4771,#4772,#4773,#4774,#4775,#4776,
#4777,#4778,#4779,#4780,#4781,#4782,#4783,#4784,#4785,#4786,#4787,#4788,
#4789,#4790,#4791,#4792,#4793,#4794,#4795,#4796,#4797,#4798,#4799,#4800,
#4801,#4802,#4803,#4804,#4805,#4806,#4807,#4808,#4809,#4810,#4811,#4812,
#4813,#4814,#4815,#4816,#4817,#4818,#4819,#4820,#4821,#4822,#4823,#4824,
#4825,#4826,#4827,#4828,#4829,#4830,#4831,#4832,#4833,#4834,#4835,#4836,
#4837,#4838,#4839,#4840),.UNSPECIFIED.,.F.,.F.)
B_SPLINE_CURVE_WITH_KNOTS((3,2,2,2,2,2,2,2,2,2,2,2,2,2,2,2,2,2,2,2,2,2,
2,2,2,2,2,2,2,2,2,2,2,2,2,2,3),(0.,0.0277777777777778,0.0555555555555556,
0.0833333333333333,0.111111111111111,0.138888888888889,0.166666666666667,
0.194444444444445,0.222222222222222,0.25,0.277777777777778,0.305555555555555,
0.333333333333334,0.361111111111111,0.388888888888889,0.416666666666667,
0.444444444444444,0.472222222222222,0.5,0.527777777777778,0.555555555555556,
0.583333333333333,0.611111111111111,0.638888888888889,0.666666666666667,
0.694444444444444,0.722222222222222,0.75,0.777777777777778,0.805555555555556,
0.833333333333333,0.861111111111111,0.888888888888889,0.916666666666667,
0.944444444444444,0.972222222222222,1.),.UNSPECIFIED.)
CURVE()
GEOMETRIC_REPRESENTATION_ITEM()
RATIONAL_B_SPLINE_CURVE((1.,0.866025403784439,1.,0.866025403784439,1.,0.866025403784439,
1.,0.866025403784439,1.,0.866025403784439,1.,0.866025403784439,1.,0.866025403784439,
1.,0.866025403784439,1.,0.866025403784439,1.,0.866025403784439,1.,0.866025403784439,
1.,0.866025403784439,1.,0.866025403784439,1.,0.866025403784439,1.,0.866025403784439,
1.,0.866025403784439,1.,0.866025403784439,1.,0.866025403784439,1.,0.866025403784439,
1.,0.866025403784439,1.,0.866025403784439,1.,0.866025403784439,1.,0.866025403784439,
1.,0.866025403784439,1.,0.866025403784439,1.,0.866025403784439,1.,0.866025403784439,
1.,0.866025403784439,1.,0.866025403784439,1.,0.866025403784439,1.,0.866025403784439,
1.,0.866025403784439,1.,0.866025403784439,1.,0.866025403784439,1.,0.866025403784439,
1.,0.866025403784439,1.))
REPRESENTATION_ITEM('')
);
#218=ORIENTED_EDGE('',*,*,#610,.F.);
#219=ORIENTED_EDGE('',*,*,#611,.T.);
#220=ORIENTED_EDGE('',*,*,#612,.T.);
#221=ORIENTED_EDGE('',*,*,#613,.F.);
#222=ORIENTED_EDGE('',*,*,#614,.T.);
#223=ORIENTED_EDGE('',*,*,#615,.T.);
#224=ORIENTED_EDGE('',*,*,#616,.F.);
#225=ORIENTED_EDGE('',*,*,#617,.F.);
#226=ORIENTED_EDGE('',*,*,#618,.T.);
#227=ORIENTED_EDGE('',*,*,#619,.T.);
#228=ORIENTED_EDGE('',*,*,#620,.T.);
#229=ORIENTED_EDGE('',*,*,#621,.F.);
#230=ORIENTED_EDGE('',*,*,#622,.F.);
#231=ORIENTED_EDGE('',*,*,#623,.T.);
#232=ORIENTED_EDGE('',*,*,#624,.F.);
#233=ORIENTED_EDGE('',*,*,#625,.F.);
#234=ORIENTED_EDGE('',*,*,#626,.T.);
#235=ORIENTED_EDGE('',*,*,#627,.T.);
#236=ORIENTED_EDGE('',*,*,#628,.T.);
#237=ORIENTED_EDGE('',*,*,#629,.F.);
#238=ORIENTED_EDGE('',*,*,#630,.F.);
#239=ORIENTED_EDGE('',*,*,#631,.T.);
#240=ORIENTED_EDGE('',*,*,#632,.T.);
#241=ORIENTED_EDGE('',*,*,#633,.F.);
#242=ORIENTED_EDGE('',*,*,#634,.F.);
#243=ORIENTED_EDGE('',*,*,#635,.T.);
#244=ORIENTED_EDGE('',*,*,#636,.T.);
#245=ORIENTED_EDGE('',*,*,#637,.F.);
#246=ORIENTED_EDGE('',*,*,#638,.F.);
#247=ORIENTED_EDGE('',*,*,#639,.T.);
#248=ORIENTED_EDGE('',*,*,#640,.T.);
#249=ORIENTED_EDGE('',*,*,#641,.F.);
#250=ORIENTED_EDGE('',*,*,#642,.F.);
#251=ORIENTED_EDGE('',*,*,#643,.T.);
#252=ORIENTED_EDGE('',*,*,#634,.T.);
#253=ORIENTED_EDGE('',*,*,#644,.F.);
#254=ORIENTED_EDGE('',*,*,#645,.F.);
#255=ORIENTED_EDGE('',*,*,#632,.F.);
#256=ORIENTED_EDGE('',*,*,#646,.T.);
#257=ORIENTED_EDGE('',*,*,#638,.T.);
#258=ORIENTED_EDGE('',*,*,#647,.F.);
#259=ORIENTED_EDGE('',*,*,#636,.F.);
#260=ORIENTED_EDGE('',*,*,#648,.T.);
#261=ORIENTED_EDGE('',*,*,#642,.T.);
#262=ORIENTED_EDGE('',*,*,#649,.F.);
#263=ORIENTED_EDGE('',*,*,#640,.F.);
#264=ORIENTED_EDGE('',*,*,#650,.T.);
#265=ORIENTED_EDGE('',*,*,#630,.T.);
#266=ORIENTED_EDGE('',*,*,#651,.F.);
#267=ORIENTED_EDGE('',*,*,#652,.T.);
#268=ORIENTED_EDGE('',*,*,#653,.T.);
#269=ORIENTED_EDGE('',*,*,#654,.T.);
#270=ORIENTED_EDGE('',*,*,#655,.T.);
#271=ORIENTED_EDGE('',*,*,#656,.T.);
#272=ORIENTED_EDGE('',*,*,#657,.F.);
#273=ORIENTED_EDGE('',*,*,#658,.F.);
#274=ORIENTED_EDGE('',*,*,#659,.T.);
#275=ORIENTED_EDGE('',*,*,#660,.F.);
#276=ORIENTED_EDGE('',*,*,#661,.F.);
#277=ORIENTED_EDGE('',*,*,#662,.F.);
#278=ORIENTED_EDGE('',*,*,#663,.T.);
#279=ORIENTED_EDGE('',*,*,#664,.F.);
#280=ORIENTED_EDGE('',*,*,#665,.F.);
#281=ORIENTED_EDGE('',*,*,#666,.F.);
#282=ORIENTED_EDGE('',*,*,#667,.T.);
#283=ORIENTED_EDGE('',*,*,#668,.F.);
#284=ORIENTED_EDGE('',*,*,#669,.F.);
#285=ORIENTED_EDGE('',*,*,#670,.T.);
#286=ORIENTED_EDGE('',*,*,#671,.T.);
#287=ORIENTED_EDGE('',*,*,#672,.F.);
#288=ORIENTED_EDGE('',*,*,#673,.F.);
#289=ORIENTED_EDGE('',*,*,#674,.T.);
#290=ORIENTED_EDGE('',*,*,#675,.T.);
#291=ORIENTED_EDGE('',*,*,#676,.F.);
#292=ORIENTED_EDGE('',*,*,#677,.F.);
#293=ORIENTED_EDGE('',*,*,#678,.T.);
#294=ORIENTED_EDGE('',*,*,#679,.T.);
#295=ORIENTED_EDGE('',*,*,#680,.F.);
#296=ORIENTED_EDGE('',*,*,#681,.F.);
#297=ORIENTED_EDGE('',*,*,#682,.T.);
#298=ORIENTED_EDGE('',*,*,#683,.T.);
#299=ORIENTED_EDGE('',*,*,#684,.F.);
#300=ORIENTED_EDGE('',*,*,#685,.F.);
#301=ORIENTED_EDGE('',*,*,#686,.F.);
#302=ORIENTED_EDGE('',*,*,#687,.F.);
#303=ORIENTED_EDGE('',*,*,#688,.T.);
#304=ORIENTED_EDGE('',*,*,#689,.F.);
#305=ORIENTED_EDGE('',*,*,#690,.F.);
#306=ORIENTED_EDGE('',*,*,#691,.F.);
#307=ORIENTED_EDGE('',*,*,#692,.T.);
#308=ORIENTED_EDGE('',*,*,#693,.F.);
#309=ORIENTED_EDGE('',*,*,#694,.F.);
#310=ORIENTED_EDGE('',*,*,#695,.T.);
#311=ORIENTED_EDGE('',*,*,#696,.T.);
#312=ORIENTED_EDGE('',*,*,#697,.F.);
#313=ORIENTED_EDGE('',*,*,#698,.F.);
#314=ORIENTED_EDGE('',*,*,#699,.T.);
#315=ORIENTED_EDGE('',*,*,#700,.T.);
#316=ORIENTED_EDGE('',*,*,#701,.F.);
#317=ORIENTED_EDGE('',*,*,#702,.F.);
#318=ORIENTED_EDGE('',*,*,#703,.T.);
#319=ORIENTED_EDGE('',*,*,#704,.T.);
#320=ORIENTED_EDGE('',*,*,#705,.F.);
#321=ORIENTED_EDGE('',*,*,#706,.F.);
#322=ORIENTED_EDGE('',*,*,#688,.F.);
#323=ORIENTED_EDGE('',*,*,#652,.F.);
#324=ORIENTED_EDGE('',*,*,#690,.T.);
#325=ORIENTED_EDGE('',*,*,#707,.F.);
#326=ORIENTED_EDGE('',*,*,#694,.T.);
#327=ORIENTED_EDGE('',*,*,#708,.F.);
#328=ORIENTED_EDGE('',*,*,#692,.F.);
#329=ORIENTED_EDGE('',*,*,#709,.F.);
#330=ORIENTED_EDGE('',*,*,#698,.T.);
#331=ORIENTED_EDGE('',*,*,#710,.F.);
#332=ORIENTED_EDGE('',*,*,#696,.F.);
#333=ORIENTED_EDGE('',*,*,#711,.T.);
#334=ORIENTED_EDGE('',*,*,#702,.T.);
#335=ORIENTED_EDGE('',*,*,#712,.F.);
#336=ORIENTED_EDGE('',*,*,#700,.F.);
#337=ORIENTED_EDGE('',*,*,#713,.T.);
#338=ORIENTED_EDGE('',*,*,#706,.T.);
#339=ORIENTED_EDGE('',*,*,#714,.F.);
#340=ORIENTED_EDGE('',*,*,#704,.F.);
#341=ORIENTED_EDGE('',*,*,#715,.T.);
#342=ORIENTED_EDGE('',*,*,#686,.T.);
#343=ORIENTED_EDGE('',*,*,#716,.F.);
#344=ORIENTED_EDGE('',*,*,#717,.F.);
#345=ORIENTED_EDGE('',*,*,#612,.F.);
#346=ORIENTED_EDGE('',*,*,#718,.T.);
#347=ORIENTED_EDGE('',*,*,#658,.T.);
#348=ORIENTED_EDGE('',*,*,#719,.T.);
#349=ORIENTED_EDGE('',*,*,#666,.T.);
#350=ORIENTED_EDGE('',*,*,#616,.T.);
#351=ORIENTED_EDGE('',*,*,#720,.T.);
#352=ORIENTED_EDGE('',*,*,#721,.T.);
#353=ORIENTED_EDGE('',*,*,#662,.T.);
#354=ORIENTED_EDGE('',*,*,#722,.T.);
#355=ORIENTED_EDGE('',*,*,#723,.T.);
#356=ORIENTED_EDGE('',*,*,#654,.F.);
#357=ORIENTED_EDGE('',*,*,#724,.F.);
#358=ORIENTED_EDGE('',*,*,#656,.F.);
#359=ORIENTED_EDGE('',*,*,#725,.T.);
#360=ORIENTED_EDGE('',*,*,#726,.F.);
#361=ORIENTED_EDGE('',*,*,#727,.F.);
#362=ORIENTED_EDGE('',*,*,#728,.T.);
#363=ORIENTED_EDGE('',*,*,#729,.F.);
#364=ORIENTED_EDGE('',*,*,#730,.T.);
#365=ORIENTED_EDGE('',*,*,#731,.F.);
#366=ORIENTED_EDGE('',*,*,#732,.T.);
#367=ORIENTED_EDGE('',*,*,#733,.T.);
#368=ORIENTED_EDGE('',*,*,#734,.T.);
#369=ORIENTED_EDGE('',*,*,#735,.F.);
#370=ORIENTED_EDGE('',*,*,#736,.F.);
#371=ORIENTED_EDGE('',*,*,#737,.F.);
#372=ORIENTED_EDGE('',*,*,#738,.F.);
#373=ORIENTED_EDGE('',*,*,#739,.T.);
#374=ORIENTED_EDGE('',*,*,#610,.T.);
#375=ORIENTED_EDGE('',*,*,#614,.F.);
#376=ORIENTED_EDGE('',*,*,#740,.F.);
#377=ORIENTED_EDGE('',*,*,#676,.T.);
#378=ORIENTED_EDGE('',*,*,#741,.T.);
#379=ORIENTED_EDGE('',*,*,#680,.T.);
#380=ORIENTED_EDGE('',*,*,#742,.T.);
#381=ORIENTED_EDGE('',*,*,#672,.T.);
#382=ORIENTED_EDGE('',*,*,#743,.T.);
#383=ORIENTED_EDGE('',*,*,#744,.T.);
#384=ORIENTED_EDGE('',*,*,#745,.T.);
#385=ORIENTED_EDGE('',*,*,#746,.F.);
#386=ORIENTED_EDGE('',*,*,#747,.F.);
#387=ORIENTED_EDGE('',*,*,#748,.T.);
#388=ORIENTED_EDGE('',*,*,#744,.F.);
#389=ORIENTED_EDGE('',*,*,#749,.F.);
#390=ORIENTED_EDGE('',*,*,#750,.T.);
#391=ORIENTED_EDGE('',*,*,#751,.T.);
#392=ORIENTED_EDGE('',*,*,#731,.T.);
#393=ORIENTED_EDGE('',*,*,#752,.F.);
#394=ORIENTED_EDGE('',*,*,#753,.T.);
#395=ORIENTED_EDGE('',*,*,#754,.T.);
#396=ORIENTED_EDGE('',*,*,#727,.T.);
#397=ORIENTED_EDGE('',*,*,#755,.F.);
#398=ORIENTED_EDGE('',*,*,#756,.F.);
#399=ORIENTED_EDGE('',*,*,#757,.F.);
#400=ORIENTED_EDGE('',*,*,#758,.T.);
#401=ORIENTED_EDGE('',*,*,#759,.F.);
#402=ORIENTED_EDGE('',*,*,#760,.F.);
#403=ORIENTED_EDGE('',*,*,#761,.T.);
#404=ORIENTED_EDGE('',*,*,#737,.T.);
#405=ORIENTED_EDGE('',*,*,#762,.F.);
#406=ORIENTED_EDGE('',*,*,#763,.F.);
#407=ORIENTED_EDGE('',*,*,#764,.T.);
#408=ORIENTED_EDGE('',*,*,#622,.T.);
#409=ORIENTED_EDGE('',*,*,#765,.F.);
#410=ORIENTED_EDGE('',*,*,#766,.T.);
#411=ORIENTED_EDGE('',*,*,#767,.F.);
#412=ORIENTED_EDGE('',*,*,#760,.T.);
#413=ORIENTED_EDGE('',*,*,#768,.F.);
#414=ORIENTED_EDGE('',*,*,#756,.T.);
#415=ORIENTED_EDGE('',*,*,#769,.F.);
#416=ORIENTED_EDGE('',*,*,#770,.T.);
#417=ORIENTED_EDGE('',*,*,#683,.F.);
#418=ORIENTED_EDGE('',*,*,#771,.T.);
#419=ORIENTED_EDGE('',*,*,#772,.F.);
#420=ORIENTED_EDGE('',*,*,#773,.F.);
#421=ORIENTED_EDGE('',*,*,#774,.T.);
#422=ORIENTED_EDGE('',*,*,#775,.T.);
#423=ORIENTED_EDGE('',*,*,#628,.F.);
#424=ORIENTED_EDGE('',*,*,#679,.F.);
#425=ORIENTED_EDGE('',*,*,#668,.T.);
#426=ORIENTED_EDGE('',*,*,#681,.T.);
#427=ORIENTED_EDGE('',*,*,#742,.F.);
#428=ORIENTED_EDGE('',*,*,#675,.F.);
#429=ORIENTED_EDGE('',*,*,#660,.T.);
#430=ORIENTED_EDGE('',*,*,#677,.T.);
#431=ORIENTED_EDGE('',*,*,#741,.F.);
#432=ORIENTED_EDGE('',*,*,#671,.F.);
#433=ORIENTED_EDGE('',*,*,#664,.T.);
#434=ORIENTED_EDGE('',*,*,#673,.T.);
#435=ORIENTED_EDGE('',*,*,#743,.F.);
#436=ORIENTED_EDGE('',*,*,#667,.F.);
#437=ORIENTED_EDGE('',*,*,#719,.F.);
#438=ORIENTED_EDGE('',*,*,#669,.T.);
#439=ORIENTED_EDGE('',*,*,#678,.F.);
#440=ORIENTED_EDGE('',*,*,#663,.F.);
#441=ORIENTED_EDGE('',*,*,#721,.F.);
#442=ORIENTED_EDGE('',*,*,#665,.T.);
#443=ORIENTED_EDGE('',*,*,#670,.F.);
#444=ORIENTED_EDGE('',*,*,#659,.F.);
#445=ORIENTED_EDGE('',*,*,#718,.F.);
#446=ORIENTED_EDGE('',*,*,#661,.T.);
#447=ORIENTED_EDGE('',*,*,#674,.F.);
#448=ORIENTED_EDGE('',*,*,#655,.F.);
#449=ORIENTED_EDGE('',*,*,#723,.F.);
#450=ORIENTED_EDGE('',*,*,#722,.F.);
#451=ORIENTED_EDGE('',*,*,#653,.F.);
#452=ORIENTED_EDGE('',*,*,#687,.T.);
#453=ORIENTED_EDGE('',*,*,#657,.T.);
#454=ORIENTED_EDGE('',*,*,#724,.T.);
#455=ORIENTED_EDGE('',*,*,#693,.T.);
#456=ORIENTED_EDGE('',*,*,#710,.T.);
#457=ORIENTED_EDGE('',*,*,#697,.T.);
#458=ORIENTED_EDGE('',*,*,#712,.T.);
#459=ORIENTED_EDGE('',*,*,#701,.T.);
#460=ORIENTED_EDGE('',*,*,#714,.T.);
#461=ORIENTED_EDGE('',*,*,#705,.T.);
#462=ORIENTED_EDGE('',*,*,#716,.T.);
#463=ORIENTED_EDGE('',*,*,#685,.T.);
#464=ORIENTED_EDGE('',*,*,#776,.T.);
#465=ORIENTED_EDGE('',*,*,#777,.F.);
#466=ORIENTED_EDGE('',*,*,#626,.F.);
#467=ORIENTED_EDGE('',*,*,#650,.F.);
#468=ORIENTED_EDGE('',*,*,#639,.F.);
#469=ORIENTED_EDGE('',*,*,#648,.F.);
#470=ORIENTED_EDGE('',*,*,#635,.F.);
#471=ORIENTED_EDGE('',*,*,#646,.F.);
#472=ORIENTED_EDGE('',*,*,#631,.F.);
#473=ORIENTED_EDGE('',*,*,#643,.F.);
#474=ORIENTED_EDGE('',*,*,#778,.F.);
#475=ORIENTED_EDGE('',*,*,#644,.T.);
#476=ORIENTED_EDGE('',*,*,#633,.T.);
#477=ORIENTED_EDGE('',*,*,#647,.T.);
#478=ORIENTED_EDGE('',*,*,#637,.T.);
#479=ORIENTED_EDGE('',*,*,#649,.T.);
#480=ORIENTED_EDGE('',*,*,#641,.T.);
#481=ORIENTED_EDGE('',*,*,#651,.T.);
#482=ORIENTED_EDGE('',*,*,#629,.T.);
#483=ORIENTED_EDGE('',*,*,#779,.T.);
#484=ORIENTED_EDGE('',*,*,#771,.F.);
#485=ORIENTED_EDGE('',*,*,#682,.F.);
#486=ORIENTED_EDGE('',*,*,#715,.F.);
#487=ORIENTED_EDGE('',*,*,#703,.F.);
#488=ORIENTED_EDGE('',*,*,#713,.F.);
#489=ORIENTED_EDGE('',*,*,#699,.F.);
#490=ORIENTED_EDGE('',*,*,#711,.F.);
#491=ORIENTED_EDGE('',*,*,#695,.F.);
#492=ORIENTED_EDGE('',*,*,#780,.F.);
#493=ORIENTED_EDGE('',*,*,#627,.F.);
#494=ORIENTED_EDGE('',*,*,#777,.T.);
#495=ORIENTED_EDGE('',*,*,#773,.T.);
#496=ORIENTED_EDGE('',*,*,#689,.T.);
#497=ORIENTED_EDGE('',*,*,#708,.T.);
#498=ORIENTED_EDGE('',*,*,#778,.T.);
#499=ORIENTED_EDGE('',*,*,#781,.T.);
#500=ORIENTED_EDGE('',*,*,#781,.F.);
#501=ORIENTED_EDGE('',*,*,#645,.T.);
#502=ORIENTED_EDGE('',*,*,#782,.T.);
#503=ORIENTED_EDGE('',*,*,#707,.T.);
#504=ORIENTED_EDGE('',*,*,#709,.T.);
#505=ORIENTED_EDGE('',*,*,#691,.T.);
#506=ORIENTED_EDGE('',*,*,#782,.F.);
#507=ORIENTED_EDGE('',*,*,#780,.T.);
#508=ORIENTED_EDGE('',*,*,#774,.F.);
#509=ORIENTED_EDGE('',*,*,#776,.F.);
#510=ORIENTED_EDGE('',*,*,#684,.T.);
#511=ORIENTED_EDGE('',*,*,#772,.T.);
#512=ORIENTED_EDGE('',*,*,#779,.F.);
#513=ORIENTED_EDGE('',*,*,#775,.F.);
#514=ORIENTED_EDGE('',*,*,#735,.T.);
#515=ORIENTED_EDGE('',*,*,#783,.F.);
#516=ORIENTED_EDGE('',*,*,#745,.F.);
#517=ORIENTED_EDGE('',*,*,#748,.F.);
#518=ORIENTED_EDGE('',*,*,#784,.T.);
#519=ORIENTED_EDGE('',*,*,#785,.T.);
#520=ORIENTED_EDGE('',*,*,#763,.T.);
#521=ORIENTED_EDGE('',*,*,#786,.F.);
#522=ORIENTED_EDGE('',*,*,#784,.F.);
#523=ORIENTED_EDGE('',*,*,#785,.F.);
#524=ORIENTED_EDGE('',*,*,#786,.T.);
#525=ORIENTED_EDGE('',*,*,#762,.T.);
#526=ORIENTED_EDGE('',*,*,#736,.T.);
#527=ORIENTED_EDGE('',*,*,#623,.F.);
#528=ORIENTED_EDGE('',*,*,#764,.F.);
#529=ORIENTED_EDGE('',*,*,#625,.T.);
#530=ORIENTED_EDGE('',*,*,#787,.F.);
#531=ORIENTED_EDGE('',*,*,#761,.F.);
#532=ORIENTED_EDGE('',*,*,#767,.T.);
#533=ORIENTED_EDGE('',*,*,#788,.T.);
#534=ORIENTED_EDGE('',*,*,#738,.T.);
#535=ORIENTED_EDGE('',*,*,#789,.F.);
#536=ORIENTED_EDGE('',*,*,#790,.T.);
#537=ORIENTED_EDGE('',*,*,#791,.F.);
#538=ORIENTED_EDGE('',*,*,#770,.F.);
#539=ORIENTED_EDGE('',*,*,#792,.T.);
#540=ORIENTED_EDGE('',*,*,#725,.F.);
#541=ORIENTED_EDGE('',*,*,#788,.F.);
#542=ORIENTED_EDGE('',*,*,#766,.F.);
#543=ORIENTED_EDGE('',*,*,#792,.F.);
#544=ORIENTED_EDGE('',*,*,#769,.T.);
#545=ORIENTED_EDGE('',*,*,#755,.T.);
#546=ORIENTED_EDGE('',*,*,#726,.T.);
#547=ORIENTED_EDGE('',*,*,#624,.T.);
#548=ORIENTED_EDGE('',*,*,#787,.T.);
#549=ORIENTED_EDGE('',*,*,#793,.F.);
#550=ORIENTED_EDGE('',*,*,#794,.F.);
#551=ORIENTED_EDGE('',*,*,#749,.T.);
#552=ORIENTED_EDGE('',*,*,#747,.T.);
#553=ORIENTED_EDGE('',*,*,#795,.T.);
#554=ORIENTED_EDGE('',*,*,#733,.F.);
#555=ORIENTED_EDGE('',*,*,#794,.T.);
#556=ORIENTED_EDGE('',*,*,#796,.T.);
#557=ORIENTED_EDGE('',*,*,#750,.F.);
#558=ORIENTED_EDGE('',*,*,#796,.F.);
#559=ORIENTED_EDGE('',*,*,#793,.T.);
#560=ORIENTED_EDGE('',*,*,#732,.F.);
#561=ORIENTED_EDGE('',*,*,#751,.F.);
#562=ORIENTED_EDGE('',*,*,#618,.F.);
#563=ORIENTED_EDGE('',*,*,#797,.F.);
#564=ORIENTED_EDGE('',*,*,#798,.T.);
#565=ORIENTED_EDGE('',*,*,#799,.F.);
#566=ORIENTED_EDGE('',*,*,#800,.T.);
#567=ORIENTED_EDGE('',*,*,#753,.F.);
#568=ORIENTED_EDGE('',*,*,#800,.F.);
#569=ORIENTED_EDGE('',*,*,#801,.T.);
#570=ORIENTED_EDGE('',*,*,#728,.F.);
#571=ORIENTED_EDGE('',*,*,#754,.F.);
#572=ORIENTED_EDGE('',*,*,#801,.F.);
#573=ORIENTED_EDGE('',*,*,#799,.T.);
#574=ORIENTED_EDGE('',*,*,#802,.T.);
#575=ORIENTED_EDGE('',*,*,#729,.T.);
#576=ORIENTED_EDGE('',*,*,#619,.F.);
#577=ORIENTED_EDGE('',*,*,#797,.T.);
#578=ORIENTED_EDGE('',*,*,#621,.T.);
#579=ORIENTED_EDGE('',*,*,#803,.T.);
#580=ORIENTED_EDGE('',*,*,#798,.F.);
#581=ORIENTED_EDGE('',*,*,#752,.T.);
#582=ORIENTED_EDGE('',*,*,#730,.F.);
#583=ORIENTED_EDGE('',*,*,#802,.F.);
#584=ORIENTED_EDGE('',*,*,#803,.F.);
#585=ORIENTED_EDGE('',*,*,#620,.F.);
#586=ORIENTED_EDGE('',*,*,#759,.T.);
#587=ORIENTED_EDGE('',*,*,#804,.F.);
#588=ORIENTED_EDGE('',*,*,#789,.T.);
#589=ORIENTED_EDGE('',*,*,#765,.T.);
#590=ORIENTED_EDGE('',*,*,#757,.T.);
#591=ORIENTED_EDGE('',*,*,#768,.T.);
#592=ORIENTED_EDGE('',*,*,#791,.T.);
#593=ORIENTED_EDGE('',*,*,#805,.F.);
#594=ORIENTED_EDGE('',*,*,#805,.T.);
#595=ORIENTED_EDGE('',*,*,#790,.F.);
#596=ORIENTED_EDGE('',*,*,#804,.T.);
#597=ORIENTED_EDGE('',*,*,#758,.F.);
#598=ORIENTED_EDGE('',*,*,#795,.F.);
#599=ORIENTED_EDGE('',*,*,#746,.T.);
#600=ORIENTED_EDGE('',*,*,#783,.T.);
#601=ORIENTED_EDGE('',*,*,#734,.F.);
#602=ORIENTED_EDGE('',*,*,#615,.F.);
#603=ORIENTED_EDGE('',*,*,#740,.T.);
#604=ORIENTED_EDGE('',*,*,#617,.T.);
#605=ORIENTED_EDGE('',*,*,#720,.F.);
#606=ORIENTED_EDGE('',*,*,#611,.F.);
#607=ORIENTED_EDGE('',*,*,#739,.F.);
#608=ORIENTED_EDGE('',*,*,#613,.T.);
#609=ORIENTED_EDGE('',*,*,#717,.T.);
#610=EDGE_CURVE('',#806,#807,#932,.F.);
#611=EDGE_CURVE('',#806,#808,#142,.T.);
#612=EDGE_CURVE('',#808,#809,#933,.F.);
#613=EDGE_CURVE('',#807,#809,#143,.T.);
#614=EDGE_CURVE('',#810,#811,#934,.T.);
#615=EDGE_CURVE('',#811,#812,#144,.T.);
#616=EDGE_CURVE('',#813,#812,#935,.T.);
#617=EDGE_CURVE('',#810,#813,#145,.T.);
#618=EDGE_CURVE('',#814,#815,#936,.F.);
#619=EDGE_CURVE('',#815,#816,#146,.T.);
#620=EDGE_CURVE('',#816,#817,#937,.T.);
#621=EDGE_CURVE('',#814,#817,#147,.T.);
#622=EDGE_CURVE('',#818,#819,#938,.T.);
#623=EDGE_CURVE('',#818,#820,#148,.T.);
#624=EDGE_CURVE('',#821,#820,#939,.T.);
#625=EDGE_CURVE('',#819,#821,#149,.T.);
#626=EDGE_CURVE('',#822,#823,#150,.T.);
#627=EDGE_CURVE('',#823,#824,#151,.T.);
#628=EDGE_CURVE('',#824,#825,#940,.T.);
#629=EDGE_CURVE('',#826,#825,#152,.T.);
#630=EDGE_CURVE('',#822,#826,#153,.T.);
#631=EDGE_CURVE('',#827,#828,#154,.T.);
#632=EDGE_CURVE('',#828,#829,#155,.T.);
#633=EDGE_CURVE('',#830,#829,#156,.T.);
#634=EDGE_CURVE('',#827,#830,#157,.T.);
#635=EDGE_CURVE('',#831,#832,#158,.T.);
#636=EDGE_CURVE('',#832,#833,#159,.T.);
#637=EDGE_CURVE('',#834,#833,#160,.T.);
#638=EDGE_CURVE('',#831,#834,#161,.T.);
#639=EDGE_CURVE('',#835,#836,#162,.T.);
#640=EDGE_CURVE('',#836,#837,#163,.T.);
#641=EDGE_CURVE('',#838,#837,#164,.T.);
#642=EDGE_CURVE('',#835,#838,#165,.T.);
#643=EDGE_CURVE('',#839,#827,#166,.T.);
#644=EDGE_CURVE('',#840,#830,#167,.T.);
#645=EDGE_CURVE('',#839,#840,#46,.T.);
#646=EDGE_CURVE('',#828,#831,#168,.T.);
#647=EDGE_CURVE('',#829,#834,#169,.T.);
#648=EDGE_CURVE('',#832,#835,#170,.T.);
#649=EDGE_CURVE('',#833,#838,#171,.T.);
#650=EDGE_CURVE('',#836,#822,#172,.T.);
#651=EDGE_CURVE('',#837,#826,#173,.T.);
#652=EDGE_CURVE('',#841,#842,#941,.T.);
#653=EDGE_CURVE('',#842,#843,#174,.T.);
#654=EDGE_CURVE('',#843,#844,#942,.F.);
#655=EDGE_CURVE('',#844,#845,#37,.T.);
#656=EDGE_CURVE('',#845,#846,#943,.F.);
#657=EDGE_CURVE('',#841,#846,#175,.T.);
#658=EDGE_CURVE('',#847,#848,#944,.T.);
#659=EDGE_CURVE('',#847,#849,#176,.T.);
#660=EDGE_CURVE('',#850,#849,#945,.T.);
#661=EDGE_CURVE('',#848,#850,#177,.T.);
#662=EDGE_CURVE('',#851,#852,#946,.T.);
#663=EDGE_CURVE('',#851,#853,#178,.T.);
#664=EDGE_CURVE('',#854,#853,#947,.T.);
#665=EDGE_CURVE('',#852,#854,#179,.T.);
#666=EDGE_CURVE('',#855,#856,#948,.T.);
#667=EDGE_CURVE('',#855,#857,#180,.T.);
#668=EDGE_CURVE('',#858,#857,#949,.T.);
#669=EDGE_CURVE('',#856,#858,#181,.T.);
#670=EDGE_CURVE('',#853,#854,#950,.T.);
#671=EDGE_CURVE('',#854,#859,#182,.T.);
#672=EDGE_CURVE('',#860,#859,#951,.T.);
#673=EDGE_CURVE('',#853,#860,#183,.T.);
#674=EDGE_CURVE('',#849,#850,#952,.T.);
#675=EDGE_CURVE('',#850,#861,#184,.T.);
#676=EDGE_CURVE('',#862,#861,#953,.T.);
#677=EDGE_CURVE('',#849,#862,#185,.T.);
#678=EDGE_CURVE('',#857,#858,#954,.T.);
#679=EDGE_CURVE('',#858,#863,#186,.T.);
#680=EDGE_CURVE('',#864,#863,#955,.T.);
#681=EDGE_CURVE('',#857,#864,#187,.T.);
#682=EDGE_CURVE('',#865,#866,#188,.T.);
#683=EDGE_CURVE('',#866,#867,#189,.T.);
#684=EDGE_CURVE('',#868,#867,#956,.T.);
#685=EDGE_CURVE('',#869,#868,#190,.T.);
#686=EDGE_CURVE('',#865,#869,#191,.T.);
#687=EDGE_CURVE('',#842,#841,#957,.T.);
#688=EDGE_CURVE('',#842,#870,#192,.T.);
#689=EDGE_CURVE('',#871,#870,#38,.T.);
#690=EDGE_CURVE('',#841,#871,#193,.T.);
#691=EDGE_CURVE('',#872,#873,#39,.T.);
#692=EDGE_CURVE('',#872,#874,#194,.T.);
#693=EDGE_CURVE('',#875,#874,#195,.T.);
#694=EDGE_CURVE('',#873,#875,#196,.T.);
#695=EDGE_CURVE('',#876,#877,#197,.T.);
#696=EDGE_CURVE('',#877,#878,#198,.T.);
#697=EDGE_CURVE('',#879,#878,#199,.T.);
#698=EDGE_CURVE('',#876,#879,#200,.T.);
#699=EDGE_CURVE('',#880,#881,#201,.T.);
#700=EDGE_CURVE('',#881,#882,#202,.T.);
#701=EDGE_CURVE('',#883,#882,#203,.T.);
#702=EDGE_CURVE('',#880,#883,#204,.T.);
#703=EDGE_CURVE('',#884,#885,#205,.T.);
#704=EDGE_CURVE('',#885,#886,#206,.T.);
#705=EDGE_CURVE('',#887,#886,#207,.T.);
#706=EDGE_CURVE('',#884,#887,#208,.T.);
#707=EDGE_CURVE('',#873,#871,#47,.F.);
#708=EDGE_CURVE('',#870,#875,#40,.T.);
#709=EDGE_CURVE('',#876,#872,#41,.T.);
#710=EDGE_CURVE('',#874,#879,#209,.T.);
#711=EDGE_CURVE('',#877,#880,#210,.T.);
#712=EDGE_CURVE('',#878,#883,#211,.T.);
#713=EDGE_CURVE('',#881,#884,#212,.T.);
#714=EDGE_CURVE('',#882,#887,#213,.T.);
#715=EDGE_CURVE('',#885,#865,#214,.T.);
#716=EDGE_CURVE('',#886,#869,#215,.T.);
#717=EDGE_CURVE('',#809,#808,#958,.F.);
#718=EDGE_CURVE('',#848,#847,#959,.T.);
#719=EDGE_CURVE('',#856,#855,#960,.T.);
#720=EDGE_CURVE('',#812,#813,#961,.T.);
#721=EDGE_CURVE('',#852,#851,#962,.T.);
#722=EDGE_CURVE('',#845,#888,#963,.T.);
#723=EDGE_CURVE('',#888,#844,#964,.T.);
#724=EDGE_CURVE('',#846,#843,#965,.F.);
#725=EDGE_CURVE('',#889,#890,#966,.T.);
#726=EDGE_CURVE('',#891,#890,#48,.T.);
#727=EDGE_CURVE('',#892,#891,#967,.T.);
#728=EDGE_CURVE('',#892,#893,#49,.T.);
#729=EDGE_CURVE('',#894,#893,#968,.T.);
#730=EDGE_CURVE('',#894,#895,#50,.T.);
#731=EDGE_CURVE('',#896,#895,#969,.T.);
#732=EDGE_CURVE('',#896,#897,#51,.T.);
#733=EDGE_CURVE('',#897,#898,#52,.T.);
#734=EDGE_CURVE('',#898,#899,#53,.T.);
#735=EDGE_CURVE('',#900,#899,#54,.T.);
#736=EDGE_CURVE('',#901,#900,#55,.T.);
#737=EDGE_CURVE('',#902,#901,#970,.T.);
#738=EDGE_CURVE('',#889,#902,#56,.T.);
#739=EDGE_CURVE('',#807,#806,#971,.F.);
#740=EDGE_CURVE('',#811,#810,#972,.T.);
#741=EDGE_CURVE('',#861,#862,#973,.T.);
#742=EDGE_CURVE('',#863,#864,#974,.T.);
#743=EDGE_CURVE('',#859,#860,#975,.T.);
#744=EDGE_CURVE('',#903,#904,#976,.T.);
#745=EDGE_CURVE('',#904,#905,#57,.T.);
#746=EDGE_CURVE('',#906,#905,#58,.T.);
#747=EDGE_CURVE('',#903,#906,#59,.T.);
#748=EDGE_CURVE('',#907,#904,#60,.T.);
#749=EDGE_CURVE('',#908,#903,#61,.T.);
#750=EDGE_CURVE('',#908,#909,#977,.T.);
#751=EDGE_CURVE('',#909,#896,#62,.T.);
#752=EDGE_CURVE('',#910,#895,#63,.T.);
#753=EDGE_CURVE('',#910,#911,#978,.T.);
#754=EDGE_CURVE('',#911,#892,#64,.T.);
#755=EDGE_CURVE('',#912,#891,#65,.T.);
#756=EDGE_CURVE('',#913,#912,#979,.F.);
#757=EDGE_CURVE('',#914,#913,#66,.F.);
#758=EDGE_CURVE('',#914,#915,#980,.F.);
#759=EDGE_CURVE('',#916,#915,#67,.T.);
#760=EDGE_CURVE('',#917,#916,#981,.F.);
#761=EDGE_CURVE('',#917,#902,#68,.T.);
#762=EDGE_CURVE('',#918,#901,#69,.T.);
#763=EDGE_CURVE('',#907,#918,#982,.F.);
#764=EDGE_CURVE('',#819,#818,#983,.T.);
#765=EDGE_CURVE('',#919,#916,#70,.T.);
#766=EDGE_CURVE('',#919,#920,#984,.T.);
#767=EDGE_CURVE('',#917,#920,#71,.T.);
#768=EDGE_CURVE('',#913,#921,#72,.T.);
#769=EDGE_CURVE('',#922,#912,#73,.T.);
#770=EDGE_CURVE('',#922,#921,#985,.T.);
#771=EDGE_CURVE('',#866,#923,#216,.T.);
#772=EDGE_CURVE('',#867,#923,#986,.T.);
#773=EDGE_CURVE('',#924,#824,#987,.T.);
#774=EDGE_CURVE('',#924,#925,#988,.T.);
#775=EDGE_CURVE('',#925,#825,#989,.T.);
#776=EDGE_CURVE('',#868,#924,#42,.T.);
#777=EDGE_CURVE('',#823,#924,#217,.T.);
#778=EDGE_CURVE('',#875,#839,#74,.T.);
#779=EDGE_CURVE('',#825,#923,#43,.T.);
#780=EDGE_CURVE('',#840,#876,#75,.T.);
#781=EDGE_CURVE('',#839,#871,#44,.T.);
#782=EDGE_CURVE('',#840,#873,#45,.T.);
#783=EDGE_CURVE('',#905,#899,#76,.T.);
#784=EDGE_CURVE('',#907,#926,#77,.T.);
#785=EDGE_CURVE('',#926,#900,#78,.T.);
#786=EDGE_CURVE('',#926,#918,#79,.T.);
#787=EDGE_CURVE('',#820,#821,#990,.T.);
#788=EDGE_CURVE('',#920,#889,#80,.T.);
#789=EDGE_CURVE('',#927,#919,#81,.F.);
#790=EDGE_CURVE('',#927,#928,#991,.T.);
#791=EDGE_CURVE('',#921,#928,#82,.T.);
#792=EDGE_CURVE('',#922,#890,#83,.T.);
#793=EDGE_CURVE('',#929,#897,#84,.T.);
#794=EDGE_CURVE('',#908,#929,#85,.T.);
#795=EDGE_CURVE('',#906,#898,#86,.T.);
#796=EDGE_CURVE('',#929,#909,#87,.T.);
#797=EDGE_CURVE('',#815,#814,#992,.F.);
#798=EDGE_CURVE('',#910,#930,#88,.T.);
#799=EDGE_CURVE('',#931,#930,#993,.F.);
#800=EDGE_CURVE('',#931,#911,#89,.T.);
#801=EDGE_CURVE('',#931,#893,#90,.T.);
#802=EDGE_CURVE('',#930,#894,#91,.T.);
#803=EDGE_CURVE('',#817,#816,#994,.T.);
#804=EDGE_CURVE('',#927,#915,#92,.T.);
#805=EDGE_CURVE('',#914,#928,#93,.T.);
#806=VERTEX_POINT('',#1558);
#807=VERTEX_POINT('',#1559);
#808=VERTEX_POINT('',#1562);
#809=VERTEX_POINT('',#1564);
#810=VERTEX_POINT('',#1576);
#811=VERTEX_POINT('',#1577);
#812=VERTEX_POINT('',#1580);
#813=VERTEX_POINT('',#1582);
#814=VERTEX_POINT('',#1594);
#815=VERTEX_POINT('',#1595);
#816=VERTEX_POINT('',#1598);
#817=VERTEX_POINT('',#1600);
#818=VERTEX_POINT('',#1612);
#819=VERTEX_POINT('',#1613);
#820=VERTEX_POINT('',#1616);
#821=VERTEX_POINT('',#1618);
#822=VERTEX_POINT('',#1702);
#823=VERTEX_POINT('',#1703);
#824=VERTEX_POINT('',#1706);
#825=VERTEX_POINT('',#1708);
#826=VERTEX_POINT('',#1782);
#827=VERTEX_POINT('',#1866);
#828=VERTEX_POINT('',#1867);
#829=VERTEX_POINT('',#1870);
#830=VERTEX_POINT('',#1944);
#831=VERTEX_POINT('',#2028);
#832=VERTEX_POINT('',#2029);
#833=VERTEX_POINT('',#2032);
#834=VERTEX_POINT('',#2106);
#835=VERTEX_POINT('',#2190);
#836=VERTEX_POINT('',#2191);
#837=VERTEX_POINT('',#2194);
#838=VERTEX_POINT('',#2268);
#839=VERTEX_POINT('',#2352);
#840=VERTEX_POINT('',#2426);
#841=VERTEX_POINT('',#2907);
#842=VERTEX_POINT('',#2908);
#843=VERTEX_POINT('',#2913);
#844=VERTEX_POINT('',#2915);
#845=VERTEX_POINT('',#2921);
#846=VERTEX_POINT('',#2923);
#847=VERTEX_POINT('',#2937);
#848=VERTEX_POINT('',#2938);
#849=VERTEX_POINT('',#2941);
#850=VERTEX_POINT('',#2943);
#851=VERTEX_POINT('',#2955);
#852=VERTEX_POINT('',#2956);
#853=VERTEX_POINT('',#2959);
#854=VERTEX_POINT('',#2961);
#855=VERTEX_POINT('',#2973);
#856=VERTEX_POINT('',#2974);
#857=VERTEX_POINT('',#2977);
#858=VERTEX_POINT('',#2979);
#859=VERTEX_POINT('',#2993);
#860=VERTEX_POINT('',#2995);
#861=VERTEX_POINT('',#3009);
#862=VERTEX_POINT('',#3011);
#863=VERTEX_POINT('',#3025);
#864=VERTEX_POINT('',#3027);
#865=VERTEX_POINT('',#3111);
#866=VERTEX_POINT('',#3112);
#867=VERTEX_POINT('',#3115);
#868=VERTEX_POINT('',#3117);
#869=VERTEX_POINT('',#3191);
#870=VERTEX_POINT('',#3205);
#871=VERTEX_POINT('',#3213);
#872=VERTEX_POINT('',#3231);
#873=VERTEX_POINT('',#3232);
#874=VERTEX_POINT('',#3235);
#875=VERTEX_POINT('',#3309);
#876=VERTEX_POINT('',#3393);
#877=VERTEX_POINT('',#3394);
#878=VERTEX_POINT('',#3397);
#879=VERTEX_POINT('',#3471);
#880=VERTEX_POINT('',#3555);
#881=VERTEX_POINT('',#3556);
#882=VERTEX_POINT('',#3559);
#883=VERTEX_POINT('',#3633);
#884=VERTEX_POINT('',#3717);
#885=VERTEX_POINT('',#3718);
#886=VERTEX_POINT('',#3721);
#887=VERTEX_POINT('',#3795);
#888=VERTEX_POINT('',#4380);
#889=VERTEX_POINT('',#4384);
#890=VERTEX_POINT('',#4385);
#891=VERTEX_POINT('',#4387);
#892=VERTEX_POINT('',#4389);
#893=VERTEX_POINT('',#4391);
#894=VERTEX_POINT('',#4393);
#895=VERTEX_POINT('',#4395);
#896=VERTEX_POINT('',#4397);
#897=VERTEX_POINT('',#4399);
#898=VERTEX_POINT('',#4401);
#899=VERTEX_POINT('',#4403);
#900=VERTEX_POINT('',#4405);
#901=VERTEX_POINT('',#4407);
#902=VERTEX_POINT('',#4409);
#903=VERTEX_POINT('',#4421);
#904=VERTEX_POINT('',#4422);
#905=VERTEX_POINT('',#4424);
#906=VERTEX_POINT('',#4426);
#907=VERTEX_POINT('',#4443);
#908=VERTEX_POINT('',#4445);
#909=VERTEX_POINT('',#4447);
#910=VERTEX_POINT('',#4450);
#911=VERTEX_POINT('',#4452);
#912=VERTEX_POINT('',#4455);
#913=VERTEX_POINT('',#4457);
#914=VERTEX_POINT('',#4459);
#915=VERTEX_POINT('',#4461);
#916=VERTEX_POINT('',#4463);
#917=VERTEX_POINT('',#4465);
#918=VERTEX_POINT('',#4468);
#919=VERTEX_POINT('',#4476);
#920=VERTEX_POINT('',#4478);
#921=VERTEX_POINT('',#4485);
#922=VERTEX_POINT('',#4487);
#923=VERTEX_POINT('',#4570);
#924=VERTEX_POINT('',#4577);
#925=VERTEX_POINT('',#4579);
#926=VERTEX_POINT('',#5274);
#927=VERTEX_POINT('',#5308);
#928=VERTEX_POINT('',#5310);
#929=VERTEX_POINT('',#5326);
#930=VERTEX_POINT('',#5344);
#931=VERTEX_POINT('',#5346);
#932=CIRCLE('',#1309,0.00065);
#933=CIRCLE('',#1310,0.00065);
#934=CIRCLE('',#1311,0.00065);
#935=CIRCLE('',#1312,0.00065);
#936=CIRCLE('',#1313,0.00075);
#937=CIRCLE('',#1314,0.00075);
#938=CIRCLE('',#1315,0.00075);
#939=CIRCLE('',#1316,0.00075);
#940=CIRCLE('',#1317,0.006);
#941=CIRCLE('',#1318,0.007);
#942=CIRCLE('',#1319,0.008);
#943=CIRCLE('',#1320,0.008);
#944=CIRCLE('',#1321,0.00175);
#945=CIRCLE('',#1322,0.0011);
#946=CIRCLE('',#1323,0.00175);
#947=CIRCLE('',#1324,0.0011);
#948=CIRCLE('',#1325,0.00175);
#949=CIRCLE('',#1326,0.0011);
#950=CIRCLE('',#1327,0.0011);
#951=CIRCLE('',#1328,0.0011);
#952=CIRCLE('',#1329,0.0011);
#953=CIRCLE('',#1330,0.0011);
#954=CIRCLE('',#1331,0.0011);
#955=CIRCLE('',#1332,0.0011);
#956=CIRCLE('',#1333,0.007);
#957=CIRCLE('',#1334,0.007);
#958=CIRCLE('',#1335,0.00065);
#959=CIRCLE('',#1336,0.00175);
#960=CIRCLE('',#1337,0.00175);
#961=CIRCLE('',#1338,0.00065);
#962=CIRCLE('',#1339,0.00175);
#963=CIRCLE('',#1340,0.0005);
#964=CIRCLE('',#1341,0.0005);
#965=CIRCLE('',#1342,0.008);
#966=CIRCLE('',#1343,0.0135);
#967=CIRCLE('',#1344,0.0205);
#968=CIRCLE('',#1345,0.0135);
#969=CIRCLE('',#1346,0.0205);
#970=CIRCLE('',#1347,0.0205);
#971=CIRCLE('',#1348,0.00065);
#972=CIRCLE('',#1349,0.00065);
#973=CIRCLE('',#1350,0.0011);
#974=CIRCLE('',#1351,0.0011);
#975=CIRCLE('',#1352,0.0011);
#976=CIRCLE('',#1353,0.0205);
#977=CIRCLE('',#1354,0.0205);
#978=CIRCLE('',#1355,0.0205);
#979=CIRCLE('',#1356,0.0205);
#980=CIRCLE('',#1357,0.0205);
#981=CIRCLE('',#1358,0.0205);
#982=CIRCLE('',#1359,0.0205);
#983=CIRCLE('',#1360,0.00075);
#984=CIRCLE('',#1361,0.0135);
#985=CIRCLE('',#1362,0.0135);
#986=CIRCLE('',#1363,0.007);
#987=CIRCLE('',#1364,0.006);
#988=CIRCLE('',#1365,0.006);
#989=CIRCLE('',#1366,0.006);
#990=CIRCLE('',#1367,0.00075);
#991=CIRCLE('',#1368,0.0135);
#992=CIRCLE('',#1369,0.00075);
#993=CIRCLE('',#1370,0.0135);
#994=CIRCLE('',#1371,0.00075);
#995=EDGE_LOOP('',(#218,#219,#220,#221));
#996=EDGE_LOOP('',(#222,#223,#224,#225));
#997=EDGE_LOOP('',(#226,#227,#228,#229));
#998=EDGE_LOOP('',(#230,#231,#232,#233));
#999=EDGE_LOOP('',(#234,#235,#236,#237,#238));
#1000=EDGE_LOOP('',(#239,#240,#241,#242));
#1001=EDGE_LOOP('',(#243,#244,#245,#246));
#1002=EDGE_LOOP('',(#247,#248,#249,#250));
#1003=EDGE_LOOP('',(#251,#252,#253,#254));
#1004=EDGE_LOOP('',(#255,#256,#257,#258));
#1005=EDGE_LOOP('',(#259,#260,#261,#262));
#1006=EDGE_LOOP('',(#263,#264,#265,#266));
#1007=EDGE_LOOP('',(#267,#268,#269,#270,#271,#272));
#1008=EDGE_LOOP('',(#273,#274,#275,#276));
#1009=EDGE_LOOP('',(#277,#278,#279,#280));
#1010=EDGE_LOOP('',(#281,#282,#283,#284));
#1011=EDGE_LOOP('',(#285,#286,#287,#288));
#1012=EDGE_LOOP('',(#289,#290,#291,#292));
#1013=EDGE_LOOP('',(#293,#294,#295,#296));
#1014=EDGE_LOOP('',(#297,#298,#299,#300,#301));
#1015=EDGE_LOOP('',(#302,#303,#304,#305));
#1016=EDGE_LOOP('',(#306,#307,#308,#309));
#1017=EDGE_LOOP('',(#310,#311,#312,#313));
#1018=EDGE_LOOP('',(#314,#315,#316,#317));
#1019=EDGE_LOOP('',(#318,#319,#320,#321));
#1020=EDGE_LOOP('',(#322,#323,#324,#325,#326,#327));
#1021=EDGE_LOOP('',(#328,#329,#330,#331));
#1022=EDGE_LOOP('',(#332,#333,#334,#335));
#1023=EDGE_LOOP('',(#336,#337,#338,#339));
#1024=EDGE_LOOP('',(#340,#341,#342,#343));
#1025=EDGE_LOOP('',(#344,#345));
#1026=EDGE_LOOP('',(#346,#347));
#1027=EDGE_LOOP('',(#348,#349));
#1028=EDGE_LOOP('',(#350,#351));
#1029=EDGE_LOOP('',(#352,#353));
#1030=EDGE_LOOP('',(#354,#355,#356,#357,#358));
#1031=EDGE_LOOP('',(#359,#360,#361,#362,#363,#364,#365,#366,#367,#368,#369,
#370,#371,#372));
#1032=EDGE_LOOP('',(#373,#374));
#1033=EDGE_LOOP('',(#375,#376));
#1034=EDGE_LOOP('',(#377,#378));
#1035=EDGE_LOOP('',(#379,#380));
#1036=EDGE_LOOP('',(#381,#382));
#1037=EDGE_LOOP('',(#383,#384,#385,#386));
#1038=EDGE_LOOP('',(#387,#388,#389,#390,#391,#392,#393,#394,#395,#396,#397,
#398,#399,#400,#401,#402,#403,#404,#405,#406));
#1039=EDGE_LOOP('',(#407,#408));
#1040=EDGE_LOOP('',(#409,#410,#411,#412));
#1041=EDGE_LOOP('',(#413,#414,#415,#416));
#1042=EDGE_LOOP('',(#417,#418,#419));
#1043=EDGE_LOOP('',(#420,#421,#422,#423));
#1044=EDGE_LOOP('',(#424,#425,#426,#427));
#1045=EDGE_LOOP('',(#428,#429,#430,#431));
#1046=EDGE_LOOP('',(#432,#433,#434,#435));
#1047=EDGE_LOOP('',(#436,#437,#438,#439));
#1048=EDGE_LOOP('',(#440,#441,#442,#443));
#1049=EDGE_LOOP('',(#444,#445,#446,#447));
#1050=EDGE_LOOP('',(#448,#449,#450));
#1051=EDGE_LOOP('',(#451,#452,#453,#454));
#1052=EDGE_LOOP('',(#455,#456,#457,#458,#459,#460,#461,#462,#463,#464,#465,
#466,#467,#468,#469,#470,#471,#472,#473,#474));
#1053=EDGE_LOOP('',(#475,#476,#477,#478,#479,#480,#481,#482,#483,#484,#485,
#486,#487,#488,#489,#490,#491,#492));
#1054=EDGE_LOOP('',(#493,#494,#495));
#1055=EDGE_LOOP('',(#496,#497,#498,#499));
#1056=EDGE_LOOP('',(#500,#501,#502,#503));
#1057=EDGE_LOOP('',(#504,#505,#506,#507));
#1058=EDGE_LOOP('',(#508,#509,#510,#511,#512,#513));
#1059=EDGE_LOOP('',(#514,#515,#516,#517,#518,#519));
#1060=EDGE_LOOP('',(#520,#521,#522));
#1061=EDGE_LOOP('',(#523,#524,#525,#526));
#1062=EDGE_LOOP('',(#527,#528,#529,#530));
#1063=EDGE_LOOP('',(#531,#532,#533,#534));
#1064=EDGE_LOOP('',(#535,#536,#537,#538,#539,#540,#541,#542));
#1065=EDGE_LOOP('',(#543,#544,#545,#546));
#1066=EDGE_LOOP('',(#547,#548));
#1067=EDGE_LOOP('',(#549,#550,#551,#552,#553,#554));
#1068=EDGE_LOOP('',(#555,#556,#557));
#1069=EDGE_LOOP('',(#558,#559,#560,#561));
#1070=EDGE_LOOP('',(#562,#563));
#1071=EDGE_LOOP('',(#564,#565,#566,#567));
#1072=EDGE_LOOP('',(#568,#569,#570,#571));
#1073=EDGE_LOOP('',(#572,#573,#574,#575));
#1074=EDGE_LOOP('',(#576,#577,#578,#579));
#1075=EDGE_LOOP('',(#580,#581,#582,#583));
#1076=EDGE_LOOP('',(#584,#585));
#1077=EDGE_LOOP('',(#586,#587,#588,#589));
#1078=EDGE_LOOP('',(#590,#591,#592,#593));
#1079=EDGE_LOOP('',(#594,#595,#596,#597));
#1080=EDGE_LOOP('',(#598,#599,#600,#601));
#1081=EDGE_LOOP('',(#602,#603,#604,#605));
#1082=EDGE_LOOP('',(#606,#607,#608,#609));
#1083=FACE_BOUND('',#995,.T.);
#1084=FACE_BOUND('',#996,.T.);
#1085=FACE_BOUND('',#997,.T.);
#1086=FACE_BOUND('',#998,.T.);
#1087=FACE_BOUND('',#999,.T.);
#1088=FACE_BOUND('',#1000,.T.);
#1089=FACE_BOUND('',#1001,.T.);
#1090=FACE_BOUND('',#1002,.T.);
#1091=FACE_BOUND('',#1003,.T.);
#1092=FACE_BOUND('',#1004,.T.);
#1093=FACE_BOUND('',#1005,.T.);
#1094=FACE_BOUND('',#1006,.T.);
#1095=FACE_BOUND('',#1007,.T.);
#1096=FACE_BOUND('',#1008,.T.);
#1097=FACE_BOUND('',#1009,.T.);
#1098=FACE_BOUND('',#1010,.T.);
#1099=FACE_BOUND('',#1011,.T.);
#1100=FACE_BOUND('',#1012,.T.);
#1101=FACE_BOUND('',#1013,.T.);
#1102=FACE_BOUND('',#1014,.T.);
#1103=FACE_BOUND('',#1015,.T.);
#1104=FACE_BOUND('',#1016,.T.);
#1105=FACE_BOUND('',#1017,.T.);
#1106=FACE_BOUND('',#1018,.T.);
#1107=FACE_BOUND('',#1019,.T.);
#1108=FACE_BOUND('',#1020,.T.);
#1109=FACE_BOUND('',#1021,.T.);
#1110=FACE_BOUND('',#1022,.T.);
#1111=FACE_BOUND('',#1023,.T.);
#1112=FACE_BOUND('',#1024,.T.);
#1113=FACE_BOUND('',#1025,.T.);
#1114=FACE_BOUND('',#1026,.T.);
#1115=FACE_BOUND('',#1027,.T.);
#1116=FACE_BOUND('',#1028,.T.);
#1117=FACE_BOUND('',#1029,.T.);
#1118=FACE_BOUND('',#1030,.T.);
#1119=FACE_BOUND('',#1031,.T.);
#1120=FACE_BOUND('',#1032,.T.);
#1121=FACE_BOUND('',#1033,.T.);
#1122=FACE_BOUND('',#1034,.T.);
#1123=FACE_BOUND('',#1035,.T.);
#1124=FACE_BOUND('',#1036,.T.);
#1125=FACE_BOUND('',#1037,.T.);
#1126=FACE_BOUND('',#1038,.T.);
#1127=FACE_BOUND('',#1039,.T.);
#1128=FACE_BOUND('',#1040,.T.);
#1129=FACE_BOUND('',#1041,.T.);
#1130=FACE_BOUND('',#1042,.T.);
#1131=FACE_BOUND('',#1043,.T.);
#1132=FACE_BOUND('',#1044,.T.);
#1133=FACE_BOUND('',#1045,.T.);
#1134=FACE_BOUND('',#1046,.T.);
#1135=FACE_BOUND('',#1047,.T.);
#1136=FACE_BOUND('',#1048,.T.);
#1137=FACE_BOUND('',#1049,.T.);
#1138=FACE_BOUND('',#1050,.T.);
#1139=FACE_BOUND('',#1051,.T.);
#1140=FACE_BOUND('',#1052,.T.);
#1141=FACE_BOUND('',#1053,.T.);
#1142=FACE_BOUND('',#1054,.T.);
#1143=FACE_BOUND('',#1055,.T.);
#1144=FACE_BOUND('',#1056,.T.);
#1145=FACE_BOUND('',#1057,.T.);
#1146=FACE_BOUND('',#1058,.T.);
#1147=FACE_BOUND('',#1059,.T.);
#1148=FACE_BOUND('',#1060,.T.);
#1149=FACE_BOUND('',#1061,.T.);
#1150=FACE_BOUND('',#1062,.T.);
#1151=FACE_BOUND('',#1063,.T.);
#1152=FACE_BOUND('',#1064,.T.);
#1153=FACE_BOUND('',#1065,.T.);
#1154=FACE_BOUND('',#1066,.T.);
#1155=FACE_BOUND('',#1067,.T.);
#1156=FACE_BOUND('',#1068,.T.);
#1157=FACE_BOUND('',#1069,.T.);
#1158=FACE_BOUND('',#1070,.T.);
#1159=FACE_BOUND('',#1071,.T.);
#1160=FACE_BOUND('',#1072,.T.);
#1161=FACE_BOUND('',#1073,.T.);
#1162=FACE_BOUND('',#1074,.T.);
#1163=FACE_BOUND('',#1075,.T.);
#1164=FACE_BOUND('',#1076,.T.);
#1165=FACE_BOUND('',#1077,.T.);
#1166=FACE_BOUND('',#1078,.T.);
#1167=FACE_BOUND('',#1079,.T.);
#1168=FACE_BOUND('',#1080,.T.);
#1169=FACE_BOUND('',#1081,.T.);
#1170=FACE_BOUND('',#1082,.T.);
#1171=(
BOUNDED_SURFACE()
B_SPLINE_SURFACE(3,1,((#1549,#1550),(#1551,#1552),(#1553,#1554),(#1555,
#1556)),.CYLINDRICAL_SURF.,.F.,.F.,.F.)
B_SPLINE_SURFACE_WITH_KNOTS((4,4),(2,2),(0.5,1.),(0.045454545454544,0.954545454545455),
 .PIECEWISE_BEZIER_KNOTS.)
GEOMETRIC_REPRESENTATION_ITEM()
RATIONAL_B_SPLINE_SURFACE(((1.,1.),(0.333333333333333,0.333333333333333),
(0.333333333333333,0.333333333333333),(1.,1.)))
REPRESENTATION_ITEM('')
SURFACE()
);
#1172=(
BOUNDED_SURFACE()
B_SPLINE_SURFACE(3,1,((#1567,#1568),(#1569,#1570),(#1571,#1572),(#1573,
#1574)),.CYLINDRICAL_SURF.,.F.,.F.,.F.)
B_SPLINE_SURFACE_WITH_KNOTS((4,4),(2,2),(0.5,1.),(0.045454545454544,0.954545454545455),
 .PIECEWISE_BEZIER_KNOTS.)
GEOMETRIC_REPRESENTATION_ITEM()
RATIONAL_B_SPLINE_SURFACE(((1.,1.),(0.333333333333333,0.333333333333333),
(0.333333333333333,0.333333333333333),(1.,1.)))
REPRESENTATION_ITEM('')
SURFACE()
);
#1173=(
BOUNDED_SURFACE()
B_SPLINE_SURFACE(3,1,((#1585,#1586),(#1587,#1588),(#1589,#1590),(#1591,
#1592)),.CYLINDRICAL_SURF.,.F.,.F.,.F.)
B_SPLINE_SURFACE_WITH_KNOTS((4,4),(2,2),(0.5,1.),(0.0454545454545442,0.954545454545454),
 .PIECEWISE_BEZIER_KNOTS.)
GEOMETRIC_REPRESENTATION_ITEM()
RATIONAL_B_SPLINE_SURFACE(((1.,1.),(0.333333333333333,0.333333333333333),
(0.333333333333333,0.333333333333333),(1.,1.)))
REPRESENTATION_ITEM('')
SURFACE()
);
#1174=(
BOUNDED_SURFACE()
B_SPLINE_SURFACE(3,1,((#1603,#1604),(#1605,#1606),(#1607,#1608),(#1609,
#1610)),.CYLINDRICAL_SURF.,.F.,.F.,.F.)
B_SPLINE_SURFACE_WITH_KNOTS((4,4),(2,2),(0.5,1.),(0.0454545454545443,0.954545454545454),
 .PIECEWISE_BEZIER_KNOTS.)
GEOMETRIC_REPRESENTATION_ITEM()
RATIONAL_B_SPLINE_SURFACE(((1.,1.),(0.333333333333333,0.333333333333333),
(0.333333333333333,0.333333333333333),(1.,1.)))
REPRESENTATION_ITEM('')
SURFACE()
);
#1175=(
BOUNDED_SURFACE()
B_SPLINE_SURFACE(3,1,((#1621,#1622),(#1623,#1624),(#1625,#1626),(#1627,
#1628)),.CYLINDRICAL_SURF.,.F.,.F.,.F.)
B_SPLINE_SURFACE_WITH_KNOTS((4,4),(2,2),(0.,0.5),(0.774222220296794,0.954545454545455),
 .PIECEWISE_BEZIER_KNOTS.)
GEOMETRIC_REPRESENTATION_ITEM()
RATIONAL_B_SPLINE_SURFACE(((1.,1.),(0.333333333333333,0.333333333333333),
(0.333333333333333,0.333333333333333),(1.,1.)))
REPRESENTATION_ITEM('')
SURFACE()
);
#1176=(
BOUNDED_SURFACE()
B_SPLINE_SURFACE(3,1,((#1785,#1786),(#1787,#1788),(#1789,#1790),(#1791,
#1792)),.CYLINDRICAL_SURF.,.F.,.F.,.F.)
B_SPLINE_SURFACE_WITH_KNOTS((4,4),(2,2),(0.,0.5),(0.153284002547736,0.335661869818104),
 .PIECEWISE_BEZIER_KNOTS.)
GEOMETRIC_REPRESENTATION_ITEM()
RATIONAL_B_SPLINE_SURFACE(((1.,1.),(0.333333333333333,0.333333333333333),
(0.333333333333333,0.333333333333333),(1.,1.)))
REPRESENTATION_ITEM('')
SURFACE()
);
#1177=(
BOUNDED_SURFACE()
B_SPLINE_SURFACE(3,1,((#1947,#1948),(#1949,#1950),(#1951,#1952),(#1953,
#1954)),.CYLINDRICAL_SURF.,.F.,.F.,.F.)
B_SPLINE_SURFACE_WITH_KNOTS((4,4),(2,2),(0.,0.5),(0.360261473391885,0.542639340662253),
 .PIECEWISE_BEZIER_KNOTS.)
GEOMETRIC_REPRESENTATION_ITEM()
RATIONAL_B_SPLINE_SURFACE(((1.,1.),(0.333333333333333,0.333333333333333),
(0.333333333333333,0.333333333333333),(1.,1.)))
REPRESENTATION_ITEM('')
SURFACE()
);
#1178=(
BOUNDED_SURFACE()
B_SPLINE_SURFACE(3,1,((#2109,#2110),(#2111,#2112),(#2113,#2114),(#2115,
#2116)),.CYLINDRICAL_SURF.,.F.,.F.,.F.)
B_SPLINE_SURFACE_WITH_KNOTS((4,4),(2,2),(0.,0.5),(0.567238944236034,0.749616811506402),
 .PIECEWISE_BEZIER_KNOTS.)
GEOMETRIC_REPRESENTATION_ITEM()
RATIONAL_B_SPLINE_SURFACE(((1.,1.),(0.333333333333333,0.333333333333333),
(0.333333333333333,0.333333333333333),(1.,1.)))
REPRESENTATION_ITEM('')
SURFACE()
);
#1179=(
BOUNDED_SURFACE()
B_SPLINE_SURFACE(3,1,((#2271,#2272),(#2273,#2274),(#2275,#2276),(#2277,
#2278)),.CYLINDRICAL_SURF.,.F.,.F.,.F.)
B_SPLINE_SURFACE_WITH_KNOTS((4,4),(2,2),(0.5,1.),(0.0497952671256612,0.23217313439603),
 .PIECEWISE_BEZIER_KNOTS.)
GEOMETRIC_REPRESENTATION_ITEM()
RATIONAL_B_SPLINE_SURFACE(((1.,1.),(0.333333333333333,0.333333333333333),
(0.333333333333333,0.333333333333333),(1.,1.)))
REPRESENTATION_ITEM('')
SURFACE()
);
#1180=(
BOUNDED_SURFACE()
B_SPLINE_SURFACE(3,1,((#2428,#2429),(#2430,#2431),(#2432,#2433),(#2434,
#2435)),.CYLINDRICAL_SURF.,.F.,.F.,.F.)
B_SPLINE_SURFACE_WITH_KNOTS((4,4),(2,2),(0.5,1.),(0.25677273796981,0.439150605240179),
 .PIECEWISE_BEZIER_KNOTS.)
GEOMETRIC_REPRESENTATION_ITEM()
RATIONAL_B_SPLINE_SURFACE(((1.,1.),(0.333333333333333,0.333333333333333),
(0.333333333333333,0.333333333333333),(1.,1.)))
REPRESENTATION_ITEM('')
SURFACE()
);
#1181=(
BOUNDED_SURFACE()
B_SPLINE_SURFACE(3,1,((#2582,#2583),(#2584,#2585),(#2586,#2587),(#2588,
#2589)),.CYLINDRICAL_SURF.,.F.,.F.,.F.)
B_SPLINE_SURFACE_WITH_KNOTS((4,4),(2,2),(0.5,1.),(0.463750208813959,0.646128076084328),
 .PIECEWISE_BEZIER_KNOTS.)
GEOMETRIC_REPRESENTATION_ITEM()
RATIONAL_B_SPLINE_SURFACE(((1.,1.),(0.333333333333333,0.333333333333333),
(0.333333333333333,0.333333333333333),(1.,1.)))
REPRESENTATION_ITEM('')
SURFACE()
);
#1182=(
BOUNDED_SURFACE()
B_SPLINE_SURFACE(3,1,((#2736,#2737),(#2738,#2739),(#2740,#2741),(#2742,
#2743)),.CYLINDRICAL_SURF.,.F.,.F.,.F.)
B_SPLINE_SURFACE_WITH_KNOTS((4,4),(2,2),(0.5,1.),(0.670727679658108,0.853105546928476),
 .PIECEWISE_BEZIER_KNOTS.)
GEOMETRIC_REPRESENTATION_ITEM()
RATIONAL_B_SPLINE_SURFACE(((1.,1.),(0.333333333333333,0.333333333333333),
(0.333333333333333,0.333333333333333),(1.,1.)))
REPRESENTATION_ITEM('')
SURFACE()
);
#1183=(
BOUNDED_SURFACE()
B_SPLINE_SURFACE(3,3,((#2890,#2891,#2892,#2893),(#2894,#2895,#2896,#2897),
(#2898,#2899,#2900,#2901),(#2902,#2903,#2904,#2905)),.TOROIDAL_SURF.,.F.,
 .F.,.F.)
B_SPLINE_SURFACE_WITH_KNOTS((4,4),(4,4),(0.100587460755278,0.89838001588269),
(0.,0.5),.PIECEWISE_BEZIER_KNOTS.)
GEOMETRIC_REPRESENTATION_ITEM()
RATIONAL_B_SPLINE_SURFACE(((0.902058031277057,0.300686010425686,0.300686010425686,
0.902058031277057),(0.672079941785877,0.224026647261959,0.224026647261959,
0.672079941785877),(0.671782683028548,0.223927561009516,0.223927561009516,
0.671782683028548),(0.901166255005069,0.300388751668356,0.300388751668356,
0.901166255005069)))
REPRESENTATION_ITEM('')
SURFACE()
);
#1184=(
BOUNDED_SURFACE()
B_SPLINE_SURFACE(1,3,((#2928,#2929,#2930,#2931),(#2932,#2933,#2934,#2935)),
 .CONICAL_SURF.,.F.,.F.,.F.)
B_SPLINE_SURFACE_WITH_KNOTS((2,2),(4,4),(0.0182328190742944,0.382889200561008),
(0.,0.5),.PIECEWISE_BEZIER_KNOTS.)
GEOMETRIC_REPRESENTATION_ITEM()
RATIONAL_B_SPLINE_SURFACE(((1.,0.333333333333333,0.333333333333333,1.),
(1.,0.333333333333333,0.333333333333333,1.)))
REPRESENTATION_ITEM('')
SURFACE()
);
#1185=(
BOUNDED_SURFACE()
B_SPLINE_SURFACE(1,3,((#2946,#2947,#2948,#2949),(#2950,#2951,#2952,#2953)),
 .CONICAL_SURF.,.F.,.F.,.F.)
B_SPLINE_SURFACE_WITH_KNOTS((2,2),(4,4),(0.0182328190742958,0.382889200561008),
(0.,0.5),.PIECEWISE_BEZIER_KNOTS.)
GEOMETRIC_REPRESENTATION_ITEM()
RATIONAL_B_SPLINE_SURFACE(((1.,0.333333333333333,0.333333333333333,1.),
(1.,0.333333333333333,0.333333333333333,1.)))
REPRESENTATION_ITEM('')
SURFACE()
);
#1186=(
BOUNDED_SURFACE()
B_SPLINE_SURFACE(1,3,((#2964,#2965,#2966,#2967),(#2968,#2969,#2970,#2971)),
 .CONICAL_SURF.,.F.,.F.,.F.)
B_SPLINE_SURFACE_WITH_KNOTS((2,2),(4,4),(0.018232819074295,0.382889200561008),
(0.,0.5),.PIECEWISE_BEZIER_KNOTS.)
GEOMETRIC_REPRESENTATION_ITEM()
RATIONAL_B_SPLINE_SURFACE(((1.,0.333333333333333,0.333333333333333,1.),
(1.,0.333333333333333,0.333333333333333,1.)))
REPRESENTATION_ITEM('')
SURFACE()
);
#1187=(
BOUNDED_SURFACE()
B_SPLINE_SURFACE(3,1,((#2982,#2983),(#2984,#2985),(#2986,#2987),(#2988,
#2989)),.CYLINDRICAL_SURF.,.F.,.F.,.F.)
B_SPLINE_SURFACE_WITH_KNOTS((4,4),(2,2),(0.5,1.),(0.0454545454545453,0.954545454545455),
 .PIECEWISE_BEZIER_KNOTS.)
GEOMETRIC_REPRESENTATION_ITEM()
RATIONAL_B_SPLINE_SURFACE(((1.,1.),(0.333333333333333,0.333333333333333),
(0.333333333333333,0.333333333333333),(1.,1.)))
REPRESENTATION_ITEM('')
SURFACE()
);
#1188=(
BOUNDED_SURFACE()
B_SPLINE_SURFACE(3,1,((#2998,#2999),(#3000,#3001),(#3002,#3003),(#3004,
#3005)),.CYLINDRICAL_SURF.,.F.,.F.,.F.)
B_SPLINE_SURFACE_WITH_KNOTS((4,4),(2,2),(0.5,1.),(0.0454545454545453,0.954545454545455),
 .PIECEWISE_BEZIER_KNOTS.)
GEOMETRIC_REPRESENTATION_ITEM()
RATIONAL_B_SPLINE_SURFACE(((1.,1.),(0.333333333333333,0.333333333333333),
(0.333333333333333,0.333333333333333),(1.,1.)))
REPRESENTATION_ITEM('')
SURFACE()
);
#1189=(
BOUNDED_SURFACE()
B_SPLINE_SURFACE(3,1,((#3014,#3015),(#3016,#3017),(#3018,#3019),(#3020,
#3021)),.CYLINDRICAL_SURF.,.F.,.F.,.F.)
B_SPLINE_SURFACE_WITH_KNOTS((4,4),(2,2),(0.5,1.),(0.0454545454545453,0.954545454545455),
 .PIECEWISE_BEZIER_KNOTS.)
GEOMETRIC_REPRESENTATION_ITEM()
RATIONAL_B_SPLINE_SURFACE(((1.,1.),(0.333333333333333,0.333333333333333),
(0.333333333333333,0.333333333333333),(1.,1.)))
REPRESENTATION_ITEM('')
SURFACE()
);
#1190=(
BOUNDED_SURFACE()
B_SPLINE_SURFACE(3,1,((#3030,#3031),(#3032,#3033),(#3034,#3035),(#3036,
#3037)),.CYLINDRICAL_SURF.,.F.,.F.,.F.)
B_SPLINE_SURFACE_WITH_KNOTS((4,4),(2,2),(0.,0.5),(0.882402473617092,0.954545454545455),
 .PIECEWISE_BEZIER_KNOTS.)
GEOMETRIC_REPRESENTATION_ITEM()
RATIONAL_B_SPLINE_SURFACE(((1.,1.),(0.333333333333333,0.333333333333333),
(0.333333333333333,0.333333333333333),(1.,1.)))
REPRESENTATION_ITEM('')
SURFACE()
);
#1191=(
BOUNDED_SURFACE()
B_SPLINE_SURFACE(3,1,((#3194,#3195),(#3196,#3197),(#3198,#3199),(#3200,
#3201)),.CYLINDRICAL_SURF.,.F.,.F.,.F.)
B_SPLINE_SURFACE_WITH_KNOTS((4,4),(2,2),(0.,0.5),(0.0454545454545453,0.40736410101146),
 .PIECEWISE_BEZIER_KNOTS.)
GEOMETRIC_REPRESENTATION_ITEM()
RATIONAL_B_SPLINE_SURFACE(((1.,1.),(0.333333333333333,0.333333333333333),
(0.333333333333333,0.333333333333333),(1.,1.)))
REPRESENTATION_ITEM('')
SURFACE()
);
#1192=(
BOUNDED_SURFACE()
B_SPLINE_SURFACE(3,1,((#3216,#3217),(#3218,#3219),(#3220,#3221),(#3222,
#3223)),.CYLINDRICAL_SURF.,.F.,.F.,.F.)
B_SPLINE_SURFACE_WITH_KNOTS((4,4),(2,2),(0.,0.5),(0.397187157932385,0.515363406292072),
 .PIECEWISE_BEZIER_KNOTS.)
GEOMETRIC_REPRESENTATION_ITEM()
RATIONAL_B_SPLINE_SURFACE(((1.,1.),(0.333333333333333,0.333333333333333),
(0.333333333333333,0.333333333333333),(1.,1.)))
REPRESENTATION_ITEM('')
SURFACE()
);
#1193=(
BOUNDED_SURFACE()
B_SPLINE_SURFACE(3,1,((#3312,#3313),(#3314,#3315),(#3316,#3317),(#3318,
#3319)),.CYLINDRICAL_SURF.,.F.,.F.,.F.)
B_SPLINE_SURFACE_WITH_KNOTS((4,4),(2,2),(0.,0.5),(0.530320362180142,0.632571038691544),
 .PIECEWISE_BEZIER_KNOTS.)
GEOMETRIC_REPRESENTATION_ITEM()
RATIONAL_B_SPLINE_SURFACE(((1.,1.),(0.333333333333333,0.333333333333333),
(0.333333333333333,0.333333333333333),(1.,1.)))
REPRESENTATION_ITEM('')
SURFACE()
);
#1194=(
BOUNDED_SURFACE()
B_SPLINE_SURFACE(3,1,((#3474,#3475),(#3476,#3477),(#3478,#3479),(#3480,
#3481)),.CYLINDRICAL_SURF.,.F.,.F.,.F.)
B_SPLINE_SURFACE_WITH_KNOTS((4,4),(2,2),(0.,0.5),(0.647622414966066,0.749873091477468),
 .PIECEWISE_BEZIER_KNOTS.)
GEOMETRIC_REPRESENTATION_ITEM()
RATIONAL_B_SPLINE_SURFACE(((1.,1.),(0.333333333333333,0.333333333333333),
(0.333333333333333,0.333333333333333),(1.,1.)))
REPRESENTATION_ITEM('')
SURFACE()
);
#1195=(
BOUNDED_SURFACE()
B_SPLINE_SURFACE(3,1,((#3636,#3637),(#3638,#3639),(#3640,#3641),(#3642,
#3643)),.CYLINDRICAL_SURF.,.F.,.F.,.F.)
B_SPLINE_SURFACE_WITH_KNOTS((4,4),(2,2),(0.,0.5),(0.76492446775199,0.867175144263391),
 .PIECEWISE_BEZIER_KNOTS.)
GEOMETRIC_REPRESENTATION_ITEM()
RATIONAL_B_SPLINE_SURFACE(((1.,1.),(0.333333333333333,0.333333333333333),
(0.333333333333333,0.333333333333333),(1.,1.)))
REPRESENTATION_ITEM('')
SURFACE()
);
#1196=(
BOUNDED_SURFACE()
B_SPLINE_SURFACE(3,1,((#3798,#3799),(#3800,#3801),(#3802,#3803),(#3804,
#3805),(#3806,#3807),(#3808,#3809),(#3810,#3811)),.UNSPECIFIED.,.F.,.F.,
 .F.)
B_SPLINE_SURFACE_WITH_KNOTS((4,3,4),(2,2),(0.5,1.,1.00330762788164),(0.0454545454545453,
0.458475073313783),.PIECEWISE_BEZIER_KNOTS.)
GEOMETRIC_REPRESENTATION_ITEM()
RATIONAL_B_SPLINE_SURFACE(((1.,1.),(0.333333333333333,0.333333333333333),
(0.333333333333333,0.333333333333333),(1.,1.),(0.995589829491143,0.995589829491143),
(0.991208833388162,0.991208833388162),(0.986857011691057,0.986857011691057)))
REPRESENTATION_ITEM('')
SURFACE()
);
#1197=(
BOUNDED_SURFACE()
B_SPLINE_SURFACE(3,1,((#3820,#3821),(#3822,#3823),(#3824,#3825),(#3826,
#3827)),.CYLINDRICAL_SURF.,.F.,.F.,.F.)
B_SPLINE_SURFACE_WITH_KNOTS((4,4),(2,2),(0.5,1.),(0.463752865409302,0.573967227827675),
 .PIECEWISE_BEZIER_KNOTS.)
GEOMETRIC_REPRESENTATION_ITEM()
RATIONAL_B_SPLINE_SURFACE(((1.,1.),(0.333333333333333,0.333333333333333),
(0.333333333333333,0.333333333333333),(1.,1.)))
REPRESENTATION_ITEM('')
SURFACE()
);
#1198=(
BOUNDED_SURFACE()
B_SPLINE_SURFACE(3,1,((#3908,#3909),(#3910,#3911),(#3912,#3913),(#3914,
#3915)),.CYLINDRICAL_SURF.,.F.,.F.,.F.)
B_SPLINE_SURFACE_WITH_KNOTS((4,4),(2,2),(0.5,1.),(0.588971388573104,0.691222065084506),
 .PIECEWISE_BEZIER_KNOTS.)
GEOMETRIC_REPRESENTATION_ITEM()
RATIONAL_B_SPLINE_SURFACE(((1.,1.),(0.333333333333333,0.333333333333333),
(0.333333333333333,0.333333333333333),(1.,1.)))
REPRESENTATION_ITEM('')
SURFACE()
);
#1199=(
BOUNDED_SURFACE()
B_SPLINE_SURFACE(3,1,((#4062,#4063),(#4064,#4065),(#4066,#4067),(#4068,
#4069)),.CYLINDRICAL_SURF.,.F.,.F.,.F.)
B_SPLINE_SURFACE_WITH_KNOTS((4,4),(2,2),(0.5,1.),(0.706273441359028,0.80852411787043),
 .PIECEWISE_BEZIER_KNOTS.)
GEOMETRIC_REPRESENTATION_ITEM()
RATIONAL_B_SPLINE_SURFACE(((1.,1.),(0.333333333333333,0.333333333333333),
(0.333333333333333,0.333333333333333),(1.,1.)))
REPRESENTATION_ITEM('')
SURFACE()
);
#1200=(
BOUNDED_SURFACE()
B_SPLINE_SURFACE(3,1,((#4216,#4217),(#4218,#4219),(#4220,#4221),(#4222,
#4223)),.CYLINDRICAL_SURF.,.F.,.F.,.F.)
B_SPLINE_SURFACE_WITH_KNOTS((4,4),(2,2),(0.5,1.),(0.823575494144951,0.925826170656353),
 .PIECEWISE_BEZIER_KNOTS.)
GEOMETRIC_REPRESENTATION_ITEM()
RATIONAL_B_SPLINE_SURFACE(((1.,1.),(0.333333333333333,0.333333333333333),
(0.333333333333333,0.333333333333333),(1.,1.)))
REPRESENTATION_ITEM('')
SURFACE()
);
#1201=(
BOUNDED_SURFACE()
B_SPLINE_SURFACE(3,1,((#4428,#4429),(#4430,#4431),(#4432,#4433),(#4434,
#4435),(#4436,#4437),(#4438,#4439),(#4440,#4441)),.CYLINDRICAL_SURF.,.T.,
 .F.,.F.)
B_SPLINE_SURFACE_WITH_KNOTS((4,3,4),(2,2),(0.,0.5,1.),(0.,1.),
 .PIECEWISE_BEZIER_KNOTS.)
GEOMETRIC_REPRESENTATION_ITEM()
RATIONAL_B_SPLINE_SURFACE(((1.,1.),(0.333333333333333,0.333333333333333),
(0.333333333333333,0.333333333333333),(1.,1.),(0.333333333333333,0.333333333333333),
(0.333333333333333,0.333333333333333),(1.,1.)))
REPRESENTATION_ITEM('')
SURFACE()
);
#1202=(
BOUNDED_SURFACE()
B_SPLINE_SURFACE(3,1,((#4489,#4490),(#4491,#4492),(#4493,#4494),(#4495,
#4496)),.CYLINDRICAL_SURF.,.F.,.F.,.F.)
B_SPLINE_SURFACE_WITH_KNOTS((4,4),(2,2),(0.5,0.633361173524454),(0.941405406168412,
0.954545454545455),.PIECEWISE_BEZIER_KNOTS.)
GEOMETRIC_REPRESENTATION_ITEM()
RATIONAL_B_SPLINE_SURFACE(((1.,1.),(0.822185101967394,0.822185101967394),
(0.691797410878307,0.691797410878307),(0.60883692673274,0.60883692673274)))
REPRESENTATION_ITEM('')
SURFACE()
);
#1203=(
BOUNDED_SURFACE()
B_SPLINE_SURFACE(3,1,((#4581,#4582),(#4583,#4584),(#4585,#4586),(#4587,
#4588)),.CYLINDRICAL_SURF.,.F.,.F.,.F.)
B_SPLINE_SURFACE_WITH_KNOTS((4,4),(2,2),(0.,0.5),(0.0454545454545447,0.954545454545455),
 .PIECEWISE_BEZIER_KNOTS.)
GEOMETRIC_REPRESENTATION_ITEM()
RATIONAL_B_SPLINE_SURFACE(((1.,1.),(0.333333333333333,0.333333333333333),
(0.333333333333333,0.333333333333333),(1.,1.)))
REPRESENTATION_ITEM('')
SURFACE()
);
#1204=(
BOUNDED_SURFACE()
B_SPLINE_SURFACE(3,1,((#4589,#4590),(#4591,#4592),(#4593,#4594),(#4595,
#4596)),.CYLINDRICAL_SURF.,.F.,.F.,.F.)
B_SPLINE_SURFACE_WITH_KNOTS((4,4),(2,2),(0.,0.5),(0.0454545454545453,0.954545454545456),
 .PIECEWISE_BEZIER_KNOTS.)
GEOMETRIC_REPRESENTATION_ITEM()
RATIONAL_B_SPLINE_SURFACE(((1.,1.),(0.333333333333333,0.333333333333333),
(0.333333333333333,0.333333333333333),(1.,1.)))
REPRESENTATION_ITEM('')
SURFACE()
);
#1205=(
BOUNDED_SURFACE()
B_SPLINE_SURFACE(3,1,((#4597,#4598),(#4599,#4600),(#4601,#4602),(#4603,
#4604)),.CYLINDRICAL_SURF.,.F.,.F.,.F.)
B_SPLINE_SURFACE_WITH_KNOTS((4,4),(2,2),(0.,0.5),(0.0454545454545453,0.954545454545456),
 .PIECEWISE_BEZIER_KNOTS.)
GEOMETRIC_REPRESENTATION_ITEM()
RATIONAL_B_SPLINE_SURFACE(((1.,1.),(0.333333333333333,0.333333333333333),
(0.333333333333333,0.333333333333333),(1.,1.)))
REPRESENTATION_ITEM('')
SURFACE()
);
#1206=(
BOUNDED_SURFACE()
B_SPLINE_SURFACE(1,3,((#4605,#4606,#4607,#4608),(#4609,#4610,#4611,#4612)),
 .CONICAL_SURF.,.F.,.F.,.F.)
B_SPLINE_SURFACE_WITH_KNOTS((2,2),(4,4),(0.0182328190743317,0.382889200561008),
(0.5,1.),.PIECEWISE_BEZIER_KNOTS.)
GEOMETRIC_REPRESENTATION_ITEM()
RATIONAL_B_SPLINE_SURFACE(((1.,0.333333333333333,0.333333333333333,1.),
(1.,0.333333333333333,0.333333333333333,1.)))
REPRESENTATION_ITEM('')
SURFACE()
);
#1207=(
BOUNDED_SURFACE()
B_SPLINE_SURFACE(1,3,((#4613,#4614,#4615,#4616),(#4617,#4618,#4619,#4620)),
 .CONICAL_SURF.,.F.,.F.,.F.)
B_SPLINE_SURFACE_WITH_KNOTS((2,2),(4,4),(0.0182328190743326,0.382889200561008),
(0.5,1.),.PIECEWISE_BEZIER_KNOTS.)
GEOMETRIC_REPRESENTATION_ITEM()
RATIONAL_B_SPLINE_SURFACE(((1.,0.333333333333333,0.333333333333333,1.),
(1.,0.333333333333333,0.333333333333333,1.)))
REPRESENTATION_ITEM('')
SURFACE()
);
#1208=(
BOUNDED_SURFACE()
B_SPLINE_SURFACE(1,3,((#4621,#4622,#4623,#4624),(#4625,#4626,#4627,#4628)),
 .CONICAL_SURF.,.F.,.F.,.F.)
B_SPLINE_SURFACE_WITH_KNOTS((2,2),(4,4),(0.0182328190743326,0.382889200561008),
(0.5,1.),.PIECEWISE_BEZIER_KNOTS.)
GEOMETRIC_REPRESENTATION_ITEM()
RATIONAL_B_SPLINE_SURFACE(((1.,0.333333333333333,0.333333333333333,1.),
(1.,0.333333333333333,0.333333333333333,1.)))
REPRESENTATION_ITEM('')
SURFACE()
);
#1209=(
BOUNDED_SURFACE()
B_SPLINE_SURFACE(3,1,((#4629,#4630),(#4631,#4632),(#4633,#4634),(#4635,
#4636)),.CYLINDRICAL_SURF.,.F.,.F.,.F.)
B_SPLINE_SURFACE_WITH_KNOTS((4,4),(2,2),(0.,1.),(0.,1.),
 .PIECEWISE_BEZIER_KNOTS.)
GEOMETRIC_REPRESENTATION_ITEM()
RATIONAL_B_SPLINE_SURFACE(((1.,1.),(0.57042482288773,0.57042482288773),
(0.57042482288773,0.57042482288773),(1.,1.)))
REPRESENTATION_ITEM('')
SURFACE()
);
#1210=(
BOUNDED_SURFACE()
B_SPLINE_SURFACE(3,3,((#4637,#4638,#4639,#4640),(#4641,#4642,#4643,#4644),
(#4645,#4646,#4647,#4648),(#4649,#4650,#4651,#4652)),.TOROIDAL_SURF.,.F.,
 .F.,.F.)
B_SPLINE_SURFACE_WITH_KNOTS((4,4),(4,4),(0.100587460755116,0.783451590016464),
(0.5,1.),.PIECEWISE_BEZIER_KNOTS.)
GEOMETRIC_REPRESENTATION_ITEM()
RATIONAL_B_SPLINE_SURFACE(((0.902058031277197,0.300686010425732,0.300686010425732,
0.902058031277197),(0.705210132885158,0.235070044295052,0.235070044295052,
0.705210132885158),(0.676634829272612,0.225544943090871,0.225544943090871,
0.676634829272612),(0.816332120439561,0.272110706813187,0.272110706813187,
0.816332120439561)))
REPRESENTATION_ITEM('')
SURFACE()
);
#1211=(
BOUNDED_SURFACE()
B_SPLINE_SURFACE(1,2,((#4653,#4654,#4655,#4656,#4657,#4658,#4659,#4660,
#4661,#4662,#4663,#4664,#4665,#4666,#4667,#4668,#4669,#4670,#4671,#4672,
#4673,#4674,#4675,#4676,#4677,#4678,#4679,#4680,#4681,#4682,#4683,#4684,
#4685,#4686,#4687,#4688,#4689,#4690,#4691,#4692,#4693,#4694,#4695,#4696,
#4697,#4698,#4699,#4700,#4701,#4702,#4703,#4704,#4705,#4706,#4707),(#4708,
#4709,#4710,#4711,#4712,#4713,#4714,#4715,#4716,#4717,#4718,#4719,#4720,
#4721,#4722,#4723,#4724,#4725,#4726,#4727,#4728,#4729,#4730,#4731,#4732,
#4733,#4734,#4735,#4736,#4737,#4738,#4739,#4740,#4741,#4742,#4743,#4744,
#4745,#4746,#4747,#4748,#4749,#4750,#4751,#4752,#4753,#4754,#4755,#4756,
#4757,#4758,#4759,#4760,#4761,#4762)),.UNSPECIFIED.,.F.,.F.,.F.)
B_SPLINE_SURFACE_WITH_KNOTS((2,2),(3,2,2,2,2,2,2,2,2,2,2,2,2,2,2,2,2,2,
2,2,2,2,2,2,2,2,2,3),(0.,1.),(0.,0.0277777777777778,0.0555555555555556,
0.0833333333333333,0.111111111111111,0.138888888888889,0.166666666666667,
0.194444444444445,0.222222222222222,0.25,0.277777777777778,0.305555555555555,
0.333333333333334,0.361111111111111,0.388888888888889,0.416666666666667,
0.444444444444444,0.472222222222222,0.5,0.527777777777778,0.555555555555556,
0.583333333333333,0.611111111111111,0.638888888888889,0.666666666666667,
0.694444444444444,0.722222222222222,0.732413895744514),
 .PIECEWISE_BEZIER_KNOTS.)
GEOMETRIC_REPRESENTATION_ITEM()
RATIONAL_B_SPLINE_SURFACE(((1.,0.866025403784439,1.,0.866025403784439,1.,
0.866025403784439,1.,0.866025403784439,1.,0.866025403784439,1.,0.866025403784439,
1.,0.866025403784439,1.,0.866025403784439,1.,0.866025403784439,1.,0.866025403784439,
1.,0.866025403784439,1.,0.866025403784439,1.,0.866025403784439,1.,0.866025403784439,
1.,0.866025403784439,1.,0.866025403784439,1.,0.866025403784439,1.,0.866025403784439,
1.,0.866025403784439,1.,0.866025403784439,1.,0.866025403784439,1.,0.866025403784439,
1.,0.866025403784439,1.,0.866025403784439,1.,0.866025403784439,1.,0.866025403784439,
1.,0.950844687583243,0.937759567681212),(1.,0.866025403784439,1.,0.866025403784439,
1.,0.866025403784439,1.,0.866025403784439,1.,0.866025403784439,1.,0.866025403784439,
1.,0.866025403784439,1.,0.866025403784439,1.,0.866025403784439,1.,0.866025403784439,
1.,0.866025403784439,1.,0.866025403784439,1.,0.866025403784439,1.,0.866025403784439,
1.,0.866025403784439,1.,0.866025403784439,1.,0.866025403784439,1.,0.866025403784439,
1.,0.866025403784439,1.,0.866025403784439,1.,0.866025403784439,1.,0.866025403784439,
1.,0.866025403784439,1.,0.866025403784439,1.,0.866025403784439,1.,0.866025403784439,
1.,0.950844687583243,0.937759567681212)))
REPRESENTATION_ITEM('')
SURFACE()
);
#1212=(
BOUNDED_SURFACE()
B_SPLINE_SURFACE(1,2,((#4842,#4843,#4844,#4845,#4846,#4847,#4848,#4849,
#4850,#4851,#4852,#4853,#4854,#4855,#4856,#4857,#4858,#4859,#4860,#4861,
#4862,#4863,#4864,#4865,#4866,#4867,#4868,#4869,#4870,#4871,#4872,#4873,
#4874,#4875,#4876,#4877,#4878,#4879,#4880,#4881,#4882,#4883,#4884,#4885,
#4886,#4887,#4888,#4889,#4890,#4891,#4892),(#4893,#4894,#4895,#4896,#4897,
#4898,#4899,#4900,#4901,#4902,#4903,#4904,#4905,#4906,#4907,#4908,#4909,
#4910,#4911,#4912,#4913,#4914,#4915,#4916,#4917,#4918,#4919,#4920,#4921,
#4922,#4923,#4924,#4925,#4926,#4927,#4928,#4929,#4930,#4931,#4932,#4933,
#4934,#4935,#4936,#4937,#4938,#4939,#4940,#4941,#4942,#4943)),
 .UNSPECIFIED.,.F.,.F.,.F.)
B_SPLINE_SURFACE_WITH_KNOTS((2,2),(3,2,2,2,2,2,2,2,2,2,2,2,2,2,2,2,2,2,
2,2,2,2,2,2,2,3),(0.,1.),(0.,0.0277777777777778,0.0555555555555556,0.0833333333333333,
0.111111111111111,0.138888888888889,0.166666666666667,0.194444444444445,
0.222222222222222,0.25,0.277777777777778,0.305555555555555,0.333333333333334,
0.361111111111111,0.388888888888889,0.416666666666667,0.444444444444444,
0.472222222222222,0.5,0.527777777777778,0.555555555555556,0.583333333333333,
0.611111111111111,0.638888888888889,0.666666666666667,0.669773560801587),
 .PIECEWISE_BEZIER_KNOTS.)
GEOMETRIC_REPRESENTATION_ITEM()
RATIONAL_B_SPLINE_SURFACE(((1.,0.866025403784439,1.,0.866025403784439,1.,
0.866025403784439,1.,0.866025403784439,1.,0.866025403784439,1.,0.866025403784439,
1.,0.866025403784439,1.,0.866025403784439,1.,0.866025403784439,1.,0.866025403784439,
1.,0.866025403784439,1.,0.866025403784439,1.,0.866025403784439,1.,0.866025403784439,
1.,0.866025403784439,1.,0.866025403784439,1.,0.866025403784439,1.,0.866025403784439,
1.,0.866025403784439,1.,0.866025403784439,1.,0.866025403784439,1.,0.866025403784439,
1.,0.866025403784439,1.,0.866025403784439,1.,0.985015184060427,0.973382417167251),
(1.,0.866025403784439,1.,0.866025403784439,1.,0.866025403784439,1.,0.866025403784439,
1.,0.866025403784439,1.,0.866025403784439,1.,0.866025403784439,1.,0.866025403784439,
1.,0.866025403784439,1.,0.866025403784439,1.,0.866025403784439,1.,0.866025403784439,
1.,0.866025403784439,1.,0.866025403784439,1.,0.866025403784439,1.,0.866025403784439,
1.,0.866025403784439,1.,0.866025403784439,1.,0.866025403784439,1.,0.866025403784439,
1.,0.866025403784439,1.,0.866025403784439,1.,0.866025403784439,1.,0.866025403784439,
1.,0.985015184060427,0.973382417167251)))
REPRESENTATION_ITEM('')
SURFACE()
);
#1213=(
BOUNDED_SURFACE()
B_SPLINE_SURFACE(3,1,((#4952,#4953),(#4954,#4955),(#4956,#4957),(#4958,
#4959)),.CYLINDRICAL_SURF.,.F.,.F.,.F.)
B_SPLINE_SURFACE_WITH_KNOTS((4,4),(2,2),(0.5,0.848826160199374),(0.878331888131401,
0.954545454545455),.PIECEWISE_BEZIER_KNOTS.)
GEOMETRIC_REPRESENTATION_ITEM()
RATIONAL_B_SPLINE_SURFACE(((1.,1.),(0.534898453067502,0.534898453067502),
(0.394276079573508,0.394276079573508),(0.578132879518019,0.578132879518019)))
REPRESENTATION_ITEM('')
SURFACE()
);
#1214=(
BOUNDED_SURFACE()
B_SPLINE_SURFACE(1,3,((#5254,#5255,#5256,#5257,#5258,#5259,#5260),(#5261,
#5262,#5263,#5264,#5265,#5266,#5267)),.CONICAL_SURF.,.F.,.F.,.F.)
B_SPLINE_SURFACE_WITH_KNOTS((2,2),(4,3,4),(0.00709219858155973,0.148936170212766),
(0.00159981106340285,0.5,0.998400188936597),.PIECEWISE_BEZIER_KNOTS.)
GEOMETRIC_REPRESENTATION_ITEM()
RATIONAL_B_SPLINE_SURFACE(((0.996026775535066,0.584749164757799,0.586073572912777,
1.,0.586073572912777,0.584749164757799,0.996026775535066),(0.996026775535066,
0.584749164757799,0.586073572912777,1.,0.586073572912777,0.584749164757799,
0.996026775535066)))
REPRESENTATION_ITEM('')
SURFACE()
);
#1215=(
BOUNDED_SURFACE()
B_SPLINE_SURFACE(3,1,((#5285,#5286),(#5287,#5288),(#5289,#5290),(#5291,
#5292)),.CYLINDRICAL_SURF.,.F.,.F.,.F.)
B_SPLINE_SURFACE_WITH_KNOTS((4,4),(2,2),(0.,0.5),(0.0454545454545442,0.954545454545454),
 .PIECEWISE_BEZIER_KNOTS.)
GEOMETRIC_REPRESENTATION_ITEM()
RATIONAL_B_SPLINE_SURFACE(((1.,1.),(0.333333333333333,0.333333333333333),
(0.333333333333333,0.333333333333333),(1.,1.)))
REPRESENTATION_ITEM('')
SURFACE()
);
#1216=(
BOUNDED_SURFACE()
B_SPLINE_SURFACE(3,1,((#5299,#5300),(#5301,#5302),(#5303,#5304),(#5305,
#5306)),.CYLINDRICAL_SURF.,.F.,.F.,.F.)
B_SPLINE_SURFACE_WITH_KNOTS((4,4),(2,2),(0.,1.),(0.,1.),
 .PIECEWISE_BEZIER_KNOTS.)
GEOMETRIC_REPRESENTATION_ITEM()
RATIONAL_B_SPLINE_SURFACE(((1.,1.),(0.658573106092489,0.658573106092489),
(0.658573106092489,0.658573106092489),(1.,1.)))
REPRESENTATION_ITEM('')
SURFACE()
);
#1217=(
BOUNDED_SURFACE()
B_SPLINE_SURFACE(3,1,((#5353,#5354),(#5355,#5356),(#5357,#5358),(#5359,
#5360)),.CYLINDRICAL_SURF.,.F.,.F.,.F.)
B_SPLINE_SURFACE_WITH_KNOTS((4,4),(2,2),(0.,1.),(0.,1.),
 .PIECEWISE_BEZIER_KNOTS.)
GEOMETRIC_REPRESENTATION_ITEM()
RATIONAL_B_SPLINE_SURFACE(((1.,1.),(0.658573106092489,0.658573106092489),
(0.658573106092489,0.658573106092489),(1.,1.)))
REPRESENTATION_ITEM('')
SURFACE()
);
#1218=(
BOUNDED_SURFACE()
B_SPLINE_SURFACE(3,1,((#5362,#5363),(#5364,#5365),(#5366,#5367),(#5368,
#5369)),.CYLINDRICAL_SURF.,.F.,.F.,.F.)
B_SPLINE_SURFACE_WITH_KNOTS((4,4),(2,2),(0.,0.5),(0.0454545454545442,0.954545454545454),
 .PIECEWISE_BEZIER_KNOTS.)
GEOMETRIC_REPRESENTATION_ITEM()
RATIONAL_B_SPLINE_SURFACE(((1.,1.),(0.333333333333333,0.333333333333333),
(0.333333333333333,0.333333333333333),(1.,1.)))
REPRESENTATION_ITEM('')
SURFACE()
);
#1219=(
BOUNDED_SURFACE()
B_SPLINE_SURFACE(3,1,((#5397,#5398),(#5399,#5400),(#5401,#5402),(#5403,
#5404)),.CYLINDRICAL_SURF.,.F.,.F.,.F.)
B_SPLINE_SURFACE_WITH_KNOTS((4,4),(2,2),(0.,0.5),(0.0454545454545447,0.954545454545455),
 .PIECEWISE_BEZIER_KNOTS.)
GEOMETRIC_REPRESENTATION_ITEM()
RATIONAL_B_SPLINE_SURFACE(((1.,1.),(0.333333333333333,0.333333333333333),
(0.333333333333333,0.333333333333333),(1.,1.)))
REPRESENTATION_ITEM('')
SURFACE()
);
#1220=(
BOUNDED_SURFACE()
B_SPLINE_SURFACE(3,1,((#5405,#5406),(#5407,#5408),(#5409,#5410),(#5411,
#5412)),.CYLINDRICAL_SURF.,.F.,.F.,.F.)
B_SPLINE_SURFACE_WITH_KNOTS((4,4),(2,2),(0.,0.5),(0.0454545454545448,0.954545454545456),
 .PIECEWISE_BEZIER_KNOTS.)
GEOMETRIC_REPRESENTATION_ITEM()
RATIONAL_B_SPLINE_SURFACE(((1.,1.),(0.333333333333333,0.333333333333333),
(0.333333333333333,0.333333333333333),(1.,1.)))
REPRESENTATION_ITEM('')
SURFACE()
);
#1221=ADVANCED_FACE('',(#1083),#1171,.F.);
#1222=ADVANCED_FACE('',(#1084),#1172,.F.);
#1223=ADVANCED_FACE('',(#1085),#1173,.F.);
#1224=ADVANCED_FACE('',(#1086),#1174,.F.);
#1225=ADVANCED_FACE('',(#1087),#1175,.T.);
#1226=ADVANCED_FACE('',(#1088),#1176,.T.);
#1227=ADVANCED_FACE('',(#1089),#1177,.T.);
#1228=ADVANCED_FACE('',(#1090),#1178,.T.);
#1229=ADVANCED_FACE('',(#1091),#1179,.T.);
#1230=ADVANCED_FACE('',(#1092),#1180,.T.);
#1231=ADVANCED_FACE('',(#1093),#1181,.T.);
#1232=ADVANCED_FACE('',(#1094),#1182,.T.);
#1233=ADVANCED_FACE('',(#1095),#1183,.F.);
#1234=ADVANCED_FACE('',(#1096),#1184,.F.);
#1235=ADVANCED_FACE('',(#1097),#1185,.F.);
#1236=ADVANCED_FACE('',(#1098),#1186,.F.);
#1237=ADVANCED_FACE('',(#1099),#1187,.F.);
#1238=ADVANCED_FACE('',(#1100),#1188,.F.);
#1239=ADVANCED_FACE('',(#1101),#1189,.F.);
#1240=ADVANCED_FACE('',(#1102),#1190,.T.);
#1241=ADVANCED_FACE('',(#1103),#1191,.T.);
#1242=ADVANCED_FACE('',(#1104),#1192,.T.);
#1243=ADVANCED_FACE('',(#1105),#1193,.T.);
#1244=ADVANCED_FACE('',(#1106),#1194,.T.);
#1245=ADVANCED_FACE('',(#1107),#1195,.T.);
#1246=ADVANCED_FACE('',(#1108),#1196,.T.);
#1247=ADVANCED_FACE('',(#1109),#1197,.T.);
#1248=ADVANCED_FACE('',(#1110),#1198,.T.);
#1249=ADVANCED_FACE('',(#1111),#1199,.T.);
#1250=ADVANCED_FACE('',(#1112),#1200,.T.);
#1251=ADVANCED_FACE('',(#1113,#1114,#1115,#1116,#1117,#1118,#1119),#12,
 .F.);
#1252=ADVANCED_FACE('',(#1120,#1121,#1122,#1123,#1124,#1125),#13,.T.);
#1253=ADVANCED_FACE('',(#1126),#1201,.T.);
#1254=ADVANCED_FACE('',(#1127,#1128),#14,.F.);
#1255=ADVANCED_FACE('',(#1129),#15,.F.);
#1256=ADVANCED_FACE('',(#1130),#1202,.T.);
#1257=ADVANCED_FACE('',(#1131),#16,.F.);
#1258=ADVANCED_FACE('',(#1132),#1203,.F.);
#1259=ADVANCED_FACE('',(#1133),#1204,.F.);
#1260=ADVANCED_FACE('',(#1134),#1205,.F.);
#1261=ADVANCED_FACE('',(#1135),#1206,.F.);
#1262=ADVANCED_FACE('',(#1136),#1207,.F.);
#1263=ADVANCED_FACE('',(#1137),#1208,.F.);
#1264=ADVANCED_FACE('',(#1138),#1209,.T.);
#1265=ADVANCED_FACE('',(#1139),#1210,.F.);
#1266=ADVANCED_FACE('',(#1140),#1211,.F.);
#1267=ADVANCED_FACE('',(#1141),#1212,.F.);
#1268=ADVANCED_FACE('',(#1142),#1213,.T.);
#1269=ADVANCED_FACE('',(#1143),#17,.F.);
#1270=ADVANCED_FACE('',(#1144),#18,.F.);
#1271=ADVANCED_FACE('',(#1145),#19,.F.);
#1272=ADVANCED_FACE('',(#1146),#1214,.T.);
#1273=ADVANCED_FACE('',(#1147),#20,.F.);
#1274=ADVANCED_FACE('',(#1148),#21,.F.);
#1275=ADVANCED_FACE('',(#1149),#22,.F.);
#1276=ADVANCED_FACE('',(#1150),#1215,.F.);
#1277=ADVANCED_FACE('',(#1151),#23,.F.);
#1278=ADVANCED_FACE('',(#1152),#1216,.F.);
#1279=ADVANCED_FACE('',(#1153),#24,.F.);
#1280=ADVANCED_FACE('',(#1154),#25,.F.);
#1281=ADVANCED_FACE('',(#1155),#26,.T.);
#1282=ADVANCED_FACE('',(#1156),#27,.F.);
#1283=ADVANCED_FACE('',(#1157),#28,.T.);
#1284=ADVANCED_FACE('',(#1158,#1159),#29,.F.);
#1285=ADVANCED_FACE('',(#1160),#30,.T.);
#1286=ADVANCED_FACE('',(#1161),#1217,.F.);
#1287=ADVANCED_FACE('',(#1162),#1218,.F.);
#1288=ADVANCED_FACE('',(#1163),#31,.T.);
#1289=ADVANCED_FACE('',(#1164),#32,.F.);
#1290=ADVANCED_FACE('',(#1165),#33,.F.);
#1291=ADVANCED_FACE('',(#1166),#34,.F.);
#1292=ADVANCED_FACE('',(#1167),#35,.T.);
#1293=ADVANCED_FACE('',(#1168),#36,.F.);
#1294=ADVANCED_FACE('',(#1169),#1219,.F.);
#1295=ADVANCED_FACE('',(#1170),#1220,.F.);
#1296=CLOSED_SHELL('',(#1221,#1222,#1223,#1224,#1225,#1226,#1227,#1228,
#1229,#1230,#1231,#1232,#1233,#1234,#1235,#1236,#1237,#1238,#1239,#1240,
#1241,#1242,#1243,#1244,#1245,#1246,#1247,#1248,#1249,#1250,#1251,#1252,
#1253,#1254,#1255,#1256,#1257,#1258,#1259,#1260,#1261,#1262,#1263,#1264,
#1265,#1266,#1267,#1268,#1269,#1270,#1271,#1272,#1273,#1274,#1275,#1276,
#1277,#1278,#1279,#1280,#1281,#1282,#1283,#1284,#1285,#1286,#1287,#1288,
#1289,#1290,#1291,#1292,#1293,#1294,#1295));
#1297=STYLED_ITEM('',(#1298),#1305);
#1298=PRESENTATION_STYLE_ASSIGNMENT((#1299));
#1299=SURFACE_STYLE_USAGE(.BOTH.,#1300);
#1300=SURFACE_SIDE_STYLE('',(#1301));
#1301=SURFACE_STYLE_FILL_AREA(#1302);
#1302=FILL_AREA_STYLE('',(#1303));
#1303=FILL_AREA_STYLE_COLOUR('',#1304);
#1304=COLOUR_RGB('',0.647058823529412,0.647058823529412,0.647058823529412);
#1305=MANIFOLD_SOLID_BREP('new v2 concept v48',#1296);
#1306=SHAPE_DEFINITION_REPRESENTATION(#5419,#1307);
#1307=SHAPE_REPRESENTATION('new v2 concept v48',(#1308),#5414);
#1308=AXIS2_PLACEMENT_3D('',#1548,#1372,#1373);
#1309=AXIS2_PLACEMENT_3D('',#1557,#1374,#1375);
#1310=AXIS2_PLACEMENT_3D('',#1563,#1376,#1377);
#1311=AXIS2_PLACEMENT_3D('',#1575,#1378,#1379);
#1312=AXIS2_PLACEMENT_3D('',#1581,#1380,#1381);
#1313=AXIS2_PLACEMENT_3D('',#1593,#1382,#1383);
#1314=AXIS2_PLACEMENT_3D('',#1599,#1384,#1385);
#1315=AXIS2_PLACEMENT_3D('',#1611,#1386,#1387);
#1316=AXIS2_PLACEMENT_3D('',#1617,#1388,#1389);
#1317=AXIS2_PLACEMENT_3D('',#1707,#1390,#1391);
#1318=AXIS2_PLACEMENT_3D('',#2906,#1393,#1394);
#1319=AXIS2_PLACEMENT_3D('',#2914,#1395,#1396);
#1320=AXIS2_PLACEMENT_3D('',#2922,#1397,#1398);
#1321=AXIS2_PLACEMENT_3D('',#2936,#1399,#1400);
#1322=AXIS2_PLACEMENT_3D('',#2942,#1401,#1402);
#1323=AXIS2_PLACEMENT_3D('',#2954,#1403,#1404);
#1324=AXIS2_PLACEMENT_3D('',#2960,#1405,#1406);
#1325=AXIS2_PLACEMENT_3D('',#2972,#1407,#1408);
#1326=AXIS2_PLACEMENT_3D('',#2978,#1409,#1410);
#1327=AXIS2_PLACEMENT_3D('',#2990,#1411,#1412);
#1328=AXIS2_PLACEMENT_3D('',#2994,#1413,#1414);
#1329=AXIS2_PLACEMENT_3D('',#3006,#1415,#1416);
#1330=AXIS2_PLACEMENT_3D('',#3010,#1417,#1418);
#1331=AXIS2_PLACEMENT_3D('',#3022,#1419,#1420);
#1332=AXIS2_PLACEMENT_3D('',#3026,#1421,#1422);
#1333=AXIS2_PLACEMENT_3D('',#3116,#1423,#1424);
#1334=AXIS2_PLACEMENT_3D('',#3202,#1425,#1426);
#1335=AXIS2_PLACEMENT_3D('',#4374,#1428,#1429);
#1336=AXIS2_PLACEMENT_3D('',#4375,#1430,#1431);
#1337=AXIS2_PLACEMENT_3D('',#4376,#1432,#1433);
#1338=AXIS2_PLACEMENT_3D('',#4377,#1434,#1435);
#1339=AXIS2_PLACEMENT_3D('',#4378,#1436,#1437);
#1340=AXIS2_PLACEMENT_3D('',#4379,#1438,#1439);
#1341=AXIS2_PLACEMENT_3D('',#4381,#1440,#1441);
#1342=AXIS2_PLACEMENT_3D('',#4382,#1442,#1443);
#1343=AXIS2_PLACEMENT_3D('',#4383,#1444,#1445);
#1344=AXIS2_PLACEMENT_3D('',#4388,#1447,#1448);
#1345=AXIS2_PLACEMENT_3D('',#4392,#1450,#1451);
#1346=AXIS2_PLACEMENT_3D('',#4396,#1453,#1454);
#1347=AXIS2_PLACEMENT_3D('',#4408,#1460,#1461);
#1348=AXIS2_PLACEMENT_3D('',#4415,#1463,#1464);
#1349=AXIS2_PLACEMENT_3D('',#4416,#1465,#1466);
#1350=AXIS2_PLACEMENT_3D('',#4417,#1467,#1468);
#1351=AXIS2_PLACEMENT_3D('',#4418,#1469,#1470);
#1352=AXIS2_PLACEMENT_3D('',#4419,#1471,#1472);
#1353=AXIS2_PLACEMENT_3D('',#4420,#1473,#1474);
#1354=AXIS2_PLACEMENT_3D('',#4446,#1480,#1481);
#1355=AXIS2_PLACEMENT_3D('',#4451,#1484,#1485);
#1356=AXIS2_PLACEMENT_3D('',#4456,#1488,#1489);
#1357=AXIS2_PLACEMENT_3D('',#4460,#1491,#1492);
#1358=AXIS2_PLACEMENT_3D('',#4464,#1494,#1495);
#1359=AXIS2_PLACEMENT_3D('',#4469,#1498,#1499);
#1360=AXIS2_PLACEMENT_3D('',#4474,#1500,#1501);
#1361=AXIS2_PLACEMENT_3D('',#4477,#1503,#1504);
#1362=AXIS2_PLACEMENT_3D('',#4488,#1508,#1509);
#1363=AXIS2_PLACEMENT_3D('',#4571,#1510,#1511);
#1364=AXIS2_PLACEMENT_3D('',#4576,#1512,#1513);
#1365=AXIS2_PLACEMENT_3D('',#4578,#1514,#1515);
#1366=AXIS2_PLACEMENT_3D('',#4580,#1516,#1517);
#1367=AXIS2_PLACEMENT_3D('',#5293,#1524,#1525);
#1368=AXIS2_PLACEMENT_3D('',#5309,#1528,#1529);
#1369=AXIS2_PLACEMENT_3D('',#5342,#1536,#1537);
#1370=AXIS2_PLACEMENT_3D('',#5345,#1539,#1540);
#1371=AXIS2_PLACEMENT_3D('',#5370,#1544,#1545);
#1372=DIRECTION('',(0.,0.,1.));
#1373=DIRECTION('',(1.,0.,0.));
#1374=DIRECTION('',(0.,0.,1.));
#1375=DIRECTION('',(1.,0.,0.));
#1376=DIRECTION('',(0.,0.,1.));
#1377=DIRECTION('',(1.,0.,0.));
#1378=DIRECTION('',(0.,0.,1.));
#1379=DIRECTION('',(1.,0.,0.));
#1380=DIRECTION('',(0.,0.,1.));
#1381=DIRECTION('',(1.,0.,0.));
#1382=DIRECTION('',(0.,0.,1.));
#1383=DIRECTION('',(1.,0.,0.));
#1384=DIRECTION('',(0.,0.,1.));
#1385=DIRECTION('',(1.,0.,0.));
#1386=DIRECTION('',(0.,0.,1.));
#1387=DIRECTION('',(1.,0.,0.));
#1388=DIRECTION('',(0.,0.,-1.));
#1389=DIRECTION('',(-1.,0.,0.));
#1390=DIRECTION('',(0.,0.,1.));
#1391=DIRECTION('',(1.,0.,0.));
#1392=DIRECTION('',(0.,0.,-1.));
#1393=DIRECTION('',(0.,0.,1.));
#1394=DIRECTION('',(1.,0.,0.));
#1395=DIRECTION('',(0.,0.,1.));
#1396=DIRECTION('',(1.,0.,0.));
#1397=DIRECTION('',(0.,0.,1.));
#1398=DIRECTION('',(1.,0.,0.));
#1399=DIRECTION('',(0.,0.,1.));
#1400=DIRECTION('',(-1.,0.,0.));
#1401=DIRECTION('',(0.,0.,-1.));
#1402=DIRECTION('',(1.,0.,0.));
#1403=DIRECTION('',(0.,0.,1.));
#1404=DIRECTION('',(-1.,0.,0.));
#1405=DIRECTION('',(0.,0.,-1.));
#1406=DIRECTION('',(1.,0.,0.));
#1407=DIRECTION('',(0.,0.,1.));
#1408=DIRECTION('',(-1.,0.,0.));
#1409=DIRECTION('',(0.,0.,-1.));
#1410=DIRECTION('',(1.,0.,0.));
#1411=DIRECTION('',(0.,0.,-1.));
#1412=DIRECTION('',(1.,0.,0.));
#1413=DIRECTION('',(0.,0.,-1.));
#1414=DIRECTION('',(1.,0.,0.));
#1415=DIRECTION('',(0.,0.,-1.));
#1416=DIRECTION('',(1.,0.,0.));
#1417=DIRECTION('',(0.,0.,-1.));
#1418=DIRECTION('',(1.,0.,0.));
#1419=DIRECTION('',(0.,0.,-1.));
#1420=DIRECTION('',(1.,0.,0.));
#1421=DIRECTION('',(0.,0.,-1.));
#1422=DIRECTION('',(1.,0.,0.));
#1423=DIRECTION('',(0.,0.,-1.));
#1424=DIRECTION('',(-1.,0.,0.));
#1425=DIRECTION('',(0.,0.,1.));
#1426=DIRECTION('',(1.,0.,0.));
#1427=DIRECTION('',(-0.000352942421400268,-0.00566398408313586,-0.999983897228326));
#1428=DIRECTION('',(0.,0.,1.));
#1429=DIRECTION('',(1.,0.,0.));
#1430=DIRECTION('',(0.,0.,1.));
#1431=DIRECTION('',(-1.,0.,0.));
#1432=DIRECTION('',(0.,0.,1.));
#1433=DIRECTION('',(-1.,0.,0.));
#1434=DIRECTION('',(0.,0.,1.));
#1435=DIRECTION('',(1.,0.,0.));
#1436=DIRECTION('',(0.,0.,1.));
#1437=DIRECTION('',(-1.,0.,0.));
#1438=DIRECTION('',(0.,0.,1.));
#1439=DIRECTION('',(-0.707106781186548,0.707106781186548,0.));
#1440=DIRECTION('',(0.,0.,1.));
#1441=DIRECTION('',(-0.707106781186548,0.707106781186548,0.));
#1442=DIRECTION('',(0.,0.,1.));
#1443=DIRECTION('',(1.,0.,0.));
#1444=DIRECTION('',(0.,0.,-1.));
#1445=DIRECTION('',(-1.,0.,0.));
#1446=DIRECTION('',(0.984807753012208,0.17364817766693,0.));
#1447=DIRECTION('',(0.,0.,1.));
#1448=DIRECTION('',(1.,0.,0.));
#1449=DIRECTION('',(0.984807753012208,-0.17364817766693,0.));
#1450=DIRECTION('',(0.,0.,1.));
#1451=DIRECTION('',(-1.,0.,0.));
#1452=DIRECTION('',(0.342020143325668,0.939692620785908,0.));
#1453=DIRECTION('',(0.,0.,1.));
#1454=DIRECTION('',(1.,0.,0.));
#1455=DIRECTION('',(-0.628163931038264,-0.778081021322687,0.));
#1456=DIRECTION('',(1.,0.,0.));
#1457=DIRECTION('',(0.,-1.,0.));
#1458=DIRECTION('',(1.,0.,0.));
#1459=DIRECTION('',(-0.628163931038264,0.778081021322687,0.));
#1460=DIRECTION('',(0.,0.,1.));
#1461=DIRECTION('',(1.,0.,0.));
#1462=DIRECTION('',(0.342020143325668,-0.939692620785908,0.));
#1463=DIRECTION('',(0.,0.,1.));
#1464=DIRECTION('',(1.,0.,0.));
#1465=DIRECTION('',(0.,0.,1.));
#1466=DIRECTION('',(1.,0.,0.));
#1467=DIRECTION('',(0.,0.,-1.));
#1468=DIRECTION('',(1.,0.,0.));
#1469=DIRECTION('',(0.,0.,-1.));
#1470=DIRECTION('',(1.,0.,0.));
#1471=DIRECTION('',(0.,0.,-1.));
#1472=DIRECTION('',(1.,0.,0.));
#1473=DIRECTION('',(0.,0.,1.));
#1474=DIRECTION('',(1.,0.,0.));
#1475=DIRECTION('',(-1.,0.,0.));
#1476=DIRECTION('',(0.,-1.,0.));
#1477=DIRECTION('',(-1.,0.,0.));
#1478=DIRECTION('',(0.,0.,1.));
#1479=DIRECTION('',(0.,0.,1.));
#1480=DIRECTION('',(0.,0.,1.));
#1481=DIRECTION('',(1.,0.,0.));
#1482=DIRECTION('',(0.,0.,1.));
#1483=DIRECTION('',(0.,0.,1.));
#1484=DIRECTION('',(0.,0.,1.));
#1485=DIRECTION('',(1.,0.,0.));
#1486=DIRECTION('',(0.,0.,1.));
#1487=DIRECTION('',(0.,0.,1.));
#1488=DIRECTION('',(0.,0.,1.));
#1489=DIRECTION('',(1.,0.,0.));
#1490=DIRECTION('',(0.,0.,1.));
#1491=DIRECTION('',(0.,0.,-1.));
#1492=DIRECTION('',(-1.,0.,0.));
#1493=DIRECTION('',(0.,0.,1.));
#1494=DIRECTION('',(0.,0.,1.));
#1495=DIRECTION('',(1.,0.,0.));
#1496=DIRECTION('',(0.,0.,1.));
#1497=DIRECTION('',(0.,0.,1.));
#1498=DIRECTION('',(0.,0.,1.));
#1499=DIRECTION('',(1.,0.,0.));
#1500=DIRECTION('',(0.,0.,1.));
#1501=DIRECTION('',(1.,0.,0.));
#1502=DIRECTION('',(-0.461748613235034,-0.887010833178222,0.));
#1503=DIRECTION('',(0.,0.,1.));
#1504=DIRECTION('',(1.,0.,0.));
#1505=DIRECTION('',(-0.342020143325668,0.939692620785908,0.));
#1506=DIRECTION('',(0.887010833178222,0.461748613235034,0.));
#1507=DIRECTION('',(-0.984807753012208,-0.17364817766693,0.));
#1508=DIRECTION('',(0.,0.,1.));
#1509=DIRECTION('',(1.,0.,0.));
#1510=DIRECTION('',(0.,0.,-1.));
#1511=DIRECTION('',(-1.,0.,0.));
#1512=DIRECTION('',(0.,0.,1.));
#1513=DIRECTION('',(1.,0.,0.));
#1514=DIRECTION('',(0.,0.,-1.));
#1515=DIRECTION('',(-1.,0.,0.));
#1516=DIRECTION('',(0.,0.,-1.));
#1517=DIRECTION('',(-1.,0.,0.));
#1518=DIRECTION('',(-0.965925826289068,0.,-0.258819045102521));
#1519=DIRECTION('',(0.965925826289068,0.,-0.258819045102521));
#1520=DIRECTION('',(0.,0.,-1.));
#1521=DIRECTION('',(-1.,0.,0.));
#1522=DIRECTION('',(0.,0.,1.));
#1523=DIRECTION('',(0.628163931038264,-0.778081021322687,0.));
#1524=DIRECTION('',(0.,0.,-1.));
#1525=DIRECTION('',(-1.,0.,0.));
#1526=DIRECTION('',(0.,0.,1.));
#1527=DIRECTION('',(0.,0.,1.));
#1528=DIRECTION('',(0.,0.,-1.));
#1529=DIRECTION('',(-1.,0.,0.));
#1530=DIRECTION('',(0.,0.,1.));
#1531=DIRECTION('',(0.,0.,1.));
#1532=DIRECTION('',(0.,0.,1.));
#1533=DIRECTION('',(-1.,0.,0.));
#1534=DIRECTION('',(0.,0.,-1.));
#1535=DIRECTION('',(0.628163931038264,0.778081021322687,0.));
#1536=DIRECTION('',(0.,0.,1.));
#1537=DIRECTION('',(1.,0.,0.));
#1538=DIRECTION('',(-0.342020143325668,-0.939692620785908,0.));
#1539=DIRECTION('',(0.,0.,1.));
#1540=DIRECTION('',(1.,0.,0.));
#1541=DIRECTION('',(-0.984807753012208,0.17364817766693,0.));
#1542=DIRECTION('',(0.,0.,1.));
#1543=DIRECTION('',(0.,0.,1.));
#1544=DIRECTION('',(0.,0.,1.));
#1545=DIRECTION('',(1.,0.,0.));
#1546=DIRECTION('',(-0.461748613235034,-0.887010833178222,0.));
#1547=DIRECTION('',(0.887010833178222,0.461748613235034,0.));
#1548=CARTESIAN_POINT('',(0.,0.,0.));
#1549=CARTESIAN_POINT('',(0.00465,-0.00775,0.0404));
#1550=CARTESIAN_POINT('',(0.00465,-0.00775,0.0374));
#1551=CARTESIAN_POINT('',(0.00465,-0.00905,0.0404));
#1552=CARTESIAN_POINT('',(0.00465,-0.00905,0.0374));
#1553=CARTESIAN_POINT('',(0.00335,-0.00905,0.0404));
#1554=CARTESIAN_POINT('',(0.00335,-0.00905,0.0374));
#1555=CARTESIAN_POINT('',(0.00335,-0.00775,0.0404));
#1556=CARTESIAN_POINT('',(0.00335,-0.00775,0.0374));
#1557=CARTESIAN_POINT('',(0.004,-0.00775,0.0404));
#1558=CARTESIAN_POINT('',(0.00465,-0.00775,0.0404));
#1559=CARTESIAN_POINT('',(0.00335,-0.00775,0.0404));
#1560=CARTESIAN_POINT('',(0.00465,-0.00775,0.04055));
#1561=CARTESIAN_POINT('',(0.00465,-0.00775,0.03725));
#1562=CARTESIAN_POINT('',(0.00465,-0.00775,0.0374));
#1563=CARTESIAN_POINT('',(0.004,-0.00775,0.0374));
#1564=CARTESIAN_POINT('',(0.00335,-0.00775,0.0374));
#1565=CARTESIAN_POINT('',(0.00335,-0.00775,0.04055));
#1566=CARTESIAN_POINT('',(0.00335,-0.00775,0.03725));
#1567=CARTESIAN_POINT('',(0.00465,0.00775,0.0404));
#1568=CARTESIAN_POINT('',(0.00465,0.00775,0.0374));
#1569=CARTESIAN_POINT('',(0.00465,0.00645,0.0404));
#1570=CARTESIAN_POINT('',(0.00465,0.00645,0.0374));
#1571=CARTESIAN_POINT('',(0.00335,0.00645,0.0404));
#1572=CARTESIAN_POINT('',(0.00335,0.00645,0.0374));
#1573=CARTESIAN_POINT('',(0.00335,0.00775,0.0404));
#1574=CARTESIAN_POINT('',(0.00335,0.00775,0.0374));
#1575=CARTESIAN_POINT('',(0.004,0.00775,0.0404));
#1576=CARTESIAN_POINT('',(0.00335,0.00775,0.0404));
#1577=CARTESIAN_POINT('',(0.00465,0.00775,0.0404));
#1578=CARTESIAN_POINT('',(0.00465,0.00775,0.04055));
#1579=CARTESIAN_POINT('',(0.00465,0.00775,0.03725));
#1580=CARTESIAN_POINT('',(0.00465,0.00775,0.0374));
#1581=CARTESIAN_POINT('',(0.004,0.00775,0.0374));
#1582=CARTESIAN_POINT('',(0.00335,0.00775,0.0374));
#1583=CARTESIAN_POINT('',(0.00335,0.00775,0.04055));
#1584=CARTESIAN_POINT('',(0.00335,0.00775,0.03725));
#1585=CARTESIAN_POINT('',(-0.00075,0.01725,0.0259));
#1586=CARTESIAN_POINT('',(-0.00075,0.01725,0.0374));
#1587=CARTESIAN_POINT('',(-0.00075,0.01575,0.0259));
#1588=CARTESIAN_POINT('',(-0.00075,0.01575,0.0374));
#1589=CARTESIAN_POINT('',(0.00075,0.01575,0.0259));
#1590=CARTESIAN_POINT('',(0.00075,0.01575,0.0374));
#1591=CARTESIAN_POINT('',(0.00075,0.01725,0.0259));
#1592=CARTESIAN_POINT('',(0.00075,0.01725,0.0374));
#1593=CARTESIAN_POINT('',(0.,0.01725,0.0259));
#1594=CARTESIAN_POINT('',(0.00075,0.01725,0.0259));
#1595=CARTESIAN_POINT('',(-0.00075,0.01725,0.0259));
#1596=CARTESIAN_POINT('',(-0.00075,0.01725,0.025325));
#1597=CARTESIAN_POINT('',(-0.00075,0.01725,0.037975));
#1598=CARTESIAN_POINT('',(-0.00075,0.01725,0.0374));
#1599=CARTESIAN_POINT('',(0.,0.01725,0.0374));
#1600=CARTESIAN_POINT('',(0.00075,0.01725,0.0374));
#1601=CARTESIAN_POINT('',(0.00075,0.01725,0.025325));
#1602=CARTESIAN_POINT('',(0.00075,0.01725,0.037975));
#1603=CARTESIAN_POINT('',(-0.00075,-0.01725,0.0259));
#1604=CARTESIAN_POINT('',(-0.00075,-0.01725,0.0374));
#1605=CARTESIAN_POINT('',(-0.00075,-0.01875,0.0259));
#1606=CARTESIAN_POINT('',(-0.00075,-0.01875,0.0374));
#1607=CARTESIAN_POINT('',(0.00075,-0.01875,0.0259));
#1608=CARTESIAN_POINT('',(0.00075,-0.01875,0.0374));
#1609=CARTESIAN_POINT('',(0.00075,-0.01725,0.0259));
#1610=CARTESIAN_POINT('',(0.00075,-0.01725,0.0374));
#1611=CARTESIAN_POINT('',(0.,-0.01725,0.0259));
#1612=CARTESIAN_POINT('',(-0.00075,-0.01725,0.0259));
#1613=CARTESIAN_POINT('',(0.00075,-0.01725,0.0259));
#1614=CARTESIAN_POINT('',(-0.00075,-0.01725,0.025325));
#1615=CARTESIAN_POINT('',(-0.00075,-0.01725,0.037975));
#1616=CARTESIAN_POINT('',(-0.00075,-0.01725,0.0374));
#1617=CARTESIAN_POINT('',(0.,-0.01725,0.0374));
#1618=CARTESIAN_POINT('',(0.00075,-0.01725,0.0374));
#1619=CARTESIAN_POINT('',(0.00075,-0.01725,0.025325));
#1620=CARTESIAN_POINT('',(0.00075,-0.01725,0.037975));
#1621=CARTESIAN_POINT('',(-0.006,0.,0.0221424431124143));
#1622=CARTESIAN_POINT('',(-0.006,0.,0.0204));
#1623=CARTESIAN_POINT('',(-0.006,0.012,0.0221424431124143));
#1624=CARTESIAN_POINT('',(-0.006,0.012,0.0204));
#1625=CARTESIAN_POINT('',(0.006,0.012,0.0221424431124143));
#1626=CARTESIAN_POINT('',(0.006,0.012,0.0204));
#1627=CARTESIAN_POINT('',(0.006,7.34788079488412E-19,0.0221424431124143));
#1628=CARTESIAN_POINT('',(0.006,7.34788079488412E-19,0.0204));
#1629=CARTESIAN_POINT('',(0.006,0.,0.0291320508075689));
#1630=CARTESIAN_POINT('',(0.006,-0.00346410161513775,0.0289653841409022));
#1631=CARTESIAN_POINT('',(0.003,-0.00519615242270663,0.0287987174742356));
#1632=CARTESIAN_POINT('',(4.24230095489963E-19,-0.00692820323027551,0.0286320508075689));
#1633=CARTESIAN_POINT('',(-0.003,-0.00519615242270663,0.0284653841409022));
#1634=CARTESIAN_POINT('',(-0.006,-0.00346410161513775,0.0282987174742356));
#1635=CARTESIAN_POINT('',(-0.006,-7.34788079488412E-19,0.0281320508075689));
#1636=CARTESIAN_POINT('',(-0.006,0.00346410161513775,0.0279653841409022));
#1637=CARTESIAN_POINT('',(-0.003,0.00519615242270663,0.0277987174742356));
#1638=CARTESIAN_POINT('',(-1.27269028646989E-18,0.00692820323027551,0.0276320508075689));
#1639=CARTESIAN_POINT('',(0.003,0.00519615242270663,0.0274653841409022));
#1640=CARTESIAN_POINT('',(0.006,0.00346410161513775,0.0272987174742355));
#1641=CARTESIAN_POINT('',(0.006,1.46957615897682E-18,0.0271320508075689));
#1642=CARTESIAN_POINT('',(0.006,-0.00346410161513775,0.0269653841409022));
#1643=CARTESIAN_POINT('',(0.003,-0.00519615242270663,0.0267987174742356));
#1644=CARTESIAN_POINT('',(8.27463107387721E-18,-0.00692820323027551,0.0266320508075689));
#1645=CARTESIAN_POINT('',(-0.003,-0.00519615242270664,0.0264653841409022));
#1646=CARTESIAN_POINT('',(-0.006,-0.00346410161513775,0.0262987174742355));
#1647=CARTESIAN_POINT('',(-0.006,-2.20436423846524E-18,0.0261320508075689));
#1648=CARTESIAN_POINT('',(-0.006,0.00346410161513775,0.0259653841409022));
#1649=CARTESIAN_POINT('',(-0.003,0.00519615242270663,0.0257987174742356));
#1650=CARTESIAN_POINT('',(-2.96961066842974E-18,0.00692820323027551,0.0256320508075689));
#1651=CARTESIAN_POINT('',(0.003,0.00519615242270664,0.0254653841409022));
#1652=CARTESIAN_POINT('',(0.006,0.00346410161513775,0.0252987174742355));
#1653=CARTESIAN_POINT('',(0.006,2.93915231795365E-18,0.0251320508075689));
#1654=CARTESIAN_POINT('',(0.006,-0.00346410161513775,0.0249653841409022));
#1655=CARTESIAN_POINT('',(0.003,-0.00519615242270663,0.0247987174742356));
#1656=CARTESIAN_POINT('',(1.61250320522645E-17,-0.00692820323027551,0.0246320508075689));
#1657=CARTESIAN_POINT('',(-0.003,-0.00519615242270664,0.0244653841409022));
#1658=CARTESIAN_POINT('',(-0.006,-0.00346410161513775,0.0242987174742356));
#1659=CARTESIAN_POINT('',(-0.006,-1.43320814338436E-17,0.0241320508075689));
#1660=CARTESIAN_POINT('',(-0.00600000000000001,0.00346410161513775,0.0239653841409022));
#1661=CARTESIAN_POINT('',(-0.003,0.00519615242270663,0.0237987174742356));
#1662=CARTESIAN_POINT('',(-1.69734922432444E-17,0.00692820323027551,0.0236320508075689));
#1663=CARTESIAN_POINT('',(0.003,0.00519615242270664,0.0234653841409022));
#1664=CARTESIAN_POINT('',(0.00599999999999998,0.00346410161513775,0.0232987174742355));
#1665=CARTESIAN_POINT('',(0.006,4.40872847693047E-18,0.0231320508075689));
#1666=CARTESIAN_POINT('',(0.00600000000000001,-0.00346410161513775,0.0229653841409022));
#1667=CARTESIAN_POINT('',(0.003,-0.00519615242270663,0.0227987174742356));
#1668=CARTESIAN_POINT('',(1.78219524342243E-17,-0.00692820323027551,0.0226320508075688));
#1669=CARTESIAN_POINT('',(-0.003,-0.00519615242270664,0.0224653841409022));
#1670=CARTESIAN_POINT('',(-0.00599999999999998,-0.00346410161513775,0.0222987174742355));
#1671=CARTESIAN_POINT('',(-0.006,-5.14351655641888E-18,0.0221320508075689));
#1672=CARTESIAN_POINT('',(-0.00600000000000001,0.00346410161513775,0.0219653841409022));
#1673=CARTESIAN_POINT('',(-0.003,0.00519615242270663,0.0217987174742356));
#1674=CARTESIAN_POINT('',(-1.86704126252043E-17,0.00692820323027551,0.0216320508075689));
#1675=CARTESIAN_POINT('',(0.003,0.00519615242270664,0.0214653841409022));
#1676=CARTESIAN_POINT('',(0.00599999999999998,0.00346410161513775,0.0212987174742355));
#1677=CARTESIAN_POINT('',(0.006,5.8783046359073E-18,0.0211320508075689));
#1678=CARTESIAN_POINT('',(0.00600000000000001,-0.00346410161513775,0.0209653841409022));
#1679=CARTESIAN_POINT('',(0.003,-0.00519615242270663,0.0207987174742355));
#1680=CARTESIAN_POINT('',(1.95188728161842E-17,-0.00692820323027551,0.0206320508075689));
#1681=CARTESIAN_POINT('',(-0.003,-0.00519615242270664,0.0204653841409022));
#1682=CARTESIAN_POINT('',(-0.00599999999999998,-0.00346410161513775,0.0202987174742356));
#1683=CARTESIAN_POINT('',(-0.006,-2.79293747881987E-17,0.0201320508075689));
#1684=CARTESIAN_POINT('',(-0.00600000000000001,0.00346410161513775,0.0199653841409022));
#1685=CARTESIAN_POINT('',(-0.003,0.00519615242270663,0.0197987174742356));
#1686=CARTESIAN_POINT('',(-2.03673330071641E-17,0.00692820323027551,0.0196320508075689));
#1687=CARTESIAN_POINT('',(0.003,0.00519615242270664,0.0194653841409022));
#1688=CARTESIAN_POINT('',(0.00599999999999998,0.00346410161513775,0.0192987174742355));
#1689=CARTESIAN_POINT('',(0.006,2.86641628676871E-17,0.0191320508075689));
#1690=CARTESIAN_POINT('',(0.00600000000000001,-0.00346410161513775,0.0189653841409022));
#1691=CARTESIAN_POINT('',(0.003,-0.00519615242270662,0.0187987174742355));
#1692=CARTESIAN_POINT('',(4.58297155838536E-17,-0.00692820323027551,0.0186320508075689));
#1693=CARTESIAN_POINT('',(-0.003,-0.00519615242270664,0.0184653841409022));
#1694=CARTESIAN_POINT('',(-0.006,-0.00346410161513775,0.0182987174742355));
#1695=CARTESIAN_POINT('',(-0.006,-2.93989509471756E-17,0.0181320508075689));
#1696=CARTESIAN_POINT('',(-0.00600000000000001,0.00346410161513775,0.0179653841409022));
#1697=CARTESIAN_POINT('',(-0.003,0.00519615242270661,0.0177987174742355));
#1698=CARTESIAN_POINT('',(-2.2064253389124E-17,0.00692820323027551,0.0176320508075689));
#1699=CARTESIAN_POINT('',(0.00299999999999996,0.00519615242270665,0.0174653841409022));
#1700=CARTESIAN_POINT('',(0.00599999999999998,0.00346410161513775,0.0172987174742355));
#1701=CARTESIAN_POINT('',(0.006,8.81745695386094E-18,0.0171320508075689));
#1702=CARTESIAN_POINT('',(-0.006,-5.14351655641888E-18,0.0221320508075689));
#1703=CARTESIAN_POINT('',(0.006,5.8783046359073E-18,0.0211320508075689));
#1704=CARTESIAN_POINT('',(0.006,7.34788079488412E-19,0.029623665268035));
#1705=CARTESIAN_POINT('',(0.006,7.34788079488412E-19,0.0199607778443793));
#1706=CARTESIAN_POINT('',(0.006,7.34788079488412E-19,0.0204));
#1707=CARTESIAN_POINT('',(0.,0.,0.0204));
#1708=CARTESIAN_POINT('',(0.00599691004984335,0.000192535332050577,0.0204));
#1709=CARTESIAN_POINT('',(0.006,0.,0.0283906508075689));
#1710=CARTESIAN_POINT('',(0.006,-0.00346410161513775,0.0282239841409022));
#1711=CARTESIAN_POINT('',(0.003,-0.00519615242270663,0.0280573174742356));
#1712=CARTESIAN_POINT('',(4.24230095489963E-19,-0.00692820323027551,0.0278906508075688));
#1713=CARTESIAN_POINT('',(-0.003,-0.00519615242270663,0.0277239841409022));
#1714=CARTESIAN_POINT('',(-0.006,-0.00346410161513775,0.0275573174742355));
#1715=CARTESIAN_POINT('',(-0.006,-7.34788079488412E-19,0.0273906508075689));
#1716=CARTESIAN_POINT('',(-0.006,0.00346410161513775,0.0272239841409022));
#1717=CARTESIAN_POINT('',(-0.003,0.00519615242270663,0.0270573174742356));
#1718=CARTESIAN_POINT('',(-1.27269028646989E-18,0.00692820323027551,0.0268906508075689));
#1719=CARTESIAN_POINT('',(0.003,0.00519615242270663,0.0267239841409022));
#1720=CARTESIAN_POINT('',(0.006,0.00346410161513775,0.0265573174742355));
#1721=CARTESIAN_POINT('',(0.006,1.46957615897682E-18,0.0263906508075689));
#1722=CARTESIAN_POINT('',(0.006,-0.00346410161513775,0.0262239841409022));
#1723=CARTESIAN_POINT('',(0.003,-0.00519615242270663,0.0260573174742356));
#1724=CARTESIAN_POINT('',(8.27463107387721E-18,-0.00692820323027551,0.0258906508075689));
#1725=CARTESIAN_POINT('',(-0.003,-0.00519615242270664,0.0257239841409022));
#1726=CARTESIAN_POINT('',(-0.006,-0.00346410161513775,0.0255573174742356));
#1727=CARTESIAN_POINT('',(-0.006,-2.20436423846524E-18,0.0253906508075689));
#1728=CARTESIAN_POINT('',(-0.006,0.00346410161513775,0.0252239841409022));
#1729=CARTESIAN_POINT('',(-0.003,0.00519615242270663,0.0250573174742356));
#1730=CARTESIAN_POINT('',(-2.96961066842974E-18,0.00692820323027551,0.0248906508075689));
#1731=CARTESIAN_POINT('',(0.003,0.00519615242270664,0.0247239841409022));
#1732=CARTESIAN_POINT('',(0.006,0.00346410161513775,0.0245573174742356));
#1733=CARTESIAN_POINT('',(0.006,2.93915231795365E-18,0.0243906508075689));
#1734=CARTESIAN_POINT('',(0.006,-0.00346410161513775,0.0242239841409022));
#1735=CARTESIAN_POINT('',(0.003,-0.00519615242270663,0.0240573174742356));
#1736=CARTESIAN_POINT('',(1.61250320522645E-17,-0.00692820323027551,0.0238906508075689));
#1737=CARTESIAN_POINT('',(-0.003,-0.00519615242270664,0.0237239841409022));
#1738=CARTESIAN_POINT('',(-0.006,-0.00346410161513775,0.0235573174742355));
#1739=CARTESIAN_POINT('',(-0.006,-1.43320814338436E-17,0.0233906508075689));
#1740=CARTESIAN_POINT('',(-0.00600000000000001,0.00346410161513775,0.0232239841409022));
#1741=CARTESIAN_POINT('',(-0.003,0.00519615242270663,0.0230573174742356));
#1742=CARTESIAN_POINT('',(-1.69734922432444E-17,0.00692820323027551,0.0228906508075689));
#1743=CARTESIAN_POINT('',(0.003,0.00519615242270664,0.0227239841409022));
#1744=CARTESIAN_POINT('',(0.00599999999999998,0.00346410161513775,0.0225573174742355));
#1745=CARTESIAN_POINT('',(0.006,4.40872847693047E-18,0.0223906508075689));
#1746=CARTESIAN_POINT('',(0.00600000000000001,-0.00346410161513775,0.0222239841409022));
#1747=CARTESIAN_POINT('',(0.003,-0.00519615242270663,0.0220573174742356));
#1748=CARTESIAN_POINT('',(1.78219524342243E-17,-0.00692820323027551,0.0218906508075689));
#1749=CARTESIAN_POINT('',(-0.003,-0.00519615242270664,0.0217239841409022));
#1750=CARTESIAN_POINT('',(-0.00599999999999998,-0.00346410161513775,0.0215573174742356));
#1751=CARTESIAN_POINT('',(-0.006,-5.14351655641888E-18,0.0213906508075689));
#1752=CARTESIAN_POINT('',(-0.00600000000000001,0.00346410161513775,0.0212239841409022));
#1753=CARTESIAN_POINT('',(-0.003,0.00519615242270663,0.0210573174742355));
#1754=CARTESIAN_POINT('',(-1.86704126252043E-17,0.00692820323027551,0.0208906508075689));
#1755=CARTESIAN_POINT('',(0.003,0.00519615242270664,0.0207239841409022));
#1756=CARTESIAN_POINT('',(0.00599999999999998,0.00346410161513775,0.0205573174742356));
#1757=CARTESIAN_POINT('',(0.006,5.8783046359073E-18,0.0203906508075689));
#1758=CARTESIAN_POINT('',(0.00600000000000001,-0.00346410161513775,0.0202239841409022));
#1759=CARTESIAN_POINT('',(0.003,-0.00519615242270663,0.0200573174742355));
#1760=CARTESIAN_POINT('',(1.95188728161842E-17,-0.00692820323027551,0.0198906508075689));
#1761=CARTESIAN_POINT('',(-0.003,-0.00519615242270664,0.0197239841409022));
#1762=CARTESIAN_POINT('',(-0.00599999999999998,-0.00346410161513775,0.0195573174742355));
#1763=CARTESIAN_POINT('',(-0.006,-2.79293747881987E-17,0.0193906508075689));
#1764=CARTESIAN_POINT('',(-0.00600000000000001,0.00346410161513775,0.0192239841409022));
#1765=CARTESIAN_POINT('',(-0.003,0.00519615242270663,0.0190573174742356));
#1766=CARTESIAN_POINT('',(-2.03673330071641E-17,0.00692820323027551,0.0188906508075689));
#1767=CARTESIAN_POINT('',(0.003,0.00519615242270664,0.0187239841409022));
#1768=CARTESIAN_POINT('',(0.00599999999999998,0.00346410161513775,0.0185573174742355));
#1769=CARTESIAN_POINT('',(0.006,2.86641628676871E-17,0.0183906508075689));
#1770=CARTESIAN_POINT('',(0.00600000000000001,-0.00346410161513775,0.0182239841409022));
#1771=CARTESIAN_POINT('',(0.003,-0.00519615242270662,0.0180573174742355));
#1772=CARTESIAN_POINT('',(4.58297155838536E-17,-0.00692820323027551,0.0178906508075689));
#1773=CARTESIAN_POINT('',(-0.003,-0.00519615242270664,0.0177239841409022));
#1774=CARTESIAN_POINT('',(-0.006,-0.00346410161513775,0.0175573174742355));
#1775=CARTESIAN_POINT('',(-0.006,-2.93989509471756E-17,0.0173906508075689));
#1776=CARTESIAN_POINT('',(-0.00600000000000001,0.00346410161513775,0.0172239841409022));
#1777=CARTESIAN_POINT('',(-0.003,0.00519615242270661,0.0170573174742355));
#1778=CARTESIAN_POINT('',(-2.2064253389124E-17,0.00692820323027551,0.0168906508075689));
#1779=CARTESIAN_POINT('',(0.00299999999999996,0.00519615242270665,0.0167239841409022));
#1780=CARTESIAN_POINT('',(0.00599999999999998,0.00346410161513775,0.0165573174742356));
#1781=CARTESIAN_POINT('',(0.006,8.81745695386094E-18,0.0163906508075689));
#1782=CARTESIAN_POINT('',(-0.006,-5.14351655641888E-18,0.0213906508075689));
#1783=CARTESIAN_POINT('',(-0.006,0.,0.029623665268035));
#1784=CARTESIAN_POINT('',(-0.006,0.,0.0199607778443793));
#1785=CARTESIAN_POINT('',(-0.006,0.,0.0281424992075689));
#1786=CARTESIAN_POINT('',(-0.006,0.,0.0263802024075689));
#1787=CARTESIAN_POINT('',(-0.006,0.012,0.0281424992075689));
#1788=CARTESIAN_POINT('',(-0.006,0.012,0.0263802024075689));
#1789=CARTESIAN_POINT('',(0.006,0.012,0.0281424992075689));
#1790=CARTESIAN_POINT('',(0.006,0.012,0.0263802024075689));
#1791=CARTESIAN_POINT('',(0.006,7.34788079488412E-19,0.0281424992075689));
#1792=CARTESIAN_POINT('',(0.006,7.34788079488412E-19,0.0263802024075689));
#1793=CARTESIAN_POINT('',(0.006,0.,0.0291320508075689));
#1794=CARTESIAN_POINT('',(0.006,-0.00346410161513775,0.0289653841409022));
#1795=CARTESIAN_POINT('',(0.003,-0.00519615242270663,0.0287987174742356));
#1796=CARTESIAN_POINT('',(4.24230095489963E-19,-0.00692820323027551,0.0286320508075689));
#1797=CARTESIAN_POINT('',(-0.003,-0.00519615242270663,0.0284653841409022));
#1798=CARTESIAN_POINT('',(-0.006,-0.00346410161513775,0.0282987174742356));
#1799=CARTESIAN_POINT('',(-0.006,-7.34788079488412E-19,0.0281320508075689));
#1800=CARTESIAN_POINT('',(-0.006,0.00346410161513775,0.0279653841409022));
#1801=CARTESIAN_POINT('',(-0.003,0.00519615242270663,0.0277987174742356));
#1802=CARTESIAN_POINT('',(-1.27269028646989E-18,0.00692820323027551,0.0276320508075689));
#1803=CARTESIAN_POINT('',(0.003,0.00519615242270663,0.0274653841409022));
#1804=CARTESIAN_POINT('',(0.006,0.00346410161513775,0.0272987174742355));
#1805=CARTESIAN_POINT('',(0.006,1.46957615897682E-18,0.0271320508075689));
#1806=CARTESIAN_POINT('',(0.006,-0.00346410161513775,0.0269653841409022));
#1807=CARTESIAN_POINT('',(0.003,-0.00519615242270663,0.0267987174742356));
#1808=CARTESIAN_POINT('',(8.27463107387721E-18,-0.00692820323027551,0.0266320508075689));
#1809=CARTESIAN_POINT('',(-0.003,-0.00519615242270664,0.0264653841409022));
#1810=CARTESIAN_POINT('',(-0.006,-0.00346410161513775,0.0262987174742355));
#1811=CARTESIAN_POINT('',(-0.006,-2.20436423846524E-18,0.0261320508075689));
#1812=CARTESIAN_POINT('',(-0.006,0.00346410161513775,0.0259653841409022));
#1813=CARTESIAN_POINT('',(-0.003,0.00519615242270663,0.0257987174742356));
#1814=CARTESIAN_POINT('',(-2.96961066842974E-18,0.00692820323027551,0.0256320508075689));
#1815=CARTESIAN_POINT('',(0.003,0.00519615242270664,0.0254653841409022));
#1816=CARTESIAN_POINT('',(0.006,0.00346410161513775,0.0252987174742355));
#1817=CARTESIAN_POINT('',(0.006,2.93915231795365E-18,0.0251320508075689));
#1818=CARTESIAN_POINT('',(0.006,-0.00346410161513775,0.0249653841409022));
#1819=CARTESIAN_POINT('',(0.003,-0.00519615242270663,0.0247987174742356));
#1820=CARTESIAN_POINT('',(1.61250320522645E-17,-0.00692820323027551,0.0246320508075689));
#1821=CARTESIAN_POINT('',(-0.003,-0.00519615242270664,0.0244653841409022));
#1822=CARTESIAN_POINT('',(-0.006,-0.00346410161513775,0.0242987174742356));
#1823=CARTESIAN_POINT('',(-0.006,-1.43320814338436E-17,0.0241320508075689));
#1824=CARTESIAN_POINT('',(-0.00600000000000001,0.00346410161513775,0.0239653841409022));
#1825=CARTESIAN_POINT('',(-0.003,0.00519615242270663,0.0237987174742356));
#1826=CARTESIAN_POINT('',(-1.69734922432444E-17,0.00692820323027551,0.0236320508075689));
#1827=CARTESIAN_POINT('',(0.003,0.00519615242270664,0.0234653841409022));
#1828=CARTESIAN_POINT('',(0.00599999999999998,0.00346410161513775,0.0232987174742355));
#1829=CARTESIAN_POINT('',(0.006,4.40872847693047E-18,0.0231320508075689));
#1830=CARTESIAN_POINT('',(0.00600000000000001,-0.00346410161513775,0.0229653841409022));
#1831=CARTESIAN_POINT('',(0.003,-0.00519615242270663,0.0227987174742356));
#1832=CARTESIAN_POINT('',(1.78219524342243E-17,-0.00692820323027551,0.0226320508075688));
#1833=CARTESIAN_POINT('',(-0.003,-0.00519615242270664,0.0224653841409022));
#1834=CARTESIAN_POINT('',(-0.00599999999999998,-0.00346410161513775,0.0222987174742355));
#1835=CARTESIAN_POINT('',(-0.006,-5.14351655641888E-18,0.0221320508075689));
#1836=CARTESIAN_POINT('',(-0.00600000000000001,0.00346410161513775,0.0219653841409022));
#1837=CARTESIAN_POINT('',(-0.003,0.00519615242270663,0.0217987174742356));
#1838=CARTESIAN_POINT('',(-1.86704126252043E-17,0.00692820323027551,0.0216320508075689));
#1839=CARTESIAN_POINT('',(0.003,0.00519615242270664,0.0214653841409022));
#1840=CARTESIAN_POINT('',(0.00599999999999998,0.00346410161513775,0.0212987174742355));
#1841=CARTESIAN_POINT('',(0.006,5.8783046359073E-18,0.0211320508075689));
#1842=CARTESIAN_POINT('',(0.00600000000000001,-0.00346410161513775,0.0209653841409022));
#1843=CARTESIAN_POINT('',(0.003,-0.00519615242270663,0.0207987174742355));
#1844=CARTESIAN_POINT('',(1.95188728161842E-17,-0.00692820323027551,0.0206320508075689));
#1845=CARTESIAN_POINT('',(-0.003,-0.00519615242270664,0.0204653841409022));
#1846=CARTESIAN_POINT('',(-0.00599999999999998,-0.00346410161513775,0.0202987174742356));
#1847=CARTESIAN_POINT('',(-0.006,-2.79293747881987E-17,0.0201320508075689));
#1848=CARTESIAN_POINT('',(-0.00600000000000001,0.00346410161513775,0.0199653841409022));
#1849=CARTESIAN_POINT('',(-0.003,0.00519615242270663,0.0197987174742356));
#1850=CARTESIAN_POINT('',(-2.03673330071641E-17,0.00692820323027551,0.0196320508075689));
#1851=CARTESIAN_POINT('',(0.003,0.00519615242270664,0.0194653841409022));
#1852=CARTESIAN_POINT('',(0.00599999999999998,0.00346410161513775,0.0192987174742355));
#1853=CARTESIAN_POINT('',(0.006,2.86641628676871E-17,0.0191320508075689));
#1854=CARTESIAN_POINT('',(0.00600000000000001,-0.00346410161513775,0.0189653841409022));
#1855=CARTESIAN_POINT('',(0.003,-0.00519615242270662,0.0187987174742355));
#1856=CARTESIAN_POINT('',(4.58297155838536E-17,-0.00692820323027551,0.0186320508075689));
#1857=CARTESIAN_POINT('',(-0.003,-0.00519615242270664,0.0184653841409022));
#1858=CARTESIAN_POINT('',(-0.006,-0.00346410161513775,0.0182987174742355));
#1859=CARTESIAN_POINT('',(-0.006,-2.93989509471756E-17,0.0181320508075689));
#1860=CARTESIAN_POINT('',(-0.00600000000000001,0.00346410161513775,0.0179653841409022));
#1861=CARTESIAN_POINT('',(-0.003,0.00519615242270661,0.0177987174742355));
#1862=CARTESIAN_POINT('',(-2.2064253389124E-17,0.00692820323027551,0.0176320508075689));
#1863=CARTESIAN_POINT('',(0.00299999999999996,0.00519615242270665,0.0174653841409022));
#1864=CARTESIAN_POINT('',(0.00599999999999998,0.00346410161513775,0.0172987174742355));
#1865=CARTESIAN_POINT('',(0.006,8.81745695386094E-18,0.0171320508075689));
#1866=CARTESIAN_POINT('',(-0.006,-7.34788079488412E-19,0.0281320508075689));
#1867=CARTESIAN_POINT('',(0.006,1.46957615897682E-18,0.0271320508075689));
#1868=CARTESIAN_POINT('',(0.006,7.34788079488412E-19,0.029623665268035));
#1869=CARTESIAN_POINT('',(0.006,7.34788079488412E-19,0.0199607778443793));
#1870=CARTESIAN_POINT('',(0.006,1.46957615897682E-18,0.0263906508075689));
#1871=CARTESIAN_POINT('',(0.006,0.,0.0283906508075689));
#1872=CARTESIAN_POINT('',(0.006,-0.00346410161513775,0.0282239841409022));
#1873=CARTESIAN_POINT('',(0.003,-0.00519615242270663,0.0280573174742356));
#1874=CARTESIAN_POINT('',(4.24230095489963E-19,-0.00692820323027551,0.0278906508075688));
#1875=CARTESIAN_POINT('',(-0.003,-0.00519615242270663,0.0277239841409022));
#1876=CARTESIAN_POINT('',(-0.006,-0.00346410161513775,0.0275573174742355));
#1877=CARTESIAN_POINT('',(-0.006,-7.34788079488412E-19,0.0273906508075689));
#1878=CARTESIAN_POINT('',(-0.006,0.00346410161513775,0.0272239841409022));
#1879=CARTESIAN_POINT('',(-0.003,0.00519615242270663,0.0270573174742356));
#1880=CARTESIAN_POINT('',(-1.27269028646989E-18,0.00692820323027551,0.0268906508075689));
#1881=CARTESIAN_POINT('',(0.003,0.00519615242270663,0.0267239841409022));
#1882=CARTESIAN_POINT('',(0.006,0.00346410161513775,0.0265573174742355));
#1883=CARTESIAN_POINT('',(0.006,1.46957615897682E-18,0.0263906508075689));
#1884=CARTESIAN_POINT('',(0.006,-0.00346410161513775,0.0262239841409022));
#1885=CARTESIAN_POINT('',(0.003,-0.00519615242270663,0.0260573174742356));
#1886=CARTESIAN_POINT('',(8.27463107387721E-18,-0.00692820323027551,0.0258906508075689));
#1887=CARTESIAN_POINT('',(-0.003,-0.00519615242270664,0.0257239841409022));
#1888=CARTESIAN_POINT('',(-0.006,-0.00346410161513775,0.0255573174742356));
#1889=CARTESIAN_POINT('',(-0.006,-2.20436423846524E-18,0.0253906508075689));
#1890=CARTESIAN_POINT('',(-0.006,0.00346410161513775,0.0252239841409022));
#1891=CARTESIAN_POINT('',(-0.003,0.00519615242270663,0.0250573174742356));
#1892=CARTESIAN_POINT('',(-2.96961066842974E-18,0.00692820323027551,0.0248906508075689));
#1893=CARTESIAN_POINT('',(0.003,0.00519615242270664,0.0247239841409022));
#1894=CARTESIAN_POINT('',(0.006,0.00346410161513775,0.0245573174742356));
#1895=CARTESIAN_POINT('',(0.006,2.93915231795365E-18,0.0243906508075689));
#1896=CARTESIAN_POINT('',(0.006,-0.00346410161513775,0.0242239841409022));
#1897=CARTESIAN_POINT('',(0.003,-0.00519615242270663,0.0240573174742356));
#1898=CARTESIAN_POINT('',(1.61250320522645E-17,-0.00692820323027551,0.0238906508075689));
#1899=CARTESIAN_POINT('',(-0.003,-0.00519615242270664,0.0237239841409022));
#1900=CARTESIAN_POINT('',(-0.006,-0.00346410161513775,0.0235573174742355));
#1901=CARTESIAN_POINT('',(-0.006,-1.43320814338436E-17,0.0233906508075689));
#1902=CARTESIAN_POINT('',(-0.00600000000000001,0.00346410161513775,0.0232239841409022));
#1903=CARTESIAN_POINT('',(-0.003,0.00519615242270663,0.0230573174742356));
#1904=CARTESIAN_POINT('',(-1.69734922432444E-17,0.00692820323027551,0.0228906508075689));
#1905=CARTESIAN_POINT('',(0.003,0.00519615242270664,0.0227239841409022));
#1906=CARTESIAN_POINT('',(0.00599999999999998,0.00346410161513775,0.0225573174742355));
#1907=CARTESIAN_POINT('',(0.006,4.40872847693047E-18,0.0223906508075689));
#1908=CARTESIAN_POINT('',(0.00600000000000001,-0.00346410161513775,0.0222239841409022));
#1909=CARTESIAN_POINT('',(0.003,-0.00519615242270663,0.0220573174742356));
#1910=CARTESIAN_POINT('',(1.78219524342243E-17,-0.00692820323027551,0.0218906508075689));
#1911=CARTESIAN_POINT('',(-0.003,-0.00519615242270664,0.0217239841409022));
#1912=CARTESIAN_POINT('',(-0.00599999999999998,-0.00346410161513775,0.0215573174742356));
#1913=CARTESIAN_POINT('',(-0.006,-5.14351655641888E-18,0.0213906508075689));
#1914=CARTESIAN_POINT('',(-0.00600000000000001,0.00346410161513775,0.0212239841409022));
#1915=CARTESIAN_POINT('',(-0.003,0.00519615242270663,0.0210573174742355));
#1916=CARTESIAN_POINT('',(-1.86704126252043E-17,0.00692820323027551,0.0208906508075689));
#1917=CARTESIAN_POINT('',(0.003,0.00519615242270664,0.0207239841409022));
#1918=CARTESIAN_POINT('',(0.00599999999999998,0.00346410161513775,0.0205573174742356));
#1919=CARTESIAN_POINT('',(0.006,5.8783046359073E-18,0.0203906508075689));
#1920=CARTESIAN_POINT('',(0.00600000000000001,-0.00346410161513775,0.0202239841409022));
#1921=CARTESIAN_POINT('',(0.003,-0.00519615242270663,0.0200573174742355));
#1922=CARTESIAN_POINT('',(1.95188728161842E-17,-0.00692820323027551,0.0198906508075689));
#1923=CARTESIAN_POINT('',(-0.003,-0.00519615242270664,0.0197239841409022));
#1924=CARTESIAN_POINT('',(-0.00599999999999998,-0.00346410161513775,0.0195573174742355));
#1925=CARTESIAN_POINT('',(-0.006,-2.79293747881987E-17,0.0193906508075689));
#1926=CARTESIAN_POINT('',(-0.00600000000000001,0.00346410161513775,0.0192239841409022));
#1927=CARTESIAN_POINT('',(-0.003,0.00519615242270663,0.0190573174742356));
#1928=CARTESIAN_POINT('',(-2.03673330071641E-17,0.00692820323027551,0.0188906508075689));
#1929=CARTESIAN_POINT('',(0.003,0.00519615242270664,0.0187239841409022));
#1930=CARTESIAN_POINT('',(0.00599999999999998,0.00346410161513775,0.0185573174742355));
#1931=CARTESIAN_POINT('',(0.006,2.86641628676871E-17,0.0183906508075689));
#1932=CARTESIAN_POINT('',(0.00600000000000001,-0.00346410161513775,0.0182239841409022));
#1933=CARTESIAN_POINT('',(0.003,-0.00519615242270662,0.0180573174742355));
#1934=CARTESIAN_POINT('',(4.58297155838536E-17,-0.00692820323027551,0.0178906508075689));
#1935=CARTESIAN_POINT('',(-0.003,-0.00519615242270664,0.0177239841409022));
#1936=CARTESIAN_POINT('',(-0.006,-0.00346410161513775,0.0175573174742355));
#1937=CARTESIAN_POINT('',(-0.006,-2.93989509471756E-17,0.0173906508075689));
#1938=CARTESIAN_POINT('',(-0.00600000000000001,0.00346410161513775,0.0172239841409022));
#1939=CARTESIAN_POINT('',(-0.003,0.00519615242270661,0.0170573174742355));
#1940=CARTESIAN_POINT('',(-2.2064253389124E-17,0.00692820323027551,0.0168906508075689));
#1941=CARTESIAN_POINT('',(0.00299999999999996,0.00519615242270665,0.0167239841409022));
#1942=CARTESIAN_POINT('',(0.00599999999999998,0.00346410161513775,0.0165573174742356));
#1943=CARTESIAN_POINT('',(0.006,8.81745695386094E-18,0.0163906508075689));
#1944=CARTESIAN_POINT('',(-0.006,-7.34788079488412E-19,0.0273906508075689));
#1945=CARTESIAN_POINT('',(-0.006,0.,0.029623665268035));
#1946=CARTESIAN_POINT('',(-0.006,0.,0.0199607778443793));
#1947=CARTESIAN_POINT('',(-0.006,0.,0.0261424992075689));
#1948=CARTESIAN_POINT('',(-0.006,0.,0.0243802024075689));
#1949=CARTESIAN_POINT('',(-0.006,0.012,0.0261424992075689));
#1950=CARTESIAN_POINT('',(-0.006,0.012,0.0243802024075689));
#1951=CARTESIAN_POINT('',(0.006,0.012,0.0261424992075689));
#1952=CARTESIAN_POINT('',(0.006,0.012,0.0243802024075689));
#1953=CARTESIAN_POINT('',(0.006,7.34788079488412E-19,0.0261424992075689));
#1954=CARTESIAN_POINT('',(0.006,7.34788079488412E-19,0.0243802024075689));
#1955=CARTESIAN_POINT('',(0.006,0.,0.0291320508075689));
#1956=CARTESIAN_POINT('',(0.006,-0.00346410161513775,0.0289653841409022));
#1957=CARTESIAN_POINT('',(0.003,-0.00519615242270663,0.0287987174742356));
#1958=CARTESIAN_POINT('',(4.24230095489963E-19,-0.00692820323027551,0.0286320508075689));
#1959=CARTESIAN_POINT('',(-0.003,-0.00519615242270663,0.0284653841409022));
#1960=CARTESIAN_POINT('',(-0.006,-0.00346410161513775,0.0282987174742356));
#1961=CARTESIAN_POINT('',(-0.006,-7.34788079488412E-19,0.0281320508075689));
#1962=CARTESIAN_POINT('',(-0.006,0.00346410161513775,0.0279653841409022));
#1963=CARTESIAN_POINT('',(-0.003,0.00519615242270663,0.0277987174742356));
#1964=CARTESIAN_POINT('',(-1.27269028646989E-18,0.00692820323027551,0.0276320508075689));
#1965=CARTESIAN_POINT('',(0.003,0.00519615242270663,0.0274653841409022));
#1966=CARTESIAN_POINT('',(0.006,0.00346410161513775,0.0272987174742355));
#1967=CARTESIAN_POINT('',(0.006,1.46957615897682E-18,0.0271320508075689));
#1968=CARTESIAN_POINT('',(0.006,-0.00346410161513775,0.0269653841409022));
#1969=CARTESIAN_POINT('',(0.003,-0.00519615242270663,0.0267987174742356));
#1970=CARTESIAN_POINT('',(8.27463107387721E-18,-0.00692820323027551,0.0266320508075689));
#1971=CARTESIAN_POINT('',(-0.003,-0.00519615242270664,0.0264653841409022));
#1972=CARTESIAN_POINT('',(-0.006,-0.00346410161513775,0.0262987174742355));
#1973=CARTESIAN_POINT('',(-0.006,-2.20436423846524E-18,0.0261320508075689));
#1974=CARTESIAN_POINT('',(-0.006,0.00346410161513775,0.0259653841409022));
#1975=CARTESIAN_POINT('',(-0.003,0.00519615242270663,0.0257987174742356));
#1976=CARTESIAN_POINT('',(-2.96961066842974E-18,0.00692820323027551,0.0256320508075689));
#1977=CARTESIAN_POINT('',(0.003,0.00519615242270664,0.0254653841409022));
#1978=CARTESIAN_POINT('',(0.006,0.00346410161513775,0.0252987174742355));
#1979=CARTESIAN_POINT('',(0.006,2.93915231795365E-18,0.0251320508075689));
#1980=CARTESIAN_POINT('',(0.006,-0.00346410161513775,0.0249653841409022));
#1981=CARTESIAN_POINT('',(0.003,-0.00519615242270663,0.0247987174742356));
#1982=CARTESIAN_POINT('',(1.61250320522645E-17,-0.00692820323027551,0.0246320508075689));
#1983=CARTESIAN_POINT('',(-0.003,-0.00519615242270664,0.0244653841409022));
#1984=CARTESIAN_POINT('',(-0.006,-0.00346410161513775,0.0242987174742356));
#1985=CARTESIAN_POINT('',(-0.006,-1.43320814338436E-17,0.0241320508075689));
#1986=CARTESIAN_POINT('',(-0.00600000000000001,0.00346410161513775,0.0239653841409022));
#1987=CARTESIAN_POINT('',(-0.003,0.00519615242270663,0.0237987174742356));
#1988=CARTESIAN_POINT('',(-1.69734922432444E-17,0.00692820323027551,0.0236320508075689));
#1989=CARTESIAN_POINT('',(0.003,0.00519615242270664,0.0234653841409022));
#1990=CARTESIAN_POINT('',(0.00599999999999998,0.00346410161513775,0.0232987174742355));
#1991=CARTESIAN_POINT('',(0.006,4.40872847693047E-18,0.0231320508075689));
#1992=CARTESIAN_POINT('',(0.00600000000000001,-0.00346410161513775,0.0229653841409022));
#1993=CARTESIAN_POINT('',(0.003,-0.00519615242270663,0.0227987174742356));
#1994=CARTESIAN_POINT('',(1.78219524342243E-17,-0.00692820323027551,0.0226320508075688));
#1995=CARTESIAN_POINT('',(-0.003,-0.00519615242270664,0.0224653841409022));
#1996=CARTESIAN_POINT('',(-0.00599999999999998,-0.00346410161513775,0.0222987174742355));
#1997=CARTESIAN_POINT('',(-0.006,-5.14351655641888E-18,0.0221320508075689));
#1998=CARTESIAN_POINT('',(-0.00600000000000001,0.00346410161513775,0.0219653841409022));
#1999=CARTESIAN_POINT('',(-0.003,0.00519615242270663,0.0217987174742356));
#2000=CARTESIAN_POINT('',(-1.86704126252043E-17,0.00692820323027551,0.0216320508075689));
#2001=CARTESIAN_POINT('',(0.003,0.00519615242270664,0.0214653841409022));
#2002=CARTESIAN_POINT('',(0.00599999999999998,0.00346410161513775,0.0212987174742355));
#2003=CARTESIAN_POINT('',(0.006,5.8783046359073E-18,0.0211320508075689));
#2004=CARTESIAN_POINT('',(0.00600000000000001,-0.00346410161513775,0.0209653841409022));
#2005=CARTESIAN_POINT('',(0.003,-0.00519615242270663,0.0207987174742355));
#2006=CARTESIAN_POINT('',(1.95188728161842E-17,-0.00692820323027551,0.0206320508075689));
#2007=CARTESIAN_POINT('',(-0.003,-0.00519615242270664,0.0204653841409022));
#2008=CARTESIAN_POINT('',(-0.00599999999999998,-0.00346410161513775,0.0202987174742356));
#2009=CARTESIAN_POINT('',(-0.006,-2.79293747881987E-17,0.0201320508075689));
#2010=CARTESIAN_POINT('',(-0.00600000000000001,0.00346410161513775,0.0199653841409022));
#2011=CARTESIAN_POINT('',(-0.003,0.00519615242270663,0.0197987174742356));
#2012=CARTESIAN_POINT('',(-2.03673330071641E-17,0.00692820323027551,0.0196320508075689));
#2013=CARTESIAN_POINT('',(0.003,0.00519615242270664,0.0194653841409022));
#2014=CARTESIAN_POINT('',(0.00599999999999998,0.00346410161513775,0.0192987174742355));
#2015=CARTESIAN_POINT('',(0.006,2.86641628676871E-17,0.0191320508075689));
#2016=CARTESIAN_POINT('',(0.00600000000000001,-0.00346410161513775,0.0189653841409022));
#2017=CARTESIAN_POINT('',(0.003,-0.00519615242270662,0.0187987174742355));
#2018=CARTESIAN_POINT('',(4.58297155838536E-17,-0.00692820323027551,0.0186320508075689));
#2019=CARTESIAN_POINT('',(-0.003,-0.00519615242270664,0.0184653841409022));
#2020=CARTESIAN_POINT('',(-0.006,-0.00346410161513775,0.0182987174742355));
#2021=CARTESIAN_POINT('',(-0.006,-2.93989509471756E-17,0.0181320508075689));
#2022=CARTESIAN_POINT('',(-0.00600000000000001,0.00346410161513775,0.0179653841409022));
#2023=CARTESIAN_POINT('',(-0.003,0.00519615242270661,0.0177987174742355));
#2024=CARTESIAN_POINT('',(-2.2064253389124E-17,0.00692820323027551,0.0176320508075689));
#2025=CARTESIAN_POINT('',(0.00299999999999996,0.00519615242270665,0.0174653841409022));
#2026=CARTESIAN_POINT('',(0.00599999999999998,0.00346410161513775,0.0172987174742355));
#2027=CARTESIAN_POINT('',(0.006,8.81745695386094E-18,0.0171320508075689));
#2028=CARTESIAN_POINT('',(-0.006,-2.20436423846524E-18,0.0261320508075689));
#2029=CARTESIAN_POINT('',(0.006,2.93915231795365E-18,0.0251320508075689));
#2030=CARTESIAN_POINT('',(0.006,7.34788079488412E-19,0.029623665268035));
#2031=CARTESIAN_POINT('',(0.006,7.34788079488412E-19,0.0199607778443793));
#2032=CARTESIAN_POINT('',(0.006,2.93915231795365E-18,0.0243906508075689));
#2033=CARTESIAN_POINT('',(0.006,0.,0.0283906508075689));
#2034=CARTESIAN_POINT('',(0.006,-0.00346410161513775,0.0282239841409022));
#2035=CARTESIAN_POINT('',(0.003,-0.00519615242270663,0.0280573174742356));
#2036=CARTESIAN_POINT('',(4.24230095489963E-19,-0.00692820323027551,0.0278906508075688));
#2037=CARTESIAN_POINT('',(-0.003,-0.00519615242270663,0.0277239841409022));
#2038=CARTESIAN_POINT('',(-0.006,-0.00346410161513775,0.0275573174742355));
#2039=CARTESIAN_POINT('',(-0.006,-7.34788079488412E-19,0.0273906508075689));
#2040=CARTESIAN_POINT('',(-0.006,0.00346410161513775,0.0272239841409022));
#2041=CARTESIAN_POINT('',(-0.003,0.00519615242270663,0.0270573174742356));
#2042=CARTESIAN_POINT('',(-1.27269028646989E-18,0.00692820323027551,0.0268906508075689));
#2043=CARTESIAN_POINT('',(0.003,0.00519615242270663,0.0267239841409022));
#2044=CARTESIAN_POINT('',(0.006,0.00346410161513775,0.0265573174742355));
#2045=CARTESIAN_POINT('',(0.006,1.46957615897682E-18,0.0263906508075689));
#2046=CARTESIAN_POINT('',(0.006,-0.00346410161513775,0.0262239841409022));
#2047=CARTESIAN_POINT('',(0.003,-0.00519615242270663,0.0260573174742356));
#2048=CARTESIAN_POINT('',(8.27463107387721E-18,-0.00692820323027551,0.0258906508075689));
#2049=CARTESIAN_POINT('',(-0.003,-0.00519615242270664,0.0257239841409022));
#2050=CARTESIAN_POINT('',(-0.006,-0.00346410161513775,0.0255573174742356));
#2051=CARTESIAN_POINT('',(-0.006,-2.20436423846524E-18,0.0253906508075689));
#2052=CARTESIAN_POINT('',(-0.006,0.00346410161513775,0.0252239841409022));
#2053=CARTESIAN_POINT('',(-0.003,0.00519615242270663,0.0250573174742356));
#2054=CARTESIAN_POINT('',(-2.96961066842974E-18,0.00692820323027551,0.0248906508075689));
#2055=CARTESIAN_POINT('',(0.003,0.00519615242270664,0.0247239841409022));
#2056=CARTESIAN_POINT('',(0.006,0.00346410161513775,0.0245573174742356));
#2057=CARTESIAN_POINT('',(0.006,2.93915231795365E-18,0.0243906508075689));
#2058=CARTESIAN_POINT('',(0.006,-0.00346410161513775,0.0242239841409022));
#2059=CARTESIAN_POINT('',(0.003,-0.00519615242270663,0.0240573174742356));
#2060=CARTESIAN_POINT('',(1.61250320522645E-17,-0.00692820323027551,0.0238906508075689));
#2061=CARTESIAN_POINT('',(-0.003,-0.00519615242270664,0.0237239841409022));
#2062=CARTESIAN_POINT('',(-0.006,-0.00346410161513775,0.0235573174742355));
#2063=CARTESIAN_POINT('',(-0.006,-1.43320814338436E-17,0.0233906508075689));
#2064=CARTESIAN_POINT('',(-0.00600000000000001,0.00346410161513775,0.0232239841409022));
#2065=CARTESIAN_POINT('',(-0.003,0.00519615242270663,0.0230573174742356));
#2066=CARTESIAN_POINT('',(-1.69734922432444E-17,0.00692820323027551,0.0228906508075689));
#2067=CARTESIAN_POINT('',(0.003,0.00519615242270664,0.0227239841409022));
#2068=CARTESIAN_POINT('',(0.00599999999999998,0.00346410161513775,0.0225573174742355));
#2069=CARTESIAN_POINT('',(0.006,4.40872847693047E-18,0.0223906508075689));
#2070=CARTESIAN_POINT('',(0.00600000000000001,-0.00346410161513775,0.0222239841409022));
#2071=CARTESIAN_POINT('',(0.003,-0.00519615242270663,0.0220573174742356));
#2072=CARTESIAN_POINT('',(1.78219524342243E-17,-0.00692820323027551,0.0218906508075689));
#2073=CARTESIAN_POINT('',(-0.003,-0.00519615242270664,0.0217239841409022));
#2074=CARTESIAN_POINT('',(-0.00599999999999998,-0.00346410161513775,0.0215573174742356));
#2075=CARTESIAN_POINT('',(-0.006,-5.14351655641888E-18,0.0213906508075689));
#2076=CARTESIAN_POINT('',(-0.00600000000000001,0.00346410161513775,0.0212239841409022));
#2077=CARTESIAN_POINT('',(-0.003,0.00519615242270663,0.0210573174742355));
#2078=CARTESIAN_POINT('',(-1.86704126252043E-17,0.00692820323027551,0.0208906508075689));
#2079=CARTESIAN_POINT('',(0.003,0.00519615242270664,0.0207239841409022));
#2080=CARTESIAN_POINT('',(0.00599999999999998,0.00346410161513775,0.0205573174742356));
#2081=CARTESIAN_POINT('',(0.006,5.8783046359073E-18,0.0203906508075689));
#2082=CARTESIAN_POINT('',(0.00600000000000001,-0.00346410161513775,0.0202239841409022));
#2083=CARTESIAN_POINT('',(0.003,-0.00519615242270663,0.0200573174742355));
#2084=CARTESIAN_POINT('',(1.95188728161842E-17,-0.00692820323027551,0.0198906508075689));
#2085=CARTESIAN_POINT('',(-0.003,-0.00519615242270664,0.0197239841409022));
#2086=CARTESIAN_POINT('',(-0.00599999999999998,-0.00346410161513775,0.0195573174742355));
#2087=CARTESIAN_POINT('',(-0.006,-2.79293747881987E-17,0.0193906508075689));
#2088=CARTESIAN_POINT('',(-0.00600000000000001,0.00346410161513775,0.0192239841409022));
#2089=CARTESIAN_POINT('',(-0.003,0.00519615242270663,0.0190573174742356));
#2090=CARTESIAN_POINT('',(-2.03673330071641E-17,0.00692820323027551,0.0188906508075689));
#2091=CARTESIAN_POINT('',(0.003,0.00519615242270664,0.0187239841409022));
#2092=CARTESIAN_POINT('',(0.00599999999999998,0.00346410161513775,0.0185573174742355));
#2093=CARTESIAN_POINT('',(0.006,2.86641628676871E-17,0.0183906508075689));
#2094=CARTESIAN_POINT('',(0.00600000000000001,-0.00346410161513775,0.0182239841409022));
#2095=CARTESIAN_POINT('',(0.003,-0.00519615242270662,0.0180573174742355));
#2096=CARTESIAN_POINT('',(4.58297155838536E-17,-0.00692820323027551,0.0178906508075689));
#2097=CARTESIAN_POINT('',(-0.003,-0.00519615242270664,0.0177239841409022));
#2098=CARTESIAN_POINT('',(-0.006,-0.00346410161513775,0.0175573174742355));
#2099=CARTESIAN_POINT('',(-0.006,-2.93989509471756E-17,0.0173906508075689));
#2100=CARTESIAN_POINT('',(-0.00600000000000001,0.00346410161513775,0.0172239841409022));
#2101=CARTESIAN_POINT('',(-0.003,0.00519615242270661,0.0170573174742355));
#2102=CARTESIAN_POINT('',(-2.2064253389124E-17,0.00692820323027551,0.0168906508075689));
#2103=CARTESIAN_POINT('',(0.00299999999999996,0.00519615242270665,0.0167239841409022));
#2104=CARTESIAN_POINT('',(0.00599999999999998,0.00346410161513775,0.0165573174742356));
#2105=CARTESIAN_POINT('',(0.006,8.81745695386094E-18,0.0163906508075689));
#2106=CARTESIAN_POINT('',(-0.006,-2.20436423846524E-18,0.0253906508075689));
#2107=CARTESIAN_POINT('',(-0.006,0.,0.029623665268035));
#2108=CARTESIAN_POINT('',(-0.006,0.,0.0199607778443793));
#2109=CARTESIAN_POINT('',(-0.006,0.,0.0241424992075689));
#2110=CARTESIAN_POINT('',(-0.006,0.,0.0223802024075689));
#2111=CARTESIAN_POINT('',(-0.006,0.012,0.0241424992075689));
#2112=CARTESIAN_POINT('',(-0.006,0.012,0.0223802024075689));
#2113=CARTESIAN_POINT('',(0.006,0.012,0.0241424992075689));
#2114=CARTESIAN_POINT('',(0.006,0.012,0.0223802024075689));
#2115=CARTESIAN_POINT('',(0.006,7.34788079488412E-19,0.0241424992075689));
#2116=CARTESIAN_POINT('',(0.006,7.34788079488412E-19,0.0223802024075689));
#2117=CARTESIAN_POINT('',(0.006,0.,0.0291320508075689));
#2118=CARTESIAN_POINT('',(0.006,-0.00346410161513775,0.0289653841409022));
#2119=CARTESIAN_POINT('',(0.003,-0.00519615242270663,0.0287987174742356));
#2120=CARTESIAN_POINT('',(4.24230095489963E-19,-0.00692820323027551,0.0286320508075689));
#2121=CARTESIAN_POINT('',(-0.003,-0.00519615242270663,0.0284653841409022));
#2122=CARTESIAN_POINT('',(-0.006,-0.00346410161513775,0.0282987174742356));
#2123=CARTESIAN_POINT('',(-0.006,-7.34788079488412E-19,0.0281320508075689));
#2124=CARTESIAN_POINT('',(-0.006,0.00346410161513775,0.0279653841409022));
#2125=CARTESIAN_POINT('',(-0.003,0.00519615242270663,0.0277987174742356));
#2126=CARTESIAN_POINT('',(-1.27269028646989E-18,0.00692820323027551,0.0276320508075689));
#2127=CARTESIAN_POINT('',(0.003,0.00519615242270663,0.0274653841409022));
#2128=CARTESIAN_POINT('',(0.006,0.00346410161513775,0.0272987174742355));
#2129=CARTESIAN_POINT('',(0.006,1.46957615897682E-18,0.0271320508075689));
#2130=CARTESIAN_POINT('',(0.006,-0.00346410161513775,0.0269653841409022));
#2131=CARTESIAN_POINT('',(0.003,-0.00519615242270663,0.0267987174742356));
#2132=CARTESIAN_POINT('',(8.27463107387721E-18,-0.00692820323027551,0.0266320508075689));
#2133=CARTESIAN_POINT('',(-0.003,-0.00519615242270664,0.0264653841409022));
#2134=CARTESIAN_POINT('',(-0.006,-0.00346410161513775,0.0262987174742355));
#2135=CARTESIAN_POINT('',(-0.006,-2.20436423846524E-18,0.0261320508075689));
#2136=CARTESIAN_POINT('',(-0.006,0.00346410161513775,0.0259653841409022));
#2137=CARTESIAN_POINT('',(-0.003,0.00519615242270663,0.0257987174742356));
#2138=CARTESIAN_POINT('',(-2.96961066842974E-18,0.00692820323027551,0.0256320508075689));
#2139=CARTESIAN_POINT('',(0.003,0.00519615242270664,0.0254653841409022));
#2140=CARTESIAN_POINT('',(0.006,0.00346410161513775,0.0252987174742355));
#2141=CARTESIAN_POINT('',(0.006,2.93915231795365E-18,0.0251320508075689));
#2142=CARTESIAN_POINT('',(0.006,-0.00346410161513775,0.0249653841409022));
#2143=CARTESIAN_POINT('',(0.003,-0.00519615242270663,0.0247987174742356));
#2144=CARTESIAN_POINT('',(1.61250320522645E-17,-0.00692820323027551,0.0246320508075689));
#2145=CARTESIAN_POINT('',(-0.003,-0.00519615242270664,0.0244653841409022));
#2146=CARTESIAN_POINT('',(-0.006,-0.00346410161513775,0.0242987174742356));
#2147=CARTESIAN_POINT('',(-0.006,-1.43320814338436E-17,0.0241320508075689));
#2148=CARTESIAN_POINT('',(-0.00600000000000001,0.00346410161513775,0.0239653841409022));
#2149=CARTESIAN_POINT('',(-0.003,0.00519615242270663,0.0237987174742356));
#2150=CARTESIAN_POINT('',(-1.69734922432444E-17,0.00692820323027551,0.0236320508075689));
#2151=CARTESIAN_POINT('',(0.003,0.00519615242270664,0.0234653841409022));
#2152=CARTESIAN_POINT('',(0.00599999999999998,0.00346410161513775,0.0232987174742355));
#2153=CARTESIAN_POINT('',(0.006,4.40872847693047E-18,0.0231320508075689));
#2154=CARTESIAN_POINT('',(0.00600000000000001,-0.00346410161513775,0.0229653841409022));
#2155=CARTESIAN_POINT('',(0.003,-0.00519615242270663,0.0227987174742356));
#2156=CARTESIAN_POINT('',(1.78219524342243E-17,-0.00692820323027551,0.0226320508075688));
#2157=CARTESIAN_POINT('',(-0.003,-0.00519615242270664,0.0224653841409022));
#2158=CARTESIAN_POINT('',(-0.00599999999999998,-0.00346410161513775,0.0222987174742355));
#2159=CARTESIAN_POINT('',(-0.006,-5.14351655641888E-18,0.0221320508075689));
#2160=CARTESIAN_POINT('',(-0.00600000000000001,0.00346410161513775,0.0219653841409022));
#2161=CARTESIAN_POINT('',(-0.003,0.00519615242270663,0.0217987174742356));
#2162=CARTESIAN_POINT('',(-1.86704126252043E-17,0.00692820323027551,0.0216320508075689));
#2163=CARTESIAN_POINT('',(0.003,0.00519615242270664,0.0214653841409022));
#2164=CARTESIAN_POINT('',(0.00599999999999998,0.00346410161513775,0.0212987174742355));
#2165=CARTESIAN_POINT('',(0.006,5.8783046359073E-18,0.0211320508075689));
#2166=CARTESIAN_POINT('',(0.00600000000000001,-0.00346410161513775,0.0209653841409022));
#2167=CARTESIAN_POINT('',(0.003,-0.00519615242270663,0.0207987174742355));
#2168=CARTESIAN_POINT('',(1.95188728161842E-17,-0.00692820323027551,0.0206320508075689));
#2169=CARTESIAN_POINT('',(-0.003,-0.00519615242270664,0.0204653841409022));
#2170=CARTESIAN_POINT('',(-0.00599999999999998,-0.00346410161513775,0.0202987174742356));
#2171=CARTESIAN_POINT('',(-0.006,-2.79293747881987E-17,0.0201320508075689));
#2172=CARTESIAN_POINT('',(-0.00600000000000001,0.00346410161513775,0.0199653841409022));
#2173=CARTESIAN_POINT('',(-0.003,0.00519615242270663,0.0197987174742356));
#2174=CARTESIAN_POINT('',(-2.03673330071641E-17,0.00692820323027551,0.0196320508075689));
#2175=CARTESIAN_POINT('',(0.003,0.00519615242270664,0.0194653841409022));
#2176=CARTESIAN_POINT('',(0.00599999999999998,0.00346410161513775,0.0192987174742355));
#2177=CARTESIAN_POINT('',(0.006,2.86641628676871E-17,0.0191320508075689));
#2178=CARTESIAN_POINT('',(0.00600000000000001,-0.00346410161513775,0.0189653841409022));
#2179=CARTESIAN_POINT('',(0.003,-0.00519615242270662,0.0187987174742355));
#2180=CARTESIAN_POINT('',(4.58297155838536E-17,-0.00692820323027551,0.0186320508075689));
#2181=CARTESIAN_POINT('',(-0.003,-0.00519615242270664,0.0184653841409022));
#2182=CARTESIAN_POINT('',(-0.006,-0.00346410161513775,0.0182987174742355));
#2183=CARTESIAN_POINT('',(-0.006,-2.93989509471756E-17,0.0181320508075689));
#2184=CARTESIAN_POINT('',(-0.00600000000000001,0.00346410161513775,0.0179653841409022));
#2185=CARTESIAN_POINT('',(-0.003,0.00519615242270661,0.0177987174742355));
#2186=CARTESIAN_POINT('',(-2.2064253389124E-17,0.00692820323027551,0.0176320508075689));
#2187=CARTESIAN_POINT('',(0.00299999999999996,0.00519615242270665,0.0174653841409022));
#2188=CARTESIAN_POINT('',(0.00599999999999998,0.00346410161513775,0.0172987174742355));
#2189=CARTESIAN_POINT('',(0.006,8.81745695386094E-18,0.0171320508075689));
#2190=CARTESIAN_POINT('',(-0.006,-1.43320814338436E-17,0.0241320508075689));
#2191=CARTESIAN_POINT('',(0.006,4.40872847693047E-18,0.0231320508075689));
#2192=CARTESIAN_POINT('',(0.006,7.34788079488412E-19,0.029623665268035));
#2193=CARTESIAN_POINT('',(0.006,7.34788079488412E-19,0.0199607778443793));
#2194=CARTESIAN_POINT('',(0.006,4.40872847693047E-18,0.0223906508075689));
#2195=CARTESIAN_POINT('',(0.006,0.,0.0283906508075689));
#2196=CARTESIAN_POINT('',(0.006,-0.00346410161513775,0.0282239841409022));
#2197=CARTESIAN_POINT('',(0.003,-0.00519615242270663,0.0280573174742356));
#2198=CARTESIAN_POINT('',(4.24230095489963E-19,-0.00692820323027551,0.0278906508075688));
#2199=CARTESIAN_POINT('',(-0.003,-0.00519615242270663,0.0277239841409022));
#2200=CARTESIAN_POINT('',(-0.006,-0.00346410161513775,0.0275573174742355));
#2201=CARTESIAN_POINT('',(-0.006,-7.34788079488412E-19,0.0273906508075689));
#2202=CARTESIAN_POINT('',(-0.006,0.00346410161513775,0.0272239841409022));
#2203=CARTESIAN_POINT('',(-0.003,0.00519615242270663,0.0270573174742356));
#2204=CARTESIAN_POINT('',(-1.27269028646989E-18,0.00692820323027551,0.0268906508075689));
#2205=CARTESIAN_POINT('',(0.003,0.00519615242270663,0.0267239841409022));
#2206=CARTESIAN_POINT('',(0.006,0.00346410161513775,0.0265573174742355));
#2207=CARTESIAN_POINT('',(0.006,1.46957615897682E-18,0.0263906508075689));
#2208=CARTESIAN_POINT('',(0.006,-0.00346410161513775,0.0262239841409022));
#2209=CARTESIAN_POINT('',(0.003,-0.00519615242270663,0.0260573174742356));
#2210=CARTESIAN_POINT('',(8.27463107387721E-18,-0.00692820323027551,0.0258906508075689));
#2211=CARTESIAN_POINT('',(-0.003,-0.00519615242270664,0.0257239841409022));
#2212=CARTESIAN_POINT('',(-0.006,-0.00346410161513775,0.0255573174742356));
#2213=CARTESIAN_POINT('',(-0.006,-2.20436423846524E-18,0.0253906508075689));
#2214=CARTESIAN_POINT('',(-0.006,0.00346410161513775,0.0252239841409022));
#2215=CARTESIAN_POINT('',(-0.003,0.00519615242270663,0.0250573174742356));
#2216=CARTESIAN_POINT('',(-2.96961066842974E-18,0.00692820323027551,0.0248906508075689));
#2217=CARTESIAN_POINT('',(0.003,0.00519615242270664,0.0247239841409022));
#2218=CARTESIAN_POINT('',(0.006,0.00346410161513775,0.0245573174742356));
#2219=CARTESIAN_POINT('',(0.006,2.93915231795365E-18,0.0243906508075689));
#2220=CARTESIAN_POINT('',(0.006,-0.00346410161513775,0.0242239841409022));
#2221=CARTESIAN_POINT('',(0.003,-0.00519615242270663,0.0240573174742356));
#2222=CARTESIAN_POINT('',(1.61250320522645E-17,-0.00692820323027551,0.0238906508075689));
#2223=CARTESIAN_POINT('',(-0.003,-0.00519615242270664,0.0237239841409022));
#2224=CARTESIAN_POINT('',(-0.006,-0.00346410161513775,0.0235573174742355));
#2225=CARTESIAN_POINT('',(-0.006,-1.43320814338436E-17,0.0233906508075689));
#2226=CARTESIAN_POINT('',(-0.00600000000000001,0.00346410161513775,0.0232239841409022));
#2227=CARTESIAN_POINT('',(-0.003,0.00519615242270663,0.0230573174742356));
#2228=CARTESIAN_POINT('',(-1.69734922432444E-17,0.00692820323027551,0.0228906508075689));
#2229=CARTESIAN_POINT('',(0.003,0.00519615242270664,0.0227239841409022));
#2230=CARTESIAN_POINT('',(0.00599999999999998,0.00346410161513775,0.0225573174742355));
#2231=CARTESIAN_POINT('',(0.006,4.40872847693047E-18,0.0223906508075689));
#2232=CARTESIAN_POINT('',(0.00600000000000001,-0.00346410161513775,0.0222239841409022));
#2233=CARTESIAN_POINT('',(0.003,-0.00519615242270663,0.0220573174742356));
#2234=CARTESIAN_POINT('',(1.78219524342243E-17,-0.00692820323027551,0.0218906508075689));
#2235=CARTESIAN_POINT('',(-0.003,-0.00519615242270664,0.0217239841409022));
#2236=CARTESIAN_POINT('',(-0.00599999999999998,-0.00346410161513775,0.0215573174742356));
#2237=CARTESIAN_POINT('',(-0.006,-5.14351655641888E-18,0.0213906508075689));
#2238=CARTESIAN_POINT('',(-0.00600000000000001,0.00346410161513775,0.0212239841409022));
#2239=CARTESIAN_POINT('',(-0.003,0.00519615242270663,0.0210573174742355));
#2240=CARTESIAN_POINT('',(-1.86704126252043E-17,0.00692820323027551,0.0208906508075689));
#2241=CARTESIAN_POINT('',(0.003,0.00519615242270664,0.0207239841409022));
#2242=CARTESIAN_POINT('',(0.00599999999999998,0.00346410161513775,0.0205573174742356));
#2243=CARTESIAN_POINT('',(0.006,5.8783046359073E-18,0.0203906508075689));
#2244=CARTESIAN_POINT('',(0.00600000000000001,-0.00346410161513775,0.0202239841409022));
#2245=CARTESIAN_POINT('',(0.003,-0.00519615242270663,0.0200573174742355));
#2246=CARTESIAN_POINT('',(1.95188728161842E-17,-0.00692820323027551,0.0198906508075689));
#2247=CARTESIAN_POINT('',(-0.003,-0.00519615242270664,0.0197239841409022));
#2248=CARTESIAN_POINT('',(-0.00599999999999998,-0.00346410161513775,0.0195573174742355));
#2249=CARTESIAN_POINT('',(-0.006,-2.79293747881987E-17,0.0193906508075689));
#2250=CARTESIAN_POINT('',(-0.00600000000000001,0.00346410161513775,0.0192239841409022));
#2251=CARTESIAN_POINT('',(-0.003,0.00519615242270663,0.0190573174742356));
#2252=CARTESIAN_POINT('',(-2.03673330071641E-17,0.00692820323027551,0.0188906508075689));
#2253=CARTESIAN_POINT('',(0.003,0.00519615242270664,0.0187239841409022));
#2254=CARTESIAN_POINT('',(0.00599999999999998,0.00346410161513775,0.0185573174742355));
#2255=CARTESIAN_POINT('',(0.006,2.86641628676871E-17,0.0183906508075689));
#2256=CARTESIAN_POINT('',(0.00600000000000001,-0.00346410161513775,0.0182239841409022));
#2257=CARTESIAN_POINT('',(0.003,-0.00519615242270662,0.0180573174742355));
#2258=CARTESIAN_POINT('',(4.58297155838536E-17,-0.00692820323027551,0.0178906508075689));
#2259=CARTESIAN_POINT('',(-0.003,-0.00519615242270664,0.0177239841409022));
#2260=CARTESIAN_POINT('',(-0.006,-0.00346410161513775,0.0175573174742355));
#2261=CARTESIAN_POINT('',(-0.006,-2.93989509471756E-17,0.0173906508075689));
#2262=CARTESIAN_POINT('',(-0.00600000000000001,0.00346410161513775,0.0172239841409022));
#2263=CARTESIAN_POINT('',(-0.003,0.00519615242270661,0.0170573174742355));
#2264=CARTESIAN_POINT('',(-2.2064253389124E-17,0.00692820323027551,0.0168906508075689));
#2265=CARTESIAN_POINT('',(0.00299999999999996,0.00519615242270665,0.0167239841409022));
#2266=CARTESIAN_POINT('',(0.00599999999999998,0.00346410161513775,0.0165573174742356));
#2267=CARTESIAN_POINT('',(0.006,8.81745695386094E-18,0.0163906508075689));
#2268=CARTESIAN_POINT('',(-0.006,-1.43320814338436E-17,0.0233906508075689));
#2269=CARTESIAN_POINT('',(-0.006,0.,0.029623665268035));
#2270=CARTESIAN_POINT('',(-0.006,0.,0.0199607778443793));
#2271=CARTESIAN_POINT('',(0.006,7.34788079488412E-19,0.0291424992075689));
#2272=CARTESIAN_POINT('',(0.006,7.34788079488412E-19,0.0273802024075689));
#2273=CARTESIAN_POINT('',(0.006,-0.012,0.0291424992075689));
#2274=CARTESIAN_POINT('',(0.006,-0.012,0.0273802024075689));
#2275=CARTESIAN_POINT('',(-0.006,-0.012,0.0291424992075689));
#2276=CARTESIAN_POINT('',(-0.006,-0.012,0.0273802024075689));
#2277=CARTESIAN_POINT('',(-0.006,0.,0.0291424992075689));
#2278=CARTESIAN_POINT('',(-0.006,0.,0.0273802024075689));
#2279=CARTESIAN_POINT('',(0.006,0.,0.0291320508075689));
#2280=CARTESIAN_POINT('',(0.006,-0.00346410161513775,0.0289653841409022));
#2281=CARTESIAN_POINT('',(0.003,-0.00519615242270663,0.0287987174742356));
#2282=CARTESIAN_POINT('',(4.24230095489963E-19,-0.00692820323027551,0.0286320508075689));
#2283=CARTESIAN_POINT('',(-0.003,-0.00519615242270663,0.0284653841409022));
#2284=CARTESIAN_POINT('',(-0.006,-0.00346410161513775,0.0282987174742356));
#2285=CARTESIAN_POINT('',(-0.006,-7.34788079488412E-19,0.0281320508075689));
#2286=CARTESIAN_POINT('',(-0.006,0.00346410161513775,0.0279653841409022));
#2287=CARTESIAN_POINT('',(-0.003,0.00519615242270663,0.0277987174742356));
#2288=CARTESIAN_POINT('',(-1.27269028646989E-18,0.00692820323027551,0.0276320508075689));
#2289=CARTESIAN_POINT('',(0.003,0.00519615242270663,0.0274653841409022));
#2290=CARTESIAN_POINT('',(0.006,0.00346410161513775,0.0272987174742355));
#2291=CARTESIAN_POINT('',(0.006,1.46957615897682E-18,0.0271320508075689));
#2292=CARTESIAN_POINT('',(0.006,-0.00346410161513775,0.0269653841409022));
#2293=CARTESIAN_POINT('',(0.003,-0.00519615242270663,0.0267987174742356));
#2294=CARTESIAN_POINT('',(8.27463107387721E-18,-0.00692820323027551,0.0266320508075689));
#2295=CARTESIAN_POINT('',(-0.003,-0.00519615242270664,0.0264653841409022));
#2296=CARTESIAN_POINT('',(-0.006,-0.00346410161513775,0.0262987174742355));
#2297=CARTESIAN_POINT('',(-0.006,-2.20436423846524E-18,0.0261320508075689));
#2298=CARTESIAN_POINT('',(-0.006,0.00346410161513775,0.0259653841409022));
#2299=CARTESIAN_POINT('',(-0.003,0.00519615242270663,0.0257987174742356));
#2300=CARTESIAN_POINT('',(-2.96961066842974E-18,0.00692820323027551,0.0256320508075689));
#2301=CARTESIAN_POINT('',(0.003,0.00519615242270664,0.0254653841409022));
#2302=CARTESIAN_POINT('',(0.006,0.00346410161513775,0.0252987174742355));
#2303=CARTESIAN_POINT('',(0.006,2.93915231795365E-18,0.0251320508075689));
#2304=CARTESIAN_POINT('',(0.006,-0.00346410161513775,0.0249653841409022));
#2305=CARTESIAN_POINT('',(0.003,-0.00519615242270663,0.0247987174742356));
#2306=CARTESIAN_POINT('',(1.61250320522645E-17,-0.00692820323027551,0.0246320508075689));
#2307=CARTESIAN_POINT('',(-0.003,-0.00519615242270664,0.0244653841409022));
#2308=CARTESIAN_POINT('',(-0.006,-0.00346410161513775,0.0242987174742356));
#2309=CARTESIAN_POINT('',(-0.006,-1.43320814338436E-17,0.0241320508075689));
#2310=CARTESIAN_POINT('',(-0.00600000000000001,0.00346410161513775,0.0239653841409022));
#2311=CARTESIAN_POINT('',(-0.003,0.00519615242270663,0.0237987174742356));
#2312=CARTESIAN_POINT('',(-1.69734922432444E-17,0.00692820323027551,0.0236320508075689));
#2313=CARTESIAN_POINT('',(0.003,0.00519615242270664,0.0234653841409022));
#2314=CARTESIAN_POINT('',(0.00599999999999998,0.00346410161513775,0.0232987174742355));
#2315=CARTESIAN_POINT('',(0.006,4.40872847693047E-18,0.0231320508075689));
#2316=CARTESIAN_POINT('',(0.00600000000000001,-0.00346410161513775,0.0229653841409022));
#2317=CARTESIAN_POINT('',(0.003,-0.00519615242270663,0.0227987174742356));
#2318=CARTESIAN_POINT('',(1.78219524342243E-17,-0.00692820323027551,0.0226320508075688));
#2319=CARTESIAN_POINT('',(-0.003,-0.00519615242270664,0.0224653841409022));
#2320=CARTESIAN_POINT('',(-0.00599999999999998,-0.00346410161513775,0.0222987174742355));
#2321=CARTESIAN_POINT('',(-0.006,-5.14351655641888E-18,0.0221320508075689));
#2322=CARTESIAN_POINT('',(-0.00600000000000001,0.00346410161513775,0.0219653841409022));
#2323=CARTESIAN_POINT('',(-0.003,0.00519615242270663,0.0217987174742356));
#2324=CARTESIAN_POINT('',(-1.86704126252043E-17,0.00692820323027551,0.0216320508075689));
#2325=CARTESIAN_POINT('',(0.003,0.00519615242270664,0.0214653841409022));
#2326=CARTESIAN_POINT('',(0.00599999999999998,0.00346410161513775,0.0212987174742355));
#2327=CARTESIAN_POINT('',(0.006,5.8783046359073E-18,0.0211320508075689));
#2328=CARTESIAN_POINT('',(0.00600000000000001,-0.00346410161513775,0.0209653841409022));
#2329=CARTESIAN_POINT('',(0.003,-0.00519615242270663,0.0207987174742355));
#2330=CARTESIAN_POINT('',(1.95188728161842E-17,-0.00692820323027551,0.0206320508075689));
#2331=CARTESIAN_POINT('',(-0.003,-0.00519615242270664,0.0204653841409022));
#2332=CARTESIAN_POINT('',(-0.00599999999999998,-0.00346410161513775,0.0202987174742356));
#2333=CARTESIAN_POINT('',(-0.006,-2.79293747881987E-17,0.0201320508075689));
#2334=CARTESIAN_POINT('',(-0.00600000000000001,0.00346410161513775,0.0199653841409022));
#2335=CARTESIAN_POINT('',(-0.003,0.00519615242270663,0.0197987174742356));
#2336=CARTESIAN_POINT('',(-2.03673330071641E-17,0.00692820323027551,0.0196320508075689));
#2337=CARTESIAN_POINT('',(0.003,0.00519615242270664,0.0194653841409022));
#2338=CARTESIAN_POINT('',(0.00599999999999998,0.00346410161513775,0.0192987174742355));
#2339=CARTESIAN_POINT('',(0.006,2.86641628676871E-17,0.0191320508075689));
#2340=CARTESIAN_POINT('',(0.00600000000000001,-0.00346410161513775,0.0189653841409022));
#2341=CARTESIAN_POINT('',(0.003,-0.00519615242270662,0.0187987174742355));
#2342=CARTESIAN_POINT('',(4.58297155838536E-17,-0.00692820323027551,0.0186320508075689));
#2343=CARTESIAN_POINT('',(-0.003,-0.00519615242270664,0.0184653841409022));
#2344=CARTESIAN_POINT('',(-0.006,-0.00346410161513775,0.0182987174742355));
#2345=CARTESIAN_POINT('',(-0.006,-2.93989509471756E-17,0.0181320508075689));
#2346=CARTESIAN_POINT('',(-0.00600000000000001,0.00346410161513775,0.0179653841409022));
#2347=CARTESIAN_POINT('',(-0.003,0.00519615242270661,0.0177987174742355));
#2348=CARTESIAN_POINT('',(-2.2064253389124E-17,0.00692820323027551,0.0176320508075689));
#2349=CARTESIAN_POINT('',(0.00299999999999996,0.00519615242270665,0.0174653841409022));
#2350=CARTESIAN_POINT('',(0.00599999999999998,0.00346410161513775,0.0172987174742355));
#2351=CARTESIAN_POINT('',(0.006,8.81745695386094E-18,0.0171320508075689));
#2352=CARTESIAN_POINT('',(0.006,0.,0.0291320508075689));
#2353=CARTESIAN_POINT('',(0.006,0.,0.0283906508075689));
#2354=CARTESIAN_POINT('',(0.006,-0.00346410161513775,0.0282239841409022));
#2355=CARTESIAN_POINT('',(0.003,-0.00519615242270663,0.0280573174742356));
#2356=CARTESIAN_POINT('',(4.24230095489963E-19,-0.00692820323027551,0.0278906508075688));
#2357=CARTESIAN_POINT('',(-0.003,-0.00519615242270663,0.0277239841409022));
#2358=CARTESIAN_POINT('',(-0.006,-0.00346410161513775,0.0275573174742355));
#2359=CARTESIAN_POINT('',(-0.006,-7.34788079488412E-19,0.0273906508075689));
#2360=CARTESIAN_POINT('',(-0.006,0.00346410161513775,0.0272239841409022));
#2361=CARTESIAN_POINT('',(-0.003,0.00519615242270663,0.0270573174742356));
#2362=CARTESIAN_POINT('',(-1.27269028646989E-18,0.00692820323027551,0.0268906508075689));
#2363=CARTESIAN_POINT('',(0.003,0.00519615242270663,0.0267239841409022));
#2364=CARTESIAN_POINT('',(0.006,0.00346410161513775,0.0265573174742355));
#2365=CARTESIAN_POINT('',(0.006,1.46957615897682E-18,0.0263906508075689));
#2366=CARTESIAN_POINT('',(0.006,-0.00346410161513775,0.0262239841409022));
#2367=CARTESIAN_POINT('',(0.003,-0.00519615242270663,0.0260573174742356));
#2368=CARTESIAN_POINT('',(8.27463107387721E-18,-0.00692820323027551,0.0258906508075689));
#2369=CARTESIAN_POINT('',(-0.003,-0.00519615242270664,0.0257239841409022));
#2370=CARTESIAN_POINT('',(-0.006,-0.00346410161513775,0.0255573174742356));
#2371=CARTESIAN_POINT('',(-0.006,-2.20436423846524E-18,0.0253906508075689));
#2372=CARTESIAN_POINT('',(-0.006,0.00346410161513775,0.0252239841409022));
#2373=CARTESIAN_POINT('',(-0.003,0.00519615242270663,0.0250573174742356));
#2374=CARTESIAN_POINT('',(-2.96961066842974E-18,0.00692820323027551,0.0248906508075689));
#2375=CARTESIAN_POINT('',(0.003,0.00519615242270664,0.0247239841409022));
#2376=CARTESIAN_POINT('',(0.006,0.00346410161513775,0.0245573174742356));
#2377=CARTESIAN_POINT('',(0.006,2.93915231795365E-18,0.0243906508075689));
#2378=CARTESIAN_POINT('',(0.006,-0.00346410161513775,0.0242239841409022));
#2379=CARTESIAN_POINT('',(0.003,-0.00519615242270663,0.0240573174742356));
#2380=CARTESIAN_POINT('',(1.61250320522645E-17,-0.00692820323027551,0.0238906508075689));
#2381=CARTESIAN_POINT('',(-0.003,-0.00519615242270664,0.0237239841409022));
#2382=CARTESIAN_POINT('',(-0.006,-0.00346410161513775,0.0235573174742355));
#2383=CARTESIAN_POINT('',(-0.006,-1.43320814338436E-17,0.0233906508075689));
#2384=CARTESIAN_POINT('',(-0.00600000000000001,0.00346410161513775,0.0232239841409022));
#2385=CARTESIAN_POINT('',(-0.003,0.00519615242270663,0.0230573174742356));
#2386=CARTESIAN_POINT('',(-1.69734922432444E-17,0.00692820323027551,0.0228906508075689));
#2387=CARTESIAN_POINT('',(0.003,0.00519615242270664,0.0227239841409022));
#2388=CARTESIAN_POINT('',(0.00599999999999998,0.00346410161513775,0.0225573174742355));
#2389=CARTESIAN_POINT('',(0.006,4.40872847693047E-18,0.0223906508075689));
#2390=CARTESIAN_POINT('',(0.00600000000000001,-0.00346410161513775,0.0222239841409022));
#2391=CARTESIAN_POINT('',(0.003,-0.00519615242270663,0.0220573174742356));
#2392=CARTESIAN_POINT('',(1.78219524342243E-17,-0.00692820323027551,0.0218906508075689));
#2393=CARTESIAN_POINT('',(-0.003,-0.00519615242270664,0.0217239841409022));
#2394=CARTESIAN_POINT('',(-0.00599999999999998,-0.00346410161513775,0.0215573174742356));
#2395=CARTESIAN_POINT('',(-0.006,-5.14351655641888E-18,0.0213906508075689));
#2396=CARTESIAN_POINT('',(-0.00600000000000001,0.00346410161513775,0.0212239841409022));
#2397=CARTESIAN_POINT('',(-0.003,0.00519615242270663,0.0210573174742355));
#2398=CARTESIAN_POINT('',(-1.86704126252043E-17,0.00692820323027551,0.0208906508075689));
#2399=CARTESIAN_POINT('',(0.003,0.00519615242270664,0.0207239841409022));
#2400=CARTESIAN_POINT('',(0.00599999999999998,0.00346410161513775,0.0205573174742356));
#2401=CARTESIAN_POINT('',(0.006,5.8783046359073E-18,0.0203906508075689));
#2402=CARTESIAN_POINT('',(0.00600000000000001,-0.00346410161513775,0.0202239841409022));
#2403=CARTESIAN_POINT('',(0.003,-0.00519615242270663,0.0200573174742355));
#2404=CARTESIAN_POINT('',(1.95188728161842E-17,-0.00692820323027551,0.0198906508075689));
#2405=CARTESIAN_POINT('',(-0.003,-0.00519615242270664,0.0197239841409022));
#2406=CARTESIAN_POINT('',(-0.00599999999999998,-0.00346410161513775,0.0195573174742355));
#2407=CARTESIAN_POINT('',(-0.006,-2.79293747881987E-17,0.0193906508075689));
#2408=CARTESIAN_POINT('',(-0.00600000000000001,0.00346410161513775,0.0192239841409022));
#2409=CARTESIAN_POINT('',(-0.003,0.00519615242270663,0.0190573174742356));
#2410=CARTESIAN_POINT('',(-2.03673330071641E-17,0.00692820323027551,0.0188906508075689));
#2411=CARTESIAN_POINT('',(0.003,0.00519615242270664,0.0187239841409022));
#2412=CARTESIAN_POINT('',(0.00599999999999998,0.00346410161513775,0.0185573174742355));
#2413=CARTESIAN_POINT('',(0.006,2.86641628676871E-17,0.0183906508075689));
#2414=CARTESIAN_POINT('',(0.00600000000000001,-0.00346410161513775,0.0182239841409022));
#2415=CARTESIAN_POINT('',(0.003,-0.00519615242270662,0.0180573174742355));
#2416=CARTESIAN_POINT('',(4.58297155838536E-17,-0.00692820323027551,0.0178906508075689));
#2417=CARTESIAN_POINT('',(-0.003,-0.00519615242270664,0.0177239841409022));
#2418=CARTESIAN_POINT('',(-0.006,-0.00346410161513775,0.0175573174742355));
#2419=CARTESIAN_POINT('',(-0.006,-2.93989509471756E-17,0.0173906508075689));
#2420=CARTESIAN_POINT('',(-0.00600000000000001,0.00346410161513775,0.0172239841409022));
#2421=CARTESIAN_POINT('',(-0.003,0.00519615242270661,0.0170573174742355));
#2422=CARTESIAN_POINT('',(-2.2064253389124E-17,0.00692820323027551,0.0168906508075689));
#2423=CARTESIAN_POINT('',(0.00299999999999996,0.00519615242270665,0.0167239841409022));
#2424=CARTESIAN_POINT('',(0.00599999999999998,0.00346410161513775,0.0165573174742356));
#2425=CARTESIAN_POINT('',(0.006,8.81745695386094E-18,0.0163906508075689));
#2426=CARTESIAN_POINT('',(0.006,0.,0.0283906508075689));
#2427=CARTESIAN_POINT('',(0.006,0.,0.0287613508075689));
#2428=CARTESIAN_POINT('',(0.006,7.34788079488412E-19,0.0271424992075689));
#2429=CARTESIAN_POINT('',(0.006,7.34788079488412E-19,0.0253802024075689));
#2430=CARTESIAN_POINT('',(0.006,-0.012,0.0271424992075689));
#2431=CARTESIAN_POINT('',(0.006,-0.012,0.0253802024075689));
#2432=CARTESIAN_POINT('',(-0.006,-0.012,0.0271424992075689));
#2433=CARTESIAN_POINT('',(-0.006,-0.012,0.0253802024075689));
#2434=CARTESIAN_POINT('',(-0.006,0.,0.0271424992075689));
#2435=CARTESIAN_POINT('',(-0.006,0.,0.0253802024075689));
#2436=CARTESIAN_POINT('',(0.006,0.,0.0291320508075689));
#2437=CARTESIAN_POINT('',(0.006,-0.00346410161513775,0.0289653841409022));
#2438=CARTESIAN_POINT('',(0.003,-0.00519615242270663,0.0287987174742356));
#2439=CARTESIAN_POINT('',(4.24230095489963E-19,-0.00692820323027551,0.0286320508075689));
#2440=CARTESIAN_POINT('',(-0.003,-0.00519615242270663,0.0284653841409022));
#2441=CARTESIAN_POINT('',(-0.006,-0.00346410161513775,0.0282987174742356));
#2442=CARTESIAN_POINT('',(-0.006,-7.34788079488412E-19,0.0281320508075689));
#2443=CARTESIAN_POINT('',(-0.006,0.00346410161513775,0.0279653841409022));
#2444=CARTESIAN_POINT('',(-0.003,0.00519615242270663,0.0277987174742356));
#2445=CARTESIAN_POINT('',(-1.27269028646989E-18,0.00692820323027551,0.0276320508075689));
#2446=CARTESIAN_POINT('',(0.003,0.00519615242270663,0.0274653841409022));
#2447=CARTESIAN_POINT('',(0.006,0.00346410161513775,0.0272987174742355));
#2448=CARTESIAN_POINT('',(0.006,1.46957615897682E-18,0.0271320508075689));
#2449=CARTESIAN_POINT('',(0.006,-0.00346410161513775,0.0269653841409022));
#2450=CARTESIAN_POINT('',(0.003,-0.00519615242270663,0.0267987174742356));
#2451=CARTESIAN_POINT('',(8.27463107387721E-18,-0.00692820323027551,0.0266320508075689));
#2452=CARTESIAN_POINT('',(-0.003,-0.00519615242270664,0.0264653841409022));
#2453=CARTESIAN_POINT('',(-0.006,-0.00346410161513775,0.0262987174742355));
#2454=CARTESIAN_POINT('',(-0.006,-2.20436423846524E-18,0.0261320508075689));
#2455=CARTESIAN_POINT('',(-0.006,0.00346410161513775,0.0259653841409022));
#2456=CARTESIAN_POINT('',(-0.003,0.00519615242270663,0.0257987174742356));
#2457=CARTESIAN_POINT('',(-2.96961066842974E-18,0.00692820323027551,0.0256320508075689));
#2458=CARTESIAN_POINT('',(0.003,0.00519615242270664,0.0254653841409022));
#2459=CARTESIAN_POINT('',(0.006,0.00346410161513775,0.0252987174742355));
#2460=CARTESIAN_POINT('',(0.006,2.93915231795365E-18,0.0251320508075689));
#2461=CARTESIAN_POINT('',(0.006,-0.00346410161513775,0.0249653841409022));
#2462=CARTESIAN_POINT('',(0.003,-0.00519615242270663,0.0247987174742356));
#2463=CARTESIAN_POINT('',(1.61250320522645E-17,-0.00692820323027551,0.0246320508075689));
#2464=CARTESIAN_POINT('',(-0.003,-0.00519615242270664,0.0244653841409022));
#2465=CARTESIAN_POINT('',(-0.006,-0.00346410161513775,0.0242987174742356));
#2466=CARTESIAN_POINT('',(-0.006,-1.43320814338436E-17,0.0241320508075689));
#2467=CARTESIAN_POINT('',(-0.00600000000000001,0.00346410161513775,0.0239653841409022));
#2468=CARTESIAN_POINT('',(-0.003,0.00519615242270663,0.0237987174742356));
#2469=CARTESIAN_POINT('',(-1.69734922432444E-17,0.00692820323027551,0.0236320508075689));
#2470=CARTESIAN_POINT('',(0.003,0.00519615242270664,0.0234653841409022));
#2471=CARTESIAN_POINT('',(0.00599999999999998,0.00346410161513775,0.0232987174742355));
#2472=CARTESIAN_POINT('',(0.006,4.40872847693047E-18,0.0231320508075689));
#2473=CARTESIAN_POINT('',(0.00600000000000001,-0.00346410161513775,0.0229653841409022));
#2474=CARTESIAN_POINT('',(0.003,-0.00519615242270663,0.0227987174742356));
#2475=CARTESIAN_POINT('',(1.78219524342243E-17,-0.00692820323027551,0.0226320508075688));
#2476=CARTESIAN_POINT('',(-0.003,-0.00519615242270664,0.0224653841409022));
#2477=CARTESIAN_POINT('',(-0.00599999999999998,-0.00346410161513775,0.0222987174742355));
#2478=CARTESIAN_POINT('',(-0.006,-5.14351655641888E-18,0.0221320508075689));
#2479=CARTESIAN_POINT('',(-0.00600000000000001,0.00346410161513775,0.0219653841409022));
#2480=CARTESIAN_POINT('',(-0.003,0.00519615242270663,0.0217987174742356));
#2481=CARTESIAN_POINT('',(-1.86704126252043E-17,0.00692820323027551,0.0216320508075689));
#2482=CARTESIAN_POINT('',(0.003,0.00519615242270664,0.0214653841409022));
#2483=CARTESIAN_POINT('',(0.00599999999999998,0.00346410161513775,0.0212987174742355));
#2484=CARTESIAN_POINT('',(0.006,5.8783046359073E-18,0.0211320508075689));
#2485=CARTESIAN_POINT('',(0.00600000000000001,-0.00346410161513775,0.0209653841409022));
#2486=CARTESIAN_POINT('',(0.003,-0.00519615242270663,0.0207987174742355));
#2487=CARTESIAN_POINT('',(1.95188728161842E-17,-0.00692820323027551,0.0206320508075689));
#2488=CARTESIAN_POINT('',(-0.003,-0.00519615242270664,0.0204653841409022));
#2489=CARTESIAN_POINT('',(-0.00599999999999998,-0.00346410161513775,0.0202987174742356));
#2490=CARTESIAN_POINT('',(-0.006,-2.79293747881987E-17,0.0201320508075689));
#2491=CARTESIAN_POINT('',(-0.00600000000000001,0.00346410161513775,0.0199653841409022));
#2492=CARTESIAN_POINT('',(-0.003,0.00519615242270663,0.0197987174742356));
#2493=CARTESIAN_POINT('',(-2.03673330071641E-17,0.00692820323027551,0.0196320508075689));
#2494=CARTESIAN_POINT('',(0.003,0.00519615242270664,0.0194653841409022));
#2495=CARTESIAN_POINT('',(0.00599999999999998,0.00346410161513775,0.0192987174742355));
#2496=CARTESIAN_POINT('',(0.006,2.86641628676871E-17,0.0191320508075689));
#2497=CARTESIAN_POINT('',(0.00600000000000001,-0.00346410161513775,0.0189653841409022));
#2498=CARTESIAN_POINT('',(0.003,-0.00519615242270662,0.0187987174742355));
#2499=CARTESIAN_POINT('',(4.58297155838536E-17,-0.00692820323027551,0.0186320508075689));
#2500=CARTESIAN_POINT('',(-0.003,-0.00519615242270664,0.0184653841409022));
#2501=CARTESIAN_POINT('',(-0.006,-0.00346410161513775,0.0182987174742355));
#2502=CARTESIAN_POINT('',(-0.006,-2.93989509471756E-17,0.0181320508075689));
#2503=CARTESIAN_POINT('',(-0.00600000000000001,0.00346410161513775,0.0179653841409022));
#2504=CARTESIAN_POINT('',(-0.003,0.00519615242270661,0.0177987174742355));
#2505=CARTESIAN_POINT('',(-2.2064253389124E-17,0.00692820323027551,0.0176320508075689));
#2506=CARTESIAN_POINT('',(0.00299999999999996,0.00519615242270665,0.0174653841409022));
#2507=CARTESIAN_POINT('',(0.00599999999999998,0.00346410161513775,0.0172987174742355));
#2508=CARTESIAN_POINT('',(0.006,8.81745695386094E-18,0.0171320508075689));
#2509=CARTESIAN_POINT('',(0.006,0.,0.0283906508075689));
#2510=CARTESIAN_POINT('',(0.006,-0.00346410161513775,0.0282239841409022));
#2511=CARTESIAN_POINT('',(0.003,-0.00519615242270663,0.0280573174742356));
#2512=CARTESIAN_POINT('',(4.24230095489963E-19,-0.00692820323027551,0.0278906508075688));
#2513=CARTESIAN_POINT('',(-0.003,-0.00519615242270663,0.0277239841409022));
#2514=CARTESIAN_POINT('',(-0.006,-0.00346410161513775,0.0275573174742355));
#2515=CARTESIAN_POINT('',(-0.006,-7.34788079488412E-19,0.0273906508075689));
#2516=CARTESIAN_POINT('',(-0.006,0.00346410161513775,0.0272239841409022));
#2517=CARTESIAN_POINT('',(-0.003,0.00519615242270663,0.0270573174742356));
#2518=CARTESIAN_POINT('',(-1.27269028646989E-18,0.00692820323027551,0.0268906508075689));
#2519=CARTESIAN_POINT('',(0.003,0.00519615242270663,0.0267239841409022));
#2520=CARTESIAN_POINT('',(0.006,0.00346410161513775,0.0265573174742355));
#2521=CARTESIAN_POINT('',(0.006,1.46957615897682E-18,0.0263906508075689));
#2522=CARTESIAN_POINT('',(0.006,-0.00346410161513775,0.0262239841409022));
#2523=CARTESIAN_POINT('',(0.003,-0.00519615242270663,0.0260573174742356));
#2524=CARTESIAN_POINT('',(8.27463107387721E-18,-0.00692820323027551,0.0258906508075689));
#2525=CARTESIAN_POINT('',(-0.003,-0.00519615242270664,0.0257239841409022));
#2526=CARTESIAN_POINT('',(-0.006,-0.00346410161513775,0.0255573174742356));
#2527=CARTESIAN_POINT('',(-0.006,-2.20436423846524E-18,0.0253906508075689));
#2528=CARTESIAN_POINT('',(-0.006,0.00346410161513775,0.0252239841409022));
#2529=CARTESIAN_POINT('',(-0.003,0.00519615242270663,0.0250573174742356));
#2530=CARTESIAN_POINT('',(-2.96961066842974E-18,0.00692820323027551,0.0248906508075689));
#2531=CARTESIAN_POINT('',(0.003,0.00519615242270664,0.0247239841409022));
#2532=CARTESIAN_POINT('',(0.006,0.00346410161513775,0.0245573174742356));
#2533=CARTESIAN_POINT('',(0.006,2.93915231795365E-18,0.0243906508075689));
#2534=CARTESIAN_POINT('',(0.006,-0.00346410161513775,0.0242239841409022));
#2535=CARTESIAN_POINT('',(0.003,-0.00519615242270663,0.0240573174742356));
#2536=CARTESIAN_POINT('',(1.61250320522645E-17,-0.00692820323027551,0.0238906508075689));
#2537=CARTESIAN_POINT('',(-0.003,-0.00519615242270664,0.0237239841409022));
#2538=CARTESIAN_POINT('',(-0.006,-0.00346410161513775,0.0235573174742355));
#2539=CARTESIAN_POINT('',(-0.006,-1.43320814338436E-17,0.0233906508075689));
#2540=CARTESIAN_POINT('',(-0.00600000000000001,0.00346410161513775,0.0232239841409022));
#2541=CARTESIAN_POINT('',(-0.003,0.00519615242270663,0.0230573174742356));
#2542=CARTESIAN_POINT('',(-1.69734922432444E-17,0.00692820323027551,0.0228906508075689));
#2543=CARTESIAN_POINT('',(0.003,0.00519615242270664,0.0227239841409022));
#2544=CARTESIAN_POINT('',(0.00599999999999998,0.00346410161513775,0.0225573174742355));
#2545=CARTESIAN_POINT('',(0.006,4.40872847693047E-18,0.0223906508075689));
#2546=CARTESIAN_POINT('',(0.00600000000000001,-0.00346410161513775,0.0222239841409022));
#2547=CARTESIAN_POINT('',(0.003,-0.00519615242270663,0.0220573174742356));
#2548=CARTESIAN_POINT('',(1.78219524342243E-17,-0.00692820323027551,0.0218906508075689));
#2549=CARTESIAN_POINT('',(-0.003,-0.00519615242270664,0.0217239841409022));
#2550=CARTESIAN_POINT('',(-0.00599999999999998,-0.00346410161513775,0.0215573174742356));
#2551=CARTESIAN_POINT('',(-0.006,-5.14351655641888E-18,0.0213906508075689));
#2552=CARTESIAN_POINT('',(-0.00600000000000001,0.00346410161513775,0.0212239841409022));
#2553=CARTESIAN_POINT('',(-0.003,0.00519615242270663,0.0210573174742355));
#2554=CARTESIAN_POINT('',(-1.86704126252043E-17,0.00692820323027551,0.0208906508075689));
#2555=CARTESIAN_POINT('',(0.003,0.00519615242270664,0.0207239841409022));
#2556=CARTESIAN_POINT('',(0.00599999999999998,0.00346410161513775,0.0205573174742356));
#2557=CARTESIAN_POINT('',(0.006,5.8783046359073E-18,0.0203906508075689));
#2558=CARTESIAN_POINT('',(0.00600000000000001,-0.00346410161513775,0.0202239841409022));
#2559=CARTESIAN_POINT('',(0.003,-0.00519615242270663,0.0200573174742355));
#2560=CARTESIAN_POINT('',(1.95188728161842E-17,-0.00692820323027551,0.0198906508075689));
#2561=CARTESIAN_POINT('',(-0.003,-0.00519615242270664,0.0197239841409022));
#2562=CARTESIAN_POINT('',(-0.00599999999999998,-0.00346410161513775,0.0195573174742355));
#2563=CARTESIAN_POINT('',(-0.006,-2.79293747881987E-17,0.0193906508075689));
#2564=CARTESIAN_POINT('',(-0.00600000000000001,0.00346410161513775,0.0192239841409022));
#2565=CARTESIAN_POINT('',(-0.003,0.00519615242270663,0.0190573174742356));
#2566=CARTESIAN_POINT('',(-2.03673330071641E-17,0.00692820323027551,0.0188906508075689));
#2567=CARTESIAN_POINT('',(0.003,0.00519615242270664,0.0187239841409022));
#2568=CARTESIAN_POINT('',(0.00599999999999998,0.00346410161513775,0.0185573174742355));
#2569=CARTESIAN_POINT('',(0.006,2.86641628676871E-17,0.0183906508075689));
#2570=CARTESIAN_POINT('',(0.00600000000000001,-0.00346410161513775,0.0182239841409022));
#2571=CARTESIAN_POINT('',(0.003,-0.00519615242270662,0.0180573174742355));
#2572=CARTESIAN_POINT('',(4.58297155838536E-17,-0.00692820323027551,0.0178906508075689));
#2573=CARTESIAN_POINT('',(-0.003,-0.00519615242270664,0.0177239841409022));
#2574=CARTESIAN_POINT('',(-0.006,-0.00346410161513775,0.0175573174742355));
#2575=CARTESIAN_POINT('',(-0.006,-2.93989509471756E-17,0.0173906508075689));
#2576=CARTESIAN_POINT('',(-0.00600000000000001,0.00346410161513775,0.0172239841409022));
#2577=CARTESIAN_POINT('',(-0.003,0.00519615242270661,0.0170573174742355));
#2578=CARTESIAN_POINT('',(-2.2064253389124E-17,0.00692820323027551,0.0168906508075689));
#2579=CARTESIAN_POINT('',(0.00299999999999996,0.00519615242270665,0.0167239841409022));
#2580=CARTESIAN_POINT('',(0.00599999999999998,0.00346410161513775,0.0165573174742356));
#2581=CARTESIAN_POINT('',(0.006,8.81745695386094E-18,0.0163906508075689));
#2582=CARTESIAN_POINT('',(0.006,7.34788079488412E-19,0.0251424992075689));
#2583=CARTESIAN_POINT('',(0.006,7.34788079488412E-19,0.0233802024075689));
#2584=CARTESIAN_POINT('',(0.006,-0.012,0.0251424992075689));
#2585=CARTESIAN_POINT('',(0.006,-0.012,0.0233802024075689));
#2586=CARTESIAN_POINT('',(-0.006,-0.012,0.0251424992075689));
#2587=CARTESIAN_POINT('',(-0.006,-0.012,0.0233802024075689));
#2588=CARTESIAN_POINT('',(-0.006,0.,0.0251424992075689));
#2589=CARTESIAN_POINT('',(-0.006,0.,0.0233802024075689));
#2590=CARTESIAN_POINT('',(0.006,0.,0.0291320508075689));
#2591=CARTESIAN_POINT('',(0.006,-0.00346410161513775,0.0289653841409022));
#2592=CARTESIAN_POINT('',(0.003,-0.00519615242270663,0.0287987174742356));
#2593=CARTESIAN_POINT('',(4.24230095489963E-19,-0.00692820323027551,0.0286320508075689));
#2594=CARTESIAN_POINT('',(-0.003,-0.00519615242270663,0.0284653841409022));
#2595=CARTESIAN_POINT('',(-0.006,-0.00346410161513775,0.0282987174742356));
#2596=CARTESIAN_POINT('',(-0.006,-7.34788079488412E-19,0.0281320508075689));
#2597=CARTESIAN_POINT('',(-0.006,0.00346410161513775,0.0279653841409022));
#2598=CARTESIAN_POINT('',(-0.003,0.00519615242270663,0.0277987174742356));
#2599=CARTESIAN_POINT('',(-1.27269028646989E-18,0.00692820323027551,0.0276320508075689));
#2600=CARTESIAN_POINT('',(0.003,0.00519615242270663,0.0274653841409022));
#2601=CARTESIAN_POINT('',(0.006,0.00346410161513775,0.0272987174742355));
#2602=CARTESIAN_POINT('',(0.006,1.46957615897682E-18,0.0271320508075689));
#2603=CARTESIAN_POINT('',(0.006,-0.00346410161513775,0.0269653841409022));
#2604=CARTESIAN_POINT('',(0.003,-0.00519615242270663,0.0267987174742356));
#2605=CARTESIAN_POINT('',(8.27463107387721E-18,-0.00692820323027551,0.0266320508075689));
#2606=CARTESIAN_POINT('',(-0.003,-0.00519615242270664,0.0264653841409022));
#2607=CARTESIAN_POINT('',(-0.006,-0.00346410161513775,0.0262987174742355));
#2608=CARTESIAN_POINT('',(-0.006,-2.20436423846524E-18,0.0261320508075689));
#2609=CARTESIAN_POINT('',(-0.006,0.00346410161513775,0.0259653841409022));
#2610=CARTESIAN_POINT('',(-0.003,0.00519615242270663,0.0257987174742356));
#2611=CARTESIAN_POINT('',(-2.96961066842974E-18,0.00692820323027551,0.0256320508075689));
#2612=CARTESIAN_POINT('',(0.003,0.00519615242270664,0.0254653841409022));
#2613=CARTESIAN_POINT('',(0.006,0.00346410161513775,0.0252987174742355));
#2614=CARTESIAN_POINT('',(0.006,2.93915231795365E-18,0.0251320508075689));
#2615=CARTESIAN_POINT('',(0.006,-0.00346410161513775,0.0249653841409022));
#2616=CARTESIAN_POINT('',(0.003,-0.00519615242270663,0.0247987174742356));
#2617=CARTESIAN_POINT('',(1.61250320522645E-17,-0.00692820323027551,0.0246320508075689));
#2618=CARTESIAN_POINT('',(-0.003,-0.00519615242270664,0.0244653841409022));
#2619=CARTESIAN_POINT('',(-0.006,-0.00346410161513775,0.0242987174742356));
#2620=CARTESIAN_POINT('',(-0.006,-1.43320814338436E-17,0.0241320508075689));
#2621=CARTESIAN_POINT('',(-0.00600000000000001,0.00346410161513775,0.0239653841409022));
#2622=CARTESIAN_POINT('',(-0.003,0.00519615242270663,0.0237987174742356));
#2623=CARTESIAN_POINT('',(-1.69734922432444E-17,0.00692820323027551,0.0236320508075689));
#2624=CARTESIAN_POINT('',(0.003,0.00519615242270664,0.0234653841409022));
#2625=CARTESIAN_POINT('',(0.00599999999999998,0.00346410161513775,0.0232987174742355));
#2626=CARTESIAN_POINT('',(0.006,4.40872847693047E-18,0.0231320508075689));
#2627=CARTESIAN_POINT('',(0.00600000000000001,-0.00346410161513775,0.0229653841409022));
#2628=CARTESIAN_POINT('',(0.003,-0.00519615242270663,0.0227987174742356));
#2629=CARTESIAN_POINT('',(1.78219524342243E-17,-0.00692820323027551,0.0226320508075688));
#2630=CARTESIAN_POINT('',(-0.003,-0.00519615242270664,0.0224653841409022));
#2631=CARTESIAN_POINT('',(-0.00599999999999998,-0.00346410161513775,0.0222987174742355));
#2632=CARTESIAN_POINT('',(-0.006,-5.14351655641888E-18,0.0221320508075689));
#2633=CARTESIAN_POINT('',(-0.00600000000000001,0.00346410161513775,0.0219653841409022));
#2634=CARTESIAN_POINT('',(-0.003,0.00519615242270663,0.0217987174742356));
#2635=CARTESIAN_POINT('',(-1.86704126252043E-17,0.00692820323027551,0.0216320508075689));
#2636=CARTESIAN_POINT('',(0.003,0.00519615242270664,0.0214653841409022));
#2637=CARTESIAN_POINT('',(0.00599999999999998,0.00346410161513775,0.0212987174742355));
#2638=CARTESIAN_POINT('',(0.006,5.8783046359073E-18,0.0211320508075689));
#2639=CARTESIAN_POINT('',(0.00600000000000001,-0.00346410161513775,0.0209653841409022));
#2640=CARTESIAN_POINT('',(0.003,-0.00519615242270663,0.0207987174742355));
#2641=CARTESIAN_POINT('',(1.95188728161842E-17,-0.00692820323027551,0.0206320508075689));
#2642=CARTESIAN_POINT('',(-0.003,-0.00519615242270664,0.0204653841409022));
#2643=CARTESIAN_POINT('',(-0.00599999999999998,-0.00346410161513775,0.0202987174742356));
#2644=CARTESIAN_POINT('',(-0.006,-2.79293747881987E-17,0.0201320508075689));
#2645=CARTESIAN_POINT('',(-0.00600000000000001,0.00346410161513775,0.0199653841409022));
#2646=CARTESIAN_POINT('',(-0.003,0.00519615242270663,0.0197987174742356));
#2647=CARTESIAN_POINT('',(-2.03673330071641E-17,0.00692820323027551,0.0196320508075689));
#2648=CARTESIAN_POINT('',(0.003,0.00519615242270664,0.0194653841409022));
#2649=CARTESIAN_POINT('',(0.00599999999999998,0.00346410161513775,0.0192987174742355));
#2650=CARTESIAN_POINT('',(0.006,2.86641628676871E-17,0.0191320508075689));
#2651=CARTESIAN_POINT('',(0.00600000000000001,-0.00346410161513775,0.0189653841409022));
#2652=CARTESIAN_POINT('',(0.003,-0.00519615242270662,0.0187987174742355));
#2653=CARTESIAN_POINT('',(4.58297155838536E-17,-0.00692820323027551,0.0186320508075689));
#2654=CARTESIAN_POINT('',(-0.003,-0.00519615242270664,0.0184653841409022));
#2655=CARTESIAN_POINT('',(-0.006,-0.00346410161513775,0.0182987174742355));
#2656=CARTESIAN_POINT('',(-0.006,-2.93989509471756E-17,0.0181320508075689));
#2657=CARTESIAN_POINT('',(-0.00600000000000001,0.00346410161513775,0.0179653841409022));
#2658=CARTESIAN_POINT('',(-0.003,0.00519615242270661,0.0177987174742355));
#2659=CARTESIAN_POINT('',(-2.2064253389124E-17,0.00692820323027551,0.0176320508075689));
#2660=CARTESIAN_POINT('',(0.00299999999999996,0.00519615242270665,0.0174653841409022));
#2661=CARTESIAN_POINT('',(0.00599999999999998,0.00346410161513775,0.0172987174742355));
#2662=CARTESIAN_POINT('',(0.006,8.81745695386094E-18,0.0171320508075689));
#2663=CARTESIAN_POINT('',(0.006,0.,0.0283906508075689));
#2664=CARTESIAN_POINT('',(0.006,-0.00346410161513775,0.0282239841409022));
#2665=CARTESIAN_POINT('',(0.003,-0.00519615242270663,0.0280573174742356));
#2666=CARTESIAN_POINT('',(4.24230095489963E-19,-0.00692820323027551,0.0278906508075688));
#2667=CARTESIAN_POINT('',(-0.003,-0.00519615242270663,0.0277239841409022));
#2668=CARTESIAN_POINT('',(-0.006,-0.00346410161513775,0.0275573174742355));
#2669=CARTESIAN_POINT('',(-0.006,-7.34788079488412E-19,0.0273906508075689));
#2670=CARTESIAN_POINT('',(-0.006,0.00346410161513775,0.0272239841409022));
#2671=CARTESIAN_POINT('',(-0.003,0.00519615242270663,0.0270573174742356));
#2672=CARTESIAN_POINT('',(-1.27269028646989E-18,0.00692820323027551,0.0268906508075689));
#2673=CARTESIAN_POINT('',(0.003,0.00519615242270663,0.0267239841409022));
#2674=CARTESIAN_POINT('',(0.006,0.00346410161513775,0.0265573174742355));
#2675=CARTESIAN_POINT('',(0.006,1.46957615897682E-18,0.0263906508075689));
#2676=CARTESIAN_POINT('',(0.006,-0.00346410161513775,0.0262239841409022));
#2677=CARTESIAN_POINT('',(0.003,-0.00519615242270663,0.0260573174742356));
#2678=CARTESIAN_POINT('',(8.27463107387721E-18,-0.00692820323027551,0.0258906508075689));
#2679=CARTESIAN_POINT('',(-0.003,-0.00519615242270664,0.0257239841409022));
#2680=CARTESIAN_POINT('',(-0.006,-0.00346410161513775,0.0255573174742356));
#2681=CARTESIAN_POINT('',(-0.006,-2.20436423846524E-18,0.0253906508075689));
#2682=CARTESIAN_POINT('',(-0.006,0.00346410161513775,0.0252239841409022));
#2683=CARTESIAN_POINT('',(-0.003,0.00519615242270663,0.0250573174742356));
#2684=CARTESIAN_POINT('',(-2.96961066842974E-18,0.00692820323027551,0.0248906508075689));
#2685=CARTESIAN_POINT('',(0.003,0.00519615242270664,0.0247239841409022));
#2686=CARTESIAN_POINT('',(0.006,0.00346410161513775,0.0245573174742356));
#2687=CARTESIAN_POINT('',(0.006,2.93915231795365E-18,0.0243906508075689));
#2688=CARTESIAN_POINT('',(0.006,-0.00346410161513775,0.0242239841409022));
#2689=CARTESIAN_POINT('',(0.003,-0.00519615242270663,0.0240573174742356));
#2690=CARTESIAN_POINT('',(1.61250320522645E-17,-0.00692820323027551,0.0238906508075689));
#2691=CARTESIAN_POINT('',(-0.003,-0.00519615242270664,0.0237239841409022));
#2692=CARTESIAN_POINT('',(-0.006,-0.00346410161513775,0.0235573174742355));
#2693=CARTESIAN_POINT('',(-0.006,-1.43320814338436E-17,0.0233906508075689));
#2694=CARTESIAN_POINT('',(-0.00600000000000001,0.00346410161513775,0.0232239841409022));
#2695=CARTESIAN_POINT('',(-0.003,0.00519615242270663,0.0230573174742356));
#2696=CARTESIAN_POINT('',(-1.69734922432444E-17,0.00692820323027551,0.0228906508075689));
#2697=CARTESIAN_POINT('',(0.003,0.00519615242270664,0.0227239841409022));
#2698=CARTESIAN_POINT('',(0.00599999999999998,0.00346410161513775,0.0225573174742355));
#2699=CARTESIAN_POINT('',(0.006,4.40872847693047E-18,0.0223906508075689));
#2700=CARTESIAN_POINT('',(0.00600000000000001,-0.00346410161513775,0.0222239841409022));
#2701=CARTESIAN_POINT('',(0.003,-0.00519615242270663,0.0220573174742356));
#2702=CARTESIAN_POINT('',(1.78219524342243E-17,-0.00692820323027551,0.0218906508075689));
#2703=CARTESIAN_POINT('',(-0.003,-0.00519615242270664,0.0217239841409022));
#2704=CARTESIAN_POINT('',(-0.00599999999999998,-0.00346410161513775,0.0215573174742356));
#2705=CARTESIAN_POINT('',(-0.006,-5.14351655641888E-18,0.0213906508075689));
#2706=CARTESIAN_POINT('',(-0.00600000000000001,0.00346410161513775,0.0212239841409022));
#2707=CARTESIAN_POINT('',(-0.003,0.00519615242270663,0.0210573174742355));
#2708=CARTESIAN_POINT('',(-1.86704126252043E-17,0.00692820323027551,0.0208906508075689));
#2709=CARTESIAN_POINT('',(0.003,0.00519615242270664,0.0207239841409022));
#2710=CARTESIAN_POINT('',(0.00599999999999998,0.00346410161513775,0.0205573174742356));
#2711=CARTESIAN_POINT('',(0.006,5.8783046359073E-18,0.0203906508075689));
#2712=CARTESIAN_POINT('',(0.00600000000000001,-0.00346410161513775,0.0202239841409022));
#2713=CARTESIAN_POINT('',(0.003,-0.00519615242270663,0.0200573174742355));
#2714=CARTESIAN_POINT('',(1.95188728161842E-17,-0.00692820323027551,0.0198906508075689));
#2715=CARTESIAN_POINT('',(-0.003,-0.00519615242270664,0.0197239841409022));
#2716=CARTESIAN_POINT('',(-0.00599999999999998,-0.00346410161513775,0.0195573174742355));
#2717=CARTESIAN_POINT('',(-0.006,-2.79293747881987E-17,0.0193906508075689));
#2718=CARTESIAN_POINT('',(-0.00600000000000001,0.00346410161513775,0.0192239841409022));
#2719=CARTESIAN_POINT('',(-0.003,0.00519615242270663,0.0190573174742356));
#2720=CARTESIAN_POINT('',(-2.03673330071641E-17,0.00692820323027551,0.0188906508075689));
#2721=CARTESIAN_POINT('',(0.003,0.00519615242270664,0.0187239841409022));
#2722=CARTESIAN_POINT('',(0.00599999999999998,0.00346410161513775,0.0185573174742355));
#2723=CARTESIAN_POINT('',(0.006,2.86641628676871E-17,0.0183906508075689));
#2724=CARTESIAN_POINT('',(0.00600000000000001,-0.00346410161513775,0.0182239841409022));
#2725=CARTESIAN_POINT('',(0.003,-0.00519615242270662,0.0180573174742355));
#2726=CARTESIAN_POINT('',(4.58297155838536E-17,-0.00692820323027551,0.0178906508075689));
#2727=CARTESIAN_POINT('',(-0.003,-0.00519615242270664,0.0177239841409022));
#2728=CARTESIAN_POINT('',(-0.006,-0.00346410161513775,0.0175573174742355));
#2729=CARTESIAN_POINT('',(-0.006,-2.93989509471756E-17,0.0173906508075689));
#2730=CARTESIAN_POINT('',(-0.00600000000000001,0.00346410161513775,0.0172239841409022));
#2731=CARTESIAN_POINT('',(-0.003,0.00519615242270661,0.0170573174742355));
#2732=CARTESIAN_POINT('',(-2.2064253389124E-17,0.00692820323027551,0.0168906508075689));
#2733=CARTESIAN_POINT('',(0.00299999999999996,0.00519615242270665,0.0167239841409022));
#2734=CARTESIAN_POINT('',(0.00599999999999998,0.00346410161513775,0.0165573174742356));
#2735=CARTESIAN_POINT('',(0.006,8.81745695386094E-18,0.0163906508075689));
#2736=CARTESIAN_POINT('',(0.006,7.34788079488412E-19,0.0231424992075689));
#2737=CARTESIAN_POINT('',(0.006,7.34788079488412E-19,0.0213802024075689));
#2738=CARTESIAN_POINT('',(0.006,-0.012,0.0231424992075689));
#2739=CARTESIAN_POINT('',(0.006,-0.012,0.0213802024075689));
#2740=CARTESIAN_POINT('',(-0.006,-0.012,0.0231424992075689));
#2741=CARTESIAN_POINT('',(-0.006,-0.012,0.0213802024075689));
#2742=CARTESIAN_POINT('',(-0.006,0.,0.0231424992075689));
#2743=CARTESIAN_POINT('',(-0.006,0.,0.0213802024075689));
#2744=CARTESIAN_POINT('',(0.006,0.,0.0291320508075689));
#2745=CARTESIAN_POINT('',(0.006,-0.00346410161513775,0.0289653841409022));
#2746=CARTESIAN_POINT('',(0.003,-0.00519615242270663,0.0287987174742356));
#2747=CARTESIAN_POINT('',(4.24230095489963E-19,-0.00692820323027551,0.0286320508075689));
#2748=CARTESIAN_POINT('',(-0.003,-0.00519615242270663,0.0284653841409022));
#2749=CARTESIAN_POINT('',(-0.006,-0.00346410161513775,0.0282987174742356));
#2750=CARTESIAN_POINT('',(-0.006,-7.34788079488412E-19,0.0281320508075689));
#2751=CARTESIAN_POINT('',(-0.006,0.00346410161513775,0.0279653841409022));
#2752=CARTESIAN_POINT('',(-0.003,0.00519615242270663,0.0277987174742356));
#2753=CARTESIAN_POINT('',(-1.27269028646989E-18,0.00692820323027551,0.0276320508075689));
#2754=CARTESIAN_POINT('',(0.003,0.00519615242270663,0.0274653841409022));
#2755=CARTESIAN_POINT('',(0.006,0.00346410161513775,0.0272987174742355));
#2756=CARTESIAN_POINT('',(0.006,1.46957615897682E-18,0.0271320508075689));
#2757=CARTESIAN_POINT('',(0.006,-0.00346410161513775,0.0269653841409022));
#2758=CARTESIAN_POINT('',(0.003,-0.00519615242270663,0.0267987174742356));
#2759=CARTESIAN_POINT('',(8.27463107387721E-18,-0.00692820323027551,0.0266320508075689));
#2760=CARTESIAN_POINT('',(-0.003,-0.00519615242270664,0.0264653841409022));
#2761=CARTESIAN_POINT('',(-0.006,-0.00346410161513775,0.0262987174742355));
#2762=CARTESIAN_POINT('',(-0.006,-2.20436423846524E-18,0.0261320508075689));
#2763=CARTESIAN_POINT('',(-0.006,0.00346410161513775,0.0259653841409022));
#2764=CARTESIAN_POINT('',(-0.003,0.00519615242270663,0.0257987174742356));
#2765=CARTESIAN_POINT('',(-2.96961066842974E-18,0.00692820323027551,0.0256320508075689));
#2766=CARTESIAN_POINT('',(0.003,0.00519615242270664,0.0254653841409022));
#2767=CARTESIAN_POINT('',(0.006,0.00346410161513775,0.0252987174742355));
#2768=CARTESIAN_POINT('',(0.006,2.93915231795365E-18,0.0251320508075689));
#2769=CARTESIAN_POINT('',(0.006,-0.00346410161513775,0.0249653841409022));
#2770=CARTESIAN_POINT('',(0.003,-0.00519615242270663,0.0247987174742356));
#2771=CARTESIAN_POINT('',(1.61250320522645E-17,-0.00692820323027551,0.0246320508075689));
#2772=CARTESIAN_POINT('',(-0.003,-0.00519615242270664,0.0244653841409022));
#2773=CARTESIAN_POINT('',(-0.006,-0.00346410161513775,0.0242987174742356));
#2774=CARTESIAN_POINT('',(-0.006,-1.43320814338436E-17,0.0241320508075689));
#2775=CARTESIAN_POINT('',(-0.00600000000000001,0.00346410161513775,0.0239653841409022));
#2776=CARTESIAN_POINT('',(-0.003,0.00519615242270663,0.0237987174742356));
#2777=CARTESIAN_POINT('',(-1.69734922432444E-17,0.00692820323027551,0.0236320508075689));
#2778=CARTESIAN_POINT('',(0.003,0.00519615242270664,0.0234653841409022));
#2779=CARTESIAN_POINT('',(0.00599999999999998,0.00346410161513775,0.0232987174742355));
#2780=CARTESIAN_POINT('',(0.006,4.40872847693047E-18,0.0231320508075689));
#2781=CARTESIAN_POINT('',(0.00600000000000001,-0.00346410161513775,0.0229653841409022));
#2782=CARTESIAN_POINT('',(0.003,-0.00519615242270663,0.0227987174742356));
#2783=CARTESIAN_POINT('',(1.78219524342243E-17,-0.00692820323027551,0.0226320508075688));
#2784=CARTESIAN_POINT('',(-0.003,-0.00519615242270664,0.0224653841409022));
#2785=CARTESIAN_POINT('',(-0.00599999999999998,-0.00346410161513775,0.0222987174742355));
#2786=CARTESIAN_POINT('',(-0.006,-5.14351655641888E-18,0.0221320508075689));
#2787=CARTESIAN_POINT('',(-0.00600000000000001,0.00346410161513775,0.0219653841409022));
#2788=CARTESIAN_POINT('',(-0.003,0.00519615242270663,0.0217987174742356));
#2789=CARTESIAN_POINT('',(-1.86704126252043E-17,0.00692820323027551,0.0216320508075689));
#2790=CARTESIAN_POINT('',(0.003,0.00519615242270664,0.0214653841409022));
#2791=CARTESIAN_POINT('',(0.00599999999999998,0.00346410161513775,0.0212987174742355));
#2792=CARTESIAN_POINT('',(0.006,5.8783046359073E-18,0.0211320508075689));
#2793=CARTESIAN_POINT('',(0.00600000000000001,-0.00346410161513775,0.0209653841409022));
#2794=CARTESIAN_POINT('',(0.003,-0.00519615242270663,0.0207987174742355));
#2795=CARTESIAN_POINT('',(1.95188728161842E-17,-0.00692820323027551,0.0206320508075689));
#2796=CARTESIAN_POINT('',(-0.003,-0.00519615242270664,0.0204653841409022));
#2797=CARTESIAN_POINT('',(-0.00599999999999998,-0.00346410161513775,0.0202987174742356));
#2798=CARTESIAN_POINT('',(-0.006,-2.79293747881987E-17,0.0201320508075689));
#2799=CARTESIAN_POINT('',(-0.00600000000000001,0.00346410161513775,0.0199653841409022));
#2800=CARTESIAN_POINT('',(-0.003,0.00519615242270663,0.0197987174742356));
#2801=CARTESIAN_POINT('',(-2.03673330071641E-17,0.00692820323027551,0.0196320508075689));
#2802=CARTESIAN_POINT('',(0.003,0.00519615242270664,0.0194653841409022));
#2803=CARTESIAN_POINT('',(0.00599999999999998,0.00346410161513775,0.0192987174742355));
#2804=CARTESIAN_POINT('',(0.006,2.86641628676871E-17,0.0191320508075689));
#2805=CARTESIAN_POINT('',(0.00600000000000001,-0.00346410161513775,0.0189653841409022));
#2806=CARTESIAN_POINT('',(0.003,-0.00519615242270662,0.0187987174742355));
#2807=CARTESIAN_POINT('',(4.58297155838536E-17,-0.00692820323027551,0.0186320508075689));
#2808=CARTESIAN_POINT('',(-0.003,-0.00519615242270664,0.0184653841409022));
#2809=CARTESIAN_POINT('',(-0.006,-0.00346410161513775,0.0182987174742355));
#2810=CARTESIAN_POINT('',(-0.006,-2.93989509471756E-17,0.0181320508075689));
#2811=CARTESIAN_POINT('',(-0.00600000000000001,0.00346410161513775,0.0179653841409022));
#2812=CARTESIAN_POINT('',(-0.003,0.00519615242270661,0.0177987174742355));
#2813=CARTESIAN_POINT('',(-2.2064253389124E-17,0.00692820323027551,0.0176320508075689));
#2814=CARTESIAN_POINT('',(0.00299999999999996,0.00519615242270665,0.0174653841409022));
#2815=CARTESIAN_POINT('',(0.00599999999999998,0.00346410161513775,0.0172987174742355));
#2816=CARTESIAN_POINT('',(0.006,8.81745695386094E-18,0.0171320508075689));
#2817=CARTESIAN_POINT('',(0.006,0.,0.0283906508075689));
#2818=CARTESIAN_POINT('',(0.006,-0.00346410161513775,0.0282239841409022));
#2819=CARTESIAN_POINT('',(0.003,-0.00519615242270663,0.0280573174742356));
#2820=CARTESIAN_POINT('',(4.24230095489963E-19,-0.00692820323027551,0.0278906508075688));
#2821=CARTESIAN_POINT('',(-0.003,-0.00519615242270663,0.0277239841409022));
#2822=CARTESIAN_POINT('',(-0.006,-0.00346410161513775,0.0275573174742355));
#2823=CARTESIAN_POINT('',(-0.006,-7.34788079488412E-19,0.0273906508075689));
#2824=CARTESIAN_POINT('',(-0.006,0.00346410161513775,0.0272239841409022));
#2825=CARTESIAN_POINT('',(-0.003,0.00519615242270663,0.0270573174742356));
#2826=CARTESIAN_POINT('',(-1.27269028646989E-18,0.00692820323027551,0.0268906508075689));
#2827=CARTESIAN_POINT('',(0.003,0.00519615242270663,0.0267239841409022));
#2828=CARTESIAN_POINT('',(0.006,0.00346410161513775,0.0265573174742355));
#2829=CARTESIAN_POINT('',(0.006,1.46957615897682E-18,0.0263906508075689));
#2830=CARTESIAN_POINT('',(0.006,-0.00346410161513775,0.0262239841409022));
#2831=CARTESIAN_POINT('',(0.003,-0.00519615242270663,0.0260573174742356));
#2832=CARTESIAN_POINT('',(8.27463107387721E-18,-0.00692820323027551,0.0258906508075689));
#2833=CARTESIAN_POINT('',(-0.003,-0.00519615242270664,0.0257239841409022));
#2834=CARTESIAN_POINT('',(-0.006,-0.00346410161513775,0.0255573174742356));
#2835=CARTESIAN_POINT('',(-0.006,-2.20436423846524E-18,0.0253906508075689));
#2836=CARTESIAN_POINT('',(-0.006,0.00346410161513775,0.0252239841409022));
#2837=CARTESIAN_POINT('',(-0.003,0.00519615242270663,0.0250573174742356));
#2838=CARTESIAN_POINT('',(-2.96961066842974E-18,0.00692820323027551,0.0248906508075689));
#2839=CARTESIAN_POINT('',(0.003,0.00519615242270664,0.0247239841409022));
#2840=CARTESIAN_POINT('',(0.006,0.00346410161513775,0.0245573174742356));
#2841=CARTESIAN_POINT('',(0.006,2.93915231795365E-18,0.0243906508075689));
#2842=CARTESIAN_POINT('',(0.006,-0.00346410161513775,0.0242239841409022));
#2843=CARTESIAN_POINT('',(0.003,-0.00519615242270663,0.0240573174742356));
#2844=CARTESIAN_POINT('',(1.61250320522645E-17,-0.00692820323027551,0.0238906508075689));
#2845=CARTESIAN_POINT('',(-0.003,-0.00519615242270664,0.0237239841409022));
#2846=CARTESIAN_POINT('',(-0.006,-0.00346410161513775,0.0235573174742355));
#2847=CARTESIAN_POINT('',(-0.006,-1.43320814338436E-17,0.0233906508075689));
#2848=CARTESIAN_POINT('',(-0.00600000000000001,0.00346410161513775,0.0232239841409022));
#2849=CARTESIAN_POINT('',(-0.003,0.00519615242270663,0.0230573174742356));
#2850=CARTESIAN_POINT('',(-1.69734922432444E-17,0.00692820323027551,0.0228906508075689));
#2851=CARTESIAN_POINT('',(0.003,0.00519615242270664,0.0227239841409022));
#2852=CARTESIAN_POINT('',(0.00599999999999998,0.00346410161513775,0.0225573174742355));
#2853=CARTESIAN_POINT('',(0.006,4.40872847693047E-18,0.0223906508075689));
#2854=CARTESIAN_POINT('',(0.00600000000000001,-0.00346410161513775,0.0222239841409022));
#2855=CARTESIAN_POINT('',(0.003,-0.00519615242270663,0.0220573174742356));
#2856=CARTESIAN_POINT('',(1.78219524342243E-17,-0.00692820323027551,0.0218906508075689));
#2857=CARTESIAN_POINT('',(-0.003,-0.00519615242270664,0.0217239841409022));
#2858=CARTESIAN_POINT('',(-0.00599999999999998,-0.00346410161513775,0.0215573174742356));
#2859=CARTESIAN_POINT('',(-0.006,-5.14351655641888E-18,0.0213906508075689));
#2860=CARTESIAN_POINT('',(-0.00600000000000001,0.00346410161513775,0.0212239841409022));
#2861=CARTESIAN_POINT('',(-0.003,0.00519615242270663,0.0210573174742355));
#2862=CARTESIAN_POINT('',(-1.86704126252043E-17,0.00692820323027551,0.0208906508075689));
#2863=CARTESIAN_POINT('',(0.003,0.00519615242270664,0.0207239841409022));
#2864=CARTESIAN_POINT('',(0.00599999999999998,0.00346410161513775,0.0205573174742356));
#2865=CARTESIAN_POINT('',(0.006,5.8783046359073E-18,0.0203906508075689));
#2866=CARTESIAN_POINT('',(0.00600000000000001,-0.00346410161513775,0.0202239841409022));
#2867=CARTESIAN_POINT('',(0.003,-0.00519615242270663,0.0200573174742355));
#2868=CARTESIAN_POINT('',(1.95188728161842E-17,-0.00692820323027551,0.0198906508075689));
#2869=CARTESIAN_POINT('',(-0.003,-0.00519615242270664,0.0197239841409022));
#2870=CARTESIAN_POINT('',(-0.00599999999999998,-0.00346410161513775,0.0195573174742355));
#2871=CARTESIAN_POINT('',(-0.006,-2.79293747881987E-17,0.0193906508075689));
#2872=CARTESIAN_POINT('',(-0.00600000000000001,0.00346410161513775,0.0192239841409022));
#2873=CARTESIAN_POINT('',(-0.003,0.00519615242270663,0.0190573174742356));
#2874=CARTESIAN_POINT('',(-2.03673330071641E-17,0.00692820323027551,0.0188906508075689));
#2875=CARTESIAN_POINT('',(0.003,0.00519615242270664,0.0187239841409022));
#2876=CARTESIAN_POINT('',(0.00599999999999998,0.00346410161513775,0.0185573174742355));
#2877=CARTESIAN_POINT('',(0.006,2.86641628676871E-17,0.0183906508075689));
#2878=CARTESIAN_POINT('',(0.00600000000000001,-0.00346410161513775,0.0182239841409022));
#2879=CARTESIAN_POINT('',(0.003,-0.00519615242270662,0.0180573174742355));
#2880=CARTESIAN_POINT('',(4.58297155838536E-17,-0.00692820323027551,0.0178906508075689));
#2881=CARTESIAN_POINT('',(-0.003,-0.00519615242270664,0.0177239841409022));
#2882=CARTESIAN_POINT('',(-0.006,-0.00346410161513775,0.0175573174742355));
#2883=CARTESIAN_POINT('',(-0.006,-2.93989509471756E-17,0.0173906508075689));
#2884=CARTESIAN_POINT('',(-0.00600000000000001,0.00346410161513775,0.0172239841409022));
#2885=CARTESIAN_POINT('',(-0.003,0.00519615242270661,0.0170573174742355));
#2886=CARTESIAN_POINT('',(-2.2064253389124E-17,0.00692820323027551,0.0168906508075689));
#2887=CARTESIAN_POINT('',(0.00299999999999996,0.00519615242270665,0.0167239841409022));
#2888=CARTESIAN_POINT('',(0.00599999999999998,0.00346410161513775,0.0165573174742356));
#2889=CARTESIAN_POINT('',(0.006,8.81745695386094E-18,0.0163906508075689));
#2890=CARTESIAN_POINT('',(0.007,0.,0.0364000000000003));
#2891=CARTESIAN_POINT('',(0.007,0.014,0.0364000000000003));
#2892=CARTESIAN_POINT('',(-0.007,0.014,0.0364000000000003));
#2893=CARTESIAN_POINT('',(-0.007,0.,0.0364000000000003));
#2894=CARTESIAN_POINT('',(0.00700000000000022,0.,0.0371032004980812));
#2895=CARTESIAN_POINT('',(0.00700000000000023,0.0140000000000005,0.0371032004980812));
#2896=CARTESIAN_POINT('',(-0.00700000000000023,0.0140000000000005,0.0371032004980812));
#2897=CARTESIAN_POINT('',(-0.00700000000000022,0.,0.0371032004980812));
#2898=CARTESIAN_POINT('',(0.00755287656855134,0.,0.0375379847500629));
#2899=CARTESIAN_POINT('',(0.00755287656855134,0.0151057531371027,0.0375379847500629));
#2900=CARTESIAN_POINT('',(-0.00755287656855134,0.0151057531371027,0.0375379847500629));
#2901=CARTESIAN_POINT('',(-0.00755287656855134,0.,0.0375379847500629));
#2902=CARTESIAN_POINT('',(0.00823644078728668,0.,0.0373716458995474));
#2903=CARTESIAN_POINT('',(0.00823644078728668,0.0164728815745734,0.0373716458995474));
#2904=CARTESIAN_POINT('',(-0.00823644078728668,0.0164728815745734,0.0373716458995474));
#2905=CARTESIAN_POINT('',(-0.00823644078728668,0.,0.0373716458995474));
#2906=CARTESIAN_POINT('',(0.,0.,0.0364));
#2907=CARTESIAN_POINT('',(0.007,0.,0.0364));
#2908=CARTESIAN_POINT('',(-0.007,0.,0.0364));
#2909=CARTESIAN_POINT('',(-0.00701771274927131,0.,0.0362126186854143));
#2910=CARTESIAN_POINT('',(-0.00684403514416278,0.,0.0371230685753213));
#2911=CARTESIAN_POINT('',(-0.0075733853960142,0.,0.0376950223520133));
#2912=CARTESIAN_POINT('',(-0.00841617251509879,0.,0.037309285674404));
#2913=CARTESIAN_POINT('',(-0.008,0.,0.0374));
#2914=CARTESIAN_POINT('',(0.,0.,0.0374));
#2915=CARTESIAN_POINT('',(-0.00647369748805168,0.00470013200167754,0.0374));
#2916=CARTESIAN_POINT('',(-0.00647369748805168,0.00470013200167754,0.0374));
#2917=CARTESIAN_POINT('',(-0.00652798560425712,0.00486082435669314,0.0374));
#2918=CARTESIAN_POINT('',(-0.00645880849137154,0.00523152532911075,0.0373503311858696));
#2919=CARTESIAN_POINT('',(-0.00610802600642017,0.00537624608525738,0.0374000000000001));
#2920=CARTESIAN_POINT('',(-0.00594180488797405,0.00535676718490243,0.0374));
#2921=CARTESIAN_POINT('',(-0.00594180488797405,0.00535676718490245,0.0374));
#2922=CARTESIAN_POINT('',(0.,0.,0.0374));
#2923=CARTESIAN_POINT('',(0.008,0.,0.0374));
#2924=CARTESIAN_POINT('',(0.00701771274927131,0.,0.0362126186854143));
#2925=CARTESIAN_POINT('',(0.00684403514416278,0.,0.0371230685753213));
#2926=CARTESIAN_POINT('',(0.0075733853960142,0.,0.0376950223520133));
#2927=CARTESIAN_POINT('',(0.00841617251509879,0.,0.037309285674404));
#2928=CARTESIAN_POINT('',(0.00725000013411038,-0.015588457500406,0.0373999999999999));
#2929=CARTESIAN_POINT('',(0.00725000013411038,-0.0120884575004059,0.0373999999999999));
#2930=CARTESIAN_POINT('',(0.0107500001341105,-0.0120884575004059,0.0373999999999999));
#2931=CARTESIAN_POINT('',(0.0107500001341105,-0.015588457500406,0.0373999999999999));
#2932=CARTESIAN_POINT('',(0.00790000013411045,-0.015588457500406,0.03805));
#2933=CARTESIAN_POINT('',(0.00790000013411045,-0.013388457500406,0.03805));
#2934=CARTESIAN_POINT('',(0.0101000001341105,-0.013388457500406,0.03805));
#2935=CARTESIAN_POINT('',(0.0101000001341105,-0.015588457500406,0.03805));
#2936=CARTESIAN_POINT('',(0.00900000013411045,-0.015588457500406,0.0374));
#2937=CARTESIAN_POINT('',(0.0107500001341104,-0.015588457500406,0.0374));
#2938=CARTESIAN_POINT('',(0.00725000013411045,-0.015588457500406,0.0374));
#2939=CARTESIAN_POINT('',(0.0107825001341104,-0.015588457500406,0.0373675));
#2940=CARTESIAN_POINT('',(0.00900000013411045,-0.015588457500406,0.03915));
#2941=CARTESIAN_POINT('',(0.0101000001341104,-0.015588457500406,0.03805));
#2942=CARTESIAN_POINT('',(0.00900000013411045,-0.015588457500406,0.03805));
#2943=CARTESIAN_POINT('',(0.00790000013411045,-0.015588457500406,0.03805));
#2944=CARTESIAN_POINT('',(0.00721750013411045,-0.015588457500406,0.0373675));
#2945=CARTESIAN_POINT('',(0.00900000013411045,-0.015588457500406,0.03915));
#2946=CARTESIAN_POINT('',(-0.019750000268221,0.,0.0373999999999999));
#2947=CARTESIAN_POINT('',(-0.019750000268221,0.00350000000000013,0.0373999999999999));
#2948=CARTESIAN_POINT('',(-0.0162500002682208,0.00350000000000013,0.0373999999999999));
#2949=CARTESIAN_POINT('',(-0.0162500002682208,0.,0.0373999999999999));
#2950=CARTESIAN_POINT('',(-0.0191000002682209,0.,0.03805));
#2951=CARTESIAN_POINT('',(-0.0191000002682209,0.00220000000000001,0.03805));
#2952=CARTESIAN_POINT('',(-0.0169000002682209,0.00220000000000001,0.03805));
#2953=CARTESIAN_POINT('',(-0.0169000002682209,0.,0.03805));
#2954=CARTESIAN_POINT('',(-0.0180000002682209,0.,0.0374));
#2955=CARTESIAN_POINT('',(-0.0162500002682209,0.,0.0374));
#2956=CARTESIAN_POINT('',(-0.0197500002682209,0.,0.0374));
#2957=CARTESIAN_POINT('',(-0.0162175002682209,0.,0.0373675));
#2958=CARTESIAN_POINT('',(-0.0180000002682209,0.,0.03915));
#2959=CARTESIAN_POINT('',(-0.0169000002682209,0.,0.03805));
#2960=CARTESIAN_POINT('',(-0.0180000002682209,0.,0.03805));
#2961=CARTESIAN_POINT('',(-0.0191000002682209,1.34711147906209E-19,0.03805));
#2962=CARTESIAN_POINT('',(-0.0197825002682209,0.,0.0373675));
#2963=CARTESIAN_POINT('',(-0.0180000002682209,0.,0.03915));
#2964=CARTESIAN_POINT('',(0.00725000013411038,0.015588457500406,0.0373999999999999));
#2965=CARTESIAN_POINT('',(0.00725000013411038,0.0190884575004061,0.0373999999999999));
#2966=CARTESIAN_POINT('',(0.0107500001341105,0.0190884575004061,0.0373999999999999));
#2967=CARTESIAN_POINT('',(0.0107500001341105,0.015588457500406,0.0373999999999999));
#2968=CARTESIAN_POINT('',(0.00790000013411045,0.015588457500406,0.03805));
#2969=CARTESIAN_POINT('',(0.00790000013411045,0.017788457500406,0.03805));
#2970=CARTESIAN_POINT('',(0.0101000001341105,0.017788457500406,0.03805));
#2971=CARTESIAN_POINT('',(0.0101000001341105,0.015588457500406,0.03805));
#2972=CARTESIAN_POINT('',(0.00900000013411045,0.015588457500406,0.0374));
#2973=CARTESIAN_POINT('',(0.0107500001341104,0.015588457500406,0.0374));
#2974=CARTESIAN_POINT('',(0.00725000013411045,0.015588457500406,0.0374));
#2975=CARTESIAN_POINT('',(0.0107825001341104,0.015588457500406,0.0373675));
#2976=CARTESIAN_POINT('',(0.00900000013411045,0.015588457500406,0.03915));
#2977=CARTESIAN_POINT('',(0.0101000001341104,0.015588457500406,0.03805));
#2978=CARTESIAN_POINT('',(0.00900000013411045,0.015588457500406,0.03805));
#2979=CARTESIAN_POINT('',(0.00790000013411045,0.015588457500406,0.03805));
#2980=CARTESIAN_POINT('',(0.00721750013411045,0.015588457500406,0.0373675));
#2981=CARTESIAN_POINT('',(0.00900000013411045,0.015588457500406,0.03915));
#2982=CARTESIAN_POINT('',(-0.0191000002682209,1.34711147906209E-19,0.03805));
#2983=CARTESIAN_POINT('',(-0.0191000002682209,1.34711147906209E-19,0.0404));
#2984=CARTESIAN_POINT('',(-0.0191000002682209,-0.0022,0.03805));
#2985=CARTESIAN_POINT('',(-0.0191000002682209,-0.0022,0.0404));
#2986=CARTESIAN_POINT('',(-0.0169000002682209,-0.0022,0.03805));
#2987=CARTESIAN_POINT('',(-0.0169000002682209,-0.0022,0.0404));
#2988=CARTESIAN_POINT('',(-0.0169000002682209,0.,0.03805));
#2989=CARTESIAN_POINT('',(-0.0169000002682209,0.,0.0404));
#2990=CARTESIAN_POINT('',(-0.0180000002682209,0.,0.03805));
#2991=CARTESIAN_POINT('',(-0.0191000002682209,1.34711147906209E-19,0.0379325));
#2992=CARTESIAN_POINT('',(-0.0191000002682209,1.34711147906209E-19,0.0405175));
#2993=CARTESIAN_POINT('',(-0.0191000002682209,1.34711147906209E-19,0.0404));
#2994=CARTESIAN_POINT('',(-0.0180000002682209,0.,0.0404));
#2995=CARTESIAN_POINT('',(-0.0169000002682209,0.,0.0404));
#2996=CARTESIAN_POINT('',(-0.0169000002682209,0.,0.0379325));
#2997=CARTESIAN_POINT('',(-0.0169000002682209,0.,0.0405175));
#2998=CARTESIAN_POINT('',(0.00790000013411045,-0.015588457500406,0.03805));
#2999=CARTESIAN_POINT('',(0.00790000013411045,-0.015588457500406,0.0404));
#3000=CARTESIAN_POINT('',(0.00790000013411045,-0.017788457500406,0.03805));
#3001=CARTESIAN_POINT('',(0.00790000013411045,-0.017788457500406,0.0404));
#3002=CARTESIAN_POINT('',(0.0101000001341104,-0.017788457500406,0.03805));
#3003=CARTESIAN_POINT('',(0.0101000001341104,-0.017788457500406,0.0404));
#3004=CARTESIAN_POINT('',(0.0101000001341104,-0.015588457500406,0.03805));
#3005=CARTESIAN_POINT('',(0.0101000001341104,-0.015588457500406,0.0404));
#3006=CARTESIAN_POINT('',(0.00900000013411045,-0.015588457500406,0.03805));
#3007=CARTESIAN_POINT('',(0.00790000013411045,-0.015588457500406,0.0379325));
#3008=CARTESIAN_POINT('',(0.00790000013411045,-0.015588457500406,0.0405175));
#3009=CARTESIAN_POINT('',(0.00790000013411045,-0.015588457500406,0.0404));
#3010=CARTESIAN_POINT('',(0.00900000013411045,-0.015588457500406,0.0404));
#3011=CARTESIAN_POINT('',(0.0101000001341104,-0.015588457500406,0.0404));
#3012=CARTESIAN_POINT('',(0.0101000001341104,-0.015588457500406,0.0379325));
#3013=CARTESIAN_POINT('',(0.0101000001341104,-0.015588457500406,0.0405175));
#3014=CARTESIAN_POINT('',(0.00790000013411045,0.015588457500406,0.03805));
#3015=CARTESIAN_POINT('',(0.00790000013411045,0.015588457500406,0.0404));
#3016=CARTESIAN_POINT('',(0.00790000013411045,0.013388457500406,0.03805));
#3017=CARTESIAN_POINT('',(0.00790000013411045,0.013388457500406,0.0404));
#3018=CARTESIAN_POINT('',(0.0101000001341104,0.013388457500406,0.03805));
#3019=CARTESIAN_POINT('',(0.0101000001341104,0.013388457500406,0.0404));
#3020=CARTESIAN_POINT('',(0.0101000001341104,0.015588457500406,0.03805));
#3021=CARTESIAN_POINT('',(0.0101000001341104,0.015588457500406,0.0404));
#3022=CARTESIAN_POINT('',(0.00900000013411045,0.015588457500406,0.03805));
#3023=CARTESIAN_POINT('',(0.00790000013411045,0.015588457500406,0.0379325));
#3024=CARTESIAN_POINT('',(0.00790000013411045,0.015588457500406,0.0405175));
#3025=CARTESIAN_POINT('',(0.00790000013411045,0.015588457500406,0.0404));
#3026=CARTESIAN_POINT('',(0.00900000013411045,0.015588457500406,0.0404));
#3027=CARTESIAN_POINT('',(0.0101000001341104,0.015588457500406,0.0404));
#3028=CARTESIAN_POINT('',(0.0101000001341104,0.015588457500406,0.0379325));
#3029=CARTESIAN_POINT('',(0.0101000001341104,0.015588457500406,0.0405175));
#3030=CARTESIAN_POINT('',(0.007,8.57252759403147E-19,0.0221300378248286));
#3031=CARTESIAN_POINT('',(0.007,8.57252759403147E-19,0.0209));
#3032=CARTESIAN_POINT('',(0.007,-0.014,0.0221300378248286));
#3033=CARTESIAN_POINT('',(0.007,-0.014,0.0209));
#3034=CARTESIAN_POINT('',(-0.007,-0.014,0.0221300378248286));
#3035=CARTESIAN_POINT('',(-0.007,-0.014,0.0209));
#3036=CARTESIAN_POINT('',(-0.007,0.,0.0221300378248286));
#3037=CARTESIAN_POINT('',(-0.007,0.,0.0209));
#3038=CARTESIAN_POINT('',(0.007,0.,0.0281227016151377));
#3039=CARTESIAN_POINT('',(0.007,-0.00404145188432738,0.0279560349484711));
#3040=CARTESIAN_POINT('',(0.0035,-0.00606217782649107,0.0277893682818044));
#3041=CARTESIAN_POINT('',(4.94935111404956E-19,-0.00808290376865476,0.0276227016151378));
#3042=CARTESIAN_POINT('',(-0.0035,-0.00606217782649107,0.0274560349484711));
#3043=CARTESIAN_POINT('',(-0.007,-0.00404145188432738,0.0272893682818044));
#3044=CARTESIAN_POINT('',(-0.007,-8.57252759403147E-19,0.0271227016151377));
#3045=CARTESIAN_POINT('',(-0.007,0.00404145188432738,0.0269560349484711));
#3046=CARTESIAN_POINT('',(-0.0035,0.00606217782649107,0.0267893682818044));
#3047=CARTESIAN_POINT('',(-1.48480533421487E-18,0.00808290376865476,0.0266227016151377));
#3048=CARTESIAN_POINT('',(0.0035,0.00606217782649107,0.0264560349484711));
#3049=CARTESIAN_POINT('',(0.007,0.00404145188432738,0.0262893682818044));
#3050=CARTESIAN_POINT('',(0.007,1.71450551880629E-18,0.0261227016151377));
#3051=CARTESIAN_POINT('',(0.007,-0.00404145188432738,0.0259560349484711));
#3052=CARTESIAN_POINT('',(0.0035,-0.00606217782649107,0.0257893682818044));
#3053=CARTESIAN_POINT('',(9.65373625285675E-18,-0.00808290376865476,0.0256227016151377));
#3054=CARTESIAN_POINT('',(-0.0035,-0.00606217782649108,0.0254560349484711));
#3055=CARTESIAN_POINT('',(-0.007,-0.00404145188432738,0.0252893682818044));
#3056=CARTESIAN_POINT('',(-0.007,-2.57175827820944E-18,0.0251227016151377));
#3057=CARTESIAN_POINT('',(-0.007,0.00404145188432738,0.0249560349484711));
#3058=CARTESIAN_POINT('',(-0.0035,0.00606217782649107,0.0247893682818044));
#3059=CARTESIAN_POINT('',(-3.46454577983469E-18,0.00808290376865476,0.0246227016151378));
#3060=CARTESIAN_POINT('',(0.0035,0.00606217782649108,0.0244560349484711));
#3061=CARTESIAN_POINT('',(0.007,0.00404145188432738,0.0242893682818044));
#3062=CARTESIAN_POINT('',(0.007,3.42901103761259E-18,0.0241227016151377));
#3063=CARTESIAN_POINT('',(0.007,-0.00404145188432738,0.0239560349484711));
#3064=CARTESIAN_POINT('',(0.0035,-0.00606217782649107,0.0237893682818044));
#3065=CARTESIAN_POINT('',(1.88125373943085E-17,-0.00808290376865476,0.0236227016151378));
#3066=CARTESIAN_POINT('',(-0.0035,-0.00606217782649108,0.0234560349484711));
#3067=CARTESIAN_POINT('',(-0.00699999999999999,-0.00404145188432738,0.0232893682818044));
#3068=CARTESIAN_POINT('',(-0.007,-1.67207616728175E-17,0.0231227016151377));
#3069=CARTESIAN_POINT('',(-0.00700000000000001,0.00404145188432738,0.0229560349484711));
#3070=CARTESIAN_POINT('',(-0.0035,0.00606217782649106,0.0227893682818044));
#3071=CARTESIAN_POINT('',(-1.98024076171184E-17,0.00808290376865476,0.0226227016151378));
#3072=CARTESIAN_POINT('',(0.0035,0.00606217782649108,0.0224560349484711));
#3073=CARTESIAN_POINT('',(0.00699999999999999,0.00404145188432738,0.0222893682818044));
#3074=CARTESIAN_POINT('',(0.007,5.14351655641888E-18,0.0221227016151377));
#3075=CARTESIAN_POINT('',(0.00700000000000001,-0.00404145188432738,0.0219560349484711));
#3076=CARTESIAN_POINT('',(0.0035,-0.00606217782649106,0.0217893682818044));
#3077=CARTESIAN_POINT('',(2.07922778399284E-17,-0.00808290376865476,0.0216227016151377));
#3078=CARTESIAN_POINT('',(-0.0035,-0.00606217782649108,0.0214560349484711));
#3079=CARTESIAN_POINT('',(-0.00699999999999999,-0.00404145188432738,0.0212893682818044));
#3080=CARTESIAN_POINT('',(-0.007,-6.00076931582203E-18,0.0211227016151378));
#3081=CARTESIAN_POINT('',(-0.00700000000000001,0.00404145188432738,0.0209560349484711));
#3082=CARTESIAN_POINT('',(-0.0035,0.00606217782649106,0.0207893682818044));
#3083=CARTESIAN_POINT('',(-2.17821480627383E-17,0.00808290376865476,0.0206227016151377));
#3084=CARTESIAN_POINT('',(0.0035,0.00606217782649108,0.0204560349484711));
#3085=CARTESIAN_POINT('',(0.00699999999999999,0.00404145188432738,0.0202893682818044));
#3086=CARTESIAN_POINT('',(0.007,6.85802207522518E-18,0.0201227016151378));
#3087=CARTESIAN_POINT('',(0.00700000000000001,-0.00404145188432738,0.0199560349484711));
#3088=CARTESIAN_POINT('',(0.0035,-0.00606217782649106,0.0197893682818044));
#3089=CARTESIAN_POINT('',(2.27720182855482E-17,-0.00808290376865476,0.0196227016151378));
#3090=CARTESIAN_POINT('',(-0.0035,-0.00606217782649108,0.0194560349484711));
#3091=CARTESIAN_POINT('',(-0.00699999999999999,-0.00404145188432738,0.0192893682818044));
#3092=CARTESIAN_POINT('',(-0.007,-3.25842705862318E-17,0.0191227016151378));
#3093=CARTESIAN_POINT('',(-0.00700000000000001,0.00404145188432738,0.0189560349484711));
#3094=CARTESIAN_POINT('',(-0.0035,0.00606217782649106,0.0187893682818044));
#3095=CARTESIAN_POINT('',(-2.37618885083581E-17,0.00808290376865476,0.0186227016151378));
#3096=CARTESIAN_POINT('',(0.0035,0.00606217782649108,0.0184560349484711));
#3097=CARTESIAN_POINT('',(0.00699999999999999,0.00404145188432738,0.0182893682818044));
#3098=CARTESIAN_POINT('',(0.007,3.3441523345635E-17,0.0181227016151378));
#3099=CARTESIAN_POINT('',(0.00700000000000001,-0.00404145188432738,0.0179560349484711));
#3100=CARTESIAN_POINT('',(0.0035,-0.00606217782649106,0.0177893682818044));
#3101=CARTESIAN_POINT('',(5.34680015144959E-17,-0.00808290376865476,0.0176227016151377));
#3102=CARTESIAN_POINT('',(-0.0035,-0.00606217782649108,0.0174560349484711));
#3103=CARTESIAN_POINT('',(-0.007,-0.00404145188432738,0.0172893682818044));
#3104=CARTESIAN_POINT('',(-0.007,-3.42987761050382E-17,0.0171227016151378));
#3105=CARTESIAN_POINT('',(-0.00700000000000001,0.00404145188432738,0.0169560349484711));
#3106=CARTESIAN_POINT('',(-0.0035,0.00606217782649105,0.0167893682818045));
#3107=CARTESIAN_POINT('',(-2.57416289539779E-17,0.00808290376865476,0.0166227016151378));
#3108=CARTESIAN_POINT('',(0.00349999999999995,0.0060621778264911,0.0164560349484711));
#3109=CARTESIAN_POINT('',(0.00699999999999999,0.00404145188432738,0.0162893682818044));
#3110=CARTESIAN_POINT('',(0.007,1.02870331128378E-17,0.0161227016151378));
#3111=CARTESIAN_POINT('',(0.007,5.14351655641888E-18,0.0221227016151377));
#3112=CARTESIAN_POINT('',(-0.007,-6.00076931582203E-18,0.0211227016151378));
#3113=CARTESIAN_POINT('',(-0.007,0.,0.037175));
#3114=CARTESIAN_POINT('',(-0.007,0.,0.020125));
#3115=CARTESIAN_POINT('',(-0.007,0.,0.0209));
#3116=CARTESIAN_POINT('',(0.,0.,0.0209));
#3117=CARTESIAN_POINT('',(1.58038036522961E-17,-0.007,0.0209));
#3118=CARTESIAN_POINT('',(0.007,0.,0.0294));
#3119=CARTESIAN_POINT('',(0.007,-0.00404145188432738,0.0292333333333333));
#3120=CARTESIAN_POINT('',(0.0035,-0.00606217782649107,0.0290666666666667));
#3121=CARTESIAN_POINT('',(4.94935111404956E-19,-0.00808290376865476,0.0289));
#3122=CARTESIAN_POINT('',(-0.0035,-0.00606217782649107,0.0287333333333334));
#3123=CARTESIAN_POINT('',(-0.007,-0.00404145188432738,0.0285666666666666));
#3124=CARTESIAN_POINT('',(-0.007,-8.57252759403147E-19,0.0284));
#3125=CARTESIAN_POINT('',(-0.007,0.00404145188432738,0.0282333333333333));
#3126=CARTESIAN_POINT('',(-0.0035,0.00606217782649107,0.0280666666666667));
#3127=CARTESIAN_POINT('',(-1.48480533421487E-18,0.00808290376865476,0.0279));
#3128=CARTESIAN_POINT('',(0.0035,0.00606217782649107,0.0277333333333333));
#3129=CARTESIAN_POINT('',(0.007,0.00404145188432738,0.0275666666666667));
#3130=CARTESIAN_POINT('',(0.007,1.71450551880629E-18,0.0274));
#3131=CARTESIAN_POINT('',(0.007,-0.00404145188432738,0.0272333333333333));
#3132=CARTESIAN_POINT('',(0.0035,-0.00606217782649107,0.0270666666666667));
#3133=CARTESIAN_POINT('',(9.65373625285675E-18,-0.00808290376865476,0.0269));
#3134=CARTESIAN_POINT('',(-0.0035,-0.00606217782649108,0.0267333333333333));
#3135=CARTESIAN_POINT('',(-0.007,-0.00404145188432738,0.0265666666666667));
#3136=CARTESIAN_POINT('',(-0.007,-2.57175827820944E-18,0.0264));
#3137=CARTESIAN_POINT('',(-0.007,0.00404145188432738,0.0262333333333334));
#3138=CARTESIAN_POINT('',(-0.0035,0.00606217782649107,0.0260666666666667));
#3139=CARTESIAN_POINT('',(-3.46454577983469E-18,0.00808290376865476,0.0259));
#3140=CARTESIAN_POINT('',(0.0035,0.00606217782649108,0.0257333333333334));
#3141=CARTESIAN_POINT('',(0.007,0.00404145188432738,0.0255666666666667));
#3142=CARTESIAN_POINT('',(0.007,3.42901103761259E-18,0.0254));
#3143=CARTESIAN_POINT('',(0.007,-0.00404145188432738,0.0252333333333333));
#3144=CARTESIAN_POINT('',(0.0035,-0.00606217782649107,0.0250666666666667));
#3145=CARTESIAN_POINT('',(1.88125373943085E-17,-0.00808290376865476,0.0249));
#3146=CARTESIAN_POINT('',(-0.0035,-0.00606217782649108,0.0247333333333334));
#3147=CARTESIAN_POINT('',(-0.00699999999999999,-0.00404145188432738,0.0245666666666666));
#3148=CARTESIAN_POINT('',(-0.007,-1.67207616728175E-17,0.0244));
#3149=CARTESIAN_POINT('',(-0.00700000000000001,0.00404145188432738,0.0242333333333333));
#3150=CARTESIAN_POINT('',(-0.0035,0.00606217782649106,0.0240666666666667));
#3151=CARTESIAN_POINT('',(-1.98024076171184E-17,0.00808290376865476,0.0239));
#3152=CARTESIAN_POINT('',(0.0035,0.00606217782649108,0.0237333333333333));
#3153=CARTESIAN_POINT('',(0.00699999999999999,0.00404145188432738,0.0235666666666667));
#3154=CARTESIAN_POINT('',(0.007,5.14351655641888E-18,0.0234));
#3155=CARTESIAN_POINT('',(0.00700000000000001,-0.00404145188432738,0.0232333333333333));
#3156=CARTESIAN_POINT('',(0.0035,-0.00606217782649106,0.0230666666666667));
#3157=CARTESIAN_POINT('',(2.07922778399284E-17,-0.00808290376865476,0.0229));
#3158=CARTESIAN_POINT('',(-0.0035,-0.00606217782649108,0.0227333333333333));
#3159=CARTESIAN_POINT('',(-0.00699999999999999,-0.00404145188432738,0.0225666666666667));
#3160=CARTESIAN_POINT('',(-0.007,-6.00076931582203E-18,0.0224));
#3161=CARTESIAN_POINT('',(-0.00700000000000001,0.00404145188432738,0.0222333333333333));
#3162=CARTESIAN_POINT('',(-0.0035,0.00606217782649106,0.0220666666666667));
#3163=CARTESIAN_POINT('',(-2.17821480627383E-17,0.00808290376865476,0.0219));
#3164=CARTESIAN_POINT('',(0.0035,0.00606217782649108,0.0217333333333334));
#3165=CARTESIAN_POINT('',(0.00699999999999999,0.00404145188432738,0.0215666666666667));
#3166=CARTESIAN_POINT('',(0.007,6.85802207522518E-18,0.0214));
#3167=CARTESIAN_POINT('',(0.00700000000000001,-0.00404145188432738,0.0212333333333334));
#3168=CARTESIAN_POINT('',(0.0035,-0.00606217782649106,0.0210666666666667));
#3169=CARTESIAN_POINT('',(2.27720182855482E-17,-0.00808290376865476,0.0209));
#3170=CARTESIAN_POINT('',(-0.0035,-0.00606217782649108,0.0207333333333334));
#3171=CARTESIAN_POINT('',(-0.00699999999999999,-0.00404145188432738,0.0205666666666666));
#3172=CARTESIAN_POINT('',(-0.007,-3.25842705862318E-17,0.0204));
#3173=CARTESIAN_POINT('',(-0.00700000000000001,0.00404145188432738,0.0202333333333333));
#3174=CARTESIAN_POINT('',(-0.0035,0.00606217782649106,0.0200666666666666));
#3175=CARTESIAN_POINT('',(-2.37618885083581E-17,0.00808290376865476,0.0199));
#3176=CARTESIAN_POINT('',(0.0035,0.00606217782649108,0.0197333333333333));
#3177=CARTESIAN_POINT('',(0.00699999999999999,0.00404145188432738,0.0195666666666666));
#3178=CARTESIAN_POINT('',(0.007,3.3441523345635E-17,0.0194));
#3179=CARTESIAN_POINT('',(0.00700000000000001,-0.00404145188432738,0.0192333333333333));
#3180=CARTESIAN_POINT('',(0.0035,-0.00606217782649106,0.0190666666666666));
#3181=CARTESIAN_POINT('',(5.34680015144959E-17,-0.00808290376865476,0.0189));
#3182=CARTESIAN_POINT('',(-0.0035,-0.00606217782649108,0.0187333333333334));
#3183=CARTESIAN_POINT('',(-0.007,-0.00404145188432738,0.0185666666666667));
#3184=CARTESIAN_POINT('',(-0.007,-3.42987761050382E-17,0.0184));
#3185=CARTESIAN_POINT('',(-0.00700000000000001,0.00404145188432738,0.0182333333333333));
#3186=CARTESIAN_POINT('',(-0.0035,0.00606217782649105,0.0180666666666667));
#3187=CARTESIAN_POINT('',(-2.57416289539779E-17,0.00808290376865476,0.0179));
#3188=CARTESIAN_POINT('',(0.00349999999999995,0.0060621778264911,0.0177333333333334));
#3189=CARTESIAN_POINT('',(0.00699999999999999,0.00404145188432738,0.0175666666666667));
#3190=CARTESIAN_POINT('',(0.007,1.02870331128378E-17,0.0174));
#3191=CARTESIAN_POINT('',(0.007,6.85802207522518E-18,0.0214));
#3192=CARTESIAN_POINT('',(0.007,8.57252759403147E-19,0.037175));
#3193=CARTESIAN_POINT('',(0.007,8.57252759403147E-19,0.020125));
#3194=CARTESIAN_POINT('',(0.007,8.57252759403147E-19,0.0364));
#3195=CARTESIAN_POINT('',(0.007,8.57252759403147E-19,0.0302294420777546));
#3196=CARTESIAN_POINT('',(0.007,-0.014,0.0364));
#3197=CARTESIAN_POINT('',(0.007,-0.014,0.0302294420777546));
#3198=CARTESIAN_POINT('',(-0.007,-0.014,0.0364));
#3199=CARTESIAN_POINT('',(-0.007,-0.014,0.0302294420777546));
#3200=CARTESIAN_POINT('',(-0.007,0.,0.0364));
#3201=CARTESIAN_POINT('',(-0.007,0.,0.0302294420777546));
#3202=CARTESIAN_POINT('',(0.,0.,0.0364));
#3203=CARTESIAN_POINT('',(-0.007,0.,0.037175));
#3204=CARTESIAN_POINT('',(-0.007,0.,0.020125));
#3205=CARTESIAN_POINT('',(-0.007,-2.29037708937563E-18,0.030266244610094));
#3206=CARTESIAN_POINT('',(0.00699999863707178,-4.36817963230491E-6,0.0311324480067767));
#3207=CARTESIAN_POINT('',(0.00699884472141711,-0.00185351557966891,0.0310596287659274));
#3208=CARTESIAN_POINT('',(0.00547572244629409,-0.00548498742376697,0.0309158735013403));
#3209=CARTESIAN_POINT('',(-2.64364061177304E-6,-0.00775854012962471,0.0306992367446728));
#3210=CARTESIAN_POINT('',(-0.00549098024175116,-0.00548084411355829,0.0304827905621688));
#3211=CARTESIAN_POINT('',(-0.007,-0.00182292227352662,0.0303378279034928));
#3212=CARTESIAN_POINT('',(-0.007,1.49077798716757E-19,0.030266244610094));
#3213=CARTESIAN_POINT('',(0.00699995409811044,-4.36744939477809E-6,0.0311324301691475));
#3214=CARTESIAN_POINT('',(0.007,8.57252759403147E-19,0.037175));
#3215=CARTESIAN_POINT('',(0.007,8.57252759403147E-19,0.020125));
#3216=CARTESIAN_POINT('',(0.007,8.57252759403147E-19,0.0304029589572528));
#3217=CARTESIAN_POINT('',(0.007,8.57252759403147E-19,0.0283880539227202));
#3218=CARTESIAN_POINT('',(0.007,-0.014,0.0304029589572528));
#3219=CARTESIAN_POINT('',(0.007,-0.014,0.0283880539227202));
#3220=CARTESIAN_POINT('',(-0.007,-0.014,0.0304029589572528));
#3221=CARTESIAN_POINT('',(-0.007,-0.014,0.0283880539227202));
#3222=CARTESIAN_POINT('',(-0.007,0.,0.0304029589572528));
#3223=CARTESIAN_POINT('',(-0.007,0.,0.0283880539227202));
#3224=CARTESIAN_POINT('',(-0.007,-1.21972744404619E-19,0.0292568724103095));
#3225=CARTESIAN_POINT('',(-0.007,-0.00182266528636827,0.0293511293033752));
#3226=CARTESIAN_POINT('',(-0.0054911574000397,-0.0054804815725042,0.0295401404703017));
#3227=CARTESIAN_POINT('',(-3.79119126739824E-6,-0.00775842410186117,0.0298238333256147));
#3228=CARTESIAN_POINT('',(0.00547403473652792,-0.00548580960959639,0.0301072962038323));
#3229=CARTESIAN_POINT('',(0.00699773288425021,-0.00185747287067877,0.0302955821056252));
#3230=CARTESIAN_POINT('',(0.00699999476189109,-8.56349795819159E-6,0.0303909432212949));
#3231=CARTESIAN_POINT('',(-0.007,-1.21972744404619E-19,0.0292568724103095));
#3232=CARTESIAN_POINT('',(0.00699982132242402,-8.56687855202484E-6,0.030391012879973));
#3233=CARTESIAN_POINT('',(-0.007,0.,0.037175));
#3234=CARTESIAN_POINT('',(-0.007,0.,0.020125));
#3235=CARTESIAN_POINT('',(-0.007,-8.57252759403147E-19,0.0284));
#3236=CARTESIAN_POINT('',(0.007,0.,0.0294));
#3237=CARTESIAN_POINT('',(0.007,-0.00404145188432738,0.0292333333333333));
#3238=CARTESIAN_POINT('',(0.0035,-0.00606217782649107,0.0290666666666667));
#3239=CARTESIAN_POINT('',(4.94935111404956E-19,-0.00808290376865476,0.0289));
#3240=CARTESIAN_POINT('',(-0.0035,-0.00606217782649107,0.0287333333333334));
#3241=CARTESIAN_POINT('',(-0.007,-0.00404145188432738,0.0285666666666666));
#3242=CARTESIAN_POINT('',(-0.007,-8.57252759403147E-19,0.0284));
#3243=CARTESIAN_POINT('',(-0.007,0.00404145188432738,0.0282333333333333));
#3244=CARTESIAN_POINT('',(-0.0035,0.00606217782649107,0.0280666666666667));
#3245=CARTESIAN_POINT('',(-1.48480533421487E-18,0.00808290376865476,0.0279));
#3246=CARTESIAN_POINT('',(0.0035,0.00606217782649107,0.0277333333333333));
#3247=CARTESIAN_POINT('',(0.007,0.00404145188432738,0.0275666666666667));
#3248=CARTESIAN_POINT('',(0.007,1.71450551880629E-18,0.0274));
#3249=CARTESIAN_POINT('',(0.007,-0.00404145188432738,0.0272333333333333));
#3250=CARTESIAN_POINT('',(0.0035,-0.00606217782649107,0.0270666666666667));
#3251=CARTESIAN_POINT('',(9.65373625285675E-18,-0.00808290376865476,0.0269));
#3252=CARTESIAN_POINT('',(-0.0035,-0.00606217782649108,0.0267333333333333));
#3253=CARTESIAN_POINT('',(-0.007,-0.00404145188432738,0.0265666666666667));
#3254=CARTESIAN_POINT('',(-0.007,-2.57175827820944E-18,0.0264));
#3255=CARTESIAN_POINT('',(-0.007,0.00404145188432738,0.0262333333333334));
#3256=CARTESIAN_POINT('',(-0.0035,0.00606217782649107,0.0260666666666667));
#3257=CARTESIAN_POINT('',(-3.46454577983469E-18,0.00808290376865476,0.0259));
#3258=CARTESIAN_POINT('',(0.0035,0.00606217782649108,0.0257333333333334));
#3259=CARTESIAN_POINT('',(0.007,0.00404145188432738,0.0255666666666667));
#3260=CARTESIAN_POINT('',(0.007,3.42901103761259E-18,0.0254));
#3261=CARTESIAN_POINT('',(0.007,-0.00404145188432738,0.0252333333333333));
#3262=CARTESIAN_POINT('',(0.0035,-0.00606217782649107,0.0250666666666667));
#3263=CARTESIAN_POINT('',(1.88125373943085E-17,-0.00808290376865476,0.0249));
#3264=CARTESIAN_POINT('',(-0.0035,-0.00606217782649108,0.0247333333333334));
#3265=CARTESIAN_POINT('',(-0.00699999999999999,-0.00404145188432738,0.0245666666666666));
#3266=CARTESIAN_POINT('',(-0.007,-1.67207616728175E-17,0.0244));
#3267=CARTESIAN_POINT('',(-0.00700000000000001,0.00404145188432738,0.0242333333333333));
#3268=CARTESIAN_POINT('',(-0.0035,0.00606217782649106,0.0240666666666667));
#3269=CARTESIAN_POINT('',(-1.98024076171184E-17,0.00808290376865476,0.0239));
#3270=CARTESIAN_POINT('',(0.0035,0.00606217782649108,0.0237333333333333));
#3271=CARTESIAN_POINT('',(0.00699999999999999,0.00404145188432738,0.0235666666666667));
#3272=CARTESIAN_POINT('',(0.007,5.14351655641888E-18,0.0234));
#3273=CARTESIAN_POINT('',(0.00700000000000001,-0.00404145188432738,0.0232333333333333));
#3274=CARTESIAN_POINT('',(0.0035,-0.00606217782649106,0.0230666666666667));
#3275=CARTESIAN_POINT('',(2.07922778399284E-17,-0.00808290376865476,0.0229));
#3276=CARTESIAN_POINT('',(-0.0035,-0.00606217782649108,0.0227333333333333));
#3277=CARTESIAN_POINT('',(-0.00699999999999999,-0.00404145188432738,0.0225666666666667));
#3278=CARTESIAN_POINT('',(-0.007,-6.00076931582203E-18,0.0224));
#3279=CARTESIAN_POINT('',(-0.00700000000000001,0.00404145188432738,0.0222333333333333));
#3280=CARTESIAN_POINT('',(-0.0035,0.00606217782649106,0.0220666666666667));
#3281=CARTESIAN_POINT('',(-2.17821480627383E-17,0.00808290376865476,0.0219));
#3282=CARTESIAN_POINT('',(0.0035,0.00606217782649108,0.0217333333333334));
#3283=CARTESIAN_POINT('',(0.00699999999999999,0.00404145188432738,0.0215666666666667));
#3284=CARTESIAN_POINT('',(0.007,6.85802207522518E-18,0.0214));
#3285=CARTESIAN_POINT('',(0.00700000000000001,-0.00404145188432738,0.0212333333333334));
#3286=CARTESIAN_POINT('',(0.0035,-0.00606217782649106,0.0210666666666667));
#3287=CARTESIAN_POINT('',(2.27720182855482E-17,-0.00808290376865476,0.0209));
#3288=CARTESIAN_POINT('',(-0.0035,-0.00606217782649108,0.0207333333333334));
#3289=CARTESIAN_POINT('',(-0.00699999999999999,-0.00404145188432738,0.0205666666666666));
#3290=CARTESIAN_POINT('',(-0.007,-3.25842705862318E-17,0.0204));
#3291=CARTESIAN_POINT('',(-0.00700000000000001,0.00404145188432738,0.0202333333333333));
#3292=CARTESIAN_POINT('',(-0.0035,0.00606217782649106,0.0200666666666666));
#3293=CARTESIAN_POINT('',(-2.37618885083581E-17,0.00808290376865476,0.0199));
#3294=CARTESIAN_POINT('',(0.0035,0.00606217782649108,0.0197333333333333));
#3295=CARTESIAN_POINT('',(0.00699999999999999,0.00404145188432738,0.0195666666666666));
#3296=CARTESIAN_POINT('',(0.007,3.3441523345635E-17,0.0194));
#3297=CARTESIAN_POINT('',(0.00700000000000001,-0.00404145188432738,0.0192333333333333));
#3298=CARTESIAN_POINT('',(0.0035,-0.00606217782649106,0.0190666666666666));
#3299=CARTESIAN_POINT('',(5.34680015144959E-17,-0.00808290376865476,0.0189));
#3300=CARTESIAN_POINT('',(-0.0035,-0.00606217782649108,0.0187333333333334));
#3301=CARTESIAN_POINT('',(-0.007,-0.00404145188432738,0.0185666666666667));
#3302=CARTESIAN_POINT('',(-0.007,-3.42987761050382E-17,0.0184));
#3303=CARTESIAN_POINT('',(-0.00700000000000001,0.00404145188432738,0.0182333333333333));
#3304=CARTESIAN_POINT('',(-0.0035,0.00606217782649105,0.0180666666666667));
#3305=CARTESIAN_POINT('',(-2.57416289539779E-17,0.00808290376865476,0.0179));
#3306=CARTESIAN_POINT('',(0.00349999999999995,0.0060621778264911,0.0177333333333334));
#3307=CARTESIAN_POINT('',(0.00699999999999999,0.00404145188432738,0.0175666666666667));
#3308=CARTESIAN_POINT('',(0.007,1.02870331128378E-17,0.0174));
#3309=CARTESIAN_POINT('',(0.007,0.,0.0294));
#3310=CARTESIAN_POINT('',(0.007,8.57252759403147E-19,0.037175));
#3311=CARTESIAN_POINT('',(0.007,8.57252759403147E-19,0.020125));
#3312=CARTESIAN_POINT('',(0.007,8.57252759403147E-19,0.0281330378248286));
#3313=CARTESIAN_POINT('',(0.007,8.57252759403147E-19,0.0263896637903092));
#3314=CARTESIAN_POINT('',(0.007,-0.014,0.0281330378248286));
#3315=CARTESIAN_POINT('',(0.007,-0.014,0.0263896637903092));
#3316=CARTESIAN_POINT('',(-0.007,-0.014,0.0281330378248286));
#3317=CARTESIAN_POINT('',(-0.007,-0.014,0.0263896637903092));
#3318=CARTESIAN_POINT('',(-0.007,0.,0.0281330378248286));
#3319=CARTESIAN_POINT('',(-0.007,0.,0.0263896637903092));
#3320=CARTESIAN_POINT('',(0.007,0.,0.0281227016151377));
#3321=CARTESIAN_POINT('',(0.007,-0.00404145188432738,0.0279560349484711));
#3322=CARTESIAN_POINT('',(0.0035,-0.00606217782649107,0.0277893682818044));
#3323=CARTESIAN_POINT('',(4.94935111404956E-19,-0.00808290376865476,0.0276227016151378));
#3324=CARTESIAN_POINT('',(-0.0035,-0.00606217782649107,0.0274560349484711));
#3325=CARTESIAN_POINT('',(-0.007,-0.00404145188432738,0.0272893682818044));
#3326=CARTESIAN_POINT('',(-0.007,-8.57252759403147E-19,0.0271227016151377));
#3327=CARTESIAN_POINT('',(-0.007,0.00404145188432738,0.0269560349484711));
#3328=CARTESIAN_POINT('',(-0.0035,0.00606217782649107,0.0267893682818044));
#3329=CARTESIAN_POINT('',(-1.48480533421487E-18,0.00808290376865476,0.0266227016151377));
#3330=CARTESIAN_POINT('',(0.0035,0.00606217782649107,0.0264560349484711));
#3331=CARTESIAN_POINT('',(0.007,0.00404145188432738,0.0262893682818044));
#3332=CARTESIAN_POINT('',(0.007,1.71450551880629E-18,0.0261227016151377));
#3333=CARTESIAN_POINT('',(0.007,-0.00404145188432738,0.0259560349484711));
#3334=CARTESIAN_POINT('',(0.0035,-0.00606217782649107,0.0257893682818044));
#3335=CARTESIAN_POINT('',(9.65373625285675E-18,-0.00808290376865476,0.0256227016151377));
#3336=CARTESIAN_POINT('',(-0.0035,-0.00606217782649108,0.0254560349484711));
#3337=CARTESIAN_POINT('',(-0.007,-0.00404145188432738,0.0252893682818044));
#3338=CARTESIAN_POINT('',(-0.007,-2.57175827820944E-18,0.0251227016151377));
#3339=CARTESIAN_POINT('',(-0.007,0.00404145188432738,0.0249560349484711));
#3340=CARTESIAN_POINT('',(-0.0035,0.00606217782649107,0.0247893682818044));
#3341=CARTESIAN_POINT('',(-3.46454577983469E-18,0.00808290376865476,0.0246227016151378));
#3342=CARTESIAN_POINT('',(0.0035,0.00606217782649108,0.0244560349484711));
#3343=CARTESIAN_POINT('',(0.007,0.00404145188432738,0.0242893682818044));
#3344=CARTESIAN_POINT('',(0.007,3.42901103761259E-18,0.0241227016151377));
#3345=CARTESIAN_POINT('',(0.007,-0.00404145188432738,0.0239560349484711));
#3346=CARTESIAN_POINT('',(0.0035,-0.00606217782649107,0.0237893682818044));
#3347=CARTESIAN_POINT('',(1.88125373943085E-17,-0.00808290376865476,0.0236227016151378));
#3348=CARTESIAN_POINT('',(-0.0035,-0.00606217782649108,0.0234560349484711));
#3349=CARTESIAN_POINT('',(-0.00699999999999999,-0.00404145188432738,0.0232893682818044));
#3350=CARTESIAN_POINT('',(-0.007,-1.67207616728175E-17,0.0231227016151377));
#3351=CARTESIAN_POINT('',(-0.00700000000000001,0.00404145188432738,0.0229560349484711));
#3352=CARTESIAN_POINT('',(-0.0035,0.00606217782649106,0.0227893682818044));
#3353=CARTESIAN_POINT('',(-1.98024076171184E-17,0.00808290376865476,0.0226227016151378));
#3354=CARTESIAN_POINT('',(0.0035,0.00606217782649108,0.0224560349484711));
#3355=CARTESIAN_POINT('',(0.00699999999999999,0.00404145188432738,0.0222893682818044));
#3356=CARTESIAN_POINT('',(0.007,5.14351655641888E-18,0.0221227016151377));
#3357=CARTESIAN_POINT('',(0.00700000000000001,-0.00404145188432738,0.0219560349484711));
#3358=CARTESIAN_POINT('',(0.0035,-0.00606217782649106,0.0217893682818044));
#3359=CARTESIAN_POINT('',(2.07922778399284E-17,-0.00808290376865476,0.0216227016151377));
#3360=CARTESIAN_POINT('',(-0.0035,-0.00606217782649108,0.0214560349484711));
#3361=CARTESIAN_POINT('',(-0.00699999999999999,-0.00404145188432738,0.0212893682818044));
#3362=CARTESIAN_POINT('',(-0.007,-6.00076931582203E-18,0.0211227016151378));
#3363=CARTESIAN_POINT('',(-0.00700000000000001,0.00404145188432738,0.0209560349484711));
#3364=CARTESIAN_POINT('',(-0.0035,0.00606217782649106,0.0207893682818044));
#3365=CARTESIAN_POINT('',(-2.17821480627383E-17,0.00808290376865476,0.0206227016151377));
#3366=CARTESIAN_POINT('',(0.0035,0.00606217782649108,0.0204560349484711));
#3367=CARTESIAN_POINT('',(0.00699999999999999,0.00404145188432738,0.0202893682818044));
#3368=CARTESIAN_POINT('',(0.007,6.85802207522518E-18,0.0201227016151378));
#3369=CARTESIAN_POINT('',(0.00700000000000001,-0.00404145188432738,0.0199560349484711));
#3370=CARTESIAN_POINT('',(0.0035,-0.00606217782649106,0.0197893682818044));
#3371=CARTESIAN_POINT('',(2.27720182855482E-17,-0.00808290376865476,0.0196227016151378));
#3372=CARTESIAN_POINT('',(-0.0035,-0.00606217782649108,0.0194560349484711));
#3373=CARTESIAN_POINT('',(-0.00699999999999999,-0.00404145188432738,0.0192893682818044));
#3374=CARTESIAN_POINT('',(-0.007,-3.25842705862318E-17,0.0191227016151378));
#3375=CARTESIAN_POINT('',(-0.00700000000000001,0.00404145188432738,0.0189560349484711));
#3376=CARTESIAN_POINT('',(-0.0035,0.00606217782649106,0.0187893682818044));
#3377=CARTESIAN_POINT('',(-2.37618885083581E-17,0.00808290376865476,0.0186227016151378));
#3378=CARTESIAN_POINT('',(0.0035,0.00606217782649108,0.0184560349484711));
#3379=CARTESIAN_POINT('',(0.00699999999999999,0.00404145188432738,0.0182893682818044));
#3380=CARTESIAN_POINT('',(0.007,3.3441523345635E-17,0.0181227016151378));
#3381=CARTESIAN_POINT('',(0.00700000000000001,-0.00404145188432738,0.0179560349484711));
#3382=CARTESIAN_POINT('',(0.0035,-0.00606217782649106,0.0177893682818044));
#3383=CARTESIAN_POINT('',(5.34680015144959E-17,-0.00808290376865476,0.0176227016151377));
#3384=CARTESIAN_POINT('',(-0.0035,-0.00606217782649108,0.0174560349484711));
#3385=CARTESIAN_POINT('',(-0.007,-0.00404145188432738,0.0172893682818044));
#3386=CARTESIAN_POINT('',(-0.007,-3.42987761050382E-17,0.0171227016151378));
#3387=CARTESIAN_POINT('',(-0.00700000000000001,0.00404145188432738,0.0169560349484711));
#3388=CARTESIAN_POINT('',(-0.0035,0.00606217782649105,0.0167893682818045));
#3389=CARTESIAN_POINT('',(-2.57416289539779E-17,0.00808290376865476,0.0166227016151378));
#3390=CARTESIAN_POINT('',(0.00349999999999995,0.0060621778264911,0.0164560349484711));
#3391=CARTESIAN_POINT('',(0.00699999999999999,0.00404145188432738,0.0162893682818044));
#3392=CARTESIAN_POINT('',(0.007,1.02870331128378E-17,0.0161227016151378));
#3393=CARTESIAN_POINT('',(0.007,0.,0.0281227016151377));
#3394=CARTESIAN_POINT('',(-0.007,-8.57252759403147E-19,0.0271227016151377));
#3395=CARTESIAN_POINT('',(-0.007,0.,0.037175));
#3396=CARTESIAN_POINT('',(-0.007,0.,0.020125));
#3397=CARTESIAN_POINT('',(-0.007,-2.57175827820944E-18,0.0264));
#3398=CARTESIAN_POINT('',(0.007,0.,0.0294));
#3399=CARTESIAN_POINT('',(0.007,-0.00404145188432738,0.0292333333333333));
#3400=CARTESIAN_POINT('',(0.0035,-0.00606217782649107,0.0290666666666667));
#3401=CARTESIAN_POINT('',(4.94935111404956E-19,-0.00808290376865476,0.0289));
#3402=CARTESIAN_POINT('',(-0.0035,-0.00606217782649107,0.0287333333333334));
#3403=CARTESIAN_POINT('',(-0.007,-0.00404145188432738,0.0285666666666666));
#3404=CARTESIAN_POINT('',(-0.007,-8.57252759403147E-19,0.0284));
#3405=CARTESIAN_POINT('',(-0.007,0.00404145188432738,0.0282333333333333));
#3406=CARTESIAN_POINT('',(-0.0035,0.00606217782649107,0.0280666666666667));
#3407=CARTESIAN_POINT('',(-1.48480533421487E-18,0.00808290376865476,0.0279));
#3408=CARTESIAN_POINT('',(0.0035,0.00606217782649107,0.0277333333333333));
#3409=CARTESIAN_POINT('',(0.007,0.00404145188432738,0.0275666666666667));
#3410=CARTESIAN_POINT('',(0.007,1.71450551880629E-18,0.0274));
#3411=CARTESIAN_POINT('',(0.007,-0.00404145188432738,0.0272333333333333));
#3412=CARTESIAN_POINT('',(0.0035,-0.00606217782649107,0.0270666666666667));
#3413=CARTESIAN_POINT('',(9.65373625285675E-18,-0.00808290376865476,0.0269));
#3414=CARTESIAN_POINT('',(-0.0035,-0.00606217782649108,0.0267333333333333));
#3415=CARTESIAN_POINT('',(-0.007,-0.00404145188432738,0.0265666666666667));
#3416=CARTESIAN_POINT('',(-0.007,-2.57175827820944E-18,0.0264));
#3417=CARTESIAN_POINT('',(-0.007,0.00404145188432738,0.0262333333333334));
#3418=CARTESIAN_POINT('',(-0.0035,0.00606217782649107,0.0260666666666667));
#3419=CARTESIAN_POINT('',(-3.46454577983469E-18,0.00808290376865476,0.0259));
#3420=CARTESIAN_POINT('',(0.0035,0.00606217782649108,0.0257333333333334));
#3421=CARTESIAN_POINT('',(0.007,0.00404145188432738,0.0255666666666667));
#3422=CARTESIAN_POINT('',(0.007,3.42901103761259E-18,0.0254));
#3423=CARTESIAN_POINT('',(0.007,-0.00404145188432738,0.0252333333333333));
#3424=CARTESIAN_POINT('',(0.0035,-0.00606217782649107,0.0250666666666667));
#3425=CARTESIAN_POINT('',(1.88125373943085E-17,-0.00808290376865476,0.0249));
#3426=CARTESIAN_POINT('',(-0.0035,-0.00606217782649108,0.0247333333333334));
#3427=CARTESIAN_POINT('',(-0.00699999999999999,-0.00404145188432738,0.0245666666666666));
#3428=CARTESIAN_POINT('',(-0.007,-1.67207616728175E-17,0.0244));
#3429=CARTESIAN_POINT('',(-0.00700000000000001,0.00404145188432738,0.0242333333333333));
#3430=CARTESIAN_POINT('',(-0.0035,0.00606217782649106,0.0240666666666667));
#3431=CARTESIAN_POINT('',(-1.98024076171184E-17,0.00808290376865476,0.0239));
#3432=CARTESIAN_POINT('',(0.0035,0.00606217782649108,0.0237333333333333));
#3433=CARTESIAN_POINT('',(0.00699999999999999,0.00404145188432738,0.0235666666666667));
#3434=CARTESIAN_POINT('',(0.007,5.14351655641888E-18,0.0234));
#3435=CARTESIAN_POINT('',(0.00700000000000001,-0.00404145188432738,0.0232333333333333));
#3436=CARTESIAN_POINT('',(0.0035,-0.00606217782649106,0.0230666666666667));
#3437=CARTESIAN_POINT('',(2.07922778399284E-17,-0.00808290376865476,0.0229));
#3438=CARTESIAN_POINT('',(-0.0035,-0.00606217782649108,0.0227333333333333));
#3439=CARTESIAN_POINT('',(-0.00699999999999999,-0.00404145188432738,0.0225666666666667));
#3440=CARTESIAN_POINT('',(-0.007,-6.00076931582203E-18,0.0224));
#3441=CARTESIAN_POINT('',(-0.00700000000000001,0.00404145188432738,0.0222333333333333));
#3442=CARTESIAN_POINT('',(-0.0035,0.00606217782649106,0.0220666666666667));
#3443=CARTESIAN_POINT('',(-2.17821480627383E-17,0.00808290376865476,0.0219));
#3444=CARTESIAN_POINT('',(0.0035,0.00606217782649108,0.0217333333333334));
#3445=CARTESIAN_POINT('',(0.00699999999999999,0.00404145188432738,0.0215666666666667));
#3446=CARTESIAN_POINT('',(0.007,6.85802207522518E-18,0.0214));
#3447=CARTESIAN_POINT('',(0.00700000000000001,-0.00404145188432738,0.0212333333333334));
#3448=CARTESIAN_POINT('',(0.0035,-0.00606217782649106,0.0210666666666667));
#3449=CARTESIAN_POINT('',(2.27720182855482E-17,-0.00808290376865476,0.0209));
#3450=CARTESIAN_POINT('',(-0.0035,-0.00606217782649108,0.0207333333333334));
#3451=CARTESIAN_POINT('',(-0.00699999999999999,-0.00404145188432738,0.0205666666666666));
#3452=CARTESIAN_POINT('',(-0.007,-3.25842705862318E-17,0.0204));
#3453=CARTESIAN_POINT('',(-0.00700000000000001,0.00404145188432738,0.0202333333333333));
#3454=CARTESIAN_POINT('',(-0.0035,0.00606217782649106,0.0200666666666666));
#3455=CARTESIAN_POINT('',(-2.37618885083581E-17,0.00808290376865476,0.0199));
#3456=CARTESIAN_POINT('',(0.0035,0.00606217782649108,0.0197333333333333));
#3457=CARTESIAN_POINT('',(0.00699999999999999,0.00404145188432738,0.0195666666666666));
#3458=CARTESIAN_POINT('',(0.007,3.3441523345635E-17,0.0194));
#3459=CARTESIAN_POINT('',(0.00700000000000001,-0.00404145188432738,0.0192333333333333));
#3460=CARTESIAN_POINT('',(0.0035,-0.00606217782649106,0.0190666666666666));
#3461=CARTESIAN_POINT('',(5.34680015144959E-17,-0.00808290376865476,0.0189));
#3462=CARTESIAN_POINT('',(-0.0035,-0.00606217782649108,0.0187333333333334));
#3463=CARTESIAN_POINT('',(-0.007,-0.00404145188432738,0.0185666666666667));
#3464=CARTESIAN_POINT('',(-0.007,-3.42987761050382E-17,0.0184));
#3465=CARTESIAN_POINT('',(-0.00700000000000001,0.00404145188432738,0.0182333333333333));
#3466=CARTESIAN_POINT('',(-0.0035,0.00606217782649105,0.0180666666666667));
#3467=CARTESIAN_POINT('',(-2.57416289539779E-17,0.00808290376865476,0.0179));
#3468=CARTESIAN_POINT('',(0.00349999999999995,0.0060621778264911,0.0177333333333334));
#3469=CARTESIAN_POINT('',(0.00699999999999999,0.00404145188432738,0.0175666666666667));
#3470=CARTESIAN_POINT('',(0.007,1.02870331128378E-17,0.0174));
#3471=CARTESIAN_POINT('',(0.007,1.71450551880629E-18,0.0274));
#3472=CARTESIAN_POINT('',(0.007,8.57252759403147E-19,0.037175));
#3473=CARTESIAN_POINT('',(0.007,8.57252759403147E-19,0.020125));
#3474=CARTESIAN_POINT('',(0.007,8.57252759403147E-19,0.0261330378248286));
#3475=CARTESIAN_POINT('',(0.007,8.57252759403147E-19,0.0243896637903092));
#3476=CARTESIAN_POINT('',(0.007,-0.014,0.0261330378248286));
#3477=CARTESIAN_POINT('',(0.007,-0.014,0.0243896637903092));
#3478=CARTESIAN_POINT('',(-0.007,-0.014,0.0261330378248286));
#3479=CARTESIAN_POINT('',(-0.007,-0.014,0.0243896637903092));
#3480=CARTESIAN_POINT('',(-0.007,0.,0.0261330378248286));
#3481=CARTESIAN_POINT('',(-0.007,0.,0.0243896637903092));
#3482=CARTESIAN_POINT('',(0.007,0.,0.0281227016151377));
#3483=CARTESIAN_POINT('',(0.007,-0.00404145188432738,0.0279560349484711));
#3484=CARTESIAN_POINT('',(0.0035,-0.00606217782649107,0.0277893682818044));
#3485=CARTESIAN_POINT('',(4.94935111404956E-19,-0.00808290376865476,0.0276227016151378));
#3486=CARTESIAN_POINT('',(-0.0035,-0.00606217782649107,0.0274560349484711));
#3487=CARTESIAN_POINT('',(-0.007,-0.00404145188432738,0.0272893682818044));
#3488=CARTESIAN_POINT('',(-0.007,-8.57252759403147E-19,0.0271227016151377));
#3489=CARTESIAN_POINT('',(-0.007,0.00404145188432738,0.0269560349484711));
#3490=CARTESIAN_POINT('',(-0.0035,0.00606217782649107,0.0267893682818044));
#3491=CARTESIAN_POINT('',(-1.48480533421487E-18,0.00808290376865476,0.0266227016151377));
#3492=CARTESIAN_POINT('',(0.0035,0.00606217782649107,0.0264560349484711));
#3493=CARTESIAN_POINT('',(0.007,0.00404145188432738,0.0262893682818044));
#3494=CARTESIAN_POINT('',(0.007,1.71450551880629E-18,0.0261227016151377));
#3495=CARTESIAN_POINT('',(0.007,-0.00404145188432738,0.0259560349484711));
#3496=CARTESIAN_POINT('',(0.0035,-0.00606217782649107,0.0257893682818044));
#3497=CARTESIAN_POINT('',(9.65373625285675E-18,-0.00808290376865476,0.0256227016151377));
#3498=CARTESIAN_POINT('',(-0.0035,-0.00606217782649108,0.0254560349484711));
#3499=CARTESIAN_POINT('',(-0.007,-0.00404145188432738,0.0252893682818044));
#3500=CARTESIAN_POINT('',(-0.007,-2.57175827820944E-18,0.0251227016151377));
#3501=CARTESIAN_POINT('',(-0.007,0.00404145188432738,0.0249560349484711));
#3502=CARTESIAN_POINT('',(-0.0035,0.00606217782649107,0.0247893682818044));
#3503=CARTESIAN_POINT('',(-3.46454577983469E-18,0.00808290376865476,0.0246227016151378));
#3504=CARTESIAN_POINT('',(0.0035,0.00606217782649108,0.0244560349484711));
#3505=CARTESIAN_POINT('',(0.007,0.00404145188432738,0.0242893682818044));
#3506=CARTESIAN_POINT('',(0.007,3.42901103761259E-18,0.0241227016151377));
#3507=CARTESIAN_POINT('',(0.007,-0.00404145188432738,0.0239560349484711));
#3508=CARTESIAN_POINT('',(0.0035,-0.00606217782649107,0.0237893682818044));
#3509=CARTESIAN_POINT('',(1.88125373943085E-17,-0.00808290376865476,0.0236227016151378));
#3510=CARTESIAN_POINT('',(-0.0035,-0.00606217782649108,0.0234560349484711));
#3511=CARTESIAN_POINT('',(-0.00699999999999999,-0.00404145188432738,0.0232893682818044));
#3512=CARTESIAN_POINT('',(-0.007,-1.67207616728175E-17,0.0231227016151377));
#3513=CARTESIAN_POINT('',(-0.00700000000000001,0.00404145188432738,0.0229560349484711));
#3514=CARTESIAN_POINT('',(-0.0035,0.00606217782649106,0.0227893682818044));
#3515=CARTESIAN_POINT('',(-1.98024076171184E-17,0.00808290376865476,0.0226227016151378));
#3516=CARTESIAN_POINT('',(0.0035,0.00606217782649108,0.0224560349484711));
#3517=CARTESIAN_POINT('',(0.00699999999999999,0.00404145188432738,0.0222893682818044));
#3518=CARTESIAN_POINT('',(0.007,5.14351655641888E-18,0.0221227016151377));
#3519=CARTESIAN_POINT('',(0.00700000000000001,-0.00404145188432738,0.0219560349484711));
#3520=CARTESIAN_POINT('',(0.0035,-0.00606217782649106,0.0217893682818044));
#3521=CARTESIAN_POINT('',(2.07922778399284E-17,-0.00808290376865476,0.0216227016151377));
#3522=CARTESIAN_POINT('',(-0.0035,-0.00606217782649108,0.0214560349484711));
#3523=CARTESIAN_POINT('',(-0.00699999999999999,-0.00404145188432738,0.0212893682818044));
#3524=CARTESIAN_POINT('',(-0.007,-6.00076931582203E-18,0.0211227016151378));
#3525=CARTESIAN_POINT('',(-0.00700000000000001,0.00404145188432738,0.0209560349484711));
#3526=CARTESIAN_POINT('',(-0.0035,0.00606217782649106,0.0207893682818044));
#3527=CARTESIAN_POINT('',(-2.17821480627383E-17,0.00808290376865476,0.0206227016151377));
#3528=CARTESIAN_POINT('',(0.0035,0.00606217782649108,0.0204560349484711));
#3529=CARTESIAN_POINT('',(0.00699999999999999,0.00404145188432738,0.0202893682818044));
#3530=CARTESIAN_POINT('',(0.007,6.85802207522518E-18,0.0201227016151378));
#3531=CARTESIAN_POINT('',(0.00700000000000001,-0.00404145188432738,0.0199560349484711));
#3532=CARTESIAN_POINT('',(0.0035,-0.00606217782649106,0.0197893682818044));
#3533=CARTESIAN_POINT('',(2.27720182855482E-17,-0.00808290376865476,0.0196227016151378));
#3534=CARTESIAN_POINT('',(-0.0035,-0.00606217782649108,0.0194560349484711));
#3535=CARTESIAN_POINT('',(-0.00699999999999999,-0.00404145188432738,0.0192893682818044));
#3536=CARTESIAN_POINT('',(-0.007,-3.25842705862318E-17,0.0191227016151378));
#3537=CARTESIAN_POINT('',(-0.00700000000000001,0.00404145188432738,0.0189560349484711));
#3538=CARTESIAN_POINT('',(-0.0035,0.00606217782649106,0.0187893682818044));
#3539=CARTESIAN_POINT('',(-2.37618885083581E-17,0.00808290376865476,0.0186227016151378));
#3540=CARTESIAN_POINT('',(0.0035,0.00606217782649108,0.0184560349484711));
#3541=CARTESIAN_POINT('',(0.00699999999999999,0.00404145188432738,0.0182893682818044));
#3542=CARTESIAN_POINT('',(0.007,3.3441523345635E-17,0.0181227016151378));
#3543=CARTESIAN_POINT('',(0.00700000000000001,-0.00404145188432738,0.0179560349484711));
#3544=CARTESIAN_POINT('',(0.0035,-0.00606217782649106,0.0177893682818044));
#3545=CARTESIAN_POINT('',(5.34680015144959E-17,-0.00808290376865476,0.0176227016151377));
#3546=CARTESIAN_POINT('',(-0.0035,-0.00606217782649108,0.0174560349484711));
#3547=CARTESIAN_POINT('',(-0.007,-0.00404145188432738,0.0172893682818044));
#3548=CARTESIAN_POINT('',(-0.007,-3.42987761050382E-17,0.0171227016151378));
#3549=CARTESIAN_POINT('',(-0.00700000000000001,0.00404145188432738,0.0169560349484711));
#3550=CARTESIAN_POINT('',(-0.0035,0.00606217782649105,0.0167893682818045));
#3551=CARTESIAN_POINT('',(-2.57416289539779E-17,0.00808290376865476,0.0166227016151378));
#3552=CARTESIAN_POINT('',(0.00349999999999995,0.0060621778264911,0.0164560349484711));
#3553=CARTESIAN_POINT('',(0.00699999999999999,0.00404145188432738,0.0162893682818044));
#3554=CARTESIAN_POINT('',(0.007,1.02870331128378E-17,0.0161227016151378));
#3555=CARTESIAN_POINT('',(0.007,1.71450551880629E-18,0.0261227016151377));
#3556=CARTESIAN_POINT('',(-0.007,-2.57175827820944E-18,0.0251227016151377));
#3557=CARTESIAN_POINT('',(-0.007,0.,0.037175));
#3558=CARTESIAN_POINT('',(-0.007,0.,0.020125));
#3559=CARTESIAN_POINT('',(-0.007,-1.67207616728175E-17,0.0244));
#3560=CARTESIAN_POINT('',(0.007,0.,0.0294));
#3561=CARTESIAN_POINT('',(0.007,-0.00404145188432738,0.0292333333333333));
#3562=CARTESIAN_POINT('',(0.0035,-0.00606217782649107,0.0290666666666667));
#3563=CARTESIAN_POINT('',(4.94935111404956E-19,-0.00808290376865476,0.0289));
#3564=CARTESIAN_POINT('',(-0.0035,-0.00606217782649107,0.0287333333333334));
#3565=CARTESIAN_POINT('',(-0.007,-0.00404145188432738,0.0285666666666666));
#3566=CARTESIAN_POINT('',(-0.007,-8.57252759403147E-19,0.0284));
#3567=CARTESIAN_POINT('',(-0.007,0.00404145188432738,0.0282333333333333));
#3568=CARTESIAN_POINT('',(-0.0035,0.00606217782649107,0.0280666666666667));
#3569=CARTESIAN_POINT('',(-1.48480533421487E-18,0.00808290376865476,0.0279));
#3570=CARTESIAN_POINT('',(0.0035,0.00606217782649107,0.0277333333333333));
#3571=CARTESIAN_POINT('',(0.007,0.00404145188432738,0.0275666666666667));
#3572=CARTESIAN_POINT('',(0.007,1.71450551880629E-18,0.0274));
#3573=CARTESIAN_POINT('',(0.007,-0.00404145188432738,0.0272333333333333));
#3574=CARTESIAN_POINT('',(0.0035,-0.00606217782649107,0.0270666666666667));
#3575=CARTESIAN_POINT('',(9.65373625285675E-18,-0.00808290376865476,0.0269));
#3576=CARTESIAN_POINT('',(-0.0035,-0.00606217782649108,0.0267333333333333));
#3577=CARTESIAN_POINT('',(-0.007,-0.00404145188432738,0.0265666666666667));
#3578=CARTESIAN_POINT('',(-0.007,-2.57175827820944E-18,0.0264));
#3579=CARTESIAN_POINT('',(-0.007,0.00404145188432738,0.0262333333333334));
#3580=CARTESIAN_POINT('',(-0.0035,0.00606217782649107,0.0260666666666667));
#3581=CARTESIAN_POINT('',(-3.46454577983469E-18,0.00808290376865476,0.0259));
#3582=CARTESIAN_POINT('',(0.0035,0.00606217782649108,0.0257333333333334));
#3583=CARTESIAN_POINT('',(0.007,0.00404145188432738,0.0255666666666667));
#3584=CARTESIAN_POINT('',(0.007,3.42901103761259E-18,0.0254));
#3585=CARTESIAN_POINT('',(0.007,-0.00404145188432738,0.0252333333333333));
#3586=CARTESIAN_POINT('',(0.0035,-0.00606217782649107,0.0250666666666667));
#3587=CARTESIAN_POINT('',(1.88125373943085E-17,-0.00808290376865476,0.0249));
#3588=CARTESIAN_POINT('',(-0.0035,-0.00606217782649108,0.0247333333333334));
#3589=CARTESIAN_POINT('',(-0.00699999999999999,-0.00404145188432738,0.0245666666666666));
#3590=CARTESIAN_POINT('',(-0.007,-1.67207616728175E-17,0.0244));
#3591=CARTESIAN_POINT('',(-0.00700000000000001,0.00404145188432738,0.0242333333333333));
#3592=CARTESIAN_POINT('',(-0.0035,0.00606217782649106,0.0240666666666667));
#3593=CARTESIAN_POINT('',(-1.98024076171184E-17,0.00808290376865476,0.0239));
#3594=CARTESIAN_POINT('',(0.0035,0.00606217782649108,0.0237333333333333));
#3595=CARTESIAN_POINT('',(0.00699999999999999,0.00404145188432738,0.0235666666666667));
#3596=CARTESIAN_POINT('',(0.007,5.14351655641888E-18,0.0234));
#3597=CARTESIAN_POINT('',(0.00700000000000001,-0.00404145188432738,0.0232333333333333));
#3598=CARTESIAN_POINT('',(0.0035,-0.00606217782649106,0.0230666666666667));
#3599=CARTESIAN_POINT('',(2.07922778399284E-17,-0.00808290376865476,0.0229));
#3600=CARTESIAN_POINT('',(-0.0035,-0.00606217782649108,0.0227333333333333));
#3601=CARTESIAN_POINT('',(-0.00699999999999999,-0.00404145188432738,0.0225666666666667));
#3602=CARTESIAN_POINT('',(-0.007,-6.00076931582203E-18,0.0224));
#3603=CARTESIAN_POINT('',(-0.00700000000000001,0.00404145188432738,0.0222333333333333));
#3604=CARTESIAN_POINT('',(-0.0035,0.00606217782649106,0.0220666666666667));
#3605=CARTESIAN_POINT('',(-2.17821480627383E-17,0.00808290376865476,0.0219));
#3606=CARTESIAN_POINT('',(0.0035,0.00606217782649108,0.0217333333333334));
#3607=CARTESIAN_POINT('',(0.00699999999999999,0.00404145188432738,0.0215666666666667));
#3608=CARTESIAN_POINT('',(0.007,6.85802207522518E-18,0.0214));
#3609=CARTESIAN_POINT('',(0.00700000000000001,-0.00404145188432738,0.0212333333333334));
#3610=CARTESIAN_POINT('',(0.0035,-0.00606217782649106,0.0210666666666667));
#3611=CARTESIAN_POINT('',(2.27720182855482E-17,-0.00808290376865476,0.0209));
#3612=CARTESIAN_POINT('',(-0.0035,-0.00606217782649108,0.0207333333333334));
#3613=CARTESIAN_POINT('',(-0.00699999999999999,-0.00404145188432738,0.0205666666666666));
#3614=CARTESIAN_POINT('',(-0.007,-3.25842705862318E-17,0.0204));
#3615=CARTESIAN_POINT('',(-0.00700000000000001,0.00404145188432738,0.0202333333333333));
#3616=CARTESIAN_POINT('',(-0.0035,0.00606217782649106,0.0200666666666666));
#3617=CARTESIAN_POINT('',(-2.37618885083581E-17,0.00808290376865476,0.0199));
#3618=CARTESIAN_POINT('',(0.0035,0.00606217782649108,0.0197333333333333));
#3619=CARTESIAN_POINT('',(0.00699999999999999,0.00404145188432738,0.0195666666666666));
#3620=CARTESIAN_POINT('',(0.007,3.3441523345635E-17,0.0194));
#3621=CARTESIAN_POINT('',(0.00700000000000001,-0.00404145188432738,0.0192333333333333));
#3622=CARTESIAN_POINT('',(0.0035,-0.00606217782649106,0.0190666666666666));
#3623=CARTESIAN_POINT('',(5.34680015144959E-17,-0.00808290376865476,0.0189));
#3624=CARTESIAN_POINT('',(-0.0035,-0.00606217782649108,0.0187333333333334));
#3625=CARTESIAN_POINT('',(-0.007,-0.00404145188432738,0.0185666666666667));
#3626=CARTESIAN_POINT('',(-0.007,-3.42987761050382E-17,0.0184));
#3627=CARTESIAN_POINT('',(-0.00700000000000001,0.00404145188432738,0.0182333333333333));
#3628=CARTESIAN_POINT('',(-0.0035,0.00606217782649105,0.0180666666666667));
#3629=CARTESIAN_POINT('',(-2.57416289539779E-17,0.00808290376865476,0.0179));
#3630=CARTESIAN_POINT('',(0.00349999999999995,0.0060621778264911,0.0177333333333334));
#3631=CARTESIAN_POINT('',(0.00699999999999999,0.00404145188432738,0.0175666666666667));
#3632=CARTESIAN_POINT('',(0.007,1.02870331128378E-17,0.0174));
#3633=CARTESIAN_POINT('',(0.007,3.42901103761259E-18,0.0254));
#3634=CARTESIAN_POINT('',(0.007,8.57252759403147E-19,0.037175));
#3635=CARTESIAN_POINT('',(0.007,8.57252759403147E-19,0.020125));
#3636=CARTESIAN_POINT('',(0.007,8.57252759403147E-19,0.0241330378248286));
#3637=CARTESIAN_POINT('',(0.007,8.57252759403147E-19,0.0223896637903092));
#3638=CARTESIAN_POINT('',(0.007,-0.014,0.0241330378248286));
#3639=CARTESIAN_POINT('',(0.007,-0.014,0.0223896637903092));
#3640=CARTESIAN_POINT('',(-0.007,-0.014,0.0241330378248286));
#3641=CARTESIAN_POINT('',(-0.007,-0.014,0.0223896637903092));
#3642=CARTESIAN_POINT('',(-0.007,0.,0.0241330378248286));
#3643=CARTESIAN_POINT('',(-0.007,0.,0.0223896637903092));
#3644=CARTESIAN_POINT('',(0.007,0.,0.0281227016151377));
#3645=CARTESIAN_POINT('',(0.007,-0.00404145188432738,0.0279560349484711));
#3646=CARTESIAN_POINT('',(0.0035,-0.00606217782649107,0.0277893682818044));
#3647=CARTESIAN_POINT('',(4.94935111404956E-19,-0.00808290376865476,0.0276227016151378));
#3648=CARTESIAN_POINT('',(-0.0035,-0.00606217782649107,0.0274560349484711));
#3649=CARTESIAN_POINT('',(-0.007,-0.00404145188432738,0.0272893682818044));
#3650=CARTESIAN_POINT('',(-0.007,-8.57252759403147E-19,0.0271227016151377));
#3651=CARTESIAN_POINT('',(-0.007,0.00404145188432738,0.0269560349484711));
#3652=CARTESIAN_POINT('',(-0.0035,0.00606217782649107,0.0267893682818044));
#3653=CARTESIAN_POINT('',(-1.48480533421487E-18,0.00808290376865476,0.0266227016151377));
#3654=CARTESIAN_POINT('',(0.0035,0.00606217782649107,0.0264560349484711));
#3655=CARTESIAN_POINT('',(0.007,0.00404145188432738,0.0262893682818044));
#3656=CARTESIAN_POINT('',(0.007,1.71450551880629E-18,0.0261227016151377));
#3657=CARTESIAN_POINT('',(0.007,-0.00404145188432738,0.0259560349484711));
#3658=CARTESIAN_POINT('',(0.0035,-0.00606217782649107,0.0257893682818044));
#3659=CARTESIAN_POINT('',(9.65373625285675E-18,-0.00808290376865476,0.0256227016151377));
#3660=CARTESIAN_POINT('',(-0.0035,-0.00606217782649108,0.0254560349484711));
#3661=CARTESIAN_POINT('',(-0.007,-0.00404145188432738,0.0252893682818044));
#3662=CARTESIAN_POINT('',(-0.007,-2.57175827820944E-18,0.0251227016151377));
#3663=CARTESIAN_POINT('',(-0.007,0.00404145188432738,0.0249560349484711));
#3664=CARTESIAN_POINT('',(-0.0035,0.00606217782649107,0.0247893682818044));
#3665=CARTESIAN_POINT('',(-3.46454577983469E-18,0.00808290376865476,0.0246227016151378));
#3666=CARTESIAN_POINT('',(0.0035,0.00606217782649108,0.0244560349484711));
#3667=CARTESIAN_POINT('',(0.007,0.00404145188432738,0.0242893682818044));
#3668=CARTESIAN_POINT('',(0.007,3.42901103761259E-18,0.0241227016151377));
#3669=CARTESIAN_POINT('',(0.007,-0.00404145188432738,0.0239560349484711));
#3670=CARTESIAN_POINT('',(0.0035,-0.00606217782649107,0.0237893682818044));
#3671=CARTESIAN_POINT('',(1.88125373943085E-17,-0.00808290376865476,0.0236227016151378));
#3672=CARTESIAN_POINT('',(-0.0035,-0.00606217782649108,0.0234560349484711));
#3673=CARTESIAN_POINT('',(-0.00699999999999999,-0.00404145188432738,0.0232893682818044));
#3674=CARTESIAN_POINT('',(-0.007,-1.67207616728175E-17,0.0231227016151377));
#3675=CARTESIAN_POINT('',(-0.00700000000000001,0.00404145188432738,0.0229560349484711));
#3676=CARTESIAN_POINT('',(-0.0035,0.00606217782649106,0.0227893682818044));
#3677=CARTESIAN_POINT('',(-1.98024076171184E-17,0.00808290376865476,0.0226227016151378));
#3678=CARTESIAN_POINT('',(0.0035,0.00606217782649108,0.0224560349484711));
#3679=CARTESIAN_POINT('',(0.00699999999999999,0.00404145188432738,0.0222893682818044));
#3680=CARTESIAN_POINT('',(0.007,5.14351655641888E-18,0.0221227016151377));
#3681=CARTESIAN_POINT('',(0.00700000000000001,-0.00404145188432738,0.0219560349484711));
#3682=CARTESIAN_POINT('',(0.0035,-0.00606217782649106,0.0217893682818044));
#3683=CARTESIAN_POINT('',(2.07922778399284E-17,-0.00808290376865476,0.0216227016151377));
#3684=CARTESIAN_POINT('',(-0.0035,-0.00606217782649108,0.0214560349484711));
#3685=CARTESIAN_POINT('',(-0.00699999999999999,-0.00404145188432738,0.0212893682818044));
#3686=CARTESIAN_POINT('',(-0.007,-6.00076931582203E-18,0.0211227016151378));
#3687=CARTESIAN_POINT('',(-0.00700000000000001,0.00404145188432738,0.0209560349484711));
#3688=CARTESIAN_POINT('',(-0.0035,0.00606217782649106,0.0207893682818044));
#3689=CARTESIAN_POINT('',(-2.17821480627383E-17,0.00808290376865476,0.0206227016151377));
#3690=CARTESIAN_POINT('',(0.0035,0.00606217782649108,0.0204560349484711));
#3691=CARTESIAN_POINT('',(0.00699999999999999,0.00404145188432738,0.0202893682818044));
#3692=CARTESIAN_POINT('',(0.007,6.85802207522518E-18,0.0201227016151378));
#3693=CARTESIAN_POINT('',(0.00700000000000001,-0.00404145188432738,0.0199560349484711));
#3694=CARTESIAN_POINT('',(0.0035,-0.00606217782649106,0.0197893682818044));
#3695=CARTESIAN_POINT('',(2.27720182855482E-17,-0.00808290376865476,0.0196227016151378));
#3696=CARTESIAN_POINT('',(-0.0035,-0.00606217782649108,0.0194560349484711));
#3697=CARTESIAN_POINT('',(-0.00699999999999999,-0.00404145188432738,0.0192893682818044));
#3698=CARTESIAN_POINT('',(-0.007,-3.25842705862318E-17,0.0191227016151378));
#3699=CARTESIAN_POINT('',(-0.00700000000000001,0.00404145188432738,0.0189560349484711));
#3700=CARTESIAN_POINT('',(-0.0035,0.00606217782649106,0.0187893682818044));
#3701=CARTESIAN_POINT('',(-2.37618885083581E-17,0.00808290376865476,0.0186227016151378));
#3702=CARTESIAN_POINT('',(0.0035,0.00606217782649108,0.0184560349484711));
#3703=CARTESIAN_POINT('',(0.00699999999999999,0.00404145188432738,0.0182893682818044));
#3704=CARTESIAN_POINT('',(0.007,3.3441523345635E-17,0.0181227016151378));
#3705=CARTESIAN_POINT('',(0.00700000000000001,-0.00404145188432738,0.0179560349484711));
#3706=CARTESIAN_POINT('',(0.0035,-0.00606217782649106,0.0177893682818044));
#3707=CARTESIAN_POINT('',(5.34680015144959E-17,-0.00808290376865476,0.0176227016151377));
#3708=CARTESIAN_POINT('',(-0.0035,-0.00606217782649108,0.0174560349484711));
#3709=CARTESIAN_POINT('',(-0.007,-0.00404145188432738,0.0172893682818044));
#3710=CARTESIAN_POINT('',(-0.007,-3.42987761050382E-17,0.0171227016151378));
#3711=CARTESIAN_POINT('',(-0.00700000000000001,0.00404145188432738,0.0169560349484711));
#3712=CARTESIAN_POINT('',(-0.0035,0.00606217782649105,0.0167893682818045));
#3713=CARTESIAN_POINT('',(-2.57416289539779E-17,0.00808290376865476,0.0166227016151378));
#3714=CARTESIAN_POINT('',(0.00349999999999995,0.0060621778264911,0.0164560349484711));
#3715=CARTESIAN_POINT('',(0.00699999999999999,0.00404145188432738,0.0162893682818044));
#3716=CARTESIAN_POINT('',(0.007,1.02870331128378E-17,0.0161227016151378));
#3717=CARTESIAN_POINT('',(0.007,3.42901103761259E-18,0.0241227016151377));
#3718=CARTESIAN_POINT('',(-0.007,-1.67207616728175E-17,0.0231227016151377));
#3719=CARTESIAN_POINT('',(-0.007,0.,0.037175));
#3720=CARTESIAN_POINT('',(-0.007,0.,0.020125));
#3721=CARTESIAN_POINT('',(-0.007,-6.00076931582203E-18,0.0224));
#3722=CARTESIAN_POINT('',(0.007,0.,0.0294));
#3723=CARTESIAN_POINT('',(0.007,-0.00404145188432738,0.0292333333333333));
#3724=CARTESIAN_POINT('',(0.0035,-0.00606217782649107,0.0290666666666667));
#3725=CARTESIAN_POINT('',(4.94935111404956E-19,-0.00808290376865476,0.0289));
#3726=CARTESIAN_POINT('',(-0.0035,-0.00606217782649107,0.0287333333333334));
#3727=CARTESIAN_POINT('',(-0.007,-0.00404145188432738,0.0285666666666666));
#3728=CARTESIAN_POINT('',(-0.007,-8.57252759403147E-19,0.0284));
#3729=CARTESIAN_POINT('',(-0.007,0.00404145188432738,0.0282333333333333));
#3730=CARTESIAN_POINT('',(-0.0035,0.00606217782649107,0.0280666666666667));
#3731=CARTESIAN_POINT('',(-1.48480533421487E-18,0.00808290376865476,0.0279));
#3732=CARTESIAN_POINT('',(0.0035,0.00606217782649107,0.0277333333333333));
#3733=CARTESIAN_POINT('',(0.007,0.00404145188432738,0.0275666666666667));
#3734=CARTESIAN_POINT('',(0.007,1.71450551880629E-18,0.0274));
#3735=CARTESIAN_POINT('',(0.007,-0.00404145188432738,0.0272333333333333));
#3736=CARTESIAN_POINT('',(0.0035,-0.00606217782649107,0.0270666666666667));
#3737=CARTESIAN_POINT('',(9.65373625285675E-18,-0.00808290376865476,0.0269));
#3738=CARTESIAN_POINT('',(-0.0035,-0.00606217782649108,0.0267333333333333));
#3739=CARTESIAN_POINT('',(-0.007,-0.00404145188432738,0.0265666666666667));
#3740=CARTESIAN_POINT('',(-0.007,-2.57175827820944E-18,0.0264));
#3741=CARTESIAN_POINT('',(-0.007,0.00404145188432738,0.0262333333333334));
#3742=CARTESIAN_POINT('',(-0.0035,0.00606217782649107,0.0260666666666667));
#3743=CARTESIAN_POINT('',(-3.46454577983469E-18,0.00808290376865476,0.0259));
#3744=CARTESIAN_POINT('',(0.0035,0.00606217782649108,0.0257333333333334));
#3745=CARTESIAN_POINT('',(0.007,0.00404145188432738,0.0255666666666667));
#3746=CARTESIAN_POINT('',(0.007,3.42901103761259E-18,0.0254));
#3747=CARTESIAN_POINT('',(0.007,-0.00404145188432738,0.0252333333333333));
#3748=CARTESIAN_POINT('',(0.0035,-0.00606217782649107,0.0250666666666667));
#3749=CARTESIAN_POINT('',(1.88125373943085E-17,-0.00808290376865476,0.0249));
#3750=CARTESIAN_POINT('',(-0.0035,-0.00606217782649108,0.0247333333333334));
#3751=CARTESIAN_POINT('',(-0.00699999999999999,-0.00404145188432738,0.0245666666666666));
#3752=CARTESIAN_POINT('',(-0.007,-1.67207616728175E-17,0.0244));
#3753=CARTESIAN_POINT('',(-0.00700000000000001,0.00404145188432738,0.0242333333333333));
#3754=CARTESIAN_POINT('',(-0.0035,0.00606217782649106,0.0240666666666667));
#3755=CARTESIAN_POINT('',(-1.98024076171184E-17,0.00808290376865476,0.0239));
#3756=CARTESIAN_POINT('',(0.0035,0.00606217782649108,0.0237333333333333));
#3757=CARTESIAN_POINT('',(0.00699999999999999,0.00404145188432738,0.0235666666666667));
#3758=CARTESIAN_POINT('',(0.007,5.14351655641888E-18,0.0234));
#3759=CARTESIAN_POINT('',(0.00700000000000001,-0.00404145188432738,0.0232333333333333));
#3760=CARTESIAN_POINT('',(0.0035,-0.00606217782649106,0.0230666666666667));
#3761=CARTESIAN_POINT('',(2.07922778399284E-17,-0.00808290376865476,0.0229));
#3762=CARTESIAN_POINT('',(-0.0035,-0.00606217782649108,0.0227333333333333));
#3763=CARTESIAN_POINT('',(-0.00699999999999999,-0.00404145188432738,0.0225666666666667));
#3764=CARTESIAN_POINT('',(-0.007,-6.00076931582203E-18,0.0224));
#3765=CARTESIAN_POINT('',(-0.00700000000000001,0.00404145188432738,0.0222333333333333));
#3766=CARTESIAN_POINT('',(-0.0035,0.00606217782649106,0.0220666666666667));
#3767=CARTESIAN_POINT('',(-2.17821480627383E-17,0.00808290376865476,0.0219));
#3768=CARTESIAN_POINT('',(0.0035,0.00606217782649108,0.0217333333333334));
#3769=CARTESIAN_POINT('',(0.00699999999999999,0.00404145188432738,0.0215666666666667));
#3770=CARTESIAN_POINT('',(0.007,6.85802207522518E-18,0.0214));
#3771=CARTESIAN_POINT('',(0.00700000000000001,-0.00404145188432738,0.0212333333333334));
#3772=CARTESIAN_POINT('',(0.0035,-0.00606217782649106,0.0210666666666667));
#3773=CARTESIAN_POINT('',(2.27720182855482E-17,-0.00808290376865476,0.0209));
#3774=CARTESIAN_POINT('',(-0.0035,-0.00606217782649108,0.0207333333333334));
#3775=CARTESIAN_POINT('',(-0.00699999999999999,-0.00404145188432738,0.0205666666666666));
#3776=CARTESIAN_POINT('',(-0.007,-3.25842705862318E-17,0.0204));
#3777=CARTESIAN_POINT('',(-0.00700000000000001,0.00404145188432738,0.0202333333333333));
#3778=CARTESIAN_POINT('',(-0.0035,0.00606217782649106,0.0200666666666666));
#3779=CARTESIAN_POINT('',(-2.37618885083581E-17,0.00808290376865476,0.0199));
#3780=CARTESIAN_POINT('',(0.0035,0.00606217782649108,0.0197333333333333));
#3781=CARTESIAN_POINT('',(0.00699999999999999,0.00404145188432738,0.0195666666666666));
#3782=CARTESIAN_POINT('',(0.007,3.3441523345635E-17,0.0194));
#3783=CARTESIAN_POINT('',(0.00700000000000001,-0.00404145188432738,0.0192333333333333));
#3784=CARTESIAN_POINT('',(0.0035,-0.00606217782649106,0.0190666666666666));
#3785=CARTESIAN_POINT('',(5.34680015144959E-17,-0.00808290376865476,0.0189));
#3786=CARTESIAN_POINT('',(-0.0035,-0.00606217782649108,0.0187333333333334));
#3787=CARTESIAN_POINT('',(-0.007,-0.00404145188432738,0.0185666666666667));
#3788=CARTESIAN_POINT('',(-0.007,-3.42987761050382E-17,0.0184));
#3789=CARTESIAN_POINT('',(-0.00700000000000001,0.00404145188432738,0.0182333333333333));
#3790=CARTESIAN_POINT('',(-0.0035,0.00606217782649105,0.0180666666666667));
#3791=CARTESIAN_POINT('',(-2.57416289539779E-17,0.00808290376865476,0.0179));
#3792=CARTESIAN_POINT('',(0.00349999999999995,0.0060621778264911,0.0177333333333334));
#3793=CARTESIAN_POINT('',(0.00699999999999999,0.00404145188432738,0.0175666666666667));
#3794=CARTESIAN_POINT('',(0.007,1.02870331128378E-17,0.0174));
#3795=CARTESIAN_POINT('',(0.007,5.14351655641888E-18,0.0234));
#3796=CARTESIAN_POINT('',(0.007,8.57252759403147E-19,0.037175));
#3797=CARTESIAN_POINT('',(0.007,8.57252759403147E-19,0.020125));
#3798=CARTESIAN_POINT('',(-0.007,0.,0.0364));
#3799=CARTESIAN_POINT('',(-0.007,0.,0.029358));
#3800=CARTESIAN_POINT('',(-0.007,0.014,0.0364));
#3801=CARTESIAN_POINT('',(-0.007,0.014,0.029358));
#3802=CARTESIAN_POINT('',(0.007,0.014,0.0364));
#3803=CARTESIAN_POINT('',(0.007,0.014,0.029358));
#3804=CARTESIAN_POINT('',(0.007,8.57252759403147E-19,0.0364));
#3805=CARTESIAN_POINT('',(0.007,8.57252759403147E-19,0.029358));
#3806=CARTESIAN_POINT('',(0.007,-3.10079438816441E-5,0.0364));
#3807=CARTESIAN_POINT('',(0.007,-3.10079438816441E-5,0.029358));
#3808=CARTESIAN_POINT('',(0.00699979396789632,-6.20839566900487E-5,0.0364));
#3809=CARTESIAN_POINT('',(0.00699979396789632,-6.20839566900487E-5,0.029358));
#3810=CARTESIAN_POINT('',(0.00699937917802059,-9.3226188873047E-5,0.0364));
#3811=CARTESIAN_POINT('',(0.00699937917802059,-9.3226188873047E-5,0.029358));
#3812=CARTESIAN_POINT('',(0.00699977872283754,-6.46724906327236E-6,0.0307617301805709));
#3813=CARTESIAN_POINT('',(-0.007,1.49077798716757E-19,0.030266244610094));
#3814=CARTESIAN_POINT('',(-0.007,0.00182341583565341,0.0301946419352861));
#3815=CARTESIAN_POINT('',(-0.00548987928732174,0.00548267139225719,0.0300496362625113));
#3816=CARTESIAN_POINT('',(1.14384309682358E-6,0.00775905480240449,0.0298331728703946));
#3817=CARTESIAN_POINT('',(0.0054795442262078,0.00548110900319608,0.0296165993021549));
#3818=CARTESIAN_POINT('',(0.007,0.00184964840331506,0.0294728403288146));
#3819=CARTESIAN_POINT('',(0.007,8.57252759403147E-19,0.0294));
#3820=CARTESIAN_POINT('',(-0.007,0.,0.0292680136447714));
#3821=CARTESIAN_POINT('',(-0.007,0.,0.0273888587655381));
#3822=CARTESIAN_POINT('',(-0.007,0.014,0.0292680136447714));
#3823=CARTESIAN_POINT('',(-0.007,0.014,0.0273888587655381));
#3824=CARTESIAN_POINT('',(0.007,0.014,0.0292680136447714));
#3825=CARTESIAN_POINT('',(0.007,0.014,0.0273888587655381));
#3826=CARTESIAN_POINT('',(0.007,8.57252759403147E-19,0.0292680136447714));
#3827=CARTESIAN_POINT('',(0.007,8.57252759403147E-19,0.0273888587655381));
#3828=CARTESIAN_POINT('',(0.007,4.28626379701574E-19,0.0281227016151377));
#3829=CARTESIAN_POINT('',(0.007,0.0018495072282408,0.0282180837232672));
#3830=CARTESIAN_POINT('',(0.00547847705678997,0.00548269728913469,0.0284062428538395));
#3831=CARTESIAN_POINT('',(-2.63830089428839E-7,0.00775884288974446,0.0286898071161152));
#3832=CARTESIAN_POINT('',(-0.00549034879265219,0.00548192916249717,0.0289735363244674));
#3833=CARTESIAN_POINT('',(-0.007,0.00182325276053126,0.0291625851367402));
#3834=CARTESIAN_POINT('',(-0.007,-1.21972744404619E-19,0.0292568724103095));
#3835=CARTESIAN_POINT('',(0.007,0.,0.0294));
#3836=CARTESIAN_POINT('',(0.007,-0.00404145188432738,0.0292333333333333));
#3837=CARTESIAN_POINT('',(0.0035,-0.00606217782649107,0.0290666666666667));
#3838=CARTESIAN_POINT('',(4.94935111404956E-19,-0.00808290376865476,0.0289));
#3839=CARTESIAN_POINT('',(-0.0035,-0.00606217782649107,0.0287333333333334));
#3840=CARTESIAN_POINT('',(-0.007,-0.00404145188432738,0.0285666666666666));
#3841=CARTESIAN_POINT('',(-0.007,-8.57252759403147E-19,0.0284));
#3842=CARTESIAN_POINT('',(-0.007,0.00404145188432738,0.0282333333333333));
#3843=CARTESIAN_POINT('',(-0.0035,0.00606217782649107,0.0280666666666667));
#3844=CARTESIAN_POINT('',(-1.48480533421487E-18,0.00808290376865476,0.0279));
#3845=CARTESIAN_POINT('',(0.0035,0.00606217782649107,0.0277333333333333));
#3846=CARTESIAN_POINT('',(0.007,0.00404145188432738,0.0275666666666667));
#3847=CARTESIAN_POINT('',(0.007,1.71450551880629E-18,0.0274));
#3848=CARTESIAN_POINT('',(0.007,-0.00404145188432738,0.0272333333333333));
#3849=CARTESIAN_POINT('',(0.0035,-0.00606217782649107,0.0270666666666667));
#3850=CARTESIAN_POINT('',(9.65373625285675E-18,-0.00808290376865476,0.0269));
#3851=CARTESIAN_POINT('',(-0.0035,-0.00606217782649108,0.0267333333333333));
#3852=CARTESIAN_POINT('',(-0.007,-0.00404145188432738,0.0265666666666667));
#3853=CARTESIAN_POINT('',(-0.007,-2.57175827820944E-18,0.0264));
#3854=CARTESIAN_POINT('',(-0.007,0.00404145188432738,0.0262333333333334));
#3855=CARTESIAN_POINT('',(-0.0035,0.00606217782649107,0.0260666666666667));
#3856=CARTESIAN_POINT('',(-3.46454577983469E-18,0.00808290376865476,0.0259));
#3857=CARTESIAN_POINT('',(0.0035,0.00606217782649108,0.0257333333333334));
#3858=CARTESIAN_POINT('',(0.007,0.00404145188432738,0.0255666666666667));
#3859=CARTESIAN_POINT('',(0.007,3.42901103761259E-18,0.0254));
#3860=CARTESIAN_POINT('',(0.007,-0.00404145188432738,0.0252333333333333));
#3861=CARTESIAN_POINT('',(0.0035,-0.00606217782649107,0.0250666666666667));
#3862=CARTESIAN_POINT('',(1.88125373943085E-17,-0.00808290376865476,0.0249));
#3863=CARTESIAN_POINT('',(-0.0035,-0.00606217782649108,0.0247333333333334));
#3864=CARTESIAN_POINT('',(-0.00699999999999999,-0.00404145188432738,0.0245666666666666));
#3865=CARTESIAN_POINT('',(-0.007,-1.67207616728175E-17,0.0244));
#3866=CARTESIAN_POINT('',(-0.00700000000000001,0.00404145188432738,0.0242333333333333));
#3867=CARTESIAN_POINT('',(-0.0035,0.00606217782649106,0.0240666666666667));
#3868=CARTESIAN_POINT('',(-1.98024076171184E-17,0.00808290376865476,0.0239));
#3869=CARTESIAN_POINT('',(0.0035,0.00606217782649108,0.0237333333333333));
#3870=CARTESIAN_POINT('',(0.00699999999999999,0.00404145188432738,0.0235666666666667));
#3871=CARTESIAN_POINT('',(0.007,5.14351655641888E-18,0.0234));
#3872=CARTESIAN_POINT('',(0.00700000000000001,-0.00404145188432738,0.0232333333333333));
#3873=CARTESIAN_POINT('',(0.0035,-0.00606217782649106,0.0230666666666667));
#3874=CARTESIAN_POINT('',(2.07922778399284E-17,-0.00808290376865476,0.0229));
#3875=CARTESIAN_POINT('',(-0.0035,-0.00606217782649108,0.0227333333333333));
#3876=CARTESIAN_POINT('',(-0.00699999999999999,-0.00404145188432738,0.0225666666666667));
#3877=CARTESIAN_POINT('',(-0.007,-6.00076931582203E-18,0.0224));
#3878=CARTESIAN_POINT('',(-0.00700000000000001,0.00404145188432738,0.0222333333333333));
#3879=CARTESIAN_POINT('',(-0.0035,0.00606217782649106,0.0220666666666667));
#3880=CARTESIAN_POINT('',(-2.17821480627383E-17,0.00808290376865476,0.0219));
#3881=CARTESIAN_POINT('',(0.0035,0.00606217782649108,0.0217333333333334));
#3882=CARTESIAN_POINT('',(0.00699999999999999,0.00404145188432738,0.0215666666666667));
#3883=CARTESIAN_POINT('',(0.007,6.85802207522518E-18,0.0214));
#3884=CARTESIAN_POINT('',(0.00700000000000001,-0.00404145188432738,0.0212333333333334));
#3885=CARTESIAN_POINT('',(0.0035,-0.00606217782649106,0.0210666666666667));
#3886=CARTESIAN_POINT('',(2.27720182855482E-17,-0.00808290376865476,0.0209));
#3887=CARTESIAN_POINT('',(-0.0035,-0.00606217782649108,0.0207333333333334));
#3888=CARTESIAN_POINT('',(-0.00699999999999999,-0.00404145188432738,0.0205666666666666));
#3889=CARTESIAN_POINT('',(-0.007,-3.25842705862318E-17,0.0204));
#3890=CARTESIAN_POINT('',(-0.00700000000000001,0.00404145188432738,0.0202333333333333));
#3891=CARTESIAN_POINT('',(-0.0035,0.00606217782649106,0.0200666666666666));
#3892=CARTESIAN_POINT('',(-2.37618885083581E-17,0.00808290376865476,0.0199));
#3893=CARTESIAN_POINT('',(0.0035,0.00606217782649108,0.0197333333333333));
#3894=CARTESIAN_POINT('',(0.00699999999999999,0.00404145188432738,0.0195666666666666));
#3895=CARTESIAN_POINT('',(0.007,3.3441523345635E-17,0.0194));
#3896=CARTESIAN_POINT('',(0.00700000000000001,-0.00404145188432738,0.0192333333333333));
#3897=CARTESIAN_POINT('',(0.0035,-0.00606217782649106,0.0190666666666666));
#3898=CARTESIAN_POINT('',(5.34680015144959E-17,-0.00808290376865476,0.0189));
#3899=CARTESIAN_POINT('',(-0.0035,-0.00606217782649108,0.0187333333333334));
#3900=CARTESIAN_POINT('',(-0.007,-0.00404145188432738,0.0185666666666667));
#3901=CARTESIAN_POINT('',(-0.007,-3.42987761050382E-17,0.0184));
#3902=CARTESIAN_POINT('',(-0.00700000000000001,0.00404145188432738,0.0182333333333333));
#3903=CARTESIAN_POINT('',(-0.0035,0.00606217782649105,0.0180666666666667));
#3904=CARTESIAN_POINT('',(-2.57416289539779E-17,0.00808290376865476,0.0179));
#3905=CARTESIAN_POINT('',(0.00349999999999995,0.0060621778264911,0.0177333333333334));
#3906=CARTESIAN_POINT('',(0.00699999999999999,0.00404145188432738,0.0175666666666667));
#3907=CARTESIAN_POINT('',(0.007,1.02870331128378E-17,0.0174));
#3908=CARTESIAN_POINT('',(-0.007,0.,0.0271330378248286));
#3909=CARTESIAN_POINT('',(-0.007,0.,0.0253896637903092));
#3910=CARTESIAN_POINT('',(-0.007,0.014,0.0271330378248286));
#3911=CARTESIAN_POINT('',(-0.007,0.014,0.0253896637903092));
#3912=CARTESIAN_POINT('',(0.007,0.014,0.0271330378248286));
#3913=CARTESIAN_POINT('',(0.007,0.014,0.0253896637903092));
#3914=CARTESIAN_POINT('',(0.007,8.57252759403147E-19,0.0271330378248286));
#3915=CARTESIAN_POINT('',(0.007,8.57252759403147E-19,0.0253896637903092));
#3916=CARTESIAN_POINT('',(0.007,0.,0.0281227016151377));
#3917=CARTESIAN_POINT('',(0.007,-0.00404145188432738,0.0279560349484711));
#3918=CARTESIAN_POINT('',(0.0035,-0.00606217782649107,0.0277893682818044));
#3919=CARTESIAN_POINT('',(4.94935111404956E-19,-0.00808290376865476,0.0276227016151378));
#3920=CARTESIAN_POINT('',(-0.0035,-0.00606217782649107,0.0274560349484711));
#3921=CARTESIAN_POINT('',(-0.007,-0.00404145188432738,0.0272893682818044));
#3922=CARTESIAN_POINT('',(-0.007,-8.57252759403147E-19,0.0271227016151377));
#3923=CARTESIAN_POINT('',(-0.007,0.00404145188432738,0.0269560349484711));
#3924=CARTESIAN_POINT('',(-0.0035,0.00606217782649107,0.0267893682818044));
#3925=CARTESIAN_POINT('',(-1.48480533421487E-18,0.00808290376865476,0.0266227016151377));
#3926=CARTESIAN_POINT('',(0.0035,0.00606217782649107,0.0264560349484711));
#3927=CARTESIAN_POINT('',(0.007,0.00404145188432738,0.0262893682818044));
#3928=CARTESIAN_POINT('',(0.007,1.71450551880629E-18,0.0261227016151377));
#3929=CARTESIAN_POINT('',(0.007,-0.00404145188432738,0.0259560349484711));
#3930=CARTESIAN_POINT('',(0.0035,-0.00606217782649107,0.0257893682818044));
#3931=CARTESIAN_POINT('',(9.65373625285675E-18,-0.00808290376865476,0.0256227016151377));
#3932=CARTESIAN_POINT('',(-0.0035,-0.00606217782649108,0.0254560349484711));
#3933=CARTESIAN_POINT('',(-0.007,-0.00404145188432738,0.0252893682818044));
#3934=CARTESIAN_POINT('',(-0.007,-2.57175827820944E-18,0.0251227016151377));
#3935=CARTESIAN_POINT('',(-0.007,0.00404145188432738,0.0249560349484711));
#3936=CARTESIAN_POINT('',(-0.0035,0.00606217782649107,0.0247893682818044));
#3937=CARTESIAN_POINT('',(-3.46454577983469E-18,0.00808290376865476,0.0246227016151378));
#3938=CARTESIAN_POINT('',(0.0035,0.00606217782649108,0.0244560349484711));
#3939=CARTESIAN_POINT('',(0.007,0.00404145188432738,0.0242893682818044));
#3940=CARTESIAN_POINT('',(0.007,3.42901103761259E-18,0.0241227016151377));
#3941=CARTESIAN_POINT('',(0.007,-0.00404145188432738,0.0239560349484711));
#3942=CARTESIAN_POINT('',(0.0035,-0.00606217782649107,0.0237893682818044));
#3943=CARTESIAN_POINT('',(1.88125373943085E-17,-0.00808290376865476,0.0236227016151378));
#3944=CARTESIAN_POINT('',(-0.0035,-0.00606217782649108,0.0234560349484711));
#3945=CARTESIAN_POINT('',(-0.00699999999999999,-0.00404145188432738,0.0232893682818044));
#3946=CARTESIAN_POINT('',(-0.007,-1.67207616728175E-17,0.0231227016151377));
#3947=CARTESIAN_POINT('',(-0.00700000000000001,0.00404145188432738,0.0229560349484711));
#3948=CARTESIAN_POINT('',(-0.0035,0.00606217782649106,0.0227893682818044));
#3949=CARTESIAN_POINT('',(-1.98024076171184E-17,0.00808290376865476,0.0226227016151378));
#3950=CARTESIAN_POINT('',(0.0035,0.00606217782649108,0.0224560349484711));
#3951=CARTESIAN_POINT('',(0.00699999999999999,0.00404145188432738,0.0222893682818044));
#3952=CARTESIAN_POINT('',(0.007,5.14351655641888E-18,0.0221227016151377));
#3953=CARTESIAN_POINT('',(0.00700000000000001,-0.00404145188432738,0.0219560349484711));
#3954=CARTESIAN_POINT('',(0.0035,-0.00606217782649106,0.0217893682818044));
#3955=CARTESIAN_POINT('',(2.07922778399284E-17,-0.00808290376865476,0.0216227016151377));
#3956=CARTESIAN_POINT('',(-0.0035,-0.00606217782649108,0.0214560349484711));
#3957=CARTESIAN_POINT('',(-0.00699999999999999,-0.00404145188432738,0.0212893682818044));
#3958=CARTESIAN_POINT('',(-0.007,-6.00076931582203E-18,0.0211227016151378));
#3959=CARTESIAN_POINT('',(-0.00700000000000001,0.00404145188432738,0.0209560349484711));
#3960=CARTESIAN_POINT('',(-0.0035,0.00606217782649106,0.0207893682818044));
#3961=CARTESIAN_POINT('',(-2.17821480627383E-17,0.00808290376865476,0.0206227016151377));
#3962=CARTESIAN_POINT('',(0.0035,0.00606217782649108,0.0204560349484711));
#3963=CARTESIAN_POINT('',(0.00699999999999999,0.00404145188432738,0.0202893682818044));
#3964=CARTESIAN_POINT('',(0.007,6.85802207522518E-18,0.0201227016151378));
#3965=CARTESIAN_POINT('',(0.00700000000000001,-0.00404145188432738,0.0199560349484711));
#3966=CARTESIAN_POINT('',(0.0035,-0.00606217782649106,0.0197893682818044));
#3967=CARTESIAN_POINT('',(2.27720182855482E-17,-0.00808290376865476,0.0196227016151378));
#3968=CARTESIAN_POINT('',(-0.0035,-0.00606217782649108,0.0194560349484711));
#3969=CARTESIAN_POINT('',(-0.00699999999999999,-0.00404145188432738,0.0192893682818044));
#3970=CARTESIAN_POINT('',(-0.007,-3.25842705862318E-17,0.0191227016151378));
#3971=CARTESIAN_POINT('',(-0.00700000000000001,0.00404145188432738,0.0189560349484711));
#3972=CARTESIAN_POINT('',(-0.0035,0.00606217782649106,0.0187893682818044));
#3973=CARTESIAN_POINT('',(-2.37618885083581E-17,0.00808290376865476,0.0186227016151378));
#3974=CARTESIAN_POINT('',(0.0035,0.00606217782649108,0.0184560349484711));
#3975=CARTESIAN_POINT('',(0.00699999999999999,0.00404145188432738,0.0182893682818044));
#3976=CARTESIAN_POINT('',(0.007,3.3441523345635E-17,0.0181227016151378));
#3977=CARTESIAN_POINT('',(0.00700000000000001,-0.00404145188432738,0.0179560349484711));
#3978=CARTESIAN_POINT('',(0.0035,-0.00606217782649106,0.0177893682818044));
#3979=CARTESIAN_POINT('',(5.34680015144959E-17,-0.00808290376865476,0.0176227016151377));
#3980=CARTESIAN_POINT('',(-0.0035,-0.00606217782649108,0.0174560349484711));
#3981=CARTESIAN_POINT('',(-0.007,-0.00404145188432738,0.0172893682818044));
#3982=CARTESIAN_POINT('',(-0.007,-3.42987761050382E-17,0.0171227016151378));
#3983=CARTESIAN_POINT('',(-0.00700000000000001,0.00404145188432738,0.0169560349484711));
#3984=CARTESIAN_POINT('',(-0.0035,0.00606217782649105,0.0167893682818045));
#3985=CARTESIAN_POINT('',(-2.57416289539779E-17,0.00808290376865476,0.0166227016151378));
#3986=CARTESIAN_POINT('',(0.00349999999999995,0.0060621778264911,0.0164560349484711));
#3987=CARTESIAN_POINT('',(0.00699999999999999,0.00404145188432738,0.0162893682818044));
#3988=CARTESIAN_POINT('',(0.007,1.02870331128378E-17,0.0161227016151378));
#3989=CARTESIAN_POINT('',(0.007,0.,0.0294));
#3990=CARTESIAN_POINT('',(0.007,-0.00404145188432738,0.0292333333333333));
#3991=CARTESIAN_POINT('',(0.0035,-0.00606217782649107,0.0290666666666667));
#3992=CARTESIAN_POINT('',(4.94935111404956E-19,-0.00808290376865476,0.0289));
#3993=CARTESIAN_POINT('',(-0.0035,-0.00606217782649107,0.0287333333333334));
#3994=CARTESIAN_POINT('',(-0.007,-0.00404145188432738,0.0285666666666666));
#3995=CARTESIAN_POINT('',(-0.007,-8.57252759403147E-19,0.0284));
#3996=CARTESIAN_POINT('',(-0.007,0.00404145188432738,0.0282333333333333));
#3997=CARTESIAN_POINT('',(-0.0035,0.00606217782649107,0.0280666666666667));
#3998=CARTESIAN_POINT('',(-1.48480533421487E-18,0.00808290376865476,0.0279));
#3999=CARTESIAN_POINT('',(0.0035,0.00606217782649107,0.0277333333333333));
#4000=CARTESIAN_POINT('',(0.007,0.00404145188432738,0.0275666666666667));
#4001=CARTESIAN_POINT('',(0.007,1.71450551880629E-18,0.0274));
#4002=CARTESIAN_POINT('',(0.007,-0.00404145188432738,0.0272333333333333));
#4003=CARTESIAN_POINT('',(0.0035,-0.00606217782649107,0.0270666666666667));
#4004=CARTESIAN_POINT('',(9.65373625285675E-18,-0.00808290376865476,0.0269));
#4005=CARTESIAN_POINT('',(-0.0035,-0.00606217782649108,0.0267333333333333));
#4006=CARTESIAN_POINT('',(-0.007,-0.00404145188432738,0.0265666666666667));
#4007=CARTESIAN_POINT('',(-0.007,-2.57175827820944E-18,0.0264));
#4008=CARTESIAN_POINT('',(-0.007,0.00404145188432738,0.0262333333333334));
#4009=CARTESIAN_POINT('',(-0.0035,0.00606217782649107,0.0260666666666667));
#4010=CARTESIAN_POINT('',(-3.46454577983469E-18,0.00808290376865476,0.0259));
#4011=CARTESIAN_POINT('',(0.0035,0.00606217782649108,0.0257333333333334));
#4012=CARTESIAN_POINT('',(0.007,0.00404145188432738,0.0255666666666667));
#4013=CARTESIAN_POINT('',(0.007,3.42901103761259E-18,0.0254));
#4014=CARTESIAN_POINT('',(0.007,-0.00404145188432738,0.0252333333333333));
#4015=CARTESIAN_POINT('',(0.0035,-0.00606217782649107,0.0250666666666667));
#4016=CARTESIAN_POINT('',(1.88125373943085E-17,-0.00808290376865476,0.0249));
#4017=CARTESIAN_POINT('',(-0.0035,-0.00606217782649108,0.0247333333333334));
#4018=CARTESIAN_POINT('',(-0.00699999999999999,-0.00404145188432738,0.0245666666666666));
#4019=CARTESIAN_POINT('',(-0.007,-1.67207616728175E-17,0.0244));
#4020=CARTESIAN_POINT('',(-0.00700000000000001,0.00404145188432738,0.0242333333333333));
#4021=CARTESIAN_POINT('',(-0.0035,0.00606217782649106,0.0240666666666667));
#4022=CARTESIAN_POINT('',(-1.98024076171184E-17,0.00808290376865476,0.0239));
#4023=CARTESIAN_POINT('',(0.0035,0.00606217782649108,0.0237333333333333));
#4024=CARTESIAN_POINT('',(0.00699999999999999,0.00404145188432738,0.0235666666666667));
#4025=CARTESIAN_POINT('',(0.007,5.14351655641888E-18,0.0234));
#4026=CARTESIAN_POINT('',(0.00700000000000001,-0.00404145188432738,0.0232333333333333));
#4027=CARTESIAN_POINT('',(0.0035,-0.00606217782649106,0.0230666666666667));
#4028=CARTESIAN_POINT('',(2.07922778399284E-17,-0.00808290376865476,0.0229));
#4029=CARTESIAN_POINT('',(-0.0035,-0.00606217782649108,0.0227333333333333));
#4030=CARTESIAN_POINT('',(-0.00699999999999999,-0.00404145188432738,0.0225666666666667));
#4031=CARTESIAN_POINT('',(-0.007,-6.00076931582203E-18,0.0224));
#4032=CARTESIAN_POINT('',(-0.00700000000000001,0.00404145188432738,0.0222333333333333));
#4033=CARTESIAN_POINT('',(-0.0035,0.00606217782649106,0.0220666666666667));
#4034=CARTESIAN_POINT('',(-2.17821480627383E-17,0.00808290376865476,0.0219));
#4035=CARTESIAN_POINT('',(0.0035,0.00606217782649108,0.0217333333333334));
#4036=CARTESIAN_POINT('',(0.00699999999999999,0.00404145188432738,0.0215666666666667));
#4037=CARTESIAN_POINT('',(0.007,6.85802207522518E-18,0.0214));
#4038=CARTESIAN_POINT('',(0.00700000000000001,-0.00404145188432738,0.0212333333333334));
#4039=CARTESIAN_POINT('',(0.0035,-0.00606217782649106,0.0210666666666667));
#4040=CARTESIAN_POINT('',(2.27720182855482E-17,-0.00808290376865476,0.0209));
#4041=CARTESIAN_POINT('',(-0.0035,-0.00606217782649108,0.0207333333333334));
#4042=CARTESIAN_POINT('',(-0.00699999999999999,-0.00404145188432738,0.0205666666666666));
#4043=CARTESIAN_POINT('',(-0.007,-3.25842705862318E-17,0.0204));
#4044=CARTESIAN_POINT('',(-0.00700000000000001,0.00404145188432738,0.0202333333333333));
#4045=CARTESIAN_POINT('',(-0.0035,0.00606217782649106,0.0200666666666666));
#4046=CARTESIAN_POINT('',(-2.37618885083581E-17,0.00808290376865476,0.0199));
#4047=CARTESIAN_POINT('',(0.0035,0.00606217782649108,0.0197333333333333));
#4048=CARTESIAN_POINT('',(0.00699999999999999,0.00404145188432738,0.0195666666666666));
#4049=CARTESIAN_POINT('',(0.007,3.3441523345635E-17,0.0194));
#4050=CARTESIAN_POINT('',(0.00700000000000001,-0.00404145188432738,0.0192333333333333));
#4051=CARTESIAN_POINT('',(0.0035,-0.00606217782649106,0.0190666666666666));
#4052=CARTESIAN_POINT('',(5.34680015144959E-17,-0.00808290376865476,0.0189));
#4053=CARTESIAN_POINT('',(-0.0035,-0.00606217782649108,0.0187333333333334));
#4054=CARTESIAN_POINT('',(-0.007,-0.00404145188432738,0.0185666666666667));
#4055=CARTESIAN_POINT('',(-0.007,-3.42987761050382E-17,0.0184));
#4056=CARTESIAN_POINT('',(-0.00700000000000001,0.00404145188432738,0.0182333333333333));
#4057=CARTESIAN_POINT('',(-0.0035,0.00606217782649105,0.0180666666666667));
#4058=CARTESIAN_POINT('',(-2.57416289539779E-17,0.00808290376865476,0.0179));
#4059=CARTESIAN_POINT('',(0.00349999999999995,0.0060621778264911,0.0177333333333334));
#4060=CARTESIAN_POINT('',(0.00699999999999999,0.00404145188432738,0.0175666666666667));
#4061=CARTESIAN_POINT('',(0.007,1.02870331128378E-17,0.0174));
#4062=CARTESIAN_POINT('',(-0.007,0.,0.0251330378248286));
#4063=CARTESIAN_POINT('',(-0.007,0.,0.0233896637903092));
#4064=CARTESIAN_POINT('',(-0.007,0.014,0.0251330378248286));
#4065=CARTESIAN_POINT('',(-0.007,0.014,0.0233896637903092));
#4066=CARTESIAN_POINT('',(0.007,0.014,0.0251330378248286));
#4067=CARTESIAN_POINT('',(0.007,0.014,0.0233896637903092));
#4068=CARTESIAN_POINT('',(0.007,8.57252759403147E-19,0.0251330378248286));
#4069=CARTESIAN_POINT('',(0.007,8.57252759403147E-19,0.0233896637903092));
#4070=CARTESIAN_POINT('',(0.007,0.,0.0281227016151377));
#4071=CARTESIAN_POINT('',(0.007,-0.00404145188432738,0.0279560349484711));
#4072=CARTESIAN_POINT('',(0.0035,-0.00606217782649107,0.0277893682818044));
#4073=CARTESIAN_POINT('',(4.94935111404956E-19,-0.00808290376865476,0.0276227016151378));
#4074=CARTESIAN_POINT('',(-0.0035,-0.00606217782649107,0.0274560349484711));
#4075=CARTESIAN_POINT('',(-0.007,-0.00404145188432738,0.0272893682818044));
#4076=CARTESIAN_POINT('',(-0.007,-8.57252759403147E-19,0.0271227016151377));
#4077=CARTESIAN_POINT('',(-0.007,0.00404145188432738,0.0269560349484711));
#4078=CARTESIAN_POINT('',(-0.0035,0.00606217782649107,0.0267893682818044));
#4079=CARTESIAN_POINT('',(-1.48480533421487E-18,0.00808290376865476,0.0266227016151377));
#4080=CARTESIAN_POINT('',(0.0035,0.00606217782649107,0.0264560349484711));
#4081=CARTESIAN_POINT('',(0.007,0.00404145188432738,0.0262893682818044));
#4082=CARTESIAN_POINT('',(0.007,1.71450551880629E-18,0.0261227016151377));
#4083=CARTESIAN_POINT('',(0.007,-0.00404145188432738,0.0259560349484711));
#4084=CARTESIAN_POINT('',(0.0035,-0.00606217782649107,0.0257893682818044));
#4085=CARTESIAN_POINT('',(9.65373625285675E-18,-0.00808290376865476,0.0256227016151377));
#4086=CARTESIAN_POINT('',(-0.0035,-0.00606217782649108,0.0254560349484711));
#4087=CARTESIAN_POINT('',(-0.007,-0.00404145188432738,0.0252893682818044));
#4088=CARTESIAN_POINT('',(-0.007,-2.57175827820944E-18,0.0251227016151377));
#4089=CARTESIAN_POINT('',(-0.007,0.00404145188432738,0.0249560349484711));
#4090=CARTESIAN_POINT('',(-0.0035,0.00606217782649107,0.0247893682818044));
#4091=CARTESIAN_POINT('',(-3.46454577983469E-18,0.00808290376865476,0.0246227016151378));
#4092=CARTESIAN_POINT('',(0.0035,0.00606217782649108,0.0244560349484711));
#4093=CARTESIAN_POINT('',(0.007,0.00404145188432738,0.0242893682818044));
#4094=CARTESIAN_POINT('',(0.007,3.42901103761259E-18,0.0241227016151377));
#4095=CARTESIAN_POINT('',(0.007,-0.00404145188432738,0.0239560349484711));
#4096=CARTESIAN_POINT('',(0.0035,-0.00606217782649107,0.0237893682818044));
#4097=CARTESIAN_POINT('',(1.88125373943085E-17,-0.00808290376865476,0.0236227016151378));
#4098=CARTESIAN_POINT('',(-0.0035,-0.00606217782649108,0.0234560349484711));
#4099=CARTESIAN_POINT('',(-0.00699999999999999,-0.00404145188432738,0.0232893682818044));
#4100=CARTESIAN_POINT('',(-0.007,-1.67207616728175E-17,0.0231227016151377));
#4101=CARTESIAN_POINT('',(-0.00700000000000001,0.00404145188432738,0.0229560349484711));
#4102=CARTESIAN_POINT('',(-0.0035,0.00606217782649106,0.0227893682818044));
#4103=CARTESIAN_POINT('',(-1.98024076171184E-17,0.00808290376865476,0.0226227016151378));
#4104=CARTESIAN_POINT('',(0.0035,0.00606217782649108,0.0224560349484711));
#4105=CARTESIAN_POINT('',(0.00699999999999999,0.00404145188432738,0.0222893682818044));
#4106=CARTESIAN_POINT('',(0.007,5.14351655641888E-18,0.0221227016151377));
#4107=CARTESIAN_POINT('',(0.00700000000000001,-0.00404145188432738,0.0219560349484711));
#4108=CARTESIAN_POINT('',(0.0035,-0.00606217782649106,0.0217893682818044));
#4109=CARTESIAN_POINT('',(2.07922778399284E-17,-0.00808290376865476,0.0216227016151377));
#4110=CARTESIAN_POINT('',(-0.0035,-0.00606217782649108,0.0214560349484711));
#4111=CARTESIAN_POINT('',(-0.00699999999999999,-0.00404145188432738,0.0212893682818044));
#4112=CARTESIAN_POINT('',(-0.007,-6.00076931582203E-18,0.0211227016151378));
#4113=CARTESIAN_POINT('',(-0.00700000000000001,0.00404145188432738,0.0209560349484711));
#4114=CARTESIAN_POINT('',(-0.0035,0.00606217782649106,0.0207893682818044));
#4115=CARTESIAN_POINT('',(-2.17821480627383E-17,0.00808290376865476,0.0206227016151377));
#4116=CARTESIAN_POINT('',(0.0035,0.00606217782649108,0.0204560349484711));
#4117=CARTESIAN_POINT('',(0.00699999999999999,0.00404145188432738,0.0202893682818044));
#4118=CARTESIAN_POINT('',(0.007,6.85802207522518E-18,0.0201227016151378));
#4119=CARTESIAN_POINT('',(0.00700000000000001,-0.00404145188432738,0.0199560349484711));
#4120=CARTESIAN_POINT('',(0.0035,-0.00606217782649106,0.0197893682818044));
#4121=CARTESIAN_POINT('',(2.27720182855482E-17,-0.00808290376865476,0.0196227016151378));
#4122=CARTESIAN_POINT('',(-0.0035,-0.00606217782649108,0.0194560349484711));
#4123=CARTESIAN_POINT('',(-0.00699999999999999,-0.00404145188432738,0.0192893682818044));
#4124=CARTESIAN_POINT('',(-0.007,-3.25842705862318E-17,0.0191227016151378));
#4125=CARTESIAN_POINT('',(-0.00700000000000001,0.00404145188432738,0.0189560349484711));
#4126=CARTESIAN_POINT('',(-0.0035,0.00606217782649106,0.0187893682818044));
#4127=CARTESIAN_POINT('',(-2.37618885083581E-17,0.00808290376865476,0.0186227016151378));
#4128=CARTESIAN_POINT('',(0.0035,0.00606217782649108,0.0184560349484711));
#4129=CARTESIAN_POINT('',(0.00699999999999999,0.00404145188432738,0.0182893682818044));
#4130=CARTESIAN_POINT('',(0.007,3.3441523345635E-17,0.0181227016151378));
#4131=CARTESIAN_POINT('',(0.00700000000000001,-0.00404145188432738,0.0179560349484711));
#4132=CARTESIAN_POINT('',(0.0035,-0.00606217782649106,0.0177893682818044));
#4133=CARTESIAN_POINT('',(5.34680015144959E-17,-0.00808290376865476,0.0176227016151377));
#4134=CARTESIAN_POINT('',(-0.0035,-0.00606217782649108,0.0174560349484711));
#4135=CARTESIAN_POINT('',(-0.007,-0.00404145188432738,0.0172893682818044));
#4136=CARTESIAN_POINT('',(-0.007,-3.42987761050382E-17,0.0171227016151378));
#4137=CARTESIAN_POINT('',(-0.00700000000000001,0.00404145188432738,0.0169560349484711));
#4138=CARTESIAN_POINT('',(-0.0035,0.00606217782649105,0.0167893682818045));
#4139=CARTESIAN_POINT('',(-2.57416289539779E-17,0.00808290376865476,0.0166227016151378));
#4140=CARTESIAN_POINT('',(0.00349999999999995,0.0060621778264911,0.0164560349484711));
#4141=CARTESIAN_POINT('',(0.00699999999999999,0.00404145188432738,0.0162893682818044));
#4142=CARTESIAN_POINT('',(0.007,1.02870331128378E-17,0.0161227016151378));
#4143=CARTESIAN_POINT('',(0.007,0.,0.0294));
#4144=CARTESIAN_POINT('',(0.007,-0.00404145188432738,0.0292333333333333));
#4145=CARTESIAN_POINT('',(0.0035,-0.00606217782649107,0.0290666666666667));
#4146=CARTESIAN_POINT('',(4.94935111404956E-19,-0.00808290376865476,0.0289));
#4147=CARTESIAN_POINT('',(-0.0035,-0.00606217782649107,0.0287333333333334));
#4148=CARTESIAN_POINT('',(-0.007,-0.00404145188432738,0.0285666666666666));
#4149=CARTESIAN_POINT('',(-0.007,-8.57252759403147E-19,0.0284));
#4150=CARTESIAN_POINT('',(-0.007,0.00404145188432738,0.0282333333333333));
#4151=CARTESIAN_POINT('',(-0.0035,0.00606217782649107,0.0280666666666667));
#4152=CARTESIAN_POINT('',(-1.48480533421487E-18,0.00808290376865476,0.0279));
#4153=CARTESIAN_POINT('',(0.0035,0.00606217782649107,0.0277333333333333));
#4154=CARTESIAN_POINT('',(0.007,0.00404145188432738,0.0275666666666667));
#4155=CARTESIAN_POINT('',(0.007,1.71450551880629E-18,0.0274));
#4156=CARTESIAN_POINT('',(0.007,-0.00404145188432738,0.0272333333333333));
#4157=CARTESIAN_POINT('',(0.0035,-0.00606217782649107,0.0270666666666667));
#4158=CARTESIAN_POINT('',(9.65373625285675E-18,-0.00808290376865476,0.0269));
#4159=CARTESIAN_POINT('',(-0.0035,-0.00606217782649108,0.0267333333333333));
#4160=CARTESIAN_POINT('',(-0.007,-0.00404145188432738,0.0265666666666667));
#4161=CARTESIAN_POINT('',(-0.007,-2.57175827820944E-18,0.0264));
#4162=CARTESIAN_POINT('',(-0.007,0.00404145188432738,0.0262333333333334));
#4163=CARTESIAN_POINT('',(-0.0035,0.00606217782649107,0.0260666666666667));
#4164=CARTESIAN_POINT('',(-3.46454577983469E-18,0.00808290376865476,0.0259));
#4165=CARTESIAN_POINT('',(0.0035,0.00606217782649108,0.0257333333333334));
#4166=CARTESIAN_POINT('',(0.007,0.00404145188432738,0.0255666666666667));
#4167=CARTESIAN_POINT('',(0.007,3.42901103761259E-18,0.0254));
#4168=CARTESIAN_POINT('',(0.007,-0.00404145188432738,0.0252333333333333));
#4169=CARTESIAN_POINT('',(0.0035,-0.00606217782649107,0.0250666666666667));
#4170=CARTESIAN_POINT('',(1.88125373943085E-17,-0.00808290376865476,0.0249));
#4171=CARTESIAN_POINT('',(-0.0035,-0.00606217782649108,0.0247333333333334));
#4172=CARTESIAN_POINT('',(-0.00699999999999999,-0.00404145188432738,0.0245666666666666));
#4173=CARTESIAN_POINT('',(-0.007,-1.67207616728175E-17,0.0244));
#4174=CARTESIAN_POINT('',(-0.00700000000000001,0.00404145188432738,0.0242333333333333));
#4175=CARTESIAN_POINT('',(-0.0035,0.00606217782649106,0.0240666666666667));
#4176=CARTESIAN_POINT('',(-1.98024076171184E-17,0.00808290376865476,0.0239));
#4177=CARTESIAN_POINT('',(0.0035,0.00606217782649108,0.0237333333333333));
#4178=CARTESIAN_POINT('',(0.00699999999999999,0.00404145188432738,0.0235666666666667));
#4179=CARTESIAN_POINT('',(0.007,5.14351655641888E-18,0.0234));
#4180=CARTESIAN_POINT('',(0.00700000000000001,-0.00404145188432738,0.0232333333333333));
#4181=CARTESIAN_POINT('',(0.0035,-0.00606217782649106,0.0230666666666667));
#4182=CARTESIAN_POINT('',(2.07922778399284E-17,-0.00808290376865476,0.0229));
#4183=CARTESIAN_POINT('',(-0.0035,-0.00606217782649108,0.0227333333333333));
#4184=CARTESIAN_POINT('',(-0.00699999999999999,-0.00404145188432738,0.0225666666666667));
#4185=CARTESIAN_POINT('',(-0.007,-6.00076931582203E-18,0.0224));
#4186=CARTESIAN_POINT('',(-0.00700000000000001,0.00404145188432738,0.0222333333333333));
#4187=CARTESIAN_POINT('',(-0.0035,0.00606217782649106,0.0220666666666667));
#4188=CARTESIAN_POINT('',(-2.17821480627383E-17,0.00808290376865476,0.0219));
#4189=CARTESIAN_POINT('',(0.0035,0.00606217782649108,0.0217333333333334));
#4190=CARTESIAN_POINT('',(0.00699999999999999,0.00404145188432738,0.0215666666666667));
#4191=CARTESIAN_POINT('',(0.007,6.85802207522518E-18,0.0214));
#4192=CARTESIAN_POINT('',(0.00700000000000001,-0.00404145188432738,0.0212333333333334));
#4193=CARTESIAN_POINT('',(0.0035,-0.00606217782649106,0.0210666666666667));
#4194=CARTESIAN_POINT('',(2.27720182855482E-17,-0.00808290376865476,0.0209));
#4195=CARTESIAN_POINT('',(-0.0035,-0.00606217782649108,0.0207333333333334));
#4196=CARTESIAN_POINT('',(-0.00699999999999999,-0.00404145188432738,0.0205666666666666));
#4197=CARTESIAN_POINT('',(-0.007,-3.25842705862318E-17,0.0204));
#4198=CARTESIAN_POINT('',(-0.00700000000000001,0.00404145188432738,0.0202333333333333));
#4199=CARTESIAN_POINT('',(-0.0035,0.00606217782649106,0.0200666666666666));
#4200=CARTESIAN_POINT('',(-2.37618885083581E-17,0.00808290376865476,0.0199));
#4201=CARTESIAN_POINT('',(0.0035,0.00606217782649108,0.0197333333333333));
#4202=CARTESIAN_POINT('',(0.00699999999999999,0.00404145188432738,0.0195666666666666));
#4203=CARTESIAN_POINT('',(0.007,3.3441523345635E-17,0.0194));
#4204=CARTESIAN_POINT('',(0.00700000000000001,-0.00404145188432738,0.0192333333333333));
#4205=CARTESIAN_POINT('',(0.0035,-0.00606217782649106,0.0190666666666666));
#4206=CARTESIAN_POINT('',(5.34680015144959E-17,-0.00808290376865476,0.0189));
#4207=CARTESIAN_POINT('',(-0.0035,-0.00606217782649108,0.0187333333333334));
#4208=CARTESIAN_POINT('',(-0.007,-0.00404145188432738,0.0185666666666667));
#4209=CARTESIAN_POINT('',(-0.007,-3.42987761050382E-17,0.0184));
#4210=CARTESIAN_POINT('',(-0.00700000000000001,0.00404145188432738,0.0182333333333333));
#4211=CARTESIAN_POINT('',(-0.0035,0.00606217782649105,0.0180666666666667));
#4212=CARTESIAN_POINT('',(-2.57416289539779E-17,0.00808290376865476,0.0179));
#4213=CARTESIAN_POINT('',(0.00349999999999995,0.0060621778264911,0.0177333333333334));
#4214=CARTESIAN_POINT('',(0.00699999999999999,0.00404145188432738,0.0175666666666667));
#4215=CARTESIAN_POINT('',(0.007,1.02870331128378E-17,0.0174));
#4216=CARTESIAN_POINT('',(-0.007,0.,0.0231330378248286));
#4217=CARTESIAN_POINT('',(-0.007,0.,0.0213896637903092));
#4218=CARTESIAN_POINT('',(-0.007,0.014,0.0231330378248286));
#4219=CARTESIAN_POINT('',(-0.007,0.014,0.0213896637903092));
#4220=CARTESIAN_POINT('',(0.007,0.014,0.0231330378248286));
#4221=CARTESIAN_POINT('',(0.007,0.014,0.0213896637903092));
#4222=CARTESIAN_POINT('',(0.007,8.57252759403147E-19,0.0231330378248286));
#4223=CARTESIAN_POINT('',(0.007,8.57252759403147E-19,0.0213896637903092));
#4224=CARTESIAN_POINT('',(0.007,0.,0.0281227016151377));
#4225=CARTESIAN_POINT('',(0.007,-0.00404145188432738,0.0279560349484711));
#4226=CARTESIAN_POINT('',(0.0035,-0.00606217782649107,0.0277893682818044));
#4227=CARTESIAN_POINT('',(4.94935111404956E-19,-0.00808290376865476,0.0276227016151378));
#4228=CARTESIAN_POINT('',(-0.0035,-0.00606217782649107,0.0274560349484711));
#4229=CARTESIAN_POINT('',(-0.007,-0.00404145188432738,0.0272893682818044));
#4230=CARTESIAN_POINT('',(-0.007,-8.57252759403147E-19,0.0271227016151377));
#4231=CARTESIAN_POINT('',(-0.007,0.00404145188432738,0.0269560349484711));
#4232=CARTESIAN_POINT('',(-0.0035,0.00606217782649107,0.0267893682818044));
#4233=CARTESIAN_POINT('',(-1.48480533421487E-18,0.00808290376865476,0.0266227016151377));
#4234=CARTESIAN_POINT('',(0.0035,0.00606217782649107,0.0264560349484711));
#4235=CARTESIAN_POINT('',(0.007,0.00404145188432738,0.0262893682818044));
#4236=CARTESIAN_POINT('',(0.007,1.71450551880629E-18,0.0261227016151377));
#4237=CARTESIAN_POINT('',(0.007,-0.00404145188432738,0.0259560349484711));
#4238=CARTESIAN_POINT('',(0.0035,-0.00606217782649107,0.0257893682818044));
#4239=CARTESIAN_POINT('',(9.65373625285675E-18,-0.00808290376865476,0.0256227016151377));
#4240=CARTESIAN_POINT('',(-0.0035,-0.00606217782649108,0.0254560349484711));
#4241=CARTESIAN_POINT('',(-0.007,-0.00404145188432738,0.0252893682818044));
#4242=CARTESIAN_POINT('',(-0.007,-2.57175827820944E-18,0.0251227016151377));
#4243=CARTESIAN_POINT('',(-0.007,0.00404145188432738,0.0249560349484711));
#4244=CARTESIAN_POINT('',(-0.0035,0.00606217782649107,0.0247893682818044));
#4245=CARTESIAN_POINT('',(-3.46454577983469E-18,0.00808290376865476,0.0246227016151378));
#4246=CARTESIAN_POINT('',(0.0035,0.00606217782649108,0.0244560349484711));
#4247=CARTESIAN_POINT('',(0.007,0.00404145188432738,0.0242893682818044));
#4248=CARTESIAN_POINT('',(0.007,3.42901103761259E-18,0.0241227016151377));
#4249=CARTESIAN_POINT('',(0.007,-0.00404145188432738,0.0239560349484711));
#4250=CARTESIAN_POINT('',(0.0035,-0.00606217782649107,0.0237893682818044));
#4251=CARTESIAN_POINT('',(1.88125373943085E-17,-0.00808290376865476,0.0236227016151378));
#4252=CARTESIAN_POINT('',(-0.0035,-0.00606217782649108,0.0234560349484711));
#4253=CARTESIAN_POINT('',(-0.00699999999999999,-0.00404145188432738,0.0232893682818044));
#4254=CARTESIAN_POINT('',(-0.007,-1.67207616728175E-17,0.0231227016151377));
#4255=CARTESIAN_POINT('',(-0.00700000000000001,0.00404145188432738,0.0229560349484711));
#4256=CARTESIAN_POINT('',(-0.0035,0.00606217782649106,0.0227893682818044));
#4257=CARTESIAN_POINT('',(-1.98024076171184E-17,0.00808290376865476,0.0226227016151378));
#4258=CARTESIAN_POINT('',(0.0035,0.00606217782649108,0.0224560349484711));
#4259=CARTESIAN_POINT('',(0.00699999999999999,0.00404145188432738,0.0222893682818044));
#4260=CARTESIAN_POINT('',(0.007,5.14351655641888E-18,0.0221227016151377));
#4261=CARTESIAN_POINT('',(0.00700000000000001,-0.00404145188432738,0.0219560349484711));
#4262=CARTESIAN_POINT('',(0.0035,-0.00606217782649106,0.0217893682818044));
#4263=CARTESIAN_POINT('',(2.07922778399284E-17,-0.00808290376865476,0.0216227016151377));
#4264=CARTESIAN_POINT('',(-0.0035,-0.00606217782649108,0.0214560349484711));
#4265=CARTESIAN_POINT('',(-0.00699999999999999,-0.00404145188432738,0.0212893682818044));
#4266=CARTESIAN_POINT('',(-0.007,-6.00076931582203E-18,0.0211227016151378));
#4267=CARTESIAN_POINT('',(-0.00700000000000001,0.00404145188432738,0.0209560349484711));
#4268=CARTESIAN_POINT('',(-0.0035,0.00606217782649106,0.0207893682818044));
#4269=CARTESIAN_POINT('',(-2.17821480627383E-17,0.00808290376865476,0.0206227016151377));
#4270=CARTESIAN_POINT('',(0.0035,0.00606217782649108,0.0204560349484711));
#4271=CARTESIAN_POINT('',(0.00699999999999999,0.00404145188432738,0.0202893682818044));
#4272=CARTESIAN_POINT('',(0.007,6.85802207522518E-18,0.0201227016151378));
#4273=CARTESIAN_POINT('',(0.00700000000000001,-0.00404145188432738,0.0199560349484711));
#4274=CARTESIAN_POINT('',(0.0035,-0.00606217782649106,0.0197893682818044));
#4275=CARTESIAN_POINT('',(2.27720182855482E-17,-0.00808290376865476,0.0196227016151378));
#4276=CARTESIAN_POINT('',(-0.0035,-0.00606217782649108,0.0194560349484711));
#4277=CARTESIAN_POINT('',(-0.00699999999999999,-0.00404145188432738,0.0192893682818044));
#4278=CARTESIAN_POINT('',(-0.007,-3.25842705862318E-17,0.0191227016151378));
#4279=CARTESIAN_POINT('',(-0.00700000000000001,0.00404145188432738,0.0189560349484711));
#4280=CARTESIAN_POINT('',(-0.0035,0.00606217782649106,0.0187893682818044));
#4281=CARTESIAN_POINT('',(-2.37618885083581E-17,0.00808290376865476,0.0186227016151378));
#4282=CARTESIAN_POINT('',(0.0035,0.00606217782649108,0.0184560349484711));
#4283=CARTESIAN_POINT('',(0.00699999999999999,0.00404145188432738,0.0182893682818044));
#4284=CARTESIAN_POINT('',(0.007,3.3441523345635E-17,0.0181227016151378));
#4285=CARTESIAN_POINT('',(0.00700000000000001,-0.00404145188432738,0.0179560349484711));
#4286=CARTESIAN_POINT('',(0.0035,-0.00606217782649106,0.0177893682818044));
#4287=CARTESIAN_POINT('',(5.34680015144959E-17,-0.00808290376865476,0.0176227016151377));
#4288=CARTESIAN_POINT('',(-0.0035,-0.00606217782649108,0.0174560349484711));
#4289=CARTESIAN_POINT('',(-0.007,-0.00404145188432738,0.0172893682818044));
#4290=CARTESIAN_POINT('',(-0.007,-3.42987761050382E-17,0.0171227016151378));
#4291=CARTESIAN_POINT('',(-0.00700000000000001,0.00404145188432738,0.0169560349484711));
#4292=CARTESIAN_POINT('',(-0.0035,0.00606217782649105,0.0167893682818045));
#4293=CARTESIAN_POINT('',(-2.57416289539779E-17,0.00808290376865476,0.0166227016151378));
#4294=CARTESIAN_POINT('',(0.00349999999999995,0.0060621778264911,0.0164560349484711));
#4295=CARTESIAN_POINT('',(0.00699999999999999,0.00404145188432738,0.0162893682818044));
#4296=CARTESIAN_POINT('',(0.007,1.02870331128378E-17,0.0161227016151378));
#4297=CARTESIAN_POINT('',(0.007,0.,0.0294));
#4298=CARTESIAN_POINT('',(0.007,-0.00404145188432738,0.0292333333333333));
#4299=CARTESIAN_POINT('',(0.0035,-0.00606217782649107,0.0290666666666667));
#4300=CARTESIAN_POINT('',(4.94935111404956E-19,-0.00808290376865476,0.0289));
#4301=CARTESIAN_POINT('',(-0.0035,-0.00606217782649107,0.0287333333333334));
#4302=CARTESIAN_POINT('',(-0.007,-0.00404145188432738,0.0285666666666666));
#4303=CARTESIAN_POINT('',(-0.007,-8.57252759403147E-19,0.0284));
#4304=CARTESIAN_POINT('',(-0.007,0.00404145188432738,0.0282333333333333));
#4305=CARTESIAN_POINT('',(-0.0035,0.00606217782649107,0.0280666666666667));
#4306=CARTESIAN_POINT('',(-1.48480533421487E-18,0.00808290376865476,0.0279));
#4307=CARTESIAN_POINT('',(0.0035,0.00606217782649107,0.0277333333333333));
#4308=CARTESIAN_POINT('',(0.007,0.00404145188432738,0.0275666666666667));
#4309=CARTESIAN_POINT('',(0.007,1.71450551880629E-18,0.0274));
#4310=CARTESIAN_POINT('',(0.007,-0.00404145188432738,0.0272333333333333));
#4311=CARTESIAN_POINT('',(0.0035,-0.00606217782649107,0.0270666666666667));
#4312=CARTESIAN_POINT('',(9.65373625285675E-18,-0.00808290376865476,0.0269));
#4313=CARTESIAN_POINT('',(-0.0035,-0.00606217782649108,0.0267333333333333));
#4314=CARTESIAN_POINT('',(-0.007,-0.00404145188432738,0.0265666666666667));
#4315=CARTESIAN_POINT('',(-0.007,-2.57175827820944E-18,0.0264));
#4316=CARTESIAN_POINT('',(-0.007,0.00404145188432738,0.0262333333333334));
#4317=CARTESIAN_POINT('',(-0.0035,0.00606217782649107,0.0260666666666667));
#4318=CARTESIAN_POINT('',(-3.46454577983469E-18,0.00808290376865476,0.0259));
#4319=CARTESIAN_POINT('',(0.0035,0.00606217782649108,0.0257333333333334));
#4320=CARTESIAN_POINT('',(0.007,0.00404145188432738,0.0255666666666667));
#4321=CARTESIAN_POINT('',(0.007,3.42901103761259E-18,0.0254));
#4322=CARTESIAN_POINT('',(0.007,-0.00404145188432738,0.0252333333333333));
#4323=CARTESIAN_POINT('',(0.0035,-0.00606217782649107,0.0250666666666667));
#4324=CARTESIAN_POINT('',(1.88125373943085E-17,-0.00808290376865476,0.0249));
#4325=CARTESIAN_POINT('',(-0.0035,-0.00606217782649108,0.0247333333333334));
#4326=CARTESIAN_POINT('',(-0.00699999999999999,-0.00404145188432738,0.0245666666666666));
#4327=CARTESIAN_POINT('',(-0.007,-1.67207616728175E-17,0.0244));
#4328=CARTESIAN_POINT('',(-0.00700000000000001,0.00404145188432738,0.0242333333333333));
#4329=CARTESIAN_POINT('',(-0.0035,0.00606217782649106,0.0240666666666667));
#4330=CARTESIAN_POINT('',(-1.98024076171184E-17,0.00808290376865476,0.0239));
#4331=CARTESIAN_POINT('',(0.0035,0.00606217782649108,0.0237333333333333));
#4332=CARTESIAN_POINT('',(0.00699999999999999,0.00404145188432738,0.0235666666666667));
#4333=CARTESIAN_POINT('',(0.007,5.14351655641888E-18,0.0234));
#4334=CARTESIAN_POINT('',(0.00700000000000001,-0.00404145188432738,0.0232333333333333));
#4335=CARTESIAN_POINT('',(0.0035,-0.00606217782649106,0.0230666666666667));
#4336=CARTESIAN_POINT('',(2.07922778399284E-17,-0.00808290376865476,0.0229));
#4337=CARTESIAN_POINT('',(-0.0035,-0.00606217782649108,0.0227333333333333));
#4338=CARTESIAN_POINT('',(-0.00699999999999999,-0.00404145188432738,0.0225666666666667));
#4339=CARTESIAN_POINT('',(-0.007,-6.00076931582203E-18,0.0224));
#4340=CARTESIAN_POINT('',(-0.00700000000000001,0.00404145188432738,0.0222333333333333));
#4341=CARTESIAN_POINT('',(-0.0035,0.00606217782649106,0.0220666666666667));
#4342=CARTESIAN_POINT('',(-2.17821480627383E-17,0.00808290376865476,0.0219));
#4343=CARTESIAN_POINT('',(0.0035,0.00606217782649108,0.0217333333333334));
#4344=CARTESIAN_POINT('',(0.00699999999999999,0.00404145188432738,0.0215666666666667));
#4345=CARTESIAN_POINT('',(0.007,6.85802207522518E-18,0.0214));
#4346=CARTESIAN_POINT('',(0.00700000000000001,-0.00404145188432738,0.0212333333333334));
#4347=CARTESIAN_POINT('',(0.0035,-0.00606217782649106,0.0210666666666667));
#4348=CARTESIAN_POINT('',(2.27720182855482E-17,-0.00808290376865476,0.0209));
#4349=CARTESIAN_POINT('',(-0.0035,-0.00606217782649108,0.0207333333333334));
#4350=CARTESIAN_POINT('',(-0.00699999999999999,-0.00404145188432738,0.0205666666666666));
#4351=CARTESIAN_POINT('',(-0.007,-3.25842705862318E-17,0.0204));
#4352=CARTESIAN_POINT('',(-0.00700000000000001,0.00404145188432738,0.0202333333333333));
#4353=CARTESIAN_POINT('',(-0.0035,0.00606217782649106,0.0200666666666666));
#4354=CARTESIAN_POINT('',(-2.37618885083581E-17,0.00808290376865476,0.0199));
#4355=CARTESIAN_POINT('',(0.0035,0.00606217782649108,0.0197333333333333));
#4356=CARTESIAN_POINT('',(0.00699999999999999,0.00404145188432738,0.0195666666666666));
#4357=CARTESIAN_POINT('',(0.007,3.3441523345635E-17,0.0194));
#4358=CARTESIAN_POINT('',(0.00700000000000001,-0.00404145188432738,0.0192333333333333));
#4359=CARTESIAN_POINT('',(0.0035,-0.00606217782649106,0.0190666666666666));
#4360=CARTESIAN_POINT('',(5.34680015144959E-17,-0.00808290376865476,0.0189));
#4361=CARTESIAN_POINT('',(-0.0035,-0.00606217782649108,0.0187333333333334));
#4362=CARTESIAN_POINT('',(-0.007,-0.00404145188432738,0.0185666666666667));
#4363=CARTESIAN_POINT('',(-0.007,-3.42987761050382E-17,0.0184));
#4364=CARTESIAN_POINT('',(-0.00700000000000001,0.00404145188432738,0.0182333333333333));
#4365=CARTESIAN_POINT('',(-0.0035,0.00606217782649105,0.0180666666666667));
#4366=CARTESIAN_POINT('',(-2.57416289539779E-17,0.00808290376865476,0.0179));
#4367=CARTESIAN_POINT('',(0.00349999999999995,0.0060621778264911,0.0177333333333334));
#4368=CARTESIAN_POINT('',(0.00699999999999999,0.00404145188432738,0.0175666666666667));
#4369=CARTESIAN_POINT('',(0.007,1.02870331128378E-17,0.0174));
#4370=CARTESIAN_POINT('',(-0.0223891586091837,-0.0214443494219069,0.0374));
#4371=CARTESIAN_POINT('',(-0.0223891586091837,0.0214443494219069,0.0374));
#4372=CARTESIAN_POINT('',(0.0147665191954681,-0.0214443494219069,0.0374));
#4373=CARTESIAN_POINT('',(0.0147665191954681,0.0214443494219069,0.0374));
#4374=CARTESIAN_POINT('',(0.004,-0.00775,0.0374));
#4375=CARTESIAN_POINT('',(0.00900000013411045,-0.015588457500406,0.0374));
#4376=CARTESIAN_POINT('',(0.00900000013411045,0.015588457500406,0.0374));
#4377=CARTESIAN_POINT('',(0.004,0.00775,0.0374));
#4378=CARTESIAN_POINT('',(-0.0180000002682209,0.,0.0374));
#4379=CARTESIAN_POINT('',(-0.006,0.00486016540385823,0.0374));
#4380=CARTESIAN_POINT('',(-0.00635355339059327,0.0052137187944515,0.0374));
#4381=CARTESIAN_POINT('',(-0.006,0.00486016540385823,0.0374));
#4382=CARTESIAN_POINT('',(0.,0.,0.0374));
#4383=CARTESIAN_POINT('',(2.16840434497101E-18,6.50521303491303E-19,0.0374));
#4384=CARTESIAN_POINT('',(0.00461727193489653,-0.0126858503806098,0.0374));
#4385=CARTESIAN_POINT('',(-0.0132949046656648,-0.00234425039850356,0.0374));
#4386=CARTESIAN_POINT('',(-0.0167417318012076,-0.00295201902033781,0.0374));
#4387=CARTESIAN_POINT('',(-0.0201885589367502,-0.00355978764217207,0.0374));
#4388=CARTESIAN_POINT('',(0.,0.,0.0374));
#4389=CARTESIAN_POINT('',(-0.0201885589367502,0.00355978764217207,0.0374));
#4390=CARTESIAN_POINT('',(-0.0167417318012076,0.00295201902033781,0.0374));
#4391=CARTESIAN_POINT('',(-0.0132949046656648,0.00234425039850356,0.0374));
#4392=CARTESIAN_POINT('',(2.16840434497101E-18,-6.50521303491303E-19,0.0374));
#4393=CARTESIAN_POINT('',(0.00461727193489653,0.0126858503806098,0.0374));
#4394=CARTESIAN_POINT('',(0.00581434243653637,0.0159747745533605,0.0374));
#4395=CARTESIAN_POINT('',(0.00701141293817621,0.0192636987261111,0.0374));
#4396=CARTESIAN_POINT('',(0.,0.,0.0374));
#4397=CARTESIAN_POINT('',(0.0128773605862844,0.0159506609371151,0.0374));
#4398=CARTESIAN_POINT('',(0.010878965464007,0.0134753304685575,0.0374));
#4399=CARTESIAN_POINT('',(0.00888057034172956,0.011,0.0374));
#4400=CARTESIAN_POINT('',(0.010878965464007,0.011,0.0374));
#4401=CARTESIAN_POINT('',(0.01,0.011,0.0374));
#4402=CARTESIAN_POINT('',(0.01,0.,0.0374));
#4403=CARTESIAN_POINT('',(0.01,-0.011,0.0374));
#4404=CARTESIAN_POINT('',(0.010878965464007,-0.011,0.0374));
#4405=CARTESIAN_POINT('',(0.00888057034172956,-0.011,0.0374));
#4406=CARTESIAN_POINT('',(0.010878965464007,-0.0134753304685575,0.0374));
#4407=CARTESIAN_POINT('',(0.0128773605862844,-0.0159506609371151,0.0374));
#4408=CARTESIAN_POINT('',(0.,0.,0.0374));
#4409=CARTESIAN_POINT('',(0.00701141293817621,-0.0192636987261111,0.0374));
#4410=CARTESIAN_POINT('',(0.00581434243653637,-0.0159747745533605,0.0374));
#4411=CARTESIAN_POINT('',(-0.0208871869342249,-0.0209247847438215,0.0404));
#4412=CARTESIAN_POINT('',(-0.0208871869342249,0.0208846898611428,0.0404));
#4413=CARTESIAN_POINT('',(0.0175265935788426,-0.0209247847438215,0.0404));
#4414=CARTESIAN_POINT('',(0.0175265935788426,0.0208846898611428,0.0404));
#4415=CARTESIAN_POINT('',(0.004,-0.00775,0.0404));
#4416=CARTESIAN_POINT('',(0.004,0.00775,0.0404));
#4417=CARTESIAN_POINT('',(0.00900000013411045,-0.015588457500406,0.0404));
#4418=CARTESIAN_POINT('',(0.00900000013411045,0.015588457500406,0.0404));
#4419=CARTESIAN_POINT('',(-0.0180000002682209,0.,0.0404));
#4420=CARTESIAN_POINT('',(0.,0.,0.0404));
#4421=CARTESIAN_POINT('',(0.0172988438920062,0.011,0.0404));
#4422=CARTESIAN_POINT('',(0.0172988438920062,-0.011,0.0404));
#4423=CARTESIAN_POINT('',(0.,-0.011,0.0404));
#4424=CARTESIAN_POINT('',(0.01,-0.011,0.0404));
#4425=CARTESIAN_POINT('',(0.01,0.,0.0404));
#4426=CARTESIAN_POINT('',(0.01,0.011,0.0404));
#4427=CARTESIAN_POINT('',(0.,0.011,0.0404));
#4428=CARTESIAN_POINT('',(0.0205,0.,0.025175));
#4429=CARTESIAN_POINT('',(0.0205,0.,0.041125));
#4430=CARTESIAN_POINT('',(0.0205,0.041,0.025175));
#4431=CARTESIAN_POINT('',(0.0205,0.041,0.041125));
#4432=CARTESIAN_POINT('',(-0.0205,0.041,0.025175));
#4433=CARTESIAN_POINT('',(-0.0205,0.041,0.041125));
#4434=CARTESIAN_POINT('',(-0.0205,2.51052593825207E-18,0.025175));
#4435=CARTESIAN_POINT('',(-0.0205,2.51052593825207E-18,0.041125));
#4436=CARTESIAN_POINT('',(-0.0205,-0.041,0.025175));
#4437=CARTESIAN_POINT('',(-0.0205,-0.041,0.041125));
#4438=CARTESIAN_POINT('',(0.0205,-0.041,0.025175));
#4439=CARTESIAN_POINT('',(0.0205,-0.041,0.041125));
#4440=CARTESIAN_POINT('',(0.0205,0.,0.025175));
#4441=CARTESIAN_POINT('',(0.0205,0.,0.041125));
#4442=CARTESIAN_POINT('',(0.0172988438920062,-0.011,-0.225917621135332));
#4443=CARTESIAN_POINT('',(0.0172988438920062,-0.011,0.0259));
#4444=CARTESIAN_POINT('',(0.0172988438920062,0.011,-0.225917621135332));
#4445=CARTESIAN_POINT('',(0.0172988438920062,0.011,0.0259));
#4446=CARTESIAN_POINT('',(0.,0.,0.0259));
#4447=CARTESIAN_POINT('',(0.0128773605862844,0.0159506609371151,0.0259));
#4448=CARTESIAN_POINT('',(0.0128773605862844,0.0159506609371151,-0.225917621135332));
#4449=CARTESIAN_POINT('',(0.00701141293817621,0.0192636987261111,-0.225917621135332));
#4450=CARTESIAN_POINT('',(0.00701141293817621,0.0192636987261111,0.0259));
#4451=CARTESIAN_POINT('',(0.,0.,0.0259));
#4452=CARTESIAN_POINT('',(-0.0201885589367502,0.00355978764217207,0.0259));
#4453=CARTESIAN_POINT('',(-0.0201885589367502,0.00355978764217207,-0.225917621135332));
#4454=CARTESIAN_POINT('',(-0.0201885589367502,-0.00355978764217207,-0.225917621135332));
#4455=CARTESIAN_POINT('',(-0.0201885589367502,-0.00355978764217207,0.0259));
#4456=CARTESIAN_POINT('',(0.,0.,0.0259));
#4457=CARTESIAN_POINT('',(-0.0181837220801535,-0.00946584657131819,0.0259));
#4458=CARTESIAN_POINT('',(-0.0181837220801535,-0.00946584657131819,0.0374));
#4459=CARTESIAN_POINT('',(-0.0181837220801535,-0.00946584657131819,0.0309));
#4460=CARTESIAN_POINT('',(0.,0.,0.0309));
#4461=CARTESIAN_POINT('',(-0.00946584657131819,-0.0181837220801535,0.0309));
#4462=CARTESIAN_POINT('',(-0.00946584657131819,-0.0181837220801535,0.0374));
#4463=CARTESIAN_POINT('',(-0.00946584657131819,-0.0181837220801535,0.0259));
#4464=CARTESIAN_POINT('',(0.,0.,0.0259));
#4465=CARTESIAN_POINT('',(0.00701141293817621,-0.0192636987261111,0.0259));
#4466=CARTESIAN_POINT('',(0.00701141293817621,-0.0192636987261111,-0.225917621135332));
#4467=CARTESIAN_POINT('',(0.0128773605862844,-0.0159506609371151,-0.225917621135332));
#4468=CARTESIAN_POINT('',(0.0128773605862844,-0.0159506609371151,0.0259));
#4469=CARTESIAN_POINT('',(0.,0.,0.0259));
#4470=CARTESIAN_POINT('',(0.00711027649523318,-0.0119228242359377,0.0259));
#4471=CARTESIAN_POINT('',(0.00711027649523318,-0.0206634702545931,0.0259));
#4472=CARTESIAN_POINT('',(-0.00956471012837516,-0.0119228242359377,0.0259));
#4473=CARTESIAN_POINT('',(-0.00956471012837516,-0.0206634702545931,0.0259));
#4474=CARTESIAN_POINT('',(0.,-0.01725,0.0259));
#4475=CARTESIAN_POINT('',(-0.00968313738940625,-0.0186011338580556,0.0259));
#4476=CARTESIAN_POINT('',(-0.00623360627867295,-0.011974646247906,0.0259));
#4477=CARTESIAN_POINT('',(2.16840434497101E-18,6.50521303491303E-19,0.0259));
#4478=CARTESIAN_POINT('',(0.00461727193489653,-0.0126858503806098,0.0259));
#4479=CARTESIAN_POINT('',(0.00581434243653637,-0.0159747745533605,0.0259));
#4480=CARTESIAN_POINT('',(-0.0119253627717729,-0.00230152082146667,0.0259));
#4481=CARTESIAN_POINT('',(-0.0119253627717729,-0.00950857614835508,0.0259));
#4482=CARTESIAN_POINT('',(-0.0202378424128833,-0.00230152082146667,0.0259));
#4483=CARTESIAN_POINT('',(-0.0202378424128833,-0.00950857614835508,0.0259));
#4484=CARTESIAN_POINT('',(-0.0186011338580556,-0.00968313738940625,0.0259));
#4485=CARTESIAN_POINT('',(-0.011974646247906,-0.00623360627867295,0.0259));
#4486=CARTESIAN_POINT('',(-0.0167417318012076,-0.00295201902033781,0.0259));
#4487=CARTESIAN_POINT('',(-0.0132949046656648,-0.00234425039850356,0.0259));
#4488=CARTESIAN_POINT('',(2.16840434497101E-18,6.50521303491303E-19,0.0259));
#4489=CARTESIAN_POINT('',(-0.007,0.,0.0211240378248286));
#4490=CARTESIAN_POINT('',(-0.007,0.,0.0209));
#4491=CARTESIAN_POINT('',(-0.007,0.00151389788412586,0.0211240378248286));
#4492=CARTESIAN_POINT('',(-0.007,0.00151389788412586,0.0209));
#4493=CARTESIAN_POINT('',(-0.00652010452282101,0.00311856923707301,0.0211240378248286));
#4494=CARTESIAN_POINT('',(-0.00652010452282102,0.00311856923707301,0.0209));
#4495=CARTESIAN_POINT('',(-0.00536414103336558,0.00449733153927567,0.0211240378248286));
#4496=CARTESIAN_POINT('',(-0.00536414103336558,0.00449733153927567,0.0209));
#4497=CARTESIAN_POINT('',(0.007,0.,0.0281227016151377));
#4498=CARTESIAN_POINT('',(0.007,-0.00404145188432738,0.0279560349484711));
#4499=CARTESIAN_POINT('',(0.0035,-0.00606217782649107,0.0277893682818044));
#4500=CARTESIAN_POINT('',(4.94935111404956E-19,-0.00808290376865476,0.0276227016151378));
#4501=CARTESIAN_POINT('',(-0.0035,-0.00606217782649107,0.0274560349484711));
#4502=CARTESIAN_POINT('',(-0.007,-0.00404145188432738,0.0272893682818044));
#4503=CARTESIAN_POINT('',(-0.007,-8.57252759403147E-19,0.0271227016151377));
#4504=CARTESIAN_POINT('',(-0.007,0.00404145188432738,0.0269560349484711));
#4505=CARTESIAN_POINT('',(-0.0035,0.00606217782649107,0.0267893682818044));
#4506=CARTESIAN_POINT('',(-1.48480533421487E-18,0.00808290376865476,0.0266227016151377));
#4507=CARTESIAN_POINT('',(0.0035,0.00606217782649107,0.0264560349484711));
#4508=CARTESIAN_POINT('',(0.007,0.00404145188432738,0.0262893682818044));
#4509=CARTESIAN_POINT('',(0.007,1.71450551880629E-18,0.0261227016151377));
#4510=CARTESIAN_POINT('',(0.007,-0.00404145188432738,0.0259560349484711));
#4511=CARTESIAN_POINT('',(0.0035,-0.00606217782649107,0.0257893682818044));
#4512=CARTESIAN_POINT('',(9.65373625285675E-18,-0.00808290376865476,0.0256227016151377));
#4513=CARTESIAN_POINT('',(-0.0035,-0.00606217782649108,0.0254560349484711));
#4514=CARTESIAN_POINT('',(-0.007,-0.00404145188432738,0.0252893682818044));
#4515=CARTESIAN_POINT('',(-0.007,-2.57175827820944E-18,0.0251227016151377));
#4516=CARTESIAN_POINT('',(-0.007,0.00404145188432738,0.0249560349484711));
#4517=CARTESIAN_POINT('',(-0.0035,0.00606217782649107,0.0247893682818044));
#4518=CARTESIAN_POINT('',(-3.46454577983469E-18,0.00808290376865476,0.0246227016151378));
#4519=CARTESIAN_POINT('',(0.0035,0.00606217782649108,0.0244560349484711));
#4520=CARTESIAN_POINT('',(0.007,0.00404145188432738,0.0242893682818044));
#4521=CARTESIAN_POINT('',(0.007,3.42901103761259E-18,0.0241227016151377));
#4522=CARTESIAN_POINT('',(0.007,-0.00404145188432738,0.0239560349484711));
#4523=CARTESIAN_POINT('',(0.0035,-0.00606217782649107,0.0237893682818044));
#4524=CARTESIAN_POINT('',(1.88125373943085E-17,-0.00808290376865476,0.0236227016151378));
#4525=CARTESIAN_POINT('',(-0.0035,-0.00606217782649108,0.0234560349484711));
#4526=CARTESIAN_POINT('',(-0.00699999999999999,-0.00404145188432738,0.0232893682818044));
#4527=CARTESIAN_POINT('',(-0.007,-1.67207616728175E-17,0.0231227016151377));
#4528=CARTESIAN_POINT('',(-0.00700000000000001,0.00404145188432738,0.0229560349484711));
#4529=CARTESIAN_POINT('',(-0.0035,0.00606217782649106,0.0227893682818044));
#4530=CARTESIAN_POINT('',(-1.98024076171184E-17,0.00808290376865476,0.0226227016151378));
#4531=CARTESIAN_POINT('',(0.0035,0.00606217782649108,0.0224560349484711));
#4532=CARTESIAN_POINT('',(0.00699999999999999,0.00404145188432738,0.0222893682818044));
#4533=CARTESIAN_POINT('',(0.007,5.14351655641888E-18,0.0221227016151377));
#4534=CARTESIAN_POINT('',(0.00700000000000001,-0.00404145188432738,0.0219560349484711));
#4535=CARTESIAN_POINT('',(0.0035,-0.00606217782649106,0.0217893682818044));
#4536=CARTESIAN_POINT('',(2.07922778399284E-17,-0.00808290376865476,0.0216227016151377));
#4537=CARTESIAN_POINT('',(-0.0035,-0.00606217782649108,0.0214560349484711));
#4538=CARTESIAN_POINT('',(-0.00699999999999999,-0.00404145188432738,0.0212893682818044));
#4539=CARTESIAN_POINT('',(-0.007,-6.00076931582203E-18,0.0211227016151378));
#4540=CARTESIAN_POINT('',(-0.00700000000000001,0.00404145188432738,0.0209560349484711));
#4541=CARTESIAN_POINT('',(-0.0035,0.00606217782649106,0.0207893682818044));
#4542=CARTESIAN_POINT('',(-2.17821480627383E-17,0.00808290376865476,0.0206227016151377));
#4543=CARTESIAN_POINT('',(0.0035,0.00606217782649108,0.0204560349484711));
#4544=CARTESIAN_POINT('',(0.00699999999999999,0.00404145188432738,0.0202893682818044));
#4545=CARTESIAN_POINT('',(0.007,6.85802207522518E-18,0.0201227016151378));
#4546=CARTESIAN_POINT('',(0.00700000000000001,-0.00404145188432738,0.0199560349484711));
#4547=CARTESIAN_POINT('',(0.0035,-0.00606217782649106,0.0197893682818044));
#4548=CARTESIAN_POINT('',(2.27720182855482E-17,-0.00808290376865476,0.0196227016151378));
#4549=CARTESIAN_POINT('',(-0.0035,-0.00606217782649108,0.0194560349484711));
#4550=CARTESIAN_POINT('',(-0.00699999999999999,-0.00404145188432738,0.0192893682818044));
#4551=CARTESIAN_POINT('',(-0.007,-3.25842705862318E-17,0.0191227016151378));
#4552=CARTESIAN_POINT('',(-0.00700000000000001,0.00404145188432738,0.0189560349484711));
#4553=CARTESIAN_POINT('',(-0.0035,0.00606217782649106,0.0187893682818044));
#4554=CARTESIAN_POINT('',(-2.37618885083581E-17,0.00808290376865476,0.0186227016151378));
#4555=CARTESIAN_POINT('',(0.0035,0.00606217782649108,0.0184560349484711));
#4556=CARTESIAN_POINT('',(0.00699999999999999,0.00404145188432738,0.0182893682818044));
#4557=CARTESIAN_POINT('',(0.007,3.3441523345635E-17,0.0181227016151378));
#4558=CARTESIAN_POINT('',(0.00700000000000001,-0.00404145188432738,0.0179560349484711));
#4559=CARTESIAN_POINT('',(0.0035,-0.00606217782649106,0.0177893682818044));
#4560=CARTESIAN_POINT('',(5.34680015144959E-17,-0.00808290376865476,0.0176227016151377));
#4561=CARTESIAN_POINT('',(-0.0035,-0.00606217782649108,0.0174560349484711));
#4562=CARTESIAN_POINT('',(-0.007,-0.00404145188432738,0.0172893682818044));
#4563=CARTESIAN_POINT('',(-0.007,-3.42987761050382E-17,0.0171227016151378));
#4564=CARTESIAN_POINT('',(-0.00700000000000001,0.00404145188432738,0.0169560349484711));
#4565=CARTESIAN_POINT('',(-0.0035,0.00606217782649105,0.0167893682818045));
#4566=CARTESIAN_POINT('',(-2.57416289539779E-17,0.00808290376865476,0.0166227016151378));
#4567=CARTESIAN_POINT('',(0.00349999999999995,0.0060621778264911,0.0164560349484711));
#4568=CARTESIAN_POINT('',(0.00699999999999999,0.00404145188432738,0.0162893682818044));
#4569=CARTESIAN_POINT('',(0.007,1.02870331128378E-17,0.0161227016151378));
#4570=CARTESIAN_POINT('',(-0.005387540751591,0.00446927339172111,0.0209));
#4571=CARTESIAN_POINT('',(0.,0.,0.0209));
#4572=CARTESIAN_POINT('',(-0.00609479801667314,-0.00610975163566015,0.0204));
#4573=CARTESIAN_POINT('',(-0.00609479801667314,0.00607469283520022,0.0204));
#4574=CARTESIAN_POINT('',(0.00609095936421723,-0.00610975163566015,0.0204));
#4575=CARTESIAN_POINT('',(0.00609095936421723,0.00607469283520022,0.0204));
#4576=CARTESIAN_POINT('',(0.,0.,0.0204));
#4577=CARTESIAN_POINT('',(-0.00403893901678531,-0.00443700029509682,0.0204));
#4578=CARTESIAN_POINT('',(0.,0.,0.0204));
#4579=CARTESIAN_POINT('',(-0.006,0.,0.0204));
#4580=CARTESIAN_POINT('',(0.,0.,0.0204));
#4581=CARTESIAN_POINT('',(0.0101000001341104,0.015588457500406,0.03805));
#4582=CARTESIAN_POINT('',(0.0101000001341104,0.015588457500406,0.0404));
#4583=CARTESIAN_POINT('',(0.0101000001341104,0.017788457500406,0.03805));
#4584=CARTESIAN_POINT('',(0.0101000001341104,0.017788457500406,0.0404));
#4585=CARTESIAN_POINT('',(0.00790000013411045,0.017788457500406,0.03805));
#4586=CARTESIAN_POINT('',(0.00790000013411045,0.017788457500406,0.0404));
#4587=CARTESIAN_POINT('',(0.00790000013411045,0.015588457500406,0.03805));
#4588=CARTESIAN_POINT('',(0.00790000013411045,0.015588457500406,0.0404));
#4589=CARTESIAN_POINT('',(0.0101000001341104,-0.015588457500406,0.03805));
#4590=CARTESIAN_POINT('',(0.0101000001341104,-0.015588457500406,0.0404));
#4591=CARTESIAN_POINT('',(0.0101000001341104,-0.013388457500406,0.03805));
#4592=CARTESIAN_POINT('',(0.0101000001341104,-0.013388457500406,0.0404));
#4593=CARTESIAN_POINT('',(0.00790000013411045,-0.013388457500406,0.03805));
#4594=CARTESIAN_POINT('',(0.00790000013411045,-0.013388457500406,0.0404));
#4595=CARTESIAN_POINT('',(0.00790000013411045,-0.015588457500406,0.03805));
#4596=CARTESIAN_POINT('',(0.00790000013411045,-0.015588457500406,0.0404));
#4597=CARTESIAN_POINT('',(-0.0169000002682209,0.,0.03805));
#4598=CARTESIAN_POINT('',(-0.0169000002682209,0.,0.0404));
#4599=CARTESIAN_POINT('',(-0.0169000002682209,0.0022,0.03805));
#4600=CARTESIAN_POINT('',(-0.0169000002682209,0.0022,0.0404));
#4601=CARTESIAN_POINT('',(-0.0191000002682209,0.0022,0.03805));
#4602=CARTESIAN_POINT('',(-0.0191000002682209,0.0022,0.0404));
#4603=CARTESIAN_POINT('',(-0.0191000002682209,1.34711147906209E-19,0.03805));
#4604=CARTESIAN_POINT('',(-0.0191000002682209,1.34711147906209E-19,0.0404));
#4605=CARTESIAN_POINT('',(0.0107500001341105,0.015588457500406,0.0374));
#4606=CARTESIAN_POINT('',(0.0107500001341105,0.012088457500406,0.0374));
#4607=CARTESIAN_POINT('',(0.00725000013411045,0.012088457500406,0.0374));
#4608=CARTESIAN_POINT('',(0.00725000013411045,0.015588457500406,0.0374));
#4609=CARTESIAN_POINT('',(0.0101000001341105,0.015588457500406,0.03805));
#4610=CARTESIAN_POINT('',(0.0101000001341105,0.013388457500406,0.03805));
#4611=CARTESIAN_POINT('',(0.00790000013411044,0.013388457500406,0.03805));
#4612=CARTESIAN_POINT('',(0.00790000013411045,0.015588457500406,0.03805));
#4613=CARTESIAN_POINT('',(-0.0162500002682209,0.,0.0374));
#4614=CARTESIAN_POINT('',(-0.0162500002682209,-0.0035,0.0374));
#4615=CARTESIAN_POINT('',(-0.0197500002682209,-0.0035,0.0374));
#4616=CARTESIAN_POINT('',(-0.0197500002682209,0.,0.0374));
#4617=CARTESIAN_POINT('',(-0.0169000002682209,0.,0.03805));
#4618=CARTESIAN_POINT('',(-0.0169000002682209,-0.00220000000000001,0.03805));
#4619=CARTESIAN_POINT('',(-0.0191000002682209,-0.00220000000000001,0.03805));
#4620=CARTESIAN_POINT('',(-0.0191000002682209,0.,0.03805));
#4621=CARTESIAN_POINT('',(0.0107500001341105,-0.015588457500406,0.0374));
#4622=CARTESIAN_POINT('',(0.0107500001341105,-0.019088457500406,0.0374));
#4623=CARTESIAN_POINT('',(0.00725000013411045,-0.019088457500406,0.0374));
#4624=CARTESIAN_POINT('',(0.00725000013411045,-0.015588457500406,0.0374));
#4625=CARTESIAN_POINT('',(0.0101000001341105,-0.015588457500406,0.03805));
#4626=CARTESIAN_POINT('',(0.0101000001341105,-0.017788457500406,0.03805));
#4627=CARTESIAN_POINT('',(0.00790000013411045,-0.017788457500406,0.03805));
#4628=CARTESIAN_POINT('',(0.00790000013411045,-0.015588457500406,0.03805));
#4629=CARTESIAN_POINT('',(-0.0064323169616239,0.00460896420025386,0.0374012768193108));
#4630=CARTESIAN_POINT('',(-0.0064323169616239,0.00460896420025386,0.0373731867944729));
#4631=CARTESIAN_POINT('',(-0.00670670741893234,0.00508118983890567,0.0374012768193108));
#4632=CARTESIAN_POINT('',(-0.00670670741893234,0.00508118983890567,0.0373731867944729));
#4633=CARTESIAN_POINT('',(-0.00636293743259396,0.00550558278577798,0.0374012768193108));
#4634=CARTESIAN_POINT('',(-0.00636293743259396,0.00550558278577798,0.0373731867944729));
#4635=CARTESIAN_POINT('',(-0.00584403216091034,0.00533521701491718,0.0374012768193108));
#4636=CARTESIAN_POINT('',(-0.00584403216091034,0.00533521701491718,0.0373731867944729));
#4637=CARTESIAN_POINT('',(-0.007,0.,0.0364));
#4638=CARTESIAN_POINT('',(-0.007,-0.014,0.0364));
#4639=CARTESIAN_POINT('',(0.007,-0.014,0.0364));
#4640=CARTESIAN_POINT('',(0.007,0.,0.0364));
#4641=CARTESIAN_POINT('',(-0.007,0.,0.0369736221072213));
#4642=CARTESIAN_POINT('',(-0.007,-0.014,0.0369736221072213));
#4643=CARTESIAN_POINT('',(0.007,-0.014,0.0369736221072213));
#4644=CARTESIAN_POINT('',(0.007,0.,0.0369736221072213));
#4645=CARTESIAN_POINT('',(-0.00740215297091003,0.,0.0374));
#4646=CARTESIAN_POINT('',(-0.00740215297091004,-0.0148043059418201,0.0374));
#4647=CARTESIAN_POINT('',(0.00740215297091004,-0.0148043059418201,0.0374));
#4648=CARTESIAN_POINT('',(0.00740215297091003,0.,0.0374));
#4649=CARTESIAN_POINT('',(-0.00799999999999999,0.,0.0374));
#4650=CARTESIAN_POINT('',(-0.00799999999999999,-0.016,0.0374));
#4651=CARTESIAN_POINT('',(0.00799999999999999,-0.016,0.0374));
#4652=CARTESIAN_POINT('',(0.00799999999999999,0.,0.0374));
#4653=CARTESIAN_POINT('',(0.007,0.,0.0294));
#4654=CARTESIAN_POINT('',(0.007,-0.00404145188432738,0.0292333333333333));
#4655=CARTESIAN_POINT('',(0.0035,-0.00606217782649107,0.0290666666666667));
#4656=CARTESIAN_POINT('',(4.94935111404956E-19,-0.00808290376865476,0.0289));
#4657=CARTESIAN_POINT('',(-0.0035,-0.00606217782649107,0.0287333333333334));
#4658=CARTESIAN_POINT('',(-0.007,-0.00404145188432738,0.0285666666666666));
#4659=CARTESIAN_POINT('',(-0.007,-8.57252759403147E-19,0.0284));
#4660=CARTESIAN_POINT('',(-0.007,0.00404145188432738,0.0282333333333333));
#4661=CARTESIAN_POINT('',(-0.0035,0.00606217782649107,0.0280666666666667));
#4662=CARTESIAN_POINT('',(-1.48480533421487E-18,0.00808290376865476,0.0279));
#4663=CARTESIAN_POINT('',(0.0035,0.00606217782649107,0.0277333333333333));
#4664=CARTESIAN_POINT('',(0.007,0.00404145188432738,0.0275666666666667));
#4665=CARTESIAN_POINT('',(0.007,0.,0.0274));
#4666=CARTESIAN_POINT('',(0.007,-0.00404145188432738,0.0272333333333333));
#4667=CARTESIAN_POINT('',(0.0035,-0.00606217782649107,0.0270666666666667));
#4668=CARTESIAN_POINT('',(4.94935111404956E-19,-0.00808290376865476,0.0269));
#4669=CARTESIAN_POINT('',(-0.0035,-0.00606217782649107,0.0267333333333333));
#4670=CARTESIAN_POINT('',(-0.007,-0.00404145188432738,0.0265666666666667));
#4671=CARTESIAN_POINT('',(-0.007,-8.57252759403147E-19,0.0264));
#4672=CARTESIAN_POINT('',(-0.007,0.00404145188432738,0.0262333333333334));
#4673=CARTESIAN_POINT('',(-0.0035,0.00606217782649107,0.0260666666666667));
#4674=CARTESIAN_POINT('',(-1.48480533421487E-18,0.00808290376865476,0.0259));
#4675=CARTESIAN_POINT('',(0.0035,0.00606217782649107,0.0257333333333334));
#4676=CARTESIAN_POINT('',(0.007,0.00404145188432738,0.0255666666666667));
#4677=CARTESIAN_POINT('',(0.007,0.,0.0254));
#4678=CARTESIAN_POINT('',(0.007,-0.00404145188432738,0.0252333333333333));
#4679=CARTESIAN_POINT('',(0.0035,-0.00606217782649107,0.0250666666666667));
#4680=CARTESIAN_POINT('',(4.94935111404956E-19,-0.00808290376865476,0.0249));
#4681=CARTESIAN_POINT('',(-0.0035,-0.00606217782649107,0.0247333333333334));
#4682=CARTESIAN_POINT('',(-0.007,-0.00404145188432738,0.0245666666666666));
#4683=CARTESIAN_POINT('',(-0.007,-8.57252759403147E-19,0.0244));
#4684=CARTESIAN_POINT('',(-0.007,0.00404145188432738,0.0242333333333333));
#4685=CARTESIAN_POINT('',(-0.0035,0.00606217782649107,0.0240666666666667));
#4686=CARTESIAN_POINT('',(-1.48480533421487E-18,0.00808290376865476,0.0239));
#4687=CARTESIAN_POINT('',(0.0035,0.00606217782649107,0.0237333333333333));
#4688=CARTESIAN_POINT('',(0.007,0.00404145188432738,0.0235666666666667));
#4689=CARTESIAN_POINT('',(0.007,0.,0.0234));
#4690=CARTESIAN_POINT('',(0.007,-0.00404145188432738,0.0232333333333333));
#4691=CARTESIAN_POINT('',(0.0035,-0.00606217782649107,0.0230666666666667));
#4692=CARTESIAN_POINT('',(4.94935111404956E-19,-0.00808290376865476,0.0229));
#4693=CARTESIAN_POINT('',(-0.0035,-0.00606217782649107,0.0227333333333333));
#4694=CARTESIAN_POINT('',(-0.007,-0.00404145188432738,0.0225666666666667));
#4695=CARTESIAN_POINT('',(-0.007,-8.57252759403147E-19,0.0224));
#4696=CARTESIAN_POINT('',(-0.007,0.00404145188432738,0.0222333333333333));
#4697=CARTESIAN_POINT('',(-0.0035,0.00606217782649107,0.0220666666666667));
#4698=CARTESIAN_POINT('',(-1.48480533421487E-18,0.00808290376865476,0.0219));
#4699=CARTESIAN_POINT('',(0.0035,0.00606217782649107,0.0217333333333334));
#4700=CARTESIAN_POINT('',(0.007,0.00404145188432738,0.0215666666666667));
#4701=CARTESIAN_POINT('',(0.007,0.,0.0214));
#4702=CARTESIAN_POINT('',(0.007,-0.00404145188432738,0.0212333333333334));
#4703=CARTESIAN_POINT('',(0.0035,-0.00606217782649107,0.0210666666666667));
#4704=CARTESIAN_POINT('',(4.94935111404956E-19,-0.00808290376865476,0.0209));
#4705=CARTESIAN_POINT('',(-0.0035,-0.00606217782649107,0.0207333333333334));
#4706=CARTESIAN_POINT('',(-0.00466959928879321,-0.00538690936226232,0.0206776381291051));
#4707=CARTESIAN_POINT('',(-0.00550403707987291,-0.00432499431483835,0.0206139779241875));
#4708=CARTESIAN_POINT('',(0.006,0.,0.0291320508075689));
#4709=CARTESIAN_POINT('',(0.006,-0.00346410161513775,0.0289653841409022));
#4710=CARTESIAN_POINT('',(0.003,-0.00519615242270663,0.0287987174742356));
#4711=CARTESIAN_POINT('',(4.24230095489963E-19,-0.00692820323027551,0.0286320508075689));
#4712=CARTESIAN_POINT('',(-0.003,-0.00519615242270663,0.0284653841409022));
#4713=CARTESIAN_POINT('',(-0.006,-0.00346410161513775,0.0282987174742356));
#4714=CARTESIAN_POINT('',(-0.006,-7.34788079488412E-19,0.0281320508075689));
#4715=CARTESIAN_POINT('',(-0.006,0.00346410161513775,0.0279653841409022));
#4716=CARTESIAN_POINT('',(-0.003,0.00519615242270663,0.0277987174742356));
#4717=CARTESIAN_POINT('',(-1.27269028646989E-18,0.00692820323027551,0.0276320508075689));
#4718=CARTESIAN_POINT('',(0.003,0.00519615242270663,0.0274653841409022));
#4719=CARTESIAN_POINT('',(0.006,0.00346410161513775,0.0272987174742355));
#4720=CARTESIAN_POINT('',(0.006,0.,0.0271320508075689));
#4721=CARTESIAN_POINT('',(0.006,-0.00346410161513775,0.0269653841409022));
#4722=CARTESIAN_POINT('',(0.003,-0.00519615242270663,0.0267987174742356));
#4723=CARTESIAN_POINT('',(4.24230095489963E-19,-0.00692820323027551,0.0266320508075689));
#4724=CARTESIAN_POINT('',(-0.003,-0.00519615242270663,0.0264653841409022));
#4725=CARTESIAN_POINT('',(-0.006,-0.00346410161513775,0.0262987174742355));
#4726=CARTESIAN_POINT('',(-0.006,-7.34788079488412E-19,0.0261320508075689));
#4727=CARTESIAN_POINT('',(-0.006,0.00346410161513775,0.0259653841409022));
#4728=CARTESIAN_POINT('',(-0.003,0.00519615242270663,0.0257987174742356));
#4729=CARTESIAN_POINT('',(-1.27269028646989E-18,0.00692820323027551,0.0256320508075689));
#4730=CARTESIAN_POINT('',(0.003,0.00519615242270663,0.0254653841409022));
#4731=CARTESIAN_POINT('',(0.006,0.00346410161513775,0.0252987174742355));
#4732=CARTESIAN_POINT('',(0.006,0.,0.0251320508075689));
#4733=CARTESIAN_POINT('',(0.006,-0.00346410161513775,0.0249653841409022));
#4734=CARTESIAN_POINT('',(0.003,-0.00519615242270663,0.0247987174742356));
#4735=CARTESIAN_POINT('',(4.24230095489963E-19,-0.00692820323027551,0.0246320508075689));
#4736=CARTESIAN_POINT('',(-0.003,-0.00519615242270663,0.0244653841409022));
#4737=CARTESIAN_POINT('',(-0.006,-0.00346410161513775,0.0242987174742356));
#4738=CARTESIAN_POINT('',(-0.006,-7.34788079488412E-19,0.0241320508075689));
#4739=CARTESIAN_POINT('',(-0.006,0.00346410161513775,0.0239653841409022));
#4740=CARTESIAN_POINT('',(-0.003,0.00519615242270663,0.0237987174742356));
#4741=CARTESIAN_POINT('',(-1.27269028646989E-18,0.00692820323027551,0.0236320508075689));
#4742=CARTESIAN_POINT('',(0.003,0.00519615242270663,0.0234653841409022));
#4743=CARTESIAN_POINT('',(0.006,0.00346410161513775,0.0232987174742355));
#4744=CARTESIAN_POINT('',(0.006,0.,0.0231320508075689));
#4745=CARTESIAN_POINT('',(0.006,-0.00346410161513775,0.0229653841409022));
#4746=CARTESIAN_POINT('',(0.003,-0.00519615242270663,0.0227987174742356));
#4747=CARTESIAN_POINT('',(4.24230095489963E-19,-0.00692820323027551,0.0226320508075688));
#4748=CARTESIAN_POINT('',(-0.003,-0.00519615242270663,0.0224653841409022));
#4749=CARTESIAN_POINT('',(-0.006,-0.00346410161513775,0.0222987174742355));
#4750=CARTESIAN_POINT('',(-0.006,-7.34788079488412E-19,0.0221320508075689));
#4751=CARTESIAN_POINT('',(-0.006,0.00346410161513775,0.0219653841409022));
#4752=CARTESIAN_POINT('',(-0.003,0.00519615242270663,0.0217987174742356));
#4753=CARTESIAN_POINT('',(-1.27269028646989E-18,0.00692820323027551,0.0216320508075689));
#4754=CARTESIAN_POINT('',(0.003,0.00519615242270663,0.0214653841409022));
#4755=CARTESIAN_POINT('',(0.006,0.00346410161513775,0.0212987174742355));
#4756=CARTESIAN_POINT('',(0.006,0.,0.0211320508075689));
#4757=CARTESIAN_POINT('',(0.006,-0.00346410161513775,0.0209653841409022));
#4758=CARTESIAN_POINT('',(0.003,-0.00519615242270663,0.0207987174742355));
#4759=CARTESIAN_POINT('',(4.24230095489963E-19,-0.00692820323027551,0.0206320508075689));
#4760=CARTESIAN_POINT('',(-0.003,-0.00519615242270663,0.0204653841409022));
#4761=CARTESIAN_POINT('',(-0.00400251367610846,-0.00461735088193913,0.020409688936674));
#4762=CARTESIAN_POINT('',(-0.0047177460684625,-0.00370713798414716,0.0203460287317564));
#4763=CARTESIAN_POINT('',(2.29155816929654E-17,-0.007,0.0209));
#4764=CARTESIAN_POINT('',(-0.000804659736168017,-0.00683487611745399,0.020817438058727));
#4765=CARTESIAN_POINT('',(-0.00232261549782168,-0.00622373055385393,0.0206474507757862));
#4766=CARTESIAN_POINT('',(-0.00357011961752604,-0.00511054033112893,0.0204912470312617));
#4767=CARTESIAN_POINT('',(-0.0040389390167853,-0.00443700029509683,0.0204));
#4768=CARTESIAN_POINT('',(0.006,0.,0.0291320508075689));
#4769=CARTESIAN_POINT('',(0.006,-0.00346410161513775,0.0289653841409022));
#4770=CARTESIAN_POINT('',(0.003,-0.00519615242270663,0.0287987174742356));
#4771=CARTESIAN_POINT('',(4.24230095489963E-19,-0.00692820323027551,0.0286320508075689));
#4772=CARTESIAN_POINT('',(-0.003,-0.00519615242270663,0.0284653841409022));
#4773=CARTESIAN_POINT('',(-0.006,-0.00346410161513775,0.0282987174742356));
#4774=CARTESIAN_POINT('',(-0.006,-7.34788079488412E-19,0.0281320508075689));
#4775=CARTESIAN_POINT('',(-0.006,0.00346410161513775,0.0279653841409022));
#4776=CARTESIAN_POINT('',(-0.003,0.00519615242270663,0.0277987174742356));
#4777=CARTESIAN_POINT('',(-1.27269028646989E-18,0.00692820323027551,0.0276320508075689));
#4778=CARTESIAN_POINT('',(0.003,0.00519615242270663,0.0274653841409022));
#4779=CARTESIAN_POINT('',(0.006,0.00346410161513775,0.0272987174742355));
#4780=CARTESIAN_POINT('',(0.006,1.46957615897682E-18,0.0271320508075689));
#4781=CARTESIAN_POINT('',(0.006,-0.00346410161513775,0.0269653841409022));
#4782=CARTESIAN_POINT('',(0.003,-0.00519615242270663,0.0267987174742356));
#4783=CARTESIAN_POINT('',(8.27463107387721E-18,-0.00692820323027551,0.0266320508075689));
#4784=CARTESIAN_POINT('',(-0.003,-0.00519615242270664,0.0264653841409022));
#4785=CARTESIAN_POINT('',(-0.006,-0.00346410161513775,0.0262987174742355));
#4786=CARTESIAN_POINT('',(-0.006,-2.20436423846524E-18,0.0261320508075689));
#4787=CARTESIAN_POINT('',(-0.006,0.00346410161513775,0.0259653841409022));
#4788=CARTESIAN_POINT('',(-0.003,0.00519615242270663,0.0257987174742356));
#4789=CARTESIAN_POINT('',(-2.96961066842974E-18,0.00692820323027551,0.0256320508075689));
#4790=CARTESIAN_POINT('',(0.003,0.00519615242270664,0.0254653841409022));
#4791=CARTESIAN_POINT('',(0.006,0.00346410161513775,0.0252987174742355));
#4792=CARTESIAN_POINT('',(0.006,2.93915231795365E-18,0.0251320508075689));
#4793=CARTESIAN_POINT('',(0.006,-0.00346410161513775,0.0249653841409022));
#4794=CARTESIAN_POINT('',(0.003,-0.00519615242270663,0.0247987174742356));
#4795=CARTESIAN_POINT('',(1.61250320522645E-17,-0.00692820323027551,0.0246320508075689));
#4796=CARTESIAN_POINT('',(-0.003,-0.00519615242270664,0.0244653841409022));
#4797=CARTESIAN_POINT('',(-0.006,-0.00346410161513775,0.0242987174742356));
#4798=CARTESIAN_POINT('',(-0.006,-1.43320814338436E-17,0.0241320508075689));
#4799=CARTESIAN_POINT('',(-0.00600000000000001,0.00346410161513775,0.0239653841409022));
#4800=CARTESIAN_POINT('',(-0.003,0.00519615242270663,0.0237987174742356));
#4801=CARTESIAN_POINT('',(-1.69734922432444E-17,0.00692820323027551,0.0236320508075689));
#4802=CARTESIAN_POINT('',(0.003,0.00519615242270664,0.0234653841409022));
#4803=CARTESIAN_POINT('',(0.00599999999999998,0.00346410161513775,0.0232987174742355));
#4804=CARTESIAN_POINT('',(0.006,4.40872847693047E-18,0.0231320508075689));
#4805=CARTESIAN_POINT('',(0.00600000000000001,-0.00346410161513775,0.0229653841409022));
#4806=CARTESIAN_POINT('',(0.003,-0.00519615242270663,0.0227987174742356));
#4807=CARTESIAN_POINT('',(1.78219524342243E-17,-0.00692820323027551,0.0226320508075688));
#4808=CARTESIAN_POINT('',(-0.003,-0.00519615242270664,0.0224653841409022));
#4809=CARTESIAN_POINT('',(-0.00599999999999998,-0.00346410161513775,0.0222987174742355));
#4810=CARTESIAN_POINT('',(-0.006,-5.14351655641888E-18,0.0221320508075689));
#4811=CARTESIAN_POINT('',(-0.00600000000000001,0.00346410161513775,0.0219653841409022));
#4812=CARTESIAN_POINT('',(-0.003,0.00519615242270663,0.0217987174742356));
#4813=CARTESIAN_POINT('',(-1.86704126252043E-17,0.00692820323027551,0.0216320508075689));
#4814=CARTESIAN_POINT('',(0.003,0.00519615242270664,0.0214653841409022));
#4815=CARTESIAN_POINT('',(0.00599999999999998,0.00346410161513775,0.0212987174742355));
#4816=CARTESIAN_POINT('',(0.006,5.8783046359073E-18,0.0211320508075689));
#4817=CARTESIAN_POINT('',(0.00600000000000001,-0.00346410161513775,0.0209653841409022));
#4818=CARTESIAN_POINT('',(0.003,-0.00519615242270663,0.0207987174742355));
#4819=CARTESIAN_POINT('',(1.95188728161842E-17,-0.00692820323027551,0.0206320508075689));
#4820=CARTESIAN_POINT('',(-0.003,-0.00519615242270664,0.0204653841409022));
#4821=CARTESIAN_POINT('',(-0.00599999999999998,-0.00346410161513775,0.0202987174742356));
#4822=CARTESIAN_POINT('',(-0.006,-2.79293747881987E-17,0.0201320508075689));
#4823=CARTESIAN_POINT('',(-0.00600000000000001,0.00346410161513775,0.0199653841409022));
#4824=CARTESIAN_POINT('',(-0.003,0.00519615242270663,0.0197987174742356));
#4825=CARTESIAN_POINT('',(-2.03673330071641E-17,0.00692820323027551,0.0196320508075689));
#4826=CARTESIAN_POINT('',(0.003,0.00519615242270664,0.0194653841409022));
#4827=CARTESIAN_POINT('',(0.00599999999999998,0.00346410161513775,0.0192987174742355));
#4828=CARTESIAN_POINT('',(0.006,2.86641628676871E-17,0.0191320508075689));
#4829=CARTESIAN_POINT('',(0.00600000000000001,-0.00346410161513775,0.0189653841409022));
#4830=CARTESIAN_POINT('',(0.003,-0.00519615242270662,0.0187987174742355));
#4831=CARTESIAN_POINT('',(4.58297155838536E-17,-0.00692820323027551,0.0186320508075689));
#4832=CARTESIAN_POINT('',(-0.003,-0.00519615242270664,0.0184653841409022));
#4833=CARTESIAN_POINT('',(-0.006,-0.00346410161513775,0.0182987174742355));
#4834=CARTESIAN_POINT('',(-0.006,-2.93989509471756E-17,0.0181320508075689));
#4835=CARTESIAN_POINT('',(-0.00600000000000001,0.00346410161513775,0.0179653841409022));
#4836=CARTESIAN_POINT('',(-0.003,0.00519615242270661,0.0177987174742355));
#4837=CARTESIAN_POINT('',(-2.2064253389124E-17,0.00692820323027551,0.0176320508075689));
#4838=CARTESIAN_POINT('',(0.00299999999999996,0.00519615242270665,0.0174653841409022));
#4839=CARTESIAN_POINT('',(0.00599999999999998,0.00346410161513775,0.0172987174742355));
#4840=CARTESIAN_POINT('',(0.006,8.81745695386094E-18,0.0171320508075689));
#4841=CARTESIAN_POINT('',(0.0065,0.,0.0292660254037844));
#4842=CARTESIAN_POINT('',(0.006,0.,0.0283906508075689));
#4843=CARTESIAN_POINT('',(0.006,-0.00346410161513775,0.0282239841409022));
#4844=CARTESIAN_POINT('',(0.003,-0.00519615242270663,0.0280573174742356));
#4845=CARTESIAN_POINT('',(4.24230095489963E-19,-0.00692820323027551,0.0278906508075688));
#4846=CARTESIAN_POINT('',(-0.003,-0.00519615242270663,0.0277239841409022));
#4847=CARTESIAN_POINT('',(-0.006,-0.00346410161513775,0.0275573174742355));
#4848=CARTESIAN_POINT('',(-0.006,-7.34788079488412E-19,0.0273906508075689));
#4849=CARTESIAN_POINT('',(-0.006,0.00346410161513775,0.0272239841409022));
#4850=CARTESIAN_POINT('',(-0.003,0.00519615242270663,0.0270573174742356));
#4851=CARTESIAN_POINT('',(-1.27269028646989E-18,0.00692820323027551,0.0268906508075689));
#4852=CARTESIAN_POINT('',(0.003,0.00519615242270663,0.0267239841409022));
#4853=CARTESIAN_POINT('',(0.006,0.00346410161513775,0.0265573174742355));
#4854=CARTESIAN_POINT('',(0.006,0.,0.0263906508075689));
#4855=CARTESIAN_POINT('',(0.006,-0.00346410161513775,0.0262239841409022));
#4856=CARTESIAN_POINT('',(0.003,-0.00519615242270663,0.0260573174742356));
#4857=CARTESIAN_POINT('',(4.24230095489963E-19,-0.00692820323027551,0.0258906508075689));
#4858=CARTESIAN_POINT('',(-0.003,-0.00519615242270663,0.0257239841409022));
#4859=CARTESIAN_POINT('',(-0.006,-0.00346410161513775,0.0255573174742356));
#4860=CARTESIAN_POINT('',(-0.006,-7.34788079488412E-19,0.0253906508075689));
#4861=CARTESIAN_POINT('',(-0.006,0.00346410161513775,0.0252239841409022));
#4862=CARTESIAN_POINT('',(-0.003,0.00519615242270663,0.0250573174742356));
#4863=CARTESIAN_POINT('',(-1.27269028646989E-18,0.00692820323027551,0.0248906508075689));
#4864=CARTESIAN_POINT('',(0.003,0.00519615242270663,0.0247239841409022));
#4865=CARTESIAN_POINT('',(0.006,0.00346410161513775,0.0245573174742356));
#4866=CARTESIAN_POINT('',(0.006,0.,0.0243906508075689));
#4867=CARTESIAN_POINT('',(0.006,-0.00346410161513775,0.0242239841409022));
#4868=CARTESIAN_POINT('',(0.003,-0.00519615242270663,0.0240573174742356));
#4869=CARTESIAN_POINT('',(4.24230095489963E-19,-0.00692820323027551,0.0238906508075689));
#4870=CARTESIAN_POINT('',(-0.003,-0.00519615242270663,0.0237239841409022));
#4871=CARTESIAN_POINT('',(-0.006,-0.00346410161513775,0.0235573174742355));
#4872=CARTESIAN_POINT('',(-0.006,-7.34788079488412E-19,0.0233906508075689));
#4873=CARTESIAN_POINT('',(-0.006,0.00346410161513775,0.0232239841409022));
#4874=CARTESIAN_POINT('',(-0.003,0.00519615242270663,0.0230573174742356));
#4875=CARTESIAN_POINT('',(-1.27269028646989E-18,0.00692820323027551,0.0228906508075689));
#4876=CARTESIAN_POINT('',(0.003,0.00519615242270663,0.0227239841409022));
#4877=CARTESIAN_POINT('',(0.006,0.00346410161513775,0.0225573174742355));
#4878=CARTESIAN_POINT('',(0.006,0.,0.0223906508075689));
#4879=CARTESIAN_POINT('',(0.006,-0.00346410161513775,0.0222239841409022));
#4880=CARTESIAN_POINT('',(0.003,-0.00519615242270663,0.0220573174742356));
#4881=CARTESIAN_POINT('',(4.24230095489963E-19,-0.00692820323027551,0.0218906508075689));
#4882=CARTESIAN_POINT('',(-0.003,-0.00519615242270663,0.0217239841409022));
#4883=CARTESIAN_POINT('',(-0.006,-0.00346410161513775,0.0215573174742356));
#4884=CARTESIAN_POINT('',(-0.006,-7.34788079488412E-19,0.0213906508075689));
#4885=CARTESIAN_POINT('',(-0.006,0.00346410161513775,0.0212239841409022));
#4886=CARTESIAN_POINT('',(-0.003,0.00519615242270663,0.0210573174742355));
#4887=CARTESIAN_POINT('',(-1.27269028646989E-18,0.00692820323027551,0.0208906508075689));
#4888=CARTESIAN_POINT('',(0.003,0.00519615242270663,0.0207239841409022));
#4889=CARTESIAN_POINT('',(0.006,0.00346410161513775,0.0205573174742356));
#4890=CARTESIAN_POINT('',(0.006,0.,0.0203906508075689));
#4891=CARTESIAN_POINT('',(0.006,-0.000340649131100848,0.0203742613186072));
#4892=CARTESIAN_POINT('',(0.00596144367168551,-0.000679109232245235,0.0203569061402786));
#4893=CARTESIAN_POINT('',(0.007,0.,0.0281227016151377));
#4894=CARTESIAN_POINT('',(0.007,-0.00404145188432738,0.0279560349484711));
#4895=CARTESIAN_POINT('',(0.0035,-0.00606217782649107,0.0277893682818044));
#4896=CARTESIAN_POINT('',(4.94935111404956E-19,-0.00808290376865476,0.0276227016151378));
#4897=CARTESIAN_POINT('',(-0.0035,-0.00606217782649107,0.0274560349484711));
#4898=CARTESIAN_POINT('',(-0.007,-0.00404145188432738,0.0272893682818044));
#4899=CARTESIAN_POINT('',(-0.007,-8.57252759403147E-19,0.0271227016151377));
#4900=CARTESIAN_POINT('',(-0.007,0.00404145188432738,0.0269560349484711));
#4901=CARTESIAN_POINT('',(-0.0035,0.00606217782649107,0.0267893682818044));
#4902=CARTESIAN_POINT('',(-1.48480533421487E-18,0.00808290376865476,0.0266227016151377));
#4903=CARTESIAN_POINT('',(0.0035,0.00606217782649107,0.0264560349484711));
#4904=CARTESIAN_POINT('',(0.007,0.00404145188432738,0.0262893682818044));
#4905=CARTESIAN_POINT('',(0.007,0.,0.0261227016151377));
#4906=CARTESIAN_POINT('',(0.007,-0.00404145188432738,0.0259560349484711));
#4907=CARTESIAN_POINT('',(0.0035,-0.00606217782649107,0.0257893682818044));
#4908=CARTESIAN_POINT('',(4.94935111404956E-19,-0.00808290376865476,0.0256227016151377));
#4909=CARTESIAN_POINT('',(-0.0035,-0.00606217782649107,0.0254560349484711));
#4910=CARTESIAN_POINT('',(-0.007,-0.00404145188432738,0.0252893682818044));
#4911=CARTESIAN_POINT('',(-0.007,-8.57252759403147E-19,0.0251227016151377));
#4912=CARTESIAN_POINT('',(-0.007,0.00404145188432738,0.0249560349484711));
#4913=CARTESIAN_POINT('',(-0.0035,0.00606217782649107,0.0247893682818044));
#4914=CARTESIAN_POINT('',(-1.48480533421487E-18,0.00808290376865476,0.0246227016151378));
#4915=CARTESIAN_POINT('',(0.0035,0.00606217782649107,0.0244560349484711));
#4916=CARTESIAN_POINT('',(0.007,0.00404145188432738,0.0242893682818044));
#4917=CARTESIAN_POINT('',(0.007,0.,0.0241227016151377));
#4918=CARTESIAN_POINT('',(0.007,-0.00404145188432738,0.0239560349484711));
#4919=CARTESIAN_POINT('',(0.0035,-0.00606217782649107,0.0237893682818044));
#4920=CARTESIAN_POINT('',(4.94935111404956E-19,-0.00808290376865476,0.0236227016151378));
#4921=CARTESIAN_POINT('',(-0.0035,-0.00606217782649107,0.0234560349484711));
#4922=CARTESIAN_POINT('',(-0.007,-0.00404145188432738,0.0232893682818044));
#4923=CARTESIAN_POINT('',(-0.007,-8.57252759403147E-19,0.0231227016151377));
#4924=CARTESIAN_POINT('',(-0.007,0.00404145188432738,0.0229560349484711));
#4925=CARTESIAN_POINT('',(-0.0035,0.00606217782649107,0.0227893682818044));
#4926=CARTESIAN_POINT('',(-1.48480533421487E-18,0.00808290376865476,0.0226227016151378));
#4927=CARTESIAN_POINT('',(0.0035,0.00606217782649107,0.0224560349484711));
#4928=CARTESIAN_POINT('',(0.007,0.00404145188432738,0.0222893682818044));
#4929=CARTESIAN_POINT('',(0.007,0.,0.0221227016151377));
#4930=CARTESIAN_POINT('',(0.007,-0.00404145188432738,0.0219560349484711));
#4931=CARTESIAN_POINT('',(0.0035,-0.00606217782649107,0.0217893682818044));
#4932=CARTESIAN_POINT('',(4.94935111404956E-19,-0.00808290376865476,0.0216227016151377));
#4933=CARTESIAN_POINT('',(-0.0035,-0.00606217782649107,0.0214560349484711));
#4934=CARTESIAN_POINT('',(-0.007,-0.00404145188432738,0.0212893682818044));
#4935=CARTESIAN_POINT('',(-0.007,-8.57252759403147E-19,0.0211227016151378));
#4936=CARTESIAN_POINT('',(-0.007,0.00404145188432738,0.0209560349484711));
#4937=CARTESIAN_POINT('',(-0.0035,0.00606217782649107,0.0207893682818044));
#4938=CARTESIAN_POINT('',(-1.48480533421487E-18,0.00808290376865476,0.0206227016151377));
#4939=CARTESIAN_POINT('',(0.0035,0.00606217782649107,0.0204560349484711));
#4940=CARTESIAN_POINT('',(0.007,0.00404145188432738,0.0202893682818044));
#4941=CARTESIAN_POINT('',(0.007,0.,0.0201227016151378));
#4942=CARTESIAN_POINT('',(0.007,-0.000397423986284323,0.0201063121261761));
#4943=CARTESIAN_POINT('',(0.00695501761696644,-0.000792294104286107,0.0200889569478474));
#4944=CARTESIAN_POINT('',(0.00599691004984335,0.000192535332050576,0.0204));
#4945=CARTESIAN_POINT('',(0.00603873967478278,0.001515896457464,0.0204421368559904));
#4946=CARTESIAN_POINT('',(0.00526155075375489,0.00414362332205068,0.0205395234724274));
#4947=CARTESIAN_POINT('',(0.00196492198908301,0.00663677908590795,0.0206554143770876));
#4948=CARTESIAN_POINT('',(-0.0021436879692877,0.00683904938230228,0.0207899806615203));
#4949=CARTESIAN_POINT('',(-0.00448211934126917,0.00543427455656612,0.0208596328059678));
#4950=CARTESIAN_POINT('',(-0.00538754075159097,0.00446927339172114,0.0209));
#4951=CARTESIAN_POINT('',(0.0065,0.,0.0282566762113533));
#4952=CARTESIAN_POINT('',(0.006,7.34788079488412E-19,0.0211364431124143));
#4953=CARTESIAN_POINT('',(0.006,7.34788079488412E-19,0.0204));
#4954=CARTESIAN_POINT('',(0.006,-0.00521708235570992,0.0211364431124143));
#4955=CARTESIAN_POINT('',(0.006,-0.00521708235570991,0.0204));
#4956=CARTESIAN_POINT('',(0.00106215278711054,-0.00921776316354332,0.0211364431124143));
#4957=CARTESIAN_POINT('',(0.00106215278711054,-0.00921776316354332,0.0204));
#4958=CARTESIAN_POINT('',(-0.00410256522127289,-0.00437823692885642,0.0211364431124143));
#4959=CARTESIAN_POINT('',(-0.00410256522127289,-0.00437823692885642,0.0204));
#4960=CARTESIAN_POINT('',(0.006,0.,0.0291320508075689));
#4961=CARTESIAN_POINT('',(0.00600520778112208,0.000196297441717734,0.0291424695841662));
#4962=CARTESIAN_POINT('',(0.00600076837002232,0.000393185087239307,0.0291528925301686));
#4963=CARTESIAN_POINT('',(0.00593024580822449,0.00137504425532722,0.0292049694954102));
#4964=CARTESIAN_POINT('',(0.00571713925500139,0.00215352382408115,0.0292466733207931));
#4965=CARTESIAN_POINT('',(0.00500406367964896,0.0035762042862477,0.0293299963130027));
#4966=CARTESIAN_POINT('',(0.00450400874437048,0.00422034558595377,0.0293716999372295));
#4967=CARTESIAN_POINT('',(0.00328817724429916,0.00527229140272652,0.0294550227911511));
#4968=CARTESIAN_POINT('',(0.00257234890012433,0.00568000405290725,0.0294967259821441));
#4969=CARTESIAN_POINT('',(0.00103086795608973,0.00619142156837327,0.0295800487041284));
#4970=CARTESIAN_POINT('',(0.000205208756891731,0.00629501987846136,0.0296217514716488));
#4971=CARTESIAN_POINT('',(-0.00143093777177382,0.0061760811301795,0.0297050740705682));
#4972=CARTESIAN_POINT('',(-0.00224138408649619,0.00595344370666299,0.0297467764245436));
#4973=CARTESIAN_POINT('',(-0.00372193782449847,0.00520978490809341,0.0298300989050463));
#4974=CARTESIAN_POINT('',(-0.0043919633245174,0.00468868948625639,0.0298718008547437));
#4975=CARTESIAN_POINT('',(-0.00548566919493985,0.00342245233693983,0.0299551232257315));
#4976=CARTESIAN_POINT('',(-0.00590924148886144,0.00267727845866911,0.0299968247796942));
#4977=CARTESIAN_POINT('',(-0.00643994585860098,0.00107324648520255,0.030080147046017));
#4978=CARTESIAN_POINT('',(-0.00654696391490421,0.000214406132882944,0.0301218482136942));
#4979=CARTESIAN_POINT('',(-0.00642190163190792,-0.00148691016886496,0.0302051703812683));
#4980=CARTESIAN_POINT('',(-0.00618972334766475,-0.00232931975362594,0.0302468711709837));
#4981=CARTESIAN_POINT('',(-0.00541546344968931,-0.00386773671959349,0.0303301932457821));
#4982=CARTESIAN_POINT('',(-0.00487331972930392,-0.00456363968051209,0.0303718936654253));
#4983=CARTESIAN_POINT('',(-0.00355666458168322,-0.00569908988923869,0.0304552156531593));
#4984=CARTESIAN_POINT('',(-0.00278214064775572,-0.00613851284320167,0.03049691571097));
#4985=CARTESIAN_POINT('',(-0.00111555238553137,-0.00668848530581373,0.0305802376158872));
#4986=CARTESIAN_POINT('',(-0.000223530158863916,-0.006798913329223,0.0306219373192039));
#4987=CARTESIAN_POINT('',(0.0015429536527435,-0.00666770864674791,0.030705259147844));
#4988=CARTESIAN_POINT('',(0.00241732350795609,-0.00642598042208216,0.030746958503952));
#4989=CARTESIAN_POINT('',(0.00401359462172963,-0.00562110327150606,0.0308302802597308));
#4990=CARTESIAN_POINT('',(0.00473536895130287,-0.00505790418975989,0.030871979276468));
#4991=CARTESIAN_POINT('',(0.00591254928452547,-0.00369081987561223,0.0309553009639279));
#4992=CARTESIAN_POINT('',(0.00636781477075634,-0.0028869417944736,0.0309969996478396));
#4993=CARTESIAN_POINT('',(0.00686588539641323,-0.00137393614727771,0.0310699060690961));
#4994=CARTESIAN_POINT('',(0.00698384970887529,-0.000691521506411771,0.0311011843670176));
#4995=CARTESIAN_POINT('',(0.00699990955859315,-4.36761016365395E-6,0.0311324242112735));
#4996=CARTESIAN_POINT('',(0.007,0.,0.0294));
#4997=CARTESIAN_POINT('',(0.0070052083333133,0.000229074463746515,0.0294104166665703));
#4998=CARTESIAN_POINT('',(0.00699916294224472,0.000458661079582703,0.0294208333333337));
#4999=CARTESIAN_POINT('',(0.00691256243458814,0.00160361467131794,0.0294729166666649));
#5000=CARTESIAN_POINT('',(0.00666073588636374,0.00250966349464563,0.0295145833333364));
#5001=CARTESIAN_POINT('',(0.00582396172341798,0.00416354722195363,0.0295979166666636));
#5002=CARTESIAN_POINT('',(0.00523928466840068,0.00491070304759626,0.0296395833333319));
#5003=CARTESIAN_POINT('',(0.00382064389644909,0.0061288529934763,0.0297229166666681));
#5004=CARTESIAN_POINT('',(0.00298719490772991,0.00659931936341126,0.029764583333337));
#5005=CARTESIAN_POINT('',(0.00119471804031332,0.00718660261472954,0.029847916666663));
#5006=CARTESIAN_POINT('',(0.000236373806976013,0.00730312703464846,0.0298895833333319));
#5007=CARTESIAN_POINT('',(-0.00166068611725801,0.00715815100857122,0.0299729166666682));
#5008=CARTESIAN_POINT('',(-0.00259865189955921,0.00689664261176641,0.0300145833333361));
#5009=CARTESIAN_POINT('',(-0.00431025720735919,0.00602901561754231,0.030097916666664));
#5010=CARTESIAN_POINT('',(-0.00508319520892334,0.00542317967534687,0.0301395833333372));
#5011=CARTESIAN_POINT('',(-0.00634286607422936,0.00395394551151714,0.0302229166666628));
#5012=CARTESIAN_POINT('',(-0.00682905491323425,0.00309108184842491,0.0302645833333329));
#5013=CARTESIAN_POINT('',(-0.00743533723931973,0.00123597341381266,0.0303479166666671));
#5014=CARTESIAN_POINT('',(-0.00755513081806303,0.000244436836435261,0.0303895833333379));
#5015=CARTESIAN_POINT('',(-0.00740373958519139,-0.00171775774196054,0.0304729166666621));
#5016=CARTESIAN_POINT('',(-0.00713254933716703,-0.00268764030447998,0.0305145833333382));
#5017=CARTESIAN_POINT('',(-0.00623406951166868,-0.00445696719275757,0.0305979166666618));
#5018=CARTESIAN_POINT('',(-0.00560707468228934,-0.00525568737025573,0.0306395833333312));
#5019=CARTESIAN_POINT('',(-0.00408724712658891,-0.00655687915497711,0.0307229166666688));
#5020=CARTESIAN_POINT('',(-0.00319496878911362,-0.00705879046306107,0.0307645833333323));
#5021=CARTESIAN_POINT('',(-0.0012772287873183,-0.00768407186390609,0.0308479166666677));
#5022=CARTESIAN_POINT('',(-0.000252499865887367,-0.00780713460147828,0.03088958333333));
#5023=CARTESIAN_POINT('',(0.00177482936665591,-0.00764932816181089,0.03097291666667));
#5024=CARTESIAN_POINT('',(0.00277662870940658,-0.00736845606256583,0.0310145833333349));
#5025=CARTESIAN_POINT('',(0.00460367717815011,-0.00643912340579689,0.031097916666665));
#5026=CARTESIAN_POINT('',(0.00542817953159479,-0.00579096968922826,0.0311395833333294));
#5027=CARTESIAN_POINT('',(0.0067708922357182,-0.00422054874166423,0.0312229166666706));
#5028=CARTESIAN_POINT('',(0.0072885260128894,-0.00329885572979745,0.0312645833333333));
#5029=CARTESIAN_POINT('',(0.00785227142904075,-0.00156603060694989,0.0313375));
#5030=CARTESIAN_POINT('',(0.0079843737631133,-0.000785460318006461,0.0313687475271023));
#5031=CARTESIAN_POINT('',(0.008,-1.89735380184964E-18,0.0314));
#5032=CARTESIAN_POINT('',(0.006,0.,0.0291320508075689));
#5033=CARTESIAN_POINT('',(0.00600520778112208,0.000196297441717734,0.0291424695841662));
#5034=CARTESIAN_POINT('',(0.00600076837002232,0.000393185087239307,0.0291528925301686));
#5035=CARTESIAN_POINT('',(0.00593024580822449,0.00137504425532722,0.0292049694954102));
#5036=CARTESIAN_POINT('',(0.00571713925500139,0.00215352382408115,0.0292466733207931));
#5037=CARTESIAN_POINT('',(0.00500406367964896,0.0035762042862477,0.0293299963130027));
#5038=CARTESIAN_POINT('',(0.00450400874437048,0.00422034558595377,0.0293716999372295));
#5039=CARTESIAN_POINT('',(0.00328817724429916,0.00527229140272652,0.0294550227911511));
#5040=CARTESIAN_POINT('',(0.00257234890012433,0.00568000405290725,0.0294967259821441));
#5041=CARTESIAN_POINT('',(0.00103086795608973,0.00619142156837327,0.0295800487041284));
#5042=CARTESIAN_POINT('',(0.000205208756891731,0.00629501987846136,0.0296217514716488));
#5043=CARTESIAN_POINT('',(-0.00143093777177382,0.0061760811301795,0.0297050740705682));
#5044=CARTESIAN_POINT('',(-0.00224138408649619,0.00595344370666299,0.0297467764245436));
#5045=CARTESIAN_POINT('',(-0.00372193782449847,0.00520978490809341,0.0298300989050463));
#5046=CARTESIAN_POINT('',(-0.0043919633245174,0.00468868948625639,0.0298718008547437));
#5047=CARTESIAN_POINT('',(-0.00548566919493985,0.00342245233693983,0.0299551232257315));
#5048=CARTESIAN_POINT('',(-0.00590924148886144,0.00267727845866911,0.0299968247796942));
#5049=CARTESIAN_POINT('',(-0.00643994585860098,0.00107324648520255,0.030080147046017));
#5050=CARTESIAN_POINT('',(-0.00654696391490421,0.000214406132882944,0.0301218482136942));
#5051=CARTESIAN_POINT('',(-0.00642190163190792,-0.00148691016886496,0.0302051703812683));
#5052=CARTESIAN_POINT('',(-0.00618972334766475,-0.00232931975362594,0.0302468711709837));
#5053=CARTESIAN_POINT('',(-0.00541546344968931,-0.00386773671959349,0.0303301932457821));
#5054=CARTESIAN_POINT('',(-0.00487331972930392,-0.00456363968051209,0.0303718936654253));
#5055=CARTESIAN_POINT('',(-0.00355666458168322,-0.00569908988923869,0.0304552156531593));
#5056=CARTESIAN_POINT('',(-0.00278214064775572,-0.00613851284320167,0.03049691571097));
#5057=CARTESIAN_POINT('',(-0.00111555238553137,-0.00668848530581373,0.0305802376158872));
#5058=CARTESIAN_POINT('',(-0.000223530158863916,-0.006798913329223,0.0306219373192039));
#5059=CARTESIAN_POINT('',(0.0015429536527435,-0.00666770864674791,0.030705259147844));
#5060=CARTESIAN_POINT('',(0.00241732350795609,-0.00642598042208216,0.030746958503952));
#5061=CARTESIAN_POINT('',(0.00401359462172963,-0.00562110327150606,0.0308302802597308));
#5062=CARTESIAN_POINT('',(0.00473536895130287,-0.00505790418975989,0.030871979276468));
#5063=CARTESIAN_POINT('',(0.00591254928452547,-0.00369081987561223,0.0309553009639279));
#5064=CARTESIAN_POINT('',(0.00636781477075634,-0.0028869417944736,0.0309969996478396));
#5065=CARTESIAN_POINT('',(0.00686588539641323,-0.00137393614727771,0.0310699060690961));
#5066=CARTESIAN_POINT('',(0.00698384970887529,-0.000691521506411771,0.0311011843670176));
#5067=CARTESIAN_POINT('',(0.00699990955859315,-4.36761016365395E-6,0.0311324242112735));
#5068=CARTESIAN_POINT('',(0.006,0.,0.0283906508075689));
#5069=CARTESIAN_POINT('',(0.00600520622846438,0.000196272359625179,0.028401069582196));
#5070=CARTESIAN_POINT('',(0.00600076460731522,0.000393134869407336,0.0284114925314444));
#5071=CARTESIAN_POINT('',(0.00593027127339341,0.00137487052079787,0.0284635695092495));
#5072=CARTESIAN_POINT('',(0.00571719771535002,0.002153249962586,0.0285052733648766));
#5073=CARTESIAN_POINT('',(0.00500431033688099,0.00357580083689524,0.028588596455002));
#5074=CARTESIAN_POINT('',(0.00450435505559318,0.00421988655133868,0.0286303001476163));
#5075=CARTESIAN_POINT('',(0.00328879675654355,0.0052718426201796,0.0287136231732067));
#5076=CARTESIAN_POINT('',(0.00257310072067187,0.00567957585178592,0.0287553264687459));
#5077=CARTESIAN_POINT('',(0.00103189159125557,0.00619117871574925,0.0288386494323086));
#5078=CARTESIAN_POINT('',(0.000206351249049846,0.00629488449457065,0.0288803523386512));
#5079=CARTESIAN_POINT('',(-0.00142962075367904,0.00617629453969979,0.0289636752454066));
#5080=CARTESIAN_POINT('',(-0.00224000854115727,0.00595383791968142,0.029005377770697));
#5081=CARTESIAN_POINT('',(-0.00372056734815434,0.0052106327864203,0.0290887006218263));
#5082=CARTESIAN_POINT('',(-0.00439063075443293,0.00468975569583612,0.0291304027736362));
#5083=CARTESIAN_POINT('',(-0.00548456906928834,0.00342398206878292,0.0292137255747572));
#5084=CARTESIAN_POINT('',(-0.00590829151104021,0.00267901305558536,0.0292554273600189));
#5085=CARTESIAN_POINT('',(-0.0064394546437648,0.001075342053981,0.029338750112859));
#5086=CARTESIAN_POINT('',(-0.0065467251469449,0.000216637661748641,0.0293804515394929));
#5087=CARTESIAN_POINT('',(-0.00642229353547101,-0.0014845261033622,0.0294637742470038));
#5088=CARTESIAN_POINT('',(-0.00619043416879668,-0.00232691622308193,0.0295054753218825));
#5089=CARTESIAN_POINT('',(-0.00541687568134529,-0.00386546438926913,0.0295887979872179));
#5090=CARTESIAN_POINT('',(-0.00487506103808887,-0.00456149275636279,0.0296304987168503));
#5091=CARTESIAN_POINT('',(-0.00355904696163724,-0.00569738330624865,0.0297138213430485));
#5092=CARTESIAN_POINT('',(-0.00278479554525792,-0.00613707761558585,0.0297555217343623));
#5093=CARTESIAN_POINT('',(-0.0011186512508735,-0.00668776461007162,0.0298388443231242));
#5094=CARTESIAN_POINT('',(-0.000226780793119054,-0.00679858069812016,0.0298805443822117));
#5095=CARTESIAN_POINT('',(0.0015395714271273,-0.00666827036649569,0.0299638669376594));
#5096=CARTESIAN_POINT('',(0.0024139585473144,-0.00642699025772848,0.0300055666706206));
#5097=CARTESIAN_POINT('',(0.00401047925066764,-0.00562304625767288,0.0300888891938674));
#5098=CARTESIAN_POINT('',(0.00473246105231518,-0.00506027983652527,0.0301305886074129));
#5099=CARTESIAN_POINT('',(0.00591027666360176,-0.00369400261336755,0.0302139111008155));
#5100=CARTESIAN_POINT('',(0.00636592713843404,-0.00289046027880792,0.0302556102004163));
#5101=CARTESIAN_POINT('',(0.00686483278358202,-0.00137791087176038,0.0303285173587175));
#5102=CARTESIAN_POINT('',(0.0069831649016158,-0.000695635147505999,0.0303597960706426));
#5103=CARTESIAN_POINT('',(0.00699964788708193,-8.56688796289082E-6,0.0303910361498685));
#5104=CARTESIAN_POINT('',(0.006,0.,0.0291320508075689));
#5105=CARTESIAN_POINT('',(0.00600520778112208,0.000196297441717734,0.0291424695841662));
#5106=CARTESIAN_POINT('',(0.00600076837002232,0.000393185087239307,0.0291528925301686));
#5107=CARTESIAN_POINT('',(0.00593024580822449,0.00137504425532722,0.0292049694954102));
#5108=CARTESIAN_POINT('',(0.00571713925500139,0.00215352382408115,0.0292466733207931));
#5109=CARTESIAN_POINT('',(0.00500406367964896,0.0035762042862477,0.0293299963130027));
#5110=CARTESIAN_POINT('',(0.00450400874437048,0.00422034558595377,0.0293716999372295));
#5111=CARTESIAN_POINT('',(0.00328817724429916,0.00527229140272652,0.0294550227911511));
#5112=CARTESIAN_POINT('',(0.00257234890012433,0.00568000405290725,0.0294967259821441));
#5113=CARTESIAN_POINT('',(0.00103086795608973,0.00619142156837327,0.0295800487041284));
#5114=CARTESIAN_POINT('',(0.000205208756891731,0.00629501987846136,0.0296217514716488));
#5115=CARTESIAN_POINT('',(-0.00143093777177382,0.0061760811301795,0.0297050740705682));
#5116=CARTESIAN_POINT('',(-0.00224138408649619,0.00595344370666299,0.0297467764245436));
#5117=CARTESIAN_POINT('',(-0.00372193782449847,0.00520978490809341,0.0298300989050463));
#5118=CARTESIAN_POINT('',(-0.0043919633245174,0.00468868948625639,0.0298718008547437));
#5119=CARTESIAN_POINT('',(-0.00548566919493985,0.00342245233693983,0.0299551232257315));
#5120=CARTESIAN_POINT('',(-0.00590924148886144,0.00267727845866911,0.0299968247796942));
#5121=CARTESIAN_POINT('',(-0.00643994585860098,0.00107324648520255,0.030080147046017));
#5122=CARTESIAN_POINT('',(-0.00654696391490421,0.000214406132882944,0.0301218482136942));
#5123=CARTESIAN_POINT('',(-0.00642190163190792,-0.00148691016886496,0.0302051703812683));
#5124=CARTESIAN_POINT('',(-0.00618972334766475,-0.00232931975362594,0.0302468711709837));
#5125=CARTESIAN_POINT('',(-0.00541546344968931,-0.00386773671959349,0.0303301932457821));
#5126=CARTESIAN_POINT('',(-0.00487331972930392,-0.00456363968051209,0.0303718936654253));
#5127=CARTESIAN_POINT('',(-0.00355666458168322,-0.00569908988923869,0.0304552156531593));
#5128=CARTESIAN_POINT('',(-0.00278214064775572,-0.00613851284320167,0.03049691571097));
#5129=CARTESIAN_POINT('',(-0.00111555238553137,-0.00668848530581373,0.0305802376158872));
#5130=CARTESIAN_POINT('',(-0.000223530158863916,-0.006798913329223,0.0306219373192039));
#5131=CARTESIAN_POINT('',(0.0015429536527435,-0.00666770864674791,0.030705259147844));
#5132=CARTESIAN_POINT('',(0.00241732350795609,-0.00642598042208216,0.030746958503952));
#5133=CARTESIAN_POINT('',(0.00401359462172963,-0.00562110327150606,0.0308302802597308));
#5134=CARTESIAN_POINT('',(0.00473536895130287,-0.00505790418975989,0.030871979276468));
#5135=CARTESIAN_POINT('',(0.00591254928452547,-0.00369081987561223,0.0309553009639279));
#5136=CARTESIAN_POINT('',(0.00636781477075634,-0.0028869417944736,0.0309969996478396));
#5137=CARTESIAN_POINT('',(0.00686588539641323,-0.00137393614727771,0.0310699060690961));
#5138=CARTESIAN_POINT('',(0.00698384970887529,-0.000691521506411771,0.0311011843670176));
#5139=CARTESIAN_POINT('',(0.00699990955859315,-4.36761016365395E-6,0.0311324242112735));
#5140=CARTESIAN_POINT('',(0.006,0.,0.0283906508075689));
#5141=CARTESIAN_POINT('',(0.00600520622846438,0.000196272359625179,0.028401069582196));
#5142=CARTESIAN_POINT('',(0.00600076460731522,0.000393134869407336,0.0284114925314444));
#5143=CARTESIAN_POINT('',(0.00593027127339341,0.00137487052079787,0.0284635695092495));
#5144=CARTESIAN_POINT('',(0.00571719771535002,0.002153249962586,0.0285052733648766));
#5145=CARTESIAN_POINT('',(0.00500431033688099,0.00357580083689524,0.028588596455002));
#5146=CARTESIAN_POINT('',(0.00450435505559318,0.00421988655133868,0.0286303001476163));
#5147=CARTESIAN_POINT('',(0.00328879675654355,0.0052718426201796,0.0287136231732067));
#5148=CARTESIAN_POINT('',(0.00257310072067187,0.00567957585178592,0.0287553264687459));
#5149=CARTESIAN_POINT('',(0.00103189159125557,0.00619117871574925,0.0288386494323086));
#5150=CARTESIAN_POINT('',(0.000206351249049846,0.00629488449457065,0.0288803523386512));
#5151=CARTESIAN_POINT('',(-0.00142962075367904,0.00617629453969979,0.0289636752454066));
#5152=CARTESIAN_POINT('',(-0.00224000854115727,0.00595383791968142,0.029005377770697));
#5153=CARTESIAN_POINT('',(-0.00372056734815434,0.0052106327864203,0.0290887006218263));
#5154=CARTESIAN_POINT('',(-0.00439063075443293,0.00468975569583612,0.0291304027736362));
#5155=CARTESIAN_POINT('',(-0.00548456906928834,0.00342398206878292,0.0292137255747572));
#5156=CARTESIAN_POINT('',(-0.00590829151104021,0.00267901305558536,0.0292554273600189));
#5157=CARTESIAN_POINT('',(-0.0064394546437648,0.001075342053981,0.029338750112859));
#5158=CARTESIAN_POINT('',(-0.0065467251469449,0.000216637661748641,0.0293804515394929));
#5159=CARTESIAN_POINT('',(-0.00642229353547101,-0.0014845261033622,0.0294637742470038));
#5160=CARTESIAN_POINT('',(-0.00619043416879668,-0.00232691622308193,0.0295054753218825));
#5161=CARTESIAN_POINT('',(-0.00541687568134529,-0.00386546438926913,0.0295887979872179));
#5162=CARTESIAN_POINT('',(-0.00487506103808887,-0.00456149275636279,0.0296304987168503));
#5163=CARTESIAN_POINT('',(-0.00355904696163724,-0.00569738330624865,0.0297138213430485));
#5164=CARTESIAN_POINT('',(-0.00278479554525792,-0.00613707761558585,0.0297555217343623));
#5165=CARTESIAN_POINT('',(-0.0011186512508735,-0.00668776461007162,0.0298388443231242));
#5166=CARTESIAN_POINT('',(-0.000226780793119054,-0.00679858069812016,0.0298805443822117));
#5167=CARTESIAN_POINT('',(0.0015395714271273,-0.00666827036649569,0.0299638669376594));
#5168=CARTESIAN_POINT('',(0.0024139585473144,-0.00642699025772848,0.0300055666706206));
#5169=CARTESIAN_POINT('',(0.00401047925066764,-0.00562304625767288,0.0300888891938674));
#5170=CARTESIAN_POINT('',(0.00473246105231518,-0.00506027983652527,0.0301305886074129));
#5171=CARTESIAN_POINT('',(0.00591027666360176,-0.00369400261336755,0.0302139111008155));
#5172=CARTESIAN_POINT('',(0.00636592713843404,-0.00289046027880792,0.0302556102004163));
#5173=CARTESIAN_POINT('',(0.00686483278358202,-0.00137791087176038,0.0303285173587175));
#5174=CARTESIAN_POINT('',(0.0069831649016158,-0.000695635147505999,0.0303597960706426));
#5175=CARTESIAN_POINT('',(0.00699964788708193,-8.56688796289082E-6,0.0303910361498685));
#5176=CARTESIAN_POINT('',(0.007,0.,0.0281227016151377));
#5177=CARTESIAN_POINT('',(0.00700520565887731,0.000229031263566312,0.028133118279331));
#5178=CARTESIAN_POINT('',(0.00699915645977952,0.000458574563322035,0.0281435349506688));
#5179=CARTESIAN_POINT('',(0.00691260630647794,0.00160331535808112,0.0281956183056477));
#5180=CARTESIAN_POINT('',(0.00666083660299304,0.00250919168071897,0.0282372850244197));
#5181=CARTESIAN_POINT('',(0.00582438666930954,0.00416285215153756,0.0283206185264427));
#5182=CARTESIAN_POINT('',(0.00523988130013166,0.00490991221380612,0.028362285310927));
#5183=CARTESIAN_POINT('',(0.00382171120423062,0.00612807982214803,0.0284456189400199));
#5184=CARTESIAN_POINT('',(0.0029884901588372,0.00659858165016527,0.028487285786803));
#5185=CARTESIAN_POINT('',(0.00119648157894853,0.00718618422349063,0.0285706195363228));
#5186=CARTESIAN_POINT('',(0.00023834211475631,0.00730289379264055,0.0286122864421599));
#5187=CARTESIAN_POINT('',(-0.00165841713278908,0.00715851867465605,0.0286956203058386));
#5188=CARTESIAN_POINT('',(-0.00259628208321218,0.0068973217696459,0.0287372872676521));
#5189=CARTESIAN_POINT('',(-0.00430789612397524,0.00603047635886598,0.028820621239505));
#5190=CARTESIAN_POINT('',(-0.00508089943118133,0.0054250165620126,0.0288622882543789));
#5191=CARTESIAN_POINT('',(-0.00634097075629505,0.003956580963382,0.0289456223287496));
#5192=CARTESIAN_POINT('',(-0.00682741827290933,0.00309407024583488,0.0289872893939025));
#5193=CARTESIAN_POINT('',(-0.0074344909648165,0.00123958370058883,0.0290706235654219));
#5194=CARTESIAN_POINT('',(-0.00755471946396452,0.000248281357902605,0.0291122906782246));
#5195=CARTESIAN_POINT('',(-0.00740441476429579,-0.00171365042739874,0.0291956249417662));
#5196=CARTESIAN_POINT('',(-0.00713377395368144,-0.00268349945516564,0.0292372920997245));
#5197=CARTESIAN_POINT('',(-0.00623650253191847,-0.00445305237774088,0.0293206264504383));
#5198=CARTESIAN_POINT('',(-0.00561007464303688,-0.00525198860744387,0.0293622936511626));
#5199=CARTESIAN_POINT('',(-0.00409135153725486,-0.00655393902050662,0.0294456280844586));
#5200=CARTESIAN_POINT('',(-0.00319954269832775,-0.00705631782492283,0.0294872953256858));
#5201=CARTESIAN_POINT('',(-0.00128256757298944,-0.00768283023522081,0.0295706298371664));
#5202=CARTESIAN_POINT('',(-0.000258100122002716,-0.00780656153812514,0.0296122971167561));
#5203=CARTESIAN_POINT('',(0.00176900240237648,-0.00765029590355112,0.0296956317022529));
#5204=CARTESIAN_POINT('',(0.00277083148956255,-0.00737019582711965,0.0297372990181691));
#5205=CARTESIAN_POINT('',(0.00459830995610244,-0.0064424708202729,0.0298206336737073));
#5206=CARTESIAN_POINT('',(0.00542316974648507,-0.00579506249982451,0.0298623010240006));
#5207=CARTESIAN_POINT('',(0.00676697692005157,-0.00422603202436544,0.0299456357458365));
#5208=CARTESIAN_POINT('',(0.00728527396309651,-0.00330491744325529,0.0299873031286561));
#5209=CARTESIAN_POINT('',(0.00785045796711842,-0.00157287833983604,0.0300602210651177));
#5210=CARTESIAN_POINT('',(0.00798319397647634,-0.000792547420260854,0.0300914692847946));
#5211=CARTESIAN_POINT('',(0.0079995491872152,-7.23459772127683E-6,0.030122722183182));
#5212=CARTESIAN_POINT('',(0.00800164267756037,9.32865657280207E-5,0.0301267225988341));
#5213=CARTESIAN_POINT('',(0.00800373616790555,0.000193807729177318,0.0301307230144862));
#5214=CARTESIAN_POINT('',(0.00800582965825072,0.000294328892626616,0.0301347234301382));
#5215=CARTESIAN_POINT('',(0.006,0.,0.0283906508075689));
#5216=CARTESIAN_POINT('',(0.00600520622846438,0.000196272359625179,0.028401069582196));
#5217=CARTESIAN_POINT('',(0.00600076460731522,0.000393134869407336,0.0284114925314444));
#5218=CARTESIAN_POINT('',(0.00593027127339341,0.00137487052079787,0.0284635695092495));
#5219=CARTESIAN_POINT('',(0.00571719771535002,0.002153249962586,0.0285052733648766));
#5220=CARTESIAN_POINT('',(0.00500431033688099,0.00357580083689524,0.028588596455002));
#5221=CARTESIAN_POINT('',(0.00450435505559318,0.00421988655133868,0.0286303001476163));
#5222=CARTESIAN_POINT('',(0.00328879675654355,0.0052718426201796,0.0287136231732067));
#5223=CARTESIAN_POINT('',(0.00257310072067187,0.00567957585178592,0.0287553264687459));
#5224=CARTESIAN_POINT('',(0.00103189159125557,0.00619117871574925,0.0288386494323086));
#5225=CARTESIAN_POINT('',(0.000206351249049846,0.00629488449457065,0.0288803523386512));
#5226=CARTESIAN_POINT('',(-0.00142962075367904,0.00617629453969979,0.0289636752454066));
#5227=CARTESIAN_POINT('',(-0.00224000854115727,0.00595383791968142,0.029005377770697));
#5228=CARTESIAN_POINT('',(-0.00372056734815434,0.0052106327864203,0.0290887006218263));
#5229=CARTESIAN_POINT('',(-0.00439063075443293,0.00468975569583612,0.0291304027736362));
#5230=CARTESIAN_POINT('',(-0.00548456906928834,0.00342398206878292,0.0292137255747572));
#5231=CARTESIAN_POINT('',(-0.00590829151104021,0.00267901305558536,0.0292554273600189));
#5232=CARTESIAN_POINT('',(-0.0064394546437648,0.001075342053981,0.029338750112859));
#5233=CARTESIAN_POINT('',(-0.0065467251469449,0.000216637661748641,0.0293804515394929));
#5234=CARTESIAN_POINT('',(-0.00642229353547101,-0.0014845261033622,0.0294637742470038));
#5235=CARTESIAN_POINT('',(-0.00619043416879668,-0.00232691622308193,0.0295054753218825));
#5236=CARTESIAN_POINT('',(-0.00541687568134529,-0.00386546438926913,0.0295887979872179));
#5237=CARTESIAN_POINT('',(-0.00487506103808887,-0.00456149275636279,0.0296304987168503));
#5238=CARTESIAN_POINT('',(-0.00355904696163724,-0.00569738330624865,0.0297138213430485));
#5239=CARTESIAN_POINT('',(-0.00278479554525792,-0.00613707761558585,0.0297555217343623));
#5240=CARTESIAN_POINT('',(-0.0011186512508735,-0.00668776461007162,0.0298388443231242));
#5241=CARTESIAN_POINT('',(-0.000226780793119054,-0.00679858069812016,0.0298805443822117));
#5242=CARTESIAN_POINT('',(0.0015395714271273,-0.00666827036649569,0.0299638669376594));
#5243=CARTESIAN_POINT('',(0.0024139585473144,-0.00642699025772848,0.0300055666706206));
#5244=CARTESIAN_POINT('',(0.00401047925066764,-0.00562304625767288,0.0300888891938674));
#5245=CARTESIAN_POINT('',(0.00473246105231518,-0.00506027983652527,0.0301305886074129));
#5246=CARTESIAN_POINT('',(0.00591027666360176,-0.00369400261336755,0.0302139111008155));
#5247=CARTESIAN_POINT('',(0.00636592713843404,-0.00289046027880792,0.0302556102004163));
#5248=CARTESIAN_POINT('',(0.00686483278358202,-0.00137791087176038,0.0303285173587175));
#5249=CARTESIAN_POINT('',(0.0069831649016158,-0.000695635147505999,0.0303597960706426));
#5250=CARTESIAN_POINT('',(0.00699964788708193,-8.56688796289082E-6,0.0303910361498685));
#5251=CARTESIAN_POINT('',(0.00700175773277478,7.9378831037357E-5,0.0303950349246495));
#5252=CARTESIAN_POINT('',(0.00700386757846762,0.000167324550037605,0.0303990336994306));
#5253=CARTESIAN_POINT('',(0.00700597742416047,0.000255270269037853,0.0304030324742117));
#5254=CARTESIAN_POINT('',(0.00699965338660343,6.96596541138249E-5,0.0209));
#5255=CARTESIAN_POINT('',(0.00692633426951393,0.00743702908433922,0.0209));
#5256=CARTESIAN_POINT('',(8.53847220006642E-5,0.0101504263505253,0.0209));
#5257=CARTESIAN_POINT('',(-0.00502853715698777,0.00486968315815243,0.0209));
#5258=CARTESIAN_POINT('',(-0.0101424590359762,-0.000411060034220391,0.0209));
#5259=CARTESIAN_POINT('',(-0.00721093839806281,-0.00716141574227427,0.0209));
#5260=CARTESIAN_POINT('',(0.000154989651534154,-0.00699828394736291,0.0209));
#5261=CARTESIAN_POINT('',(0.00599970290280293,5.97082749547071E-5,0.0204));
#5262=CARTESIAN_POINT('',(0.00593685794529765,0.00637459635800505,0.0204));
#5263=CARTESIAN_POINT('',(7.31869045719979E-5,0.00870036544330736,0.0204));
#5264=CARTESIAN_POINT('',(-0.00431017470598952,0.00417401413555922,0.0204));
#5265=CARTESIAN_POINT('',(-0.00869353631655102,-0.000352337172188906,0.0204));
#5266=CARTESIAN_POINT('',(-0.0061808043411967,-0.0061383563505208,0.0204));
#5267=CARTESIAN_POINT('',(0.000132848272743561,-0.00599852909773963,0.0204));
#5268=CARTESIAN_POINT('',(0.00845965666421573,-0.011,0.041125));
#5269=CARTESIAN_POINT('',(0.01771975756952,-0.011,0.041125));
#5270=CARTESIAN_POINT('',(0.00845965666421573,-0.011,0.025175));
#5271=CARTESIAN_POINT('',(0.01771975756952,-0.011,0.025175));
#5272=CARTESIAN_POINT('',(0.01,-0.011,0.0765842254694751));
#5273=CARTESIAN_POINT('',(0.010878965464007,-0.011,0.0259));
#5274=CARTESIAN_POINT('',(0.00888057034172956,-0.011,0.0259));
#5275=CARTESIAN_POINT('',(0.00888057034172956,-0.011,-0.225917621135332));
#5276=CARTESIAN_POINT('',(0.0177753181749519,-0.0107509817548631,0.0259));
#5277=CARTESIAN_POINT('',(0.0177753181749519,-0.0162293831478747,0.0259));
#5278=CARTESIAN_POINT('',(0.0084040960587839,-0.0107509817548631,0.0259));
#5279=CARTESIAN_POINT('',(0.0084040960587839,-0.0162293831478747,0.0259));
#5280=CARTESIAN_POINT('',(0.010878965464007,-0.0134753304685575,0.0259));
#5281=CARTESIAN_POINT('',(0.0130772000985122,-0.0161981939839708,0.0253250000000002));
#5282=CARTESIAN_POINT('',(0.0130772000985122,-0.0161981939839708,0.0379750000000002));
#5283=CARTESIAN_POINT('',(0.00868073082950182,-0.0107524669531442,0.0253250000000002));
#5284=CARTESIAN_POINT('',(0.00868073082950182,-0.0107524669531442,0.0379750000000002));
#5285=CARTESIAN_POINT('',(0.00075,-0.01725,0.0259));
#5286=CARTESIAN_POINT('',(0.00075,-0.01725,0.0374));
#5287=CARTESIAN_POINT('',(0.00075,-0.01575,0.0259));
#5288=CARTESIAN_POINT('',(0.00075,-0.01575,0.0374));
#5289=CARTESIAN_POINT('',(-0.00075,-0.01575,0.0259));
#5290=CARTESIAN_POINT('',(-0.00075,-0.01575,0.0374));
#5291=CARTESIAN_POINT('',(-0.00075,-0.01725,0.0259));
#5292=CARTESIAN_POINT('',(-0.00075,-0.01725,0.0374));
#5293=CARTESIAN_POINT('',(0.,-0.01725,0.0374));
#5294=CARTESIAN_POINT('',(0.00449756488473254,-0.0123569579633347,0.0253249999999996));
#5295=CARTESIAN_POINT('',(0.00449756488473254,-0.0123569579633347,0.0379749999999996));
#5296=CARTESIAN_POINT('',(0.00713111998834018,-0.0195925911433862,0.0253249999999996));
#5297=CARTESIAN_POINT('',(0.00713111998834018,-0.0195925911433862,0.0379749999999996));
#5298=CARTESIAN_POINT('',(0.00461727193489653,-0.0126858503806098,-0.225917621135332));
#5299=CARTESIAN_POINT('',(-0.0134986840741256,0.000188489434578458,0.025325));
#5300=CARTESIAN_POINT('',(-0.0134986840741256,0.000188489434578458,0.037975));
#5301=CARTESIAN_POINT('',(-0.0136652427419014,-0.0117396212372025,0.025325));
#5302=CARTESIAN_POINT('',(-0.0136652427419014,-0.0117396212372025,0.037975));
#5303=CARTESIAN_POINT('',(-0.00333418885127395,-0.0177042579819688,0.025325));
#5304=CARTESIAN_POINT('',(-0.00333418885127395,-0.0177042579819688,0.037975));
#5305=CARTESIAN_POINT('',(0.00691257867575271,-0.011595958608564,0.025325));
#5306=CARTESIAN_POINT('',(0.00691257867575271,-0.011595958608564,0.037975));
#5307=CARTESIAN_POINT('',(-0.00623360627867295,-0.011974646247906,-0.225917621135332));
#5308=CARTESIAN_POINT('',(-0.00623360627867295,-0.011974646247906,0.0309));
#5309=CARTESIAN_POINT('',(2.16840434497101E-18,6.50521303491303E-19,0.0309));
#5310=CARTESIAN_POINT('',(-0.011974646247906,-0.00623360627867295,0.0309));
#5311=CARTESIAN_POINT('',(-0.011974646247906,-0.00623360627867295,-0.225917621135332));
#5312=CARTESIAN_POINT('',(-0.0132949046656648,-0.00234425039850356,-0.225917621135332));
#5313=CARTESIAN_POINT('',(-0.0205332416503045,-0.00362056450435549,0.0253249999999999));
#5314=CARTESIAN_POINT('',(-0.0205332416503045,-0.00362056450435549,0.0379749999999999));
#5315=CARTESIAN_POINT('',(-0.0129502219521105,-0.00228347353632013,0.0253249999999999));
#5316=CARTESIAN_POINT('',(-0.0129502219521105,-0.00228347353632013,0.0379749999999999));
#5317=CARTESIAN_POINT('',(-0.000759027117947108,-0.018014865514065,0.0374));
#5318=CARTESIAN_POINT('',(-0.000759027117947108,-0.0164883688977457,0.0374));
#5319=CARTESIAN_POINT('',(0.000763546775798419,-0.018014865514065,0.0374));
#5320=CARTESIAN_POINT('',(0.000763546775798419,-0.0164883688977457,0.0374));
#5321=CARTESIAN_POINT('',(0.00845965666421573,0.011,0.041125));
#5322=CARTESIAN_POINT('',(0.01771975756952,0.011,0.041125));
#5323=CARTESIAN_POINT('',(0.00845965666421573,0.011,0.025175));
#5324=CARTESIAN_POINT('',(0.01771975756952,0.011,0.025175));
#5325=CARTESIAN_POINT('',(0.00888057034172956,0.011,-0.225917621135332));
#5326=CARTESIAN_POINT('',(0.00888057034172956,0.011,0.0259));
#5327=CARTESIAN_POINT('',(0.010878965464007,0.011,0.0259));
#5328=CARTESIAN_POINT('',(0.01,0.011,0.0765842254694751));
#5329=CARTESIAN_POINT('',(0.0177753181749519,0.0162293831478747,0.0259));
#5330=CARTESIAN_POINT('',(0.0177753181749519,0.0107509817548631,0.0259));
#5331=CARTESIAN_POINT('',(0.0084040960587839,0.0162293831478747,0.0259));
#5332=CARTESIAN_POINT('',(0.0084040960587839,0.0107509817548631,0.0259));
#5333=CARTESIAN_POINT('',(0.010878965464007,0.0134753304685575,0.0259));
#5334=CARTESIAN_POINT('',(0.0130772000985122,0.0161981939839708,0.0253250000000002));
#5335=CARTESIAN_POINT('',(0.0130772000985122,0.0161981939839708,0.0379750000000002));
#5336=CARTESIAN_POINT('',(0.00868073082950182,0.0107524669531442,0.0253250000000002));
#5337=CARTESIAN_POINT('',(0.00868073082950182,0.0107524669531442,0.0379750000000002));
#5338=CARTESIAN_POINT('',(0.00855093134629704,0.0215276154274447,0.0259));
#5339=CARTESIAN_POINT('',(0.00855093134629704,0.00131663497105886,0.0259));
#5340=CARTESIAN_POINT('',(-0.0217280773448711,0.0215276154274447,0.0259));
#5341=CARTESIAN_POINT('',(-0.0217280773448711,0.00131663497105886,0.0259));
#5342=CARTESIAN_POINT('',(0.,0.01725,0.0259));
#5343=CARTESIAN_POINT('',(0.00581434243653637,0.0159747745533605,0.0259));
#5344=CARTESIAN_POINT('',(0.00461727193489653,0.0126858503806098,0.0259));
#5345=CARTESIAN_POINT('',(2.16840434497101E-18,-6.50521303491303E-19,0.0259));
#5346=CARTESIAN_POINT('',(-0.0132949046656648,0.00234425039850356,0.0259));
#5347=CARTESIAN_POINT('',(-0.0167417318012076,0.00295201902033781,0.0259));
#5348=CARTESIAN_POINT('',(-0.0205332416503045,0.00362056450435549,0.0253249999999999));
#5349=CARTESIAN_POINT('',(-0.0205332416503045,0.00362056450435549,0.0379749999999999));
#5350=CARTESIAN_POINT('',(-0.0129502219521105,0.00228347353632013,0.0253249999999999));
#5351=CARTESIAN_POINT('',(-0.0129502219521105,0.00228347353632013,0.0379749999999999));
#5352=CARTESIAN_POINT('',(-0.0132949046656648,0.00234425039850356,-0.225917621135332));
#5353=CARTESIAN_POINT('',(0.00691257867575272,0.011595958608564,0.025325));
#5354=CARTESIAN_POINT('',(0.00691257867575272,0.011595958608564,0.037975));
#5355=CARTESIAN_POINT('',(-0.00333418885127393,0.0177042579819688,0.025325));
#5356=CARTESIAN_POINT('',(-0.00333418885127393,0.0177042579819688,0.037975));
#5357=CARTESIAN_POINT('',(-0.0136652427419014,0.0117396212372025,0.025325));
#5358=CARTESIAN_POINT('',(-0.0136652427419014,0.0117396212372025,0.037975));
#5359=CARTESIAN_POINT('',(-0.0134986840741256,-0.000188489434578448,0.025325));
#5360=CARTESIAN_POINT('',(-0.0134986840741256,-0.000188489434578448,0.037975));
#5361=CARTESIAN_POINT('',(0.00461727193489653,0.0126858503806098,-0.225917621135332));
#5362=CARTESIAN_POINT('',(0.00075,0.01725,0.0259));
#5363=CARTESIAN_POINT('',(0.00075,0.01725,0.0374));
#5364=CARTESIAN_POINT('',(0.00075,0.01875,0.0259));
#5365=CARTESIAN_POINT('',(0.00075,0.01875,0.0374));
#5366=CARTESIAN_POINT('',(-0.00075,0.01875,0.0259));
#5367=CARTESIAN_POINT('',(-0.00075,0.01875,0.0374));
#5368=CARTESIAN_POINT('',(-0.00075,0.01725,0.0259));
#5369=CARTESIAN_POINT('',(-0.00075,0.01725,0.0374));
#5370=CARTESIAN_POINT('',(0.,0.01725,0.0374));
#5371=CARTESIAN_POINT('',(0.00449756488473254,0.0123569579633347,0.0253249999999996));
#5372=CARTESIAN_POINT('',(0.00449756488473254,0.0123569579633347,0.0379749999999996));
#5373=CARTESIAN_POINT('',(0.00713111998834018,0.0195925911433862,0.0253249999999996));
#5374=CARTESIAN_POINT('',(0.00713111998834018,0.0195925911433862,0.0379749999999996));
#5375=CARTESIAN_POINT('',(-0.000763546775798417,0.016485134485935,0.0374));
#5376=CARTESIAN_POINT('',(-0.000763546775798417,0.0180116311022543,0.0374));
#5377=CARTESIAN_POINT('',(0.000759027117947109,0.016485134485935,0.0374));
#5378=CARTESIAN_POINT('',(0.000759027117947109,0.0180116311022543,0.0374));
#5379=CARTESIAN_POINT('',(-0.00962745858595046,-0.0184941758717659,0.02565));
#5380=CARTESIAN_POINT('',(-0.00962745858595046,-0.0184941758717659,0.03115));
#5381=CARTESIAN_POINT('',(-0.00607199426404069,-0.0116641924562936,0.02565));
#5382=CARTESIAN_POINT('',(-0.00607199426404069,-0.0116641924562936,0.03115));
#5383=CARTESIAN_POINT('',(-0.00968313738940625,-0.0186011338580556,0.0309));
#5384=CARTESIAN_POINT('',(-0.0116641924562936,-0.00607199426404069,0.02565));
#5385=CARTESIAN_POINT('',(-0.0116641924562936,-0.00607199426404069,0.03115));
#5386=CARTESIAN_POINT('',(-0.0184941758717659,-0.00962745858595046,0.02565));
#5387=CARTESIAN_POINT('',(-0.0184941758717659,-0.00962745858595046,0.03115));
#5388=CARTESIAN_POINT('',(-0.0186011338580556,-0.00968313738940625,0.0309));
#5389=CARTESIAN_POINT('',(-0.0188600986345174,-0.00555722972430915,0.0309));
#5390=CARTESIAN_POINT('',(-0.0188600986345174,-0.0188600986345174,0.0309));
#5391=CARTESIAN_POINT('',(-0.00555722972430915,-0.00555722972430915,0.0309));
#5392=CARTESIAN_POINT('',(-0.00555722972430915,-0.0188600986345174,0.0309));
#5393=CARTESIAN_POINT('',(0.01,-0.0121,0.03725));
#5394=CARTESIAN_POINT('',(0.01,0.0121,0.03725));
#5395=CARTESIAN_POINT('',(0.01,-0.0121,0.04055));
#5396=CARTESIAN_POINT('',(0.01,0.0121,0.04055));
#5397=CARTESIAN_POINT('',(0.00335,0.00775,0.0404));
#5398=CARTESIAN_POINT('',(0.00335,0.00775,0.0374));
#5399=CARTESIAN_POINT('',(0.00335,0.00905,0.0404));
#5400=CARTESIAN_POINT('',(0.00335,0.00905,0.0374));
#5401=CARTESIAN_POINT('',(0.00465,0.00905,0.0404));
#5402=CARTESIAN_POINT('',(0.00465,0.00905,0.0374));
#5403=CARTESIAN_POINT('',(0.00465,0.00775,0.0404));
#5404=CARTESIAN_POINT('',(0.00465,0.00775,0.0374));
#5405=CARTESIAN_POINT('',(0.00335,-0.00775,0.0404));
#5406=CARTESIAN_POINT('',(0.00335,-0.00775,0.0374));
#5407=CARTESIAN_POINT('',(0.00335,-0.00645,0.0404));
#5408=CARTESIAN_POINT('',(0.00335,-0.00645,0.0374));
#5409=CARTESIAN_POINT('',(0.00465,-0.00645,0.0404));
#5410=CARTESIAN_POINT('',(0.00465,-0.00645,0.0374));
#5411=CARTESIAN_POINT('',(0.00465,-0.00775,0.0404));
#5412=CARTESIAN_POINT('',(0.00465,-0.00775,0.0374));
#5413=MECHANICAL_DESIGN_GEOMETRIC_PRESENTATION_REPRESENTATION('',(#1297),
#5414);
#5414=(
GEOMETRIC_REPRESENTATION_CONTEXT(3)
GLOBAL_UNCERTAINTY_ASSIGNED_CONTEXT((#5415))
GLOBAL_UNIT_ASSIGNED_CONTEXT((#5418,#5417,#5416))
REPRESENTATION_CONTEXT('new v2 concept v48','TOP_LEVEL_ASSEMBLY_PART')
);
#5415=UNCERTAINTY_MEASURE_WITH_UNIT(LENGTH_MEASURE(2.13499788908396E-5),
#5418,'DISTANCE_ACCURACY_VALUE','Maximum Tolerance applied to model');
#5416=(
NAMED_UNIT(*)
SI_UNIT($,.STERADIAN.)
SOLID_ANGLE_UNIT()
);
#5417=(
NAMED_UNIT(*)
PLANE_ANGLE_UNIT()
SI_UNIT($,.RADIAN.)
);
#5418=(
LENGTH_UNIT()
NAMED_UNIT(*)
SI_UNIT($,.METRE.)
);
#5419=PRODUCT_DEFINITION_SHAPE('','',#5420);
#5420=PRODUCT_DEFINITION('','',#5422,#5421);
#5421=PRODUCT_DEFINITION_CONTEXT('',#5428,'design');
#5422=PRODUCT_DEFINITION_FORMATION_WITH_SPECIFIED_SOURCE('','',#5424,
 .NOT_KNOWN.);
#5423=PRODUCT_RELATED_PRODUCT_CATEGORY('','',(#5424));
#5424=PRODUCT('new v2 concept v48','new v2 concept v48',
'new v2 concept v48',(#5426));
#5425=PRODUCT_CATEGORY('','');
#5426=PRODUCT_CONTEXT('',#5428,'mechanical');
#5427=APPLICATION_PROTOCOL_DEFINITION('international standard',
'ap242_managed_model_based_3d_engineering',2011,#5428);
#5428=APPLICATION_CONTEXT('managed model based 3d engineering');
ENDSEC;
END-ISO-10303-21;
